solid ASCII
  facet normal 1.000000e+00 -0.000000e+00 0.000000e+00
    outer loop
      vertex   -2.810000e+01 -2.500013e+00 3.794391e+01
      vertex   -2.810000e+01 -2.500013e+00 3.550000e+01
      vertex   -2.810000e+01 2.499987e+00 3.794391e+01
    endloop
  endfacet
  facet normal 1.000000e+00 0.000000e+00 0.000000e+00
    outer loop
      vertex   -2.810000e+01 2.499987e+00 3.794391e+01
      vertex   -2.810000e+01 -2.500013e+00 3.550000e+01
      vertex   -2.810000e+01 2.499987e+00 3.550000e+01
    endloop
  endfacet
  facet normal 0.000000e+00 -1.000000e+00 0.000000e+00
    outer loop
      vertex   -2.810000e+01 2.499987e+00 3.794391e+01
      vertex   -2.810000e+01 2.499987e+00 3.550000e+01
      vertex   -2.738613e+01 2.499987e+00 3.798031e+01
    endloop
  endfacet
  facet normal 0.000000e+00 -1.000000e+00 -0.000000e+00
    outer loop
      vertex   -2.738613e+01 2.499987e+00 3.798031e+01
      vertex   -2.810000e+01 2.499987e+00 3.550000e+01
      vertex   -6.100000e+00 2.499987e+00 3.550000e+01
    endloop
  endfacet
  facet normal 4.312197e-18 -1.000000e+00 3.700743e-17
    outer loop
      vertex   -2.738613e+01 2.499987e+00 3.798031e+01
      vertex   -6.100000e+00 2.499987e+00 3.550000e+01
      vertex   -6.100000e+00 2.499987e+00 4.750000e+01
    endloop
  endfacet
  facet normal 0.000000e+00 -1.000000e+00 4.664956e-17
    outer loop
      vertex   -6.100000e+00 2.499987e+00 4.750000e+01
      vertex   -2.738613e+01 2.499987e+00 4.750000e+01
      vertex   -2.738613e+01 2.499987e+00 3.798031e+01
    endloop
  endfacet
  facet normal 0.000000e+00 0.000000e+00 -1.000000e+00
    outer loop
      vertex   -2.748734e+01 -8.343700e-01 4.750000e+01
      vertex   -9.050000e+00 -8.660254e-01 4.750000e+01
      vertex   -2.738613e+01 -2.500013e+00 4.750000e+01
    endloop
  endfacet
  facet normal 0.000000e+00 0.000000e+00 -1.000000e+00
    outer loop
      vertex   -2.738613e+01 -2.500013e+00 4.750000e+01
      vertex   -9.050000e+00 -8.660254e-01 4.750000e+01
      vertex   -8.808819e+00 -9.659258e-01 4.750000e+01
    endloop
  endfacet
  facet normal 0.000000e+00 0.000000e+00 -1.000000e+00
    outer loop
      vertex   -2.738613e+01 -2.500013e+00 4.750000e+01
      vertex   -8.808819e+00 -9.659258e-01 4.750000e+01
      vertex   -6.100000e+00 -2.500013e+00 4.750000e+01
    endloop
  endfacet
  facet normal 0.000000e+00 0.000000e+00 -1.000000e+00
    outer loop
      vertex   -6.100000e+00 -2.500013e+00 4.750000e+01
      vertex   -8.808819e+00 -9.659258e-01 4.750000e+01
      vertex   -8.550000e+00 -1.000000e+00 4.750000e+01
    endloop
  endfacet
  facet normal 0.000000e+00 0.000000e+00 -1.000000e+00
    outer loop
      vertex   -6.100000e+00 -2.500013e+00 4.750000e+01
      vertex   -8.550000e+00 -1.000000e+00 4.750000e+01
      vertex   -8.291181e+00 -9.659258e-01 4.750000e+01
    endloop
  endfacet
  facet normal 0.000000e+00 0.000000e+00 -1.000000e+00
    outer loop
      vertex   -2.748734e+01 8.343448e-01 4.750000e+01
      vertex   -9.550000e+00 0.000000e+00 4.750000e+01
      vertex   -2.748734e+01 -8.343700e-01 4.750000e+01
    endloop
  endfacet
  facet normal 0.000000e+00 0.000000e+00 -1.000000e+00
    outer loop
      vertex   -2.748734e+01 -8.343700e-01 4.750000e+01
      vertex   -9.550000e+00 0.000000e+00 4.750000e+01
      vertex   -9.515926e+00 -2.588190e-01 4.750000e+01
    endloop
  endfacet
  facet normal 0.000000e+00 0.000000e+00 -1.000000e+00
    outer loop
      vertex   -2.748734e+01 -8.343700e-01 4.750000e+01
      vertex   -9.515926e+00 -2.588190e-01 4.750000e+01
      vertex   -9.416025e+00 -5.000000e-01 4.750000e+01
    endloop
  endfacet
  facet normal 0.000000e+00 -0.000000e+00 -1.000000e+00
    outer loop
      vertex   -2.738613e+01 2.499987e+00 4.750000e+01
      vertex   -9.050000e+00 8.660254e-01 4.750000e+01
      vertex   -2.748734e+01 8.343448e-01 4.750000e+01
    endloop
  endfacet
  facet normal 0.000000e+00 0.000000e+00 -1.000000e+00
    outer loop
      vertex   -2.748734e+01 8.343448e-01 4.750000e+01
      vertex   -9.050000e+00 8.660254e-01 4.750000e+01
      vertex   -9.257107e+00 7.071068e-01 4.750000e+01
    endloop
  endfacet
  facet normal 0.000000e+00 0.000000e+00 -1.000000e+00
    outer loop
      vertex   -2.748734e+01 8.343448e-01 4.750000e+01
      vertex   -9.257107e+00 7.071068e-01 4.750000e+01
      vertex   -9.416025e+00 5.000000e-01 4.750000e+01
    endloop
  endfacet
  facet normal 0.000000e+00 0.000000e+00 -1.000000e+00
    outer loop
      vertex   -9.050000e+00 8.660254e-01 4.750000e+01
      vertex   -2.738613e+01 2.499987e+00 4.750000e+01
      vertex   -8.808819e+00 9.659258e-01 4.750000e+01
    endloop
  endfacet
  facet normal 0.000000e+00 0.000000e+00 -1.000000e+00
    outer loop
      vertex   -8.808819e+00 9.659258e-01 4.750000e+01
      vertex   -2.738613e+01 2.499987e+00 4.750000e+01
      vertex   -6.100000e+00 2.499987e+00 4.750000e+01
    endloop
  endfacet
  facet normal 0.000000e+00 0.000000e+00 -1.000000e+00
    outer loop
      vertex   -8.808819e+00 9.659258e-01 4.750000e+01
      vertex   -6.100000e+00 2.499987e+00 4.750000e+01
      vertex   -8.550000e+00 1.000000e+00 4.750000e+01
    endloop
  endfacet
  facet normal 0.000000e+00 0.000000e+00 -1.000000e+00
    outer loop
      vertex   -8.550000e+00 1.000000e+00 4.750000e+01
      vertex   -6.100000e+00 2.499987e+00 4.750000e+01
      vertex   -8.291181e+00 9.659258e-01 4.750000e+01
    endloop
  endfacet
  facet normal 0.000000e+00 0.000000e+00 -1.000000e+00
    outer loop
      vertex   -8.291181e+00 9.659258e-01 4.750000e+01
      vertex   -6.100000e+00 2.499987e+00 4.750000e+01
      vertex   -8.050000e+00 8.660254e-01 4.750000e+01
    endloop
  endfacet
  facet normal 0.000000e+00 0.000000e+00 -1.000000e+00
    outer loop
      vertex   -8.050000e+00 8.660254e-01 4.750000e+01
      vertex   -6.100000e+00 2.499987e+00 4.750000e+01
      vertex   -7.842893e+00 7.071068e-01 4.750000e+01
    endloop
  endfacet
  facet normal 0.000000e+00 0.000000e+00 -1.000000e+00
    outer loop
      vertex   -7.842893e+00 7.071068e-01 4.750000e+01
      vertex   -6.100000e+00 2.499987e+00 4.750000e+01
      vertex   -7.683975e+00 5.000000e-01 4.750000e+01
    endloop
  endfacet
  facet normal 0.000000e+00 0.000000e+00 -1.000000e+00
    outer loop
      vertex   -7.683975e+00 5.000000e-01 4.750000e+01
      vertex   -6.100000e+00 2.499987e+00 4.750000e+01
      vertex   -7.584074e+00 2.588190e-01 4.750000e+01
    endloop
  endfacet
  facet normal 0.000000e+00 0.000000e+00 -1.000000e+00
    outer loop
      vertex   -7.584074e+00 2.588190e-01 4.750000e+01
      vertex   -6.100000e+00 2.499987e+00 4.750000e+01
      vertex   -7.550000e+00 -1.224647e-16 4.750000e+01
    endloop
  endfacet
  facet normal 0.000000e+00 0.000000e+00 -1.000000e+00
    outer loop
      vertex   -7.550000e+00 -1.224647e-16 4.750000e+01
      vertex   -6.100000e+00 2.499987e+00 4.750000e+01
      vertex   -6.100000e+00 -2.500013e+00 4.750000e+01
    endloop
  endfacet
  facet normal 0.000000e+00 -0.000000e+00 -1.000000e+00
    outer loop
      vertex   -7.550000e+00 -1.224647e-16 4.750000e+01
      vertex   -6.100000e+00 -2.500013e+00 4.750000e+01
      vertex   -7.584074e+00 -2.588190e-01 4.750000e+01
    endloop
  endfacet
  facet normal 0.000000e+00 -0.000000e+00 -1.000000e+00
    outer loop
      vertex   -7.584074e+00 -2.588190e-01 4.750000e+01
      vertex   -6.100000e+00 -2.500013e+00 4.750000e+01
      vertex   -7.683975e+00 -5.000000e-01 4.750000e+01
    endloop
  endfacet
  facet normal 0.000000e+00 -0.000000e+00 -1.000000e+00
    outer loop
      vertex   -7.683975e+00 -5.000000e-01 4.750000e+01
      vertex   -6.100000e+00 -2.500013e+00 4.750000e+01
      vertex   -7.842893e+00 -7.071068e-01 4.750000e+01
    endloop
  endfacet
  facet normal 0.000000e+00 -0.000000e+00 -1.000000e+00
    outer loop
      vertex   -7.842893e+00 -7.071068e-01 4.750000e+01
      vertex   -6.100000e+00 -2.500013e+00 4.750000e+01
      vertex   -8.050000e+00 -8.660254e-01 4.750000e+01
    endloop
  endfacet
  facet normal 0.000000e+00 -0.000000e+00 -1.000000e+00
    outer loop
      vertex   -8.050000e+00 -8.660254e-01 4.750000e+01
      vertex   -6.100000e+00 -2.500013e+00 4.750000e+01
      vertex   -8.291181e+00 -9.659258e-01 4.750000e+01
    endloop
  endfacet
  facet normal -0.000000e+00 0.000000e+00 -1.000000e+00
    outer loop
      vertex   -9.416025e+00 5.000000e-01 4.750000e+01
      vertex   -9.515926e+00 2.588190e-01 4.750000e+01
      vertex   -2.748734e+01 8.343448e-01 4.750000e+01
    endloop
  endfacet
  facet normal 0.000000e+00 0.000000e+00 -1.000000e+00
    outer loop
      vertex   -2.748734e+01 8.343448e-01 4.750000e+01
      vertex   -9.515926e+00 2.588190e-01 4.750000e+01
      vertex   -9.550000e+00 0.000000e+00 4.750000e+01
    endloop
  endfacet
  facet normal 0.000000e+00 -0.000000e+00 -1.000000e+00
    outer loop
      vertex   -9.416025e+00 -5.000000e-01 4.750000e+01
      vertex   -9.257107e+00 -7.071068e-01 4.750000e+01
      vertex   -2.748734e+01 -8.343700e-01 4.750000e+01
    endloop
  endfacet
  facet normal 0.000000e+00 0.000000e+00 -1.000000e+00
    outer loop
      vertex   -2.748734e+01 -8.343700e-01 4.750000e+01
      vertex   -9.257107e+00 -7.071068e-01 4.750000e+01
      vertex   -9.050000e+00 -8.660254e-01 4.750000e+01
    endloop
  endfacet
  facet normal -0.000000e+00 1.000000e+00 0.000000e+00
    outer loop
      vertex   -2.810000e+01 -2.500013e+00 3.794391e+01
      vertex   -2.738613e+01 -2.500013e+00 3.798031e+01
      vertex   -2.810000e+01 -2.500013e+00 3.550000e+01
    endloop
  endfacet
  facet normal 0.000000e+00 1.000000e+00 0.000000e+00
    outer loop
      vertex   -2.810000e+01 -2.500013e+00 3.550000e+01
      vertex   -2.738613e+01 -2.500013e+00 3.798031e+01
      vertex   -6.100000e+00 -2.500013e+00 3.550000e+01
    endloop
  endfacet
  facet normal 0.000000e+00 1.000000e+00 -0.000000e+00
    outer loop
      vertex   -6.100000e+00 -2.500013e+00 3.550000e+01
      vertex   -2.738613e+01 -2.500013e+00 3.798031e+01
      vertex   -6.100000e+00 -2.500013e+00 4.750000e+01
    endloop
  endfacet
  facet normal 0.000000e+00 1.000000e+00 0.000000e+00
    outer loop
      vertex   -6.100000e+00 -2.500013e+00 4.750000e+01
      vertex   -2.738613e+01 -2.500013e+00 3.798031e+01
      vertex   -2.738613e+01 -2.500013e+00 4.750000e+01
    endloop
  endfacet
  facet normal 0.000000e+00 9.546852e-12 1.000000e+00
    outer loop
      vertex   -6.100000e+00 -2.500013e+00 3.550000e+01
      vertex   -6.100000e+00 2.499987e+00 3.550000e+01
      vertex   -2.810000e+01 -2.500013e+00 3.550000e+01
    endloop
  endfacet
  facet normal 0.000000e+00 9.546852e-12 1.000000e+00
    outer loop
      vertex   -2.810000e+01 -2.500013e+00 3.550000e+01
      vertex   -6.100000e+00 2.499987e+00 3.550000e+01
      vertex   -2.810000e+01 2.499987e+00 3.550000e+01
    endloop
  endfacet
  facet normal -5.092161e-02 2.130861e-15 9.987027e-01
    outer loop
      vertex   -2.738613e+01 -2.500013e+00 3.798031e+01
      vertex   -2.810000e+01 -2.500013e+00 3.794391e+01
      vertex   -2.729682e+01 -3.336726e+00 3.798487e+01
    endloop
  endfacet
  facet normal -5.092161e-02 -1.632821e-16 9.987027e-01
    outer loop
      vertex   -2.729682e+01 -3.336726e+00 3.798487e+01
      vertex   -2.810000e+01 -2.500013e+00 3.794391e+01
      vertex   -2.718195e+01 -4.170315e+00 3.799072e+01
    endloop
  endfacet
  facet normal -5.092161e-02 2.018398e-16 9.987027e-01
    outer loop
      vertex   -2.718195e+01 -4.170315e+00 3.799072e+01
      vertex   -2.810000e+01 -2.500013e+00 3.794391e+01
      vertex   -2.900000e+01 -5.000000e+00 3.789803e+01
    endloop
  endfacet
  facet normal -5.092161e-02 -3.956668e-15 9.987027e-01
    outer loop
      vertex   -2.718195e+01 -4.170315e+00 3.799072e+01
      vertex   -2.900000e+01 -5.000000e+00 3.789803e+01
      vertex   -2.704163e+01 -5.000000e+00 3.799788e+01
    endloop
  endfacet
  facet normal -5.092161e-02 0.000000e+00 9.987027e-01
    outer loop
      vertex   -2.810000e+01 -2.500013e+00 3.794391e+01
      vertex   -2.810000e+01 2.499987e+00 3.794391e+01
      vertex   -2.900000e+01 -5.000000e+00 3.789803e+01
    endloop
  endfacet
  facet normal -5.092161e-02 0.000000e+00 9.987027e-01
    outer loop
      vertex   -2.900000e+01 -5.000000e+00 3.789803e+01
      vertex   -2.810000e+01 2.499987e+00 3.794391e+01
      vertex   -2.900000e+01 5.000000e+00 3.789803e+01
    endloop
  endfacet
  facet normal -5.092161e-02 2.433599e-16 9.987027e-01
    outer loop
      vertex   -2.900000e+01 5.000000e+00 3.789803e+01
      vertex   -2.810000e+01 2.499987e+00 3.794391e+01
      vertex   -2.718195e+01 4.170307e+00 3.799072e+01
    endloop
  endfacet
  facet normal -5.092161e-02 1.685236e-15 9.987027e-01
    outer loop
      vertex   -2.900000e+01 5.000000e+00 3.789803e+01
      vertex   -2.718195e+01 4.170307e+00 3.799072e+01
      vertex   -2.704163e+01 5.000000e+00 3.799788e+01
    endloop
  endfacet
  facet normal -5.092161e-02 4.730865e-16 9.987027e-01
    outer loop
      vertex   -2.738613e+01 2.499987e+00 3.798031e+01
      vertex   -2.729682e+01 3.336709e+00 3.798487e+01
      vertex   -2.810000e+01 2.499987e+00 3.794391e+01
    endloop
  endfacet
  facet normal -5.092161e-02 1.642697e-15 9.987027e-01
    outer loop
      vertex   -2.810000e+01 2.499987e+00 3.794391e+01
      vertex   -2.729682e+01 3.336709e+00 3.798487e+01
      vertex   -2.718195e+01 4.170307e+00 3.799072e+01
    endloop
  endfacet
  facet normal 9.902709e-01 4.864889e-02 1.303716e-01
    outer loop
      vertex   2.736758e+01 2.695471e+00 5.200000e+01
      vertex   2.733367e+01 2.692132e+00 5.225882e+01
      vertex   2.750000e+01 3.367779e-15 5.200000e+01
    endloop
  endfacet
  facet normal 9.902709e-01 4.864889e-02 1.303716e-01
    outer loop
      vertex   2.750000e+01 3.367779e-15 5.200000e+01
      vertex   2.733367e+01 2.692132e+00 5.225882e+01
      vertex   2.746593e+01 2.242404e-15 5.225882e+01
    endloop
  endfacet
  facet normal 9.902709e-01 -4.864889e-02 1.303716e-01
    outer loop
      vertex   2.750000e+01 3.367779e-15 5.200000e+01
      vertex   2.746593e+01 2.242404e-15 5.225882e+01
      vertex   2.736758e+01 -2.695471e+00 5.200000e+01
    endloop
  endfacet
  facet normal 9.902709e-01 -4.864889e-02 1.303716e-01
    outer loop
      vertex   2.736758e+01 -2.695471e+00 5.200000e+01
      vertex   2.746593e+01 2.242404e-15 5.225882e+01
      vertex   2.733367e+01 -2.692132e+00 5.225882e+01
    endloop
  endfacet
  facet normal 9.807341e-01 -1.454782e-01 1.303716e-01
    outer loop
      vertex   2.736758e+01 -2.695471e+00 5.200000e+01
      vertex   2.733367e+01 -2.692132e+00 5.225882e+01
      vertex   2.697160e+01 -5.364984e+00 5.200000e+01
    endloop
  endfacet
  facet normal 9.807341e-01 -1.454782e-01 1.303716e-01
    outer loop
      vertex   2.697160e+01 -5.364984e+00 5.200000e+01
      vertex   2.733367e+01 -2.692132e+00 5.225882e+01
      vertex   2.693818e+01 -5.358336e+00 5.225882e+01
    endloop
  endfacet
  facet normal 9.617522e-01 -2.409064e-01 1.303716e-01
    outer loop
      vertex   2.697160e+01 -5.364984e+00 5.200000e+01
      vertex   2.693818e+01 -5.358336e+00 5.225882e+01
      vertex   2.631586e+01 -7.982829e+00 5.200000e+01
    endloop
  endfacet
  facet normal 9.617522e-01 -2.409064e-01 1.303716e-01
    outer loop
      vertex   2.631586e+01 -7.982829e+00 5.200000e+01
      vertex   2.693818e+01 -5.358336e+00 5.225882e+01
      vertex   2.628325e+01 -7.972937e+00 5.225882e+01
    endloop
  endfacet
  facet normal 9.335082e-01 -3.340146e-01 1.303716e-01
    outer loop
      vertex   2.631586e+01 -7.982829e+00 5.200000e+01
      vertex   2.628325e+01 -7.972937e+00 5.225882e+01
      vertex   2.540669e+01 -1.052379e+01 5.200000e+01
    endloop
  endfacet
  facet normal 9.335082e-01 -3.340146e-01 1.303716e-01
    outer loop
      vertex   2.540669e+01 -1.052379e+01 5.200000e+01
      vertex   2.628325e+01 -7.972937e+00 5.225882e+01
      vertex   2.537521e+01 -1.051075e+01 5.225882e+01
    endloop
  endfacet
  facet normal 8.962739e-01 -4.239060e-01 1.303716e-01
    outer loop
      vertex   2.540669e+01 -1.052379e+01 5.200000e+01
      vertex   2.537521e+01 -1.051075e+01 5.225882e+01
      vertex   2.425283e+01 -1.296341e+01 5.200000e+01
    endloop
  endfacet
  facet normal 8.962739e-01 -4.239060e-01 1.303716e-01
    outer loop
      vertex   2.425283e+01 -1.296341e+01 5.200000e+01
      vertex   2.537521e+01 -1.051075e+01 5.225882e+01
      vertex   2.422278e+01 -1.294735e+01 5.225882e+01
    endloop
  endfacet
  facet normal 8.504081e-01 -5.097150e-01 1.303716e-01
    outer loop
      vertex   2.425283e+01 -1.296341e+01 5.200000e+01
      vertex   2.422278e+01 -1.294735e+01 5.225882e+01
      vertex   2.286541e+01 -1.527818e+01 5.200000e+01
    endloop
  endfacet
  facet normal 8.504081e-01 -5.097150e-01 1.303716e-01
    outer loop
      vertex   2.286541e+01 -1.527818e+01 5.200000e+01
      vertex   2.422278e+01 -1.294735e+01 5.225882e+01
      vertex   2.283708e+01 -1.525925e+01 5.225882e+01
    endloop
  endfacet
  facet normal 7.963523e-01 -5.906151e-01 1.303716e-01
    outer loop
      vertex   2.286541e+01 -1.527818e+01 5.200000e+01
      vertex   2.283708e+01 -1.525925e+01 5.225882e+01
      vertex   2.125779e+01 -1.744582e+01 5.200000e+01
    endloop
  endfacet
  facet normal 7.963523e-01 -5.906151e-01 1.303716e-01
    outer loop
      vertex   2.125779e+01 -1.744582e+01 5.200000e+01
      vertex   2.283708e+01 -1.525925e+01 5.225882e+01
      vertex   2.123145e+01 -1.742420e+01 5.225882e+01
    endloop
  endfacet
  facet normal 7.346273e-01 -6.658273e-01 1.303716e-01
    outer loop
      vertex   2.125779e+01 -1.744582e+01 5.200000e+01
      vertex   2.123145e+01 -1.742420e+01 5.225882e+01
      vertex   1.944544e+01 -1.944544e+01 5.200000e+01
    endloop
  endfacet
  facet normal 7.346273e-01 -6.658273e-01 1.303716e-01
    outer loop
      vertex   1.944544e+01 -1.944544e+01 5.200000e+01
      vertex   2.123145e+01 -1.742420e+01 5.225882e+01
      vertex   1.942134e+01 -1.942134e+01 5.225882e+01
    endloop
  endfacet
  facet normal 6.658273e-01 -7.346273e-01 1.303716e-01
    outer loop
      vertex   1.944544e+01 -1.944544e+01 5.200000e+01
      vertex   1.942134e+01 -1.942134e+01 5.225882e+01
      vertex   1.744582e+01 -2.125779e+01 5.200000e+01
    endloop
  endfacet
  facet normal 6.658273e-01 -7.346273e-01 1.303716e-01
    outer loop
      vertex   1.744582e+01 -2.125779e+01 5.200000e+01
      vertex   1.942134e+01 -1.942134e+01 5.225882e+01
      vertex   1.742420e+01 -2.123145e+01 5.225882e+01
    endloop
  endfacet
  facet normal 5.906151e-01 -7.963523e-01 1.303716e-01
    outer loop
      vertex   1.744582e+01 -2.125779e+01 5.200000e+01
      vertex   1.742420e+01 -2.123145e+01 5.225882e+01
      vertex   1.527818e+01 -2.286541e+01 5.200000e+01
    endloop
  endfacet
  facet normal 5.906151e-01 -7.963523e-01 1.303716e-01
    outer loop
      vertex   1.527818e+01 -2.286541e+01 5.200000e+01
      vertex   1.742420e+01 -2.123145e+01 5.225882e+01
      vertex   1.525925e+01 -2.283708e+01 5.225882e+01
    endloop
  endfacet
  facet normal 5.097150e-01 -8.504081e-01 1.303716e-01
    outer loop
      vertex   1.527818e+01 -2.286541e+01 5.200000e+01
      vertex   1.525925e+01 -2.283708e+01 5.225882e+01
      vertex   1.296341e+01 -2.425283e+01 5.200000e+01
    endloop
  endfacet
  facet normal 5.097150e-01 -8.504081e-01 1.303716e-01
    outer loop
      vertex   1.296341e+01 -2.425283e+01 5.200000e+01
      vertex   1.525925e+01 -2.283708e+01 5.225882e+01
      vertex   1.294735e+01 -2.422278e+01 5.225882e+01
    endloop
  endfacet
  facet normal 4.239060e-01 -8.962739e-01 1.303716e-01
    outer loop
      vertex   1.296341e+01 -2.425283e+01 5.200000e+01
      vertex   1.294735e+01 -2.422278e+01 5.225882e+01
      vertex   1.052379e+01 -2.540669e+01 5.200000e+01
    endloop
  endfacet
  facet normal 4.239060e-01 -8.962739e-01 1.303716e-01
    outer loop
      vertex   1.052379e+01 -2.540669e+01 5.200000e+01
      vertex   1.294735e+01 -2.422278e+01 5.225882e+01
      vertex   1.051075e+01 -2.537521e+01 5.225882e+01
    endloop
  endfacet
  facet normal 3.340146e-01 -9.335082e-01 1.303716e-01
    outer loop
      vertex   1.052379e+01 -2.540669e+01 5.200000e+01
      vertex   1.051075e+01 -2.537521e+01 5.225882e+01
      vertex   7.982829e+00 -2.631586e+01 5.200000e+01
    endloop
  endfacet
  facet normal 3.340146e-01 -9.335082e-01 1.303716e-01
    outer loop
      vertex   7.982829e+00 -2.631586e+01 5.200000e+01
      vertex   1.051075e+01 -2.537521e+01 5.225882e+01
      vertex   7.972937e+00 -2.628325e+01 5.225882e+01
    endloop
  endfacet
  facet normal 2.409064e-01 -9.617522e-01 1.303716e-01
    outer loop
      vertex   7.982829e+00 -2.631586e+01 5.200000e+01
      vertex   7.972937e+00 -2.628325e+01 5.225882e+01
      vertex   5.364984e+00 -2.697160e+01 5.200000e+01
    endloop
  endfacet
  facet normal 2.409064e-01 -9.617522e-01 1.303716e-01
    outer loop
      vertex   5.364984e+00 -2.697160e+01 5.200000e+01
      vertex   7.972937e+00 -2.628325e+01 5.225882e+01
      vertex   5.358336e+00 -2.693818e+01 5.225882e+01
    endloop
  endfacet
  facet normal 1.454782e-01 -9.807341e-01 1.303716e-01
    outer loop
      vertex   5.364984e+00 -2.697160e+01 5.200000e+01
      vertex   5.358336e+00 -2.693818e+01 5.225882e+01
      vertex   2.695471e+00 -2.736758e+01 5.200000e+01
    endloop
  endfacet
  facet normal 1.454782e-01 -9.807341e-01 1.303716e-01
    outer loop
      vertex   2.695471e+00 -2.736758e+01 5.200000e+01
      vertex   5.358336e+00 -2.693818e+01 5.225882e+01
      vertex   2.692132e+00 -2.733367e+01 5.225882e+01
    endloop
  endfacet
  facet normal 4.864889e-02 -9.902709e-01 1.303716e-01
    outer loop
      vertex   2.695471e+00 -2.736758e+01 5.200000e+01
      vertex   2.692132e+00 -2.733367e+01 5.225882e+01
      vertex   -1.683889e-15 -2.750000e+01 5.200000e+01
    endloop
  endfacet
  facet normal 4.864889e-02 -9.902709e-01 1.303716e-01
    outer loop
      vertex   -1.683889e-15 -2.750000e+01 5.200000e+01
      vertex   2.692132e+00 -2.733367e+01 5.225882e+01
      vertex   -4.416858e-15 -2.746593e+01 5.225882e+01
    endloop
  endfacet
  facet normal -4.864889e-02 -9.902709e-01 1.303716e-01
    outer loop
      vertex   -1.683889e-15 -2.750000e+01 5.200000e+01
      vertex   -4.416858e-15 -2.746593e+01 5.225882e+01
      vertex   -2.695471e+00 -2.736758e+01 5.200000e+01
    endloop
  endfacet
  facet normal -4.864889e-02 -9.902709e-01 1.303716e-01
    outer loop
      vertex   -2.695471e+00 -2.736758e+01 5.200000e+01
      vertex   -4.416858e-15 -2.746593e+01 5.225882e+01
      vertex   -2.692132e+00 -2.733367e+01 5.225882e+01
    endloop
  endfacet
  facet normal -1.454782e-01 -9.807341e-01 1.303716e-01
    outer loop
      vertex   -2.695471e+00 -2.736758e+01 5.200000e+01
      vertex   -2.692132e+00 -2.733367e+01 5.225882e+01
      vertex   -5.364984e+00 -2.697160e+01 5.200000e+01
    endloop
  endfacet
  facet normal -1.454782e-01 -9.807341e-01 1.303716e-01
    outer loop
      vertex   -5.364984e+00 -2.697160e+01 5.200000e+01
      vertex   -2.692132e+00 -2.733367e+01 5.225882e+01
      vertex   -5.358336e+00 -2.693818e+01 5.225882e+01
    endloop
  endfacet
  facet normal -2.409064e-01 -9.617522e-01 1.303716e-01
    outer loop
      vertex   -5.364984e+00 -2.697160e+01 5.200000e+01
      vertex   -5.358336e+00 -2.693818e+01 5.225882e+01
      vertex   -7.982829e+00 -2.631586e+01 5.200000e+01
    endloop
  endfacet
  facet normal -2.409064e-01 -9.617522e-01 1.303716e-01
    outer loop
      vertex   -7.982829e+00 -2.631586e+01 5.200000e+01
      vertex   -5.358336e+00 -2.693818e+01 5.225882e+01
      vertex   -7.972937e+00 -2.628325e+01 5.225882e+01
    endloop
  endfacet
  facet normal -3.340146e-01 -9.335082e-01 1.303716e-01
    outer loop
      vertex   -7.982829e+00 -2.631586e+01 5.200000e+01
      vertex   -7.972937e+00 -2.628325e+01 5.225882e+01
      vertex   -1.052379e+01 -2.540669e+01 5.200000e+01
    endloop
  endfacet
  facet normal -3.340146e-01 -9.335082e-01 1.303716e-01
    outer loop
      vertex   -1.052379e+01 -2.540669e+01 5.200000e+01
      vertex   -7.972937e+00 -2.628325e+01 5.225882e+01
      vertex   -1.051075e+01 -2.537521e+01 5.225882e+01
    endloop
  endfacet
  facet normal -4.239060e-01 -8.962739e-01 1.303716e-01
    outer loop
      vertex   -1.052379e+01 -2.540669e+01 5.200000e+01
      vertex   -1.051075e+01 -2.537521e+01 5.225882e+01
      vertex   -1.296341e+01 -2.425283e+01 5.200000e+01
    endloop
  endfacet
  facet normal -4.239060e-01 -8.962739e-01 1.303716e-01
    outer loop
      vertex   -1.296341e+01 -2.425283e+01 5.200000e+01
      vertex   -1.051075e+01 -2.537521e+01 5.225882e+01
      vertex   -1.294735e+01 -2.422278e+01 5.225882e+01
    endloop
  endfacet
  facet normal -5.097150e-01 -8.504081e-01 1.303716e-01
    outer loop
      vertex   -1.296341e+01 -2.425283e+01 5.200000e+01
      vertex   -1.294735e+01 -2.422278e+01 5.225882e+01
      vertex   -1.527818e+01 -2.286541e+01 5.200000e+01
    endloop
  endfacet
  facet normal -5.097150e-01 -8.504081e-01 1.303716e-01
    outer loop
      vertex   -1.527818e+01 -2.286541e+01 5.200000e+01
      vertex   -1.294735e+01 -2.422278e+01 5.225882e+01
      vertex   -1.525925e+01 -2.283708e+01 5.225882e+01
    endloop
  endfacet
  facet normal -5.906151e-01 -7.963523e-01 1.303716e-01
    outer loop
      vertex   -1.527818e+01 -2.286541e+01 5.200000e+01
      vertex   -1.525925e+01 -2.283708e+01 5.225882e+01
      vertex   -1.744582e+01 -2.125779e+01 5.200000e+01
    endloop
  endfacet
  facet normal -5.906151e-01 -7.963523e-01 1.303716e-01
    outer loop
      vertex   -1.744582e+01 -2.125779e+01 5.200000e+01
      vertex   -1.525925e+01 -2.283708e+01 5.225882e+01
      vertex   -1.742420e+01 -2.123145e+01 5.225882e+01
    endloop
  endfacet
  facet normal -6.658273e-01 -7.346273e-01 1.303716e-01
    outer loop
      vertex   -1.744582e+01 -2.125779e+01 5.200000e+01
      vertex   -1.742420e+01 -2.123145e+01 5.225882e+01
      vertex   -1.944544e+01 -1.944544e+01 5.200000e+01
    endloop
  endfacet
  facet normal -6.658273e-01 -7.346273e-01 1.303716e-01
    outer loop
      vertex   -1.944544e+01 -1.944544e+01 5.200000e+01
      vertex   -1.742420e+01 -2.123145e+01 5.225882e+01
      vertex   -1.942134e+01 -1.942134e+01 5.225882e+01
    endloop
  endfacet
  facet normal -7.346273e-01 -6.658273e-01 1.303716e-01
    outer loop
      vertex   -1.944544e+01 -1.944544e+01 5.200000e+01
      vertex   -1.942134e+01 -1.942134e+01 5.225882e+01
      vertex   -2.125779e+01 -1.744582e+01 5.200000e+01
    endloop
  endfacet
  facet normal -7.346273e-01 -6.658273e-01 1.303716e-01
    outer loop
      vertex   -2.125779e+01 -1.744582e+01 5.200000e+01
      vertex   -1.942134e+01 -1.942134e+01 5.225882e+01
      vertex   -2.123145e+01 -1.742420e+01 5.225882e+01
    endloop
  endfacet
  facet normal -7.963523e-01 -5.906151e-01 1.303716e-01
    outer loop
      vertex   -2.125779e+01 -1.744582e+01 5.200000e+01
      vertex   -2.123145e+01 -1.742420e+01 5.225882e+01
      vertex   -2.286541e+01 -1.527818e+01 5.200000e+01
    endloop
  endfacet
  facet normal -7.963523e-01 -5.906151e-01 1.303716e-01
    outer loop
      vertex   -2.286541e+01 -1.527818e+01 5.200000e+01
      vertex   -2.123145e+01 -1.742420e+01 5.225882e+01
      vertex   -2.283708e+01 -1.525925e+01 5.225882e+01
    endloop
  endfacet
  facet normal -8.504081e-01 -5.097150e-01 1.303716e-01
    outer loop
      vertex   -2.286541e+01 -1.527818e+01 5.200000e+01
      vertex   -2.283708e+01 -1.525925e+01 5.225882e+01
      vertex   -2.425283e+01 -1.296341e+01 5.200000e+01
    endloop
  endfacet
  facet normal -8.504081e-01 -5.097150e-01 1.303716e-01
    outer loop
      vertex   -2.425283e+01 -1.296341e+01 5.200000e+01
      vertex   -2.283708e+01 -1.525925e+01 5.225882e+01
      vertex   -2.422278e+01 -1.294735e+01 5.225882e+01
    endloop
  endfacet
  facet normal -8.962739e-01 -4.239060e-01 1.303716e-01
    outer loop
      vertex   -2.425283e+01 -1.296341e+01 5.200000e+01
      vertex   -2.422278e+01 -1.294735e+01 5.225882e+01
      vertex   -2.540669e+01 -1.052379e+01 5.200000e+01
    endloop
  endfacet
  facet normal -8.962739e-01 -4.239060e-01 1.303716e-01
    outer loop
      vertex   -2.540669e+01 -1.052379e+01 5.200000e+01
      vertex   -2.422278e+01 -1.294735e+01 5.225882e+01
      vertex   -2.537521e+01 -1.051075e+01 5.225882e+01
    endloop
  endfacet
  facet normal -9.335082e-01 -3.340146e-01 1.303716e-01
    outer loop
      vertex   -2.540669e+01 -1.052379e+01 5.200000e+01
      vertex   -2.537521e+01 -1.051075e+01 5.225882e+01
      vertex   -2.631586e+01 -7.982829e+00 5.200000e+01
    endloop
  endfacet
  facet normal -9.335082e-01 -3.340146e-01 1.303716e-01
    outer loop
      vertex   -2.631586e+01 -7.982829e+00 5.200000e+01
      vertex   -2.537521e+01 -1.051075e+01 5.225882e+01
      vertex   -2.628325e+01 -7.972937e+00 5.225882e+01
    endloop
  endfacet
  facet normal -9.617522e-01 -2.409064e-01 1.303716e-01
    outer loop
      vertex   -2.631586e+01 -7.982829e+00 5.200000e+01
      vertex   -2.628325e+01 -7.972937e+00 5.225882e+01
      vertex   -2.697160e+01 -5.364984e+00 5.200000e+01
    endloop
  endfacet
  facet normal -9.617522e-01 -2.409064e-01 1.303716e-01
    outer loop
      vertex   -2.697160e+01 -5.364984e+00 5.200000e+01
      vertex   -2.628325e+01 -7.972937e+00 5.225882e+01
      vertex   -2.693818e+01 -5.358336e+00 5.225882e+01
    endloop
  endfacet
  facet normal -9.807341e-01 -1.454782e-01 1.303716e-01
    outer loop
      vertex   -2.697160e+01 -5.364984e+00 5.200000e+01
      vertex   -2.693818e+01 -5.358336e+00 5.225882e+01
      vertex   -2.736758e+01 -2.695471e+00 5.200000e+01
    endloop
  endfacet
  facet normal -9.807341e-01 -1.454782e-01 1.303716e-01
    outer loop
      vertex   -2.736758e+01 -2.695471e+00 5.200000e+01
      vertex   -2.693818e+01 -5.358336e+00 5.225882e+01
      vertex   -2.733367e+01 -2.692132e+00 5.225882e+01
    endloop
  endfacet
  facet normal -9.902709e-01 -4.864889e-02 1.303716e-01
    outer loop
      vertex   -2.736758e+01 -2.695471e+00 5.200000e+01
      vertex   -2.733367e+01 -2.692132e+00 5.225882e+01
      vertex   -2.750000e+01 0.000000e+00 5.200000e+01
    endloop
  endfacet
  facet normal -9.902709e-01 -4.864889e-02 1.303716e-01
    outer loop
      vertex   -2.750000e+01 0.000000e+00 5.200000e+01
      vertex   -2.733367e+01 -2.692132e+00 5.225882e+01
      vertex   -2.746593e+01 3.363606e-15 5.225882e+01
    endloop
  endfacet
  facet normal -9.902709e-01 4.864889e-02 1.303716e-01
    outer loop
      vertex   -2.750000e+01 0.000000e+00 5.200000e+01
      vertex   -2.746593e+01 3.363606e-15 5.225882e+01
      vertex   -2.736758e+01 2.695471e+00 5.200000e+01
    endloop
  endfacet
  facet normal -9.902709e-01 4.864889e-02 1.303716e-01
    outer loop
      vertex   -2.736758e+01 2.695471e+00 5.200000e+01
      vertex   -2.746593e+01 3.363606e-15 5.225882e+01
      vertex   -2.733367e+01 2.692132e+00 5.225882e+01
    endloop
  endfacet
  facet normal -9.807341e-01 1.454782e-01 1.303716e-01
    outer loop
      vertex   -2.736758e+01 2.695471e+00 5.200000e+01
      vertex   -2.733367e+01 2.692132e+00 5.225882e+01
      vertex   -2.697160e+01 5.364984e+00 5.200000e+01
    endloop
  endfacet
  facet normal -9.807341e-01 1.454782e-01 1.303716e-01
    outer loop
      vertex   -2.697160e+01 5.364984e+00 5.200000e+01
      vertex   -2.733367e+01 2.692132e+00 5.225882e+01
      vertex   -2.693818e+01 5.358336e+00 5.225882e+01
    endloop
  endfacet
  facet normal -9.617522e-01 2.409064e-01 1.303716e-01
    outer loop
      vertex   -2.697160e+01 5.364984e+00 5.200000e+01
      vertex   -2.693818e+01 5.358336e+00 5.225882e+01
      vertex   -2.631586e+01 7.982829e+00 5.200000e+01
    endloop
  endfacet
  facet normal -9.617522e-01 2.409064e-01 1.303716e-01
    outer loop
      vertex   -2.631586e+01 7.982829e+00 5.200000e+01
      vertex   -2.693818e+01 5.358336e+00 5.225882e+01
      vertex   -2.628325e+01 7.972937e+00 5.225882e+01
    endloop
  endfacet
  facet normal -9.335082e-01 3.340146e-01 1.303716e-01
    outer loop
      vertex   -2.631586e+01 7.982829e+00 5.200000e+01
      vertex   -2.628325e+01 7.972937e+00 5.225882e+01
      vertex   -2.540669e+01 1.052379e+01 5.200000e+01
    endloop
  endfacet
  facet normal -9.335082e-01 3.340146e-01 1.303716e-01
    outer loop
      vertex   -2.540669e+01 1.052379e+01 5.200000e+01
      vertex   -2.628325e+01 7.972937e+00 5.225882e+01
      vertex   -2.537521e+01 1.051075e+01 5.225882e+01
    endloop
  endfacet
  facet normal -8.962739e-01 4.239060e-01 1.303716e-01
    outer loop
      vertex   -2.540669e+01 1.052379e+01 5.200000e+01
      vertex   -2.537521e+01 1.051075e+01 5.225882e+01
      vertex   -2.425283e+01 1.296341e+01 5.200000e+01
    endloop
  endfacet
  facet normal -8.962739e-01 4.239060e-01 1.303716e-01
    outer loop
      vertex   -2.425283e+01 1.296341e+01 5.200000e+01
      vertex   -2.537521e+01 1.051075e+01 5.225882e+01
      vertex   -2.422278e+01 1.294735e+01 5.225882e+01
    endloop
  endfacet
  facet normal -8.504081e-01 5.097150e-01 1.303716e-01
    outer loop
      vertex   -2.425283e+01 1.296341e+01 5.200000e+01
      vertex   -2.422278e+01 1.294735e+01 5.225882e+01
      vertex   -2.286541e+01 1.527818e+01 5.200000e+01
    endloop
  endfacet
  facet normal -8.504081e-01 5.097150e-01 1.303716e-01
    outer loop
      vertex   -2.286541e+01 1.527818e+01 5.200000e+01
      vertex   -2.422278e+01 1.294735e+01 5.225882e+01
      vertex   -2.283708e+01 1.525925e+01 5.225882e+01
    endloop
  endfacet
  facet normal -7.963523e-01 5.906151e-01 1.303716e-01
    outer loop
      vertex   -2.286541e+01 1.527818e+01 5.200000e+01
      vertex   -2.283708e+01 1.525925e+01 5.225882e+01
      vertex   -2.125779e+01 1.744582e+01 5.200000e+01
    endloop
  endfacet
  facet normal -7.963523e-01 5.906151e-01 1.303716e-01
    outer loop
      vertex   -2.125779e+01 1.744582e+01 5.200000e+01
      vertex   -2.283708e+01 1.525925e+01 5.225882e+01
      vertex   -2.123145e+01 1.742420e+01 5.225882e+01
    endloop
  endfacet
  facet normal -7.346273e-01 6.658273e-01 1.303716e-01
    outer loop
      vertex   -2.125779e+01 1.744582e+01 5.200000e+01
      vertex   -2.123145e+01 1.742420e+01 5.225882e+01
      vertex   -1.944544e+01 1.944544e+01 5.200000e+01
    endloop
  endfacet
  facet normal -7.346273e-01 6.658273e-01 1.303716e-01
    outer loop
      vertex   -1.944544e+01 1.944544e+01 5.200000e+01
      vertex   -2.123145e+01 1.742420e+01 5.225882e+01
      vertex   -1.942134e+01 1.942134e+01 5.225882e+01
    endloop
  endfacet
  facet normal -6.658273e-01 7.346273e-01 1.303716e-01
    outer loop
      vertex   -1.944544e+01 1.944544e+01 5.200000e+01
      vertex   -1.942134e+01 1.942134e+01 5.225882e+01
      vertex   -1.744582e+01 2.125779e+01 5.200000e+01
    endloop
  endfacet
  facet normal -6.658273e-01 7.346273e-01 1.303716e-01
    outer loop
      vertex   -1.744582e+01 2.125779e+01 5.200000e+01
      vertex   -1.942134e+01 1.942134e+01 5.225882e+01
      vertex   -1.742420e+01 2.123145e+01 5.225882e+01
    endloop
  endfacet
  facet normal -5.906151e-01 7.963523e-01 1.303716e-01
    outer loop
      vertex   -1.744582e+01 2.125779e+01 5.200000e+01
      vertex   -1.742420e+01 2.123145e+01 5.225882e+01
      vertex   -1.527818e+01 2.286541e+01 5.200000e+01
    endloop
  endfacet
  facet normal -5.906151e-01 7.963523e-01 1.303716e-01
    outer loop
      vertex   -1.527818e+01 2.286541e+01 5.200000e+01
      vertex   -1.742420e+01 2.123145e+01 5.225882e+01
      vertex   -1.525925e+01 2.283708e+01 5.225882e+01
    endloop
  endfacet
  facet normal -5.097150e-01 8.504081e-01 1.303716e-01
    outer loop
      vertex   -1.527818e+01 2.286541e+01 5.200000e+01
      vertex   -1.525925e+01 2.283708e+01 5.225882e+01
      vertex   -1.296341e+01 2.425283e+01 5.200000e+01
    endloop
  endfacet
  facet normal -5.097150e-01 8.504081e-01 1.303716e-01
    outer loop
      vertex   -1.296341e+01 2.425283e+01 5.200000e+01
      vertex   -1.525925e+01 2.283708e+01 5.225882e+01
      vertex   -1.294735e+01 2.422278e+01 5.225882e+01
    endloop
  endfacet
  facet normal -4.239060e-01 8.962739e-01 1.303716e-01
    outer loop
      vertex   -1.296341e+01 2.425283e+01 5.200000e+01
      vertex   -1.294735e+01 2.422278e+01 5.225882e+01
      vertex   -1.052379e+01 2.540669e+01 5.200000e+01
    endloop
  endfacet
  facet normal -4.239060e-01 8.962739e-01 1.303716e-01
    outer loop
      vertex   -1.052379e+01 2.540669e+01 5.200000e+01
      vertex   -1.294735e+01 2.422278e+01 5.225882e+01
      vertex   -1.051075e+01 2.537521e+01 5.225882e+01
    endloop
  endfacet
  facet normal -3.340146e-01 9.335082e-01 1.303716e-01
    outer loop
      vertex   -1.052379e+01 2.540669e+01 5.200000e+01
      vertex   -1.051075e+01 2.537521e+01 5.225882e+01
      vertex   -7.982829e+00 2.631586e+01 5.200000e+01
    endloop
  endfacet
  facet normal -3.340146e-01 9.335082e-01 1.303716e-01
    outer loop
      vertex   -7.982829e+00 2.631586e+01 5.200000e+01
      vertex   -1.051075e+01 2.537521e+01 5.225882e+01
      vertex   -7.972937e+00 2.628325e+01 5.225882e+01
    endloop
  endfacet
  facet normal -2.409064e-01 9.617522e-01 1.303716e-01
    outer loop
      vertex   -7.982829e+00 2.631586e+01 5.200000e+01
      vertex   -7.972937e+00 2.628325e+01 5.225882e+01
      vertex   -5.364984e+00 2.697160e+01 5.200000e+01
    endloop
  endfacet
  facet normal -2.409064e-01 9.617522e-01 1.303716e-01
    outer loop
      vertex   -5.364984e+00 2.697160e+01 5.200000e+01
      vertex   -7.972937e+00 2.628325e+01 5.225882e+01
      vertex   -5.358336e+00 2.693818e+01 5.225882e+01
    endloop
  endfacet
  facet normal -1.454782e-01 9.807341e-01 1.303716e-01
    outer loop
      vertex   -5.364984e+00 2.697160e+01 5.200000e+01
      vertex   -5.358336e+00 2.693818e+01 5.225882e+01
      vertex   -2.695471e+00 2.736758e+01 5.200000e+01
    endloop
  endfacet
  facet normal -1.454782e-01 9.807341e-01 1.303716e-01
    outer loop
      vertex   -2.695471e+00 2.736758e+01 5.200000e+01
      vertex   -5.358336e+00 2.693818e+01 5.225882e+01
      vertex   -2.692132e+00 2.733367e+01 5.225882e+01
    endloop
  endfacet
  facet normal -4.864889e-02 9.902709e-01 1.303716e-01
    outer loop
      vertex   -2.695471e+00 2.736758e+01 5.200000e+01
      vertex   -2.692132e+00 2.733367e+01 5.225882e+01
      vertex   -1.683889e-15 2.750000e+01 5.200000e+01
    endloop
  endfacet
  facet normal -4.864889e-02 9.902709e-01 1.303716e-01
    outer loop
      vertex   -1.683889e-15 2.750000e+01 5.200000e+01
      vertex   -2.692132e+00 2.733367e+01 5.225882e+01
      vertex   -4.416858e-15 2.746593e+01 5.225882e+01
    endloop
  endfacet
  facet normal 4.864889e-02 9.902709e-01 1.303716e-01
    outer loop
      vertex   -1.683889e-15 2.750000e+01 5.200000e+01
      vertex   -4.416858e-15 2.746593e+01 5.225882e+01
      vertex   2.695471e+00 2.736758e+01 5.200000e+01
    endloop
  endfacet
  facet normal 4.864889e-02 9.902709e-01 1.303716e-01
    outer loop
      vertex   2.695471e+00 2.736758e+01 5.200000e+01
      vertex   -4.416858e-15 2.746593e+01 5.225882e+01
      vertex   2.692132e+00 2.733367e+01 5.225882e+01
    endloop
  endfacet
  facet normal 1.454782e-01 9.807341e-01 1.303716e-01
    outer loop
      vertex   2.695471e+00 2.736758e+01 5.200000e+01
      vertex   2.692132e+00 2.733367e+01 5.225882e+01
      vertex   5.364984e+00 2.697160e+01 5.200000e+01
    endloop
  endfacet
  facet normal 1.454782e-01 9.807341e-01 1.303716e-01
    outer loop
      vertex   5.364984e+00 2.697160e+01 5.200000e+01
      vertex   2.692132e+00 2.733367e+01 5.225882e+01
      vertex   5.358336e+00 2.693818e+01 5.225882e+01
    endloop
  endfacet
  facet normal 2.409064e-01 9.617522e-01 1.303716e-01
    outer loop
      vertex   5.364984e+00 2.697160e+01 5.200000e+01
      vertex   5.358336e+00 2.693818e+01 5.225882e+01
      vertex   7.982829e+00 2.631586e+01 5.200000e+01
    endloop
  endfacet
  facet normal 2.409064e-01 9.617522e-01 1.303716e-01
    outer loop
      vertex   7.982829e+00 2.631586e+01 5.200000e+01
      vertex   5.358336e+00 2.693818e+01 5.225882e+01
      vertex   7.972937e+00 2.628325e+01 5.225882e+01
    endloop
  endfacet
  facet normal 3.340146e-01 9.335082e-01 1.303716e-01
    outer loop
      vertex   7.982829e+00 2.631586e+01 5.200000e+01
      vertex   7.972937e+00 2.628325e+01 5.225882e+01
      vertex   1.052379e+01 2.540669e+01 5.200000e+01
    endloop
  endfacet
  facet normal 3.340146e-01 9.335082e-01 1.303716e-01
    outer loop
      vertex   1.052379e+01 2.540669e+01 5.200000e+01
      vertex   7.972937e+00 2.628325e+01 5.225882e+01
      vertex   1.051075e+01 2.537521e+01 5.225882e+01
    endloop
  endfacet
  facet normal 4.239060e-01 8.962739e-01 1.303716e-01
    outer loop
      vertex   1.052379e+01 2.540669e+01 5.200000e+01
      vertex   1.051075e+01 2.537521e+01 5.225882e+01
      vertex   1.296341e+01 2.425283e+01 5.200000e+01
    endloop
  endfacet
  facet normal 4.239060e-01 8.962739e-01 1.303716e-01
    outer loop
      vertex   1.296341e+01 2.425283e+01 5.200000e+01
      vertex   1.051075e+01 2.537521e+01 5.225882e+01
      vertex   1.294735e+01 2.422278e+01 5.225882e+01
    endloop
  endfacet
  facet normal 5.097150e-01 8.504081e-01 1.303716e-01
    outer loop
      vertex   1.296341e+01 2.425283e+01 5.200000e+01
      vertex   1.294735e+01 2.422278e+01 5.225882e+01
      vertex   1.527818e+01 2.286541e+01 5.200000e+01
    endloop
  endfacet
  facet normal 5.097150e-01 8.504081e-01 1.303716e-01
    outer loop
      vertex   1.527818e+01 2.286541e+01 5.200000e+01
      vertex   1.294735e+01 2.422278e+01 5.225882e+01
      vertex   1.525925e+01 2.283708e+01 5.225882e+01
    endloop
  endfacet
  facet normal 5.906151e-01 7.963523e-01 1.303716e-01
    outer loop
      vertex   1.527818e+01 2.286541e+01 5.200000e+01
      vertex   1.525925e+01 2.283708e+01 5.225882e+01
      vertex   1.744582e+01 2.125779e+01 5.200000e+01
    endloop
  endfacet
  facet normal 5.906151e-01 7.963523e-01 1.303716e-01
    outer loop
      vertex   1.744582e+01 2.125779e+01 5.200000e+01
      vertex   1.525925e+01 2.283708e+01 5.225882e+01
      vertex   1.742420e+01 2.123145e+01 5.225882e+01
    endloop
  endfacet
  facet normal 6.658273e-01 7.346273e-01 1.303716e-01
    outer loop
      vertex   1.744582e+01 2.125779e+01 5.200000e+01
      vertex   1.742420e+01 2.123145e+01 5.225882e+01
      vertex   1.944544e+01 1.944544e+01 5.200000e+01
    endloop
  endfacet
  facet normal 6.658273e-01 7.346273e-01 1.303716e-01
    outer loop
      vertex   1.944544e+01 1.944544e+01 5.200000e+01
      vertex   1.742420e+01 2.123145e+01 5.225882e+01
      vertex   1.942134e+01 1.942134e+01 5.225882e+01
    endloop
  endfacet
  facet normal 7.346273e-01 6.658273e-01 1.303716e-01
    outer loop
      vertex   1.944544e+01 1.944544e+01 5.200000e+01
      vertex   1.942134e+01 1.942134e+01 5.225882e+01
      vertex   2.125779e+01 1.744582e+01 5.200000e+01
    endloop
  endfacet
  facet normal 7.346273e-01 6.658273e-01 1.303716e-01
    outer loop
      vertex   2.125779e+01 1.744582e+01 5.200000e+01
      vertex   1.942134e+01 1.942134e+01 5.225882e+01
      vertex   2.123145e+01 1.742420e+01 5.225882e+01
    endloop
  endfacet
  facet normal 7.963523e-01 5.906151e-01 1.303716e-01
    outer loop
      vertex   2.125779e+01 1.744582e+01 5.200000e+01
      vertex   2.123145e+01 1.742420e+01 5.225882e+01
      vertex   2.286541e+01 1.527818e+01 5.200000e+01
    endloop
  endfacet
  facet normal 7.963523e-01 5.906151e-01 1.303716e-01
    outer loop
      vertex   2.286541e+01 1.527818e+01 5.200000e+01
      vertex   2.123145e+01 1.742420e+01 5.225882e+01
      vertex   2.283708e+01 1.525925e+01 5.225882e+01
    endloop
  endfacet
  facet normal 8.504081e-01 5.097150e-01 1.303716e-01
    outer loop
      vertex   2.286541e+01 1.527818e+01 5.200000e+01
      vertex   2.283708e+01 1.525925e+01 5.225882e+01
      vertex   2.425283e+01 1.296341e+01 5.200000e+01
    endloop
  endfacet
  facet normal 8.504081e-01 5.097150e-01 1.303716e-01
    outer loop
      vertex   2.425283e+01 1.296341e+01 5.200000e+01
      vertex   2.283708e+01 1.525925e+01 5.225882e+01
      vertex   2.422278e+01 1.294735e+01 5.225882e+01
    endloop
  endfacet
  facet normal 8.962739e-01 4.239060e-01 1.303716e-01
    outer loop
      vertex   2.425283e+01 1.296341e+01 5.200000e+01
      vertex   2.422278e+01 1.294735e+01 5.225882e+01
      vertex   2.540669e+01 1.052379e+01 5.200000e+01
    endloop
  endfacet
  facet normal 8.962739e-01 4.239060e-01 1.303716e-01
    outer loop
      vertex   2.540669e+01 1.052379e+01 5.200000e+01
      vertex   2.422278e+01 1.294735e+01 5.225882e+01
      vertex   2.537521e+01 1.051075e+01 5.225882e+01
    endloop
  endfacet
  facet normal 9.335082e-01 3.340146e-01 1.303716e-01
    outer loop
      vertex   2.540669e+01 1.052379e+01 5.200000e+01
      vertex   2.537521e+01 1.051075e+01 5.225882e+01
      vertex   2.631586e+01 7.982829e+00 5.200000e+01
    endloop
  endfacet
  facet normal 9.335082e-01 3.340146e-01 1.303716e-01
    outer loop
      vertex   2.631586e+01 7.982829e+00 5.200000e+01
      vertex   2.537521e+01 1.051075e+01 5.225882e+01
      vertex   2.628325e+01 7.972937e+00 5.225882e+01
    endloop
  endfacet
  facet normal 9.617522e-01 2.409064e-01 1.303716e-01
    outer loop
      vertex   2.631586e+01 7.982829e+00 5.200000e+01
      vertex   2.628325e+01 7.972937e+00 5.225882e+01
      vertex   2.697160e+01 5.364984e+00 5.200000e+01
    endloop
  endfacet
  facet normal 9.617522e-01 2.409064e-01 1.303716e-01
    outer loop
      vertex   2.697160e+01 5.364984e+00 5.200000e+01
      vertex   2.628325e+01 7.972937e+00 5.225882e+01
      vertex   2.693818e+01 5.358336e+00 5.225882e+01
    endloop
  endfacet
  facet normal 9.807341e-01 1.454782e-01 1.303716e-01
    outer loop
      vertex   2.697160e+01 5.364984e+00 5.200000e+01
      vertex   2.693818e+01 5.358336e+00 5.225882e+01
      vertex   2.736758e+01 2.695471e+00 5.200000e+01
    endloop
  endfacet
  facet normal 9.807341e-01 1.454782e-01 1.303716e-01
    outer loop
      vertex   2.736758e+01 2.695471e+00 5.200000e+01
      vertex   2.693818e+01 5.358336e+00 5.225882e+01
      vertex   2.733367e+01 2.692132e+00 5.225882e+01
    endloop
  endfacet
  facet normal 1.295157e-01 -6.463860e-03 9.915563e-01
    outer loop
      vertex   2.636832e+01 -2.638548e+00 5.300000e+01
      vertex   2.662997e+01 -2.622823e+00 5.296593e+01
      vertex   2.650000e+01 -3.245314e-15 5.300000e+01
    endloop
  endfacet
  facet normal 1.305235e-01 -6.412209e-03 9.914245e-01
    outer loop
      vertex   2.650000e+01 -3.245314e-15 5.300000e+01
      vertex   2.662997e+01 -2.622823e+00 5.296593e+01
      vertex   2.675882e+01 -2.184673e-15 5.296593e+01
    endloop
  endfacet
  facet normal 1.305235e-01 6.412209e-03 9.914245e-01
    outer loop
      vertex   2.650000e+01 -3.245314e-15 5.300000e+01
      vertex   2.675882e+01 -2.184673e-15 5.296593e+01
      vertex   2.662997e+01 2.622823e+00 5.296593e+01
    endloop
  endfacet
  facet normal 3.826158e-01 1.879671e-02 9.237163e-01
    outer loop
      vertex   2.662997e+01 2.622823e+00 5.296593e+01
      vertex   2.675882e+01 -2.184673e-15 5.296593e+01
      vertex   2.700000e+01 -1.102182e-15 5.286603e+01
    endloop
  endfacet
  facet normal 3.826158e-01 1.879671e-02 9.237163e-01
    outer loop
      vertex   2.662997e+01 2.622823e+00 5.296593e+01
      vertex   2.700000e+01 -1.102182e-15 5.286603e+01
      vertex   2.686999e+01 2.646463e+00 5.286603e+01
    endloop
  endfacet
  facet normal 6.084894e-01 2.989317e-02 7.929988e-01
    outer loop
      vertex   2.686999e+01 2.646463e+00 5.286603e+01
      vertex   2.700000e+01 -1.102182e-15 5.286603e+01
      vertex   2.720711e+01 -9.557574e-30 5.270711e+01
    endloop
  endfacet
  facet normal 6.084894e-01 2.989317e-02 7.929988e-01
    outer loop
      vertex   2.686999e+01 2.646463e+00 5.286603e+01
      vertex   2.720711e+01 -9.557574e-30 5.270711e+01
      vertex   2.707610e+01 2.666763e+00 5.270711e+01
    endloop
  endfacet
  facet normal 7.927515e-01 3.894538e-02 6.082996e-01
    outer loop
      vertex   2.707610e+01 2.666763e+00 5.270711e+01
      vertex   2.720711e+01 -9.557574e-30 5.270711e+01
      vertex   2.736603e+01 1.117124e-15 5.250000e+01
    endloop
  endfacet
  facet normal 7.927515e-01 3.894538e-02 6.082996e-01
    outer loop
      vertex   2.707610e+01 2.666763e+00 5.270711e+01
      vertex   2.736603e+01 1.117124e-15 5.250000e+01
      vertex   2.723425e+01 2.682340e+00 5.250000e+01
    endloop
  endfacet
  facet normal 9.229294e-01 4.534061e-02 3.822899e-01
    outer loop
      vertex   2.723425e+01 2.682340e+00 5.250000e+01
      vertex   2.736603e+01 1.117124e-15 5.250000e+01
      vertex   2.746593e+01 2.242404e-15 5.225882e+01
    endloop
  endfacet
  facet normal 9.229294e-01 4.534061e-02 3.822899e-01
    outer loop
      vertex   2.723425e+01 2.682340e+00 5.250000e+01
      vertex   2.746593e+01 2.242404e-15 5.225882e+01
      vertex   2.733367e+01 2.692132e+00 5.225882e+01
    endloop
  endfacet
  facet normal 1.302541e-01 -1.932136e-02 9.912924e-01
    outer loop
      vertex   2.662997e+01 -2.622823e+00 5.296593e+01
      vertex   2.636832e+01 -2.638548e+00 5.300000e+01
      vertex   2.624466e+01 -5.220387e+00 5.296593e+01
    endloop
  endfacet
  facet normal 1.272769e-01 -1.918391e-02 9.916817e-01
    outer loop
      vertex   2.624466e+01 -5.220387e+00 5.296593e+01
      vertex   2.636832e+01 -2.638548e+00 5.300000e+01
      vertex   2.597457e+01 -5.250873e+00 5.300000e+01
    endloop
  endfacet
  facet normal 1.286843e-01 -3.223375e-02 9.911616e-01
    outer loop
      vertex   2.624466e+01 -5.220387e+00 5.296593e+01
      vertex   2.597457e+01 -5.250873e+00 5.300000e+01
      vertex   2.560659e+01 -7.767675e+00 5.296593e+01
    endloop
  endfacet
  facet normal 1.238453e-01 -3.153489e-02 9.918003e-01
    outer loop
      vertex   2.560659e+01 -7.767675e+00 5.296593e+01
      vertex   2.597457e+01 -5.250873e+00 5.300000e+01
      vertex   2.532268e+01 -7.811012e+00 5.300000e+01
    endloop
  endfacet
  facet normal 1.258109e-01 -4.501585e-02 9.910324e-01
    outer loop
      vertex   2.560659e+01 -7.767675e+00 5.296593e+01
      vertex   2.532268e+01 -7.811012e+00 5.300000e+01
      vertex   2.472193e+01 -1.024016e+01 5.296593e+01
    endloop
  endfacet
  facet normal 1.192686e-01 -4.341022e-02 9.919126e-01
    outer loop
      vertex   2.472193e+01 -1.024016e+01 5.296593e+01
      vertex   2.532268e+01 -7.811012e+00 5.300000e+01
      vertex   2.441912e+01 -1.029352e+01 5.300000e+01
    endloop
  endfacet
  facet normal 1.216442e-01 -5.753344e-02 9.909049e-01
    outer loop
      vertex   2.472193e+01 -1.024016e+01 5.296593e+01
      vertex   2.441912e+01 -1.029352e+01 5.300000e+01
      vertex   2.359917e+01 -1.261402e+01 5.296593e+01
    endloop
  endfacet
  facet normal 1.136038e-01 -5.470871e-02 9.920187e-01
    outer loop
      vertex   2.359917e+01 -1.261402e+01 5.296593e+01
      vertex   2.441912e+01 -1.029352e+01 5.300000e+01
      vertex   2.327287e+01 -1.267373e+01 5.300000e+01
    endloop
  endfacet
  facet normal 1.162091e-01 -6.965305e-02 9.907794e-01
    outer loop
      vertex   2.359917e+01 -1.261402e+01 5.296593e+01
      vertex   2.327287e+01 -1.267373e+01 5.300000e+01
      vertex   2.224914e+01 -1.486640e+01 5.296593e+01
    endloop
  endfacet
  facet normal 1.069163e-01 -6.533522e-02 9.921190e-01
    outer loop
      vertex   2.224914e+01 -1.486640e+01 5.296593e+01
      vertex   2.327287e+01 -1.267373e+01 5.300000e+01
      vertex   2.189533e+01 -1.492798e+01 5.300000e+01
    endloop
  endfacet
  facet normal 1.095441e-01 -8.124346e-02 9.906561e-01
    outer loop
      vertex   2.224914e+01 -1.486640e+01 5.296593e+01
      vertex   2.189533e+01 -1.492798e+01 5.300000e+01
      vertex   2.068485e+01 -1.697562e+01 5.296593e+01
    endloop
  endfacet
  facet normal 9.927973e-02 -7.520148e-02 9.922138e-01
    outer loop
      vertex   2.068485e+01 -1.697562e+01 5.296593e+01
      vertex   2.189533e+01 -1.492798e+01 5.300000e+01
      vertex   2.030018e+01 -1.703387e+01 5.300000e+01
    endloop
  endfacet
  facet normal 1.017020e-01 -9.217728e-02 9.905352e-01
    outer loop
      vertex   2.068485e+01 -1.697562e+01 5.296593e+01
      vertex   2.030018e+01 -1.703387e+01 5.300000e+01
      vertex   1.892134e+01 -1.892134e+01 5.296593e+01
    endloop
  endfacet
  facet normal 9.077473e-02 -8.422664e-02 9.923033e-01
    outer loop
      vertex   1.892134e+01 -1.892134e+01 5.296593e+01
      vertex   2.030018e+01 -1.703387e+01 5.300000e+01
      vertex   1.850328e+01 -1.897047e+01 5.300000e+01
    endloop
  endfacet
  facet normal 9.274868e-02 -1.023324e-01 9.904170e-01
    outer loop
      vertex   1.892134e+01 -1.892134e+01 5.296593e+01
      vertex   1.850328e+01 -1.897047e+01 5.300000e+01
      vertex   1.697562e+01 -2.068485e+01 5.296593e+01
    endloop
  endfacet
  facet normal 8.148872e-02 -9.233795e-02 9.923877e-01
    outer loop
      vertex   1.697562e+01 -2.068485e+01 5.296593e+01
      vertex   1.850328e+01 -1.897047e+01 5.300000e+01
      vertex   1.652248e+01 -2.071853e+01 5.300000e+01
    endloop
  endfacet
  facet normal 8.276336e-02 -1.115935e-01 9.903015e-01
    outer loop
      vertex   1.697562e+01 -2.068485e+01 5.296593e+01
      vertex   1.652248e+01 -2.071853e+01 5.300000e+01
      vertex   1.486640e+01 -2.224914e+01 5.296593e+01
    endloop
  endfacet
  facet normal 7.151493e-02 -9.947120e-02 9.924672e-01
    outer loop
      vertex   1.486640e+01 -2.224914e+01 5.296593e+01
      vertex   1.652248e+01 -2.071853e+01 5.300000e+01
      vertex   1.437748e+01 -2.226069e+01 5.300000e+01
    endloop
  endfacet
  facet normal 7.183733e-02 -1.198533e-01 9.901892e-01
    outer loop
      vertex   1.486640e+01 -2.224914e+01 5.296593e+01
      vertex   1.437748e+01 -2.226069e+01 5.300000e+01
      vertex   1.261402e+01 -2.359917e+01 5.296593e+01
    endloop
  endfacet
  facet normal 6.095160e-02 -1.055713e-01 9.925420e-01
    outer loop
      vertex   1.261402e+01 -2.359917e+01 5.296593e+01
      vertex   1.437748e+01 -2.226069e+01 5.300000e+01
      vertex   1.208958e+01 -2.358160e+01 5.300000e+01
    endloop
  endfacet
  facet normal 6.007331e-02 -1.270143e-01 9.900801e-01
    outer loop
      vertex   1.261402e+01 -2.359917e+01 5.296593e+01
      vertex   1.208958e+01 -2.358160e+01 5.300000e+01
      vertex   1.024016e+01 -2.472193e+01 5.296593e+01
    endloop
  endfacet
  facet normal 4.990121e-02 -1.105924e-01 9.926123e-01
    outer loop
      vertex   1.024016e+01 -2.472193e+01 5.296593e+01
      vertex   1.208958e+01 -2.358160e+01 5.300000e+01
      vertex   9.681537e+00 -2.466815e+01 5.300000e+01
    endloop
  endfacet
  facet normal 4.758443e-02 -1.329896e-01 9.899745e-01
    outer loop
      vertex   1.024016e+01 -2.472193e+01 5.296593e+01
      vertex   9.681537e+00 -2.466815e+01 5.300000e+01
      vertex   7.767675e+00 -2.560659e+01 5.296593e+01
    endloop
  endfacet
  facet normal 3.846952e-02 -1.144987e-01 9.926783e-01
    outer loop
      vertex   7.767675e+00 -2.560659e+01 5.296593e+01
      vertex   9.681537e+00 -2.466815e+01 5.300000e+01
      vertex   7.177272e+00 -2.550954e+01 5.300000e+01
    endloop
  endfacet
  facet normal 3.449308e-02 -1.377041e-01 9.898726e-01
    outer loop
      vertex   7.767675e+00 -2.560659e+01 5.296593e+01
      vertex   7.177272e+00 -2.550954e+01 5.300000e+01
      vertex   5.220387e+00 -2.624466e+01 5.296593e+01
    endloop
  endfacet
  facet normal 2.676476e-02 -1.172641e-01 9.927400e-01
    outer loop
      vertex   5.220387e+00 -2.624466e+01 5.296593e+01
      vertex   7.177272e+00 -2.550954e+01 5.300000e+01
      vertex   4.601677e+00 -2.609741e+01 5.300000e+01
    endloop
  endfacet
  facet normal 2.092959e-02 -1.410958e-01 9.897747e-01
    outer loop
      vertex   5.220387e+00 -2.624466e+01 5.296593e+01
      vertex   4.601677e+00 -2.609741e+01 5.300000e+01
      vertex   2.622823e+00 -2.662997e+01 5.296593e+01
    endloop
  endfacet
  facet normal 1.489667e-02 -1.188726e-01 9.927978e-01
    outer loop
      vertex   2.622823e+00 -2.662997e+01 5.296593e+01
      vertex   4.601677e+00 -2.609741e+01 5.300000e+01
      vertex   1.980347e+00 -2.642590e+01 5.300000e+01
    endloop
  endfacet
  facet normal 7.030861e-03 -1.431165e-01 9.896809e-01
    outer loop
      vertex   2.622823e+00 -2.662997e+01 5.296593e+01
      vertex   1.980347e+00 -2.642590e+01 5.300000e+01
      vertex   1.638505e-15 -2.675882e+01 5.296593e+01
    endloop
  endfacet
  facet normal 2.975620e-03 -1.193186e-01 9.928516e-01
    outer loop
      vertex   1.638505e-15 -2.675882e+01 5.296593e+01
      vertex   1.980347e+00 -2.642590e+01 5.300000e+01
      vertex   -6.606633e-01 -2.649176e+01 5.300000e+01
    endloop
  endfacet
  facet normal -7.061114e-03 -1.437323e-01 9.895914e-01
    outer loop
      vertex   1.638505e-15 -2.675882e+01 5.296593e+01
      vertex   -6.606633e-01 -2.649176e+01 5.300000e+01
      vertex   -2.622823e+00 -2.662997e+01 5.296593e+01
    endloop
  endfacet
  facet normal -8.888330e-03 -1.186065e-01 9.929016e-01
    outer loop
      vertex   -2.622823e+00 -2.662997e+01 5.296593e+01
      vertex   -6.606633e-01 -2.649176e+01 5.300000e+01
      vertex   -3.295108e+00 -2.629434e+01 5.300000e+01
    endloop
  endfacet
  facet normal -2.120086e-02 -1.429246e-01 9.895065e-01
    outer loop
      vertex   -2.622823e+00 -2.662997e+01 5.296593e+01
      vertex   -3.295108e+00 -2.629434e+01 5.300000e+01
      vertex   -5.220387e+00 -2.624466e+01 5.296593e+01
    endloop
  endfacet
  facet normal -2.058634e-02 -1.167509e-01 9.929478e-01
    outer loop
      vertex   -5.220387e+00 -2.624466e+01 5.296593e+01
      vertex   -3.295108e+00 -2.629434e+01 5.300000e+01
      vertex   -5.896805e+00 -2.583559e+01 5.300000e+01
    endloop
  endfacet
  facet normal -3.524103e-02 -1.406901e-01 9.894263e-01
    outer loop
      vertex   -5.220387e+00 -2.624466e+01 5.296593e+01
      vertex   -5.896805e+00 -2.583559e+01 5.300000e+01
      vertex   -7.767675e+00 -2.560659e+01 5.296593e+01
    endloop
  endfacet
  facet normal -3.201166e-02 -1.137762e-01 9.929905e-01
    outer loop
      vertex   -7.767675e+00 -2.560659e+01 5.296593e+01
      vertex   -5.896805e+00 -2.583559e+01 5.300000e+01
      vertex   -8.439896e+00 -2.512007e+01 5.300000e+01
    endloop
  endfacet
  facet normal -4.903412e-02 -1.370412e-01 9.893510e-01
    outer loop
      vertex   -7.767675e+00 -2.560659e+01 5.296593e+01
      vertex   -8.439896e+00 -2.512007e+01 5.300000e+01
      vertex   -1.024016e+01 -2.472193e+01 5.296593e+01
    endloop
  endfacet
  facet normal -4.306058e-02 -1.097166e-01 9.930297e-01
    outer loop
      vertex   -1.024016e+01 -2.472193e+01 5.296593e+01
      vertex   -8.439896e+00 -2.512007e+01 5.300000e+01
      vertex   -1.089911e+01 -2.415491e+01 5.300000e+01
    endloop
  endfacet
  facet normal -6.243413e-02 -1.320059e-01 9.892808e-01
    outer loop
      vertex   -1.024016e+01 -2.472193e+01 5.296593e+01
      vertex   -1.089911e+01 -2.415491e+01 5.300000e+01
      vertex   -1.261402e+01 -2.359917e+01 5.296593e+01
    endloop
  endfacet
  facet normal -5.363318e-02 -1.046154e-01 9.930655e-01
    outer loop
      vertex   -1.261402e+01 -2.359917e+01 5.296593e+01
      vertex   -1.089911e+01 -2.415491e+01 5.300000e+01
      vertex   -1.325000e+01 -2.294967e+01 5.300000e+01
    endloop
  endfacet
  facet normal -7.529829e-02 -1.256276e-01 9.892158e-01
    outer loop
      vertex   -1.261402e+01 -2.359917e+01 5.296593e+01
      vertex   -1.325000e+01 -2.294967e+01 5.300000e+01
      vertex   -1.486640e+01 -2.224914e+01 5.296593e+01
    endloop
  endfacet
  facet normal -6.363423e-02 -9.852507e-02 9.930979e-01
    outer loop
      vertex   -1.486640e+01 -2.224914e+01 5.296593e+01
      vertex   -1.325000e+01 -2.294967e+01 5.300000e+01
      vertex   -1.546921e+01 -2.151636e+01 5.300000e+01
    endloop
  endfacet
  facet normal -8.748874e-02 -1.179649e-01 9.891562e-01
    outer loop
      vertex   -1.486640e+01 -2.224914e+01 5.296593e+01
      vertex   -1.546921e+01 -2.151636e+01 5.300000e+01
      vertex   -1.697562e+01 -2.068485e+01 5.296593e+01
    endloop
  endfacet
  facet normal -7.297396e-02 -9.150645e-02 9.931271e-01
    outer loop
      vertex   -1.697562e+01 -2.068485e+01 5.296593e+01
      vertex   -1.546921e+01 -2.151636e+01 5.300000e+01
      vertex   -1.753467e+01 -1.986920e+01 5.300000e+01
    endloop
  endfacet
  facet normal -9.887418e-02 -1.090908e-01 9.891022e-01
    outer loop
      vertex   -1.697562e+01 -2.068485e+01 5.296593e+01
      vertex   -1.753467e+01 -1.986920e+01 5.300000e+01
      vertex   -1.892134e+01 -1.892134e+01 5.296593e+01
    endloop
  endfacet
  facet normal -8.156875e-02 -8.362831e-02 9.931530e-01
    outer loop
      vertex   -1.892134e+01 -1.892134e+01 5.296593e+01
      vertex   -1.753467e+01 -1.986920e+01 5.300000e+01
      vertex   -1.942587e+01 -1.802458e+01 5.300000e+01
    endloop
  endfacet
  facet normal -1.093314e-01 -9.909219e-02 9.890538e-01
    outer loop
      vertex   -1.892134e+01 -1.892134e+01 5.296593e+01
      vertex   -1.942587e+01 -1.802458e+01 5.300000e+01
      vertex   -2.068485e+01 -1.697562e+01 5.296593e+01
    endloop
  endfacet
  facet normal -8.934185e-02 -7.496672e-02 9.931757e-01
    outer loop
      vertex   -2.068485e+01 -1.697562e+01 5.296593e+01
      vertex   -1.942587e+01 -1.802458e+01 5.300000e+01
      vertex   -2.112401e+01 -1.600082e+01 5.300000e+01
    endloop
  endfacet
  facet normal -1.187468e-01 -8.806860e-02 9.890112e-01
    outer loop
      vertex   -2.068485e+01 -1.697562e+01 5.296593e+01
      vertex   -2.112401e+01 -1.600082e+01 5.300000e+01
      vertex   -2.224914e+01 -1.486640e+01 5.296593e+01
    endloop
  endfacet
  facet normal -9.622401e-02 -6.560442e-02 9.931953e-01
    outer loop
      vertex   -2.224914e+01 -1.486640e+01 5.296593e+01
      vertex   -2.112401e+01 -1.600082e+01 5.300000e+01
      vertex   -2.261221e+01 -1.381803e+01 5.300000e+01
    endloop
  endfacet
  facet normal -1.270176e-01 -7.613144e-02 9.889745e-01
    outer loop
      vertex   -2.224914e+01 -1.486640e+01 5.296593e+01
      vertex   -2.261221e+01 -1.381803e+01 5.300000e+01
      vertex   -2.359917e+01 -1.261402e+01 5.296593e+01
    endloop
  endfacet
  facet normal -1.021540e-01 -5.563011e-02 9.932119e-01
    outer loop
      vertex   -2.359917e+01 -1.261402e+01 5.296593e+01
      vertex   -2.261221e+01 -1.381803e+01 5.300000e+01
      vertex   -2.387567e+01 -1.149792e+01 5.300000e+01
    endloop
  endfacet
  facet normal -1.340536e-01 -6.340262e-02 9.889438e-01
    outer loop
      vertex   -2.359917e+01 -1.261402e+01 5.296593e+01
      vertex   -2.387567e+01 -1.149792e+01 5.300000e+01
      vertex   -2.472193e+01 -1.024016e+01 5.296593e+01
    endloop
  endfacet
  facet normal -1.070792e-01 -4.513766e-02 9.932254e-01
    outer loop
      vertex   -2.472193e+01 -1.024016e+01 5.296593e+01
      vertex   -2.387567e+01 -1.149792e+01 5.300000e+01
      vertex   -2.490185e+01 -9.063534e+00 5.300000e+01
    endloop
  endfacet
  facet normal -1.397775e-01 -5.001318e-02 9.889191e-01
    outer loop
      vertex   -2.472193e+01 -1.024016e+01 5.296593e+01
      vertex   -2.490185e+01 -9.063534e+00 5.300000e+01
      vertex   -2.560659e+01 -7.767675e+00 5.296593e+01
    endloop
  endfacet
  facet normal -1.109559e-01 -3.422535e-02 9.932358e-01
    outer loop
      vertex   -2.560659e+01 -7.767675e+00 5.296593e+01
      vertex   -2.490185e+01 -9.063534e+00 5.300000e+01
      vertex   -2.568055e+01 -6.539071e+00 5.300000e+01
    endloop
  endfacet
  facet normal -1.441264e-01 -3.610179e-02 9.889005e-01
    outer loop
      vertex   -2.560659e+01 -7.767675e+00 5.296593e+01
      vertex   -2.568055e+01 -6.539071e+00 5.300000e+01
      vertex   -2.624466e+01 -5.220387e+00 5.296593e+01
    endloop
  endfacet
  facet normal -1.137497e-01 -2.299500e-02 9.932433e-01
    outer loop
      vertex   -2.624466e+01 -5.220387e+00 5.296593e+01
      vertex   -2.568055e+01 -6.539071e+00 5.300000e+01
      vertex   -2.620402e+01 -3.949620e+00 5.300000e+01
    endloop
  endfacet
  facet normal -1.470526e-01 -2.181320e-02 9.888881e-01
    outer loop
      vertex   -2.624466e+01 -5.220387e+00 5.296593e+01
      vertex   -2.620402e+01 -3.949620e+00 5.300000e+01
      vertex   -2.662997e+01 -2.622823e+00 5.296593e+01
    endloop
  endfacet
  facet normal -1.154360e-01 -1.155111e-02 9.932478e-01
    outer loop
      vertex   -2.662997e+01 -2.622823e+00 5.296593e+01
      vertex   -2.620402e+01 -3.949620e+00 5.300000e+01
      vertex   -2.646706e+01 -1.320916e+00 5.300000e+01
    endloop
  endfacet
  facet normal -1.485238e-01 -7.296508e-03 9.888819e-01
    outer loop
      vertex   -2.662997e+01 -2.622823e+00 5.296593e+01
      vertex   -2.646706e+01 -1.320916e+00 5.300000e+01
      vertex   -2.675882e+01 -3.277010e-15 5.296593e+01
    endloop
  endfacet
  facet normal -1.159997e-01 -9.596458e-19 9.932492e-01
    outer loop
      vertex   -2.675882e+01 -3.277010e-15 5.296593e+01
      vertex   -2.646706e+01 -1.320916e+00 5.300000e+01
      vertex   -2.646706e+01 1.320916e+00 5.300000e+01
    endloop
  endfacet
  facet normal -1.485238e-01 7.296508e-03 9.888819e-01
    outer loop
      vertex   -2.675882e+01 -3.277010e-15 5.296593e+01
      vertex   -2.646706e+01 1.320916e+00 5.300000e+01
      vertex   -2.662997e+01 2.622823e+00 5.296593e+01
    endloop
  endfacet
  facet normal -1.154360e-01 1.155111e-02 9.932478e-01
    outer loop
      vertex   -2.662997e+01 2.622823e+00 5.296593e+01
      vertex   -2.646706e+01 1.320916e+00 5.300000e+01
      vertex   -2.620402e+01 3.949620e+00 5.300000e+01
    endloop
  endfacet
  facet normal -1.470526e-01 2.181320e-02 9.888881e-01
    outer loop
      vertex   -2.662997e+01 2.622823e+00 5.296593e+01
      vertex   -2.620402e+01 3.949620e+00 5.300000e+01
      vertex   -2.624466e+01 5.220387e+00 5.296593e+01
    endloop
  endfacet
  facet normal -1.137497e-01 2.299500e-02 9.932433e-01
    outer loop
      vertex   -2.624466e+01 5.220387e+00 5.296593e+01
      vertex   -2.620402e+01 3.949620e+00 5.300000e+01
      vertex   -2.568055e+01 6.539071e+00 5.300000e+01
    endloop
  endfacet
  facet normal -1.441264e-01 3.610179e-02 9.889005e-01
    outer loop
      vertex   -2.624466e+01 5.220387e+00 5.296593e+01
      vertex   -2.568055e+01 6.539071e+00 5.300000e+01
      vertex   -2.560659e+01 7.767675e+00 5.296593e+01
    endloop
  endfacet
  facet normal -1.109559e-01 3.422535e-02 9.932358e-01
    outer loop
      vertex   -2.560659e+01 7.767675e+00 5.296593e+01
      vertex   -2.568055e+01 6.539071e+00 5.300000e+01
      vertex   -2.490185e+01 9.063534e+00 5.300000e+01
    endloop
  endfacet
  facet normal -1.397775e-01 5.001318e-02 9.889191e-01
    outer loop
      vertex   -2.560659e+01 7.767675e+00 5.296593e+01
      vertex   -2.490185e+01 9.063534e+00 5.300000e+01
      vertex   -2.472193e+01 1.024016e+01 5.296593e+01
    endloop
  endfacet
  facet normal -1.070792e-01 4.513766e-02 9.932254e-01
    outer loop
      vertex   -2.472193e+01 1.024016e+01 5.296593e+01
      vertex   -2.490185e+01 9.063534e+00 5.300000e+01
      vertex   -2.387567e+01 1.149792e+01 5.300000e+01
    endloop
  endfacet
  facet normal -1.340536e-01 6.340262e-02 9.889438e-01
    outer loop
      vertex   -2.472193e+01 1.024016e+01 5.296593e+01
      vertex   -2.387567e+01 1.149792e+01 5.300000e+01
      vertex   -2.359917e+01 1.261402e+01 5.296593e+01
    endloop
  endfacet
  facet normal -1.021540e-01 5.563011e-02 9.932119e-01
    outer loop
      vertex   -2.359917e+01 1.261402e+01 5.296593e+01
      vertex   -2.387567e+01 1.149792e+01 5.300000e+01
      vertex   -2.261221e+01 1.381803e+01 5.300000e+01
    endloop
  endfacet
  facet normal -1.270176e-01 7.613144e-02 9.889745e-01
    outer loop
      vertex   -2.359917e+01 1.261402e+01 5.296593e+01
      vertex   -2.261221e+01 1.381803e+01 5.300000e+01
      vertex   -2.224914e+01 1.486640e+01 5.296593e+01
    endloop
  endfacet
  facet normal -9.622401e-02 6.560442e-02 9.931953e-01
    outer loop
      vertex   -2.224914e+01 1.486640e+01 5.296593e+01
      vertex   -2.261221e+01 1.381803e+01 5.300000e+01
      vertex   -2.112401e+01 1.600082e+01 5.300000e+01
    endloop
  endfacet
  facet normal -1.187468e-01 8.806860e-02 9.890112e-01
    outer loop
      vertex   -2.224914e+01 1.486640e+01 5.296593e+01
      vertex   -2.112401e+01 1.600082e+01 5.300000e+01
      vertex   -2.068485e+01 1.697562e+01 5.296593e+01
    endloop
  endfacet
  facet normal -8.934185e-02 7.496672e-02 9.931757e-01
    outer loop
      vertex   -2.068485e+01 1.697562e+01 5.296593e+01
      vertex   -2.112401e+01 1.600082e+01 5.300000e+01
      vertex   -1.942587e+01 1.802458e+01 5.300000e+01
    endloop
  endfacet
  facet normal -1.093314e-01 9.909219e-02 9.890538e-01
    outer loop
      vertex   -2.068485e+01 1.697562e+01 5.296593e+01
      vertex   -1.942587e+01 1.802458e+01 5.300000e+01
      vertex   -1.892134e+01 1.892134e+01 5.296593e+01
    endloop
  endfacet
  facet normal -8.156875e-02 8.362831e-02 9.931530e-01
    outer loop
      vertex   -1.892134e+01 1.892134e+01 5.296593e+01
      vertex   -1.942587e+01 1.802458e+01 5.300000e+01
      vertex   -1.753467e+01 1.986920e+01 5.300000e+01
    endloop
  endfacet
  facet normal -9.887418e-02 1.090908e-01 9.891022e-01
    outer loop
      vertex   -1.892134e+01 1.892134e+01 5.296593e+01
      vertex   -1.753467e+01 1.986920e+01 5.300000e+01
      vertex   -1.697562e+01 2.068485e+01 5.296593e+01
    endloop
  endfacet
  facet normal -7.297396e-02 9.150645e-02 9.931271e-01
    outer loop
      vertex   -1.697562e+01 2.068485e+01 5.296593e+01
      vertex   -1.753467e+01 1.986920e+01 5.300000e+01
      vertex   -1.546921e+01 2.151636e+01 5.300000e+01
    endloop
  endfacet
  facet normal -8.748874e-02 1.179649e-01 9.891562e-01
    outer loop
      vertex   -1.697562e+01 2.068485e+01 5.296593e+01
      vertex   -1.546921e+01 2.151636e+01 5.300000e+01
      vertex   -1.486640e+01 2.224914e+01 5.296593e+01
    endloop
  endfacet
  facet normal -6.363423e-02 9.852507e-02 9.930979e-01
    outer loop
      vertex   -1.486640e+01 2.224914e+01 5.296593e+01
      vertex   -1.546921e+01 2.151636e+01 5.300000e+01
      vertex   -1.325000e+01 2.294967e+01 5.300000e+01
    endloop
  endfacet
  facet normal -7.529829e-02 1.256276e-01 9.892158e-01
    outer loop
      vertex   -1.486640e+01 2.224914e+01 5.296593e+01
      vertex   -1.325000e+01 2.294967e+01 5.300000e+01
      vertex   -1.261402e+01 2.359917e+01 5.296593e+01
    endloop
  endfacet
  facet normal -5.363318e-02 1.046154e-01 9.930655e-01
    outer loop
      vertex   -1.261402e+01 2.359917e+01 5.296593e+01
      vertex   -1.325000e+01 2.294967e+01 5.300000e+01
      vertex   -1.089911e+01 2.415491e+01 5.300000e+01
    endloop
  endfacet
  facet normal -6.243413e-02 1.320059e-01 9.892808e-01
    outer loop
      vertex   -1.261402e+01 2.359917e+01 5.296593e+01
      vertex   -1.089911e+01 2.415491e+01 5.300000e+01
      vertex   -1.024016e+01 2.472193e+01 5.296593e+01
    endloop
  endfacet
  facet normal -4.306058e-02 1.097166e-01 9.930297e-01
    outer loop
      vertex   -1.024016e+01 2.472193e+01 5.296593e+01
      vertex   -1.089911e+01 2.415491e+01 5.300000e+01
      vertex   -8.439896e+00 2.512007e+01 5.300000e+01
    endloop
  endfacet
  facet normal -4.903412e-02 1.370412e-01 9.893510e-01
    outer loop
      vertex   -1.024016e+01 2.472193e+01 5.296593e+01
      vertex   -8.439896e+00 2.512007e+01 5.300000e+01
      vertex   -7.767675e+00 2.560659e+01 5.296593e+01
    endloop
  endfacet
  facet normal -3.201166e-02 1.137762e-01 9.929905e-01
    outer loop
      vertex   -7.767675e+00 2.560659e+01 5.296593e+01
      vertex   -8.439896e+00 2.512007e+01 5.300000e+01
      vertex   -5.896805e+00 2.583559e+01 5.300000e+01
    endloop
  endfacet
  facet normal -3.524103e-02 1.406901e-01 9.894263e-01
    outer loop
      vertex   -7.767675e+00 2.560659e+01 5.296593e+01
      vertex   -5.896805e+00 2.583559e+01 5.300000e+01
      vertex   -5.220387e+00 2.624466e+01 5.296593e+01
    endloop
  endfacet
  facet normal -2.058634e-02 1.167509e-01 9.929478e-01
    outer loop
      vertex   -5.220387e+00 2.624466e+01 5.296593e+01
      vertex   -5.896805e+00 2.583559e+01 5.300000e+01
      vertex   -3.295108e+00 2.629434e+01 5.300000e+01
    endloop
  endfacet
  facet normal -2.120086e-02 1.429246e-01 9.895065e-01
    outer loop
      vertex   -5.220387e+00 2.624466e+01 5.296593e+01
      vertex   -3.295108e+00 2.629434e+01 5.300000e+01
      vertex   -2.622823e+00 2.662997e+01 5.296593e+01
    endloop
  endfacet
  facet normal -8.888330e-03 1.186065e-01 9.929016e-01
    outer loop
      vertex   -2.622823e+00 2.662997e+01 5.296593e+01
      vertex   -3.295108e+00 2.629434e+01 5.300000e+01
      vertex   -6.606633e-01 2.649176e+01 5.300000e+01
    endloop
  endfacet
  facet normal -7.061114e-03 1.437323e-01 9.895914e-01
    outer loop
      vertex   -2.622823e+00 2.662997e+01 5.296593e+01
      vertex   -6.606633e-01 2.649176e+01 5.300000e+01
      vertex   1.638505e-15 2.675882e+01 5.296593e+01
    endloop
  endfacet
  facet normal 2.975620e-03 1.193186e-01 9.928516e-01
    outer loop
      vertex   1.638505e-15 2.675882e+01 5.296593e+01
      vertex   -6.606633e-01 2.649176e+01 5.300000e+01
      vertex   1.980347e+00 2.642590e+01 5.300000e+01
    endloop
  endfacet
  facet normal 7.030861e-03 1.431165e-01 9.896809e-01
    outer loop
      vertex   1.638505e-15 2.675882e+01 5.296593e+01
      vertex   1.980347e+00 2.642590e+01 5.300000e+01
      vertex   2.622823e+00 2.662997e+01 5.296593e+01
    endloop
  endfacet
  facet normal 1.489667e-02 1.188726e-01 9.927978e-01
    outer loop
      vertex   2.622823e+00 2.662997e+01 5.296593e+01
      vertex   1.980347e+00 2.642590e+01 5.300000e+01
      vertex   4.601677e+00 2.609741e+01 5.300000e+01
    endloop
  endfacet
  facet normal 2.092959e-02 1.410958e-01 9.897747e-01
    outer loop
      vertex   2.622823e+00 2.662997e+01 5.296593e+01
      vertex   4.601677e+00 2.609741e+01 5.300000e+01
      vertex   5.220387e+00 2.624466e+01 5.296593e+01
    endloop
  endfacet
  facet normal 2.676476e-02 1.172641e-01 9.927400e-01
    outer loop
      vertex   5.220387e+00 2.624466e+01 5.296593e+01
      vertex   4.601677e+00 2.609741e+01 5.300000e+01
      vertex   7.177272e+00 2.550954e+01 5.300000e+01
    endloop
  endfacet
  facet normal 3.449308e-02 1.377041e-01 9.898726e-01
    outer loop
      vertex   5.220387e+00 2.624466e+01 5.296593e+01
      vertex   7.177272e+00 2.550954e+01 5.300000e+01
      vertex   7.767675e+00 2.560659e+01 5.296593e+01
    endloop
  endfacet
  facet normal 3.846952e-02 1.144987e-01 9.926783e-01
    outer loop
      vertex   7.767675e+00 2.560659e+01 5.296593e+01
      vertex   7.177272e+00 2.550954e+01 5.300000e+01
      vertex   9.681537e+00 2.466815e+01 5.300000e+01
    endloop
  endfacet
  facet normal 4.758443e-02 1.329896e-01 9.899745e-01
    outer loop
      vertex   7.767675e+00 2.560659e+01 5.296593e+01
      vertex   9.681537e+00 2.466815e+01 5.300000e+01
      vertex   1.024016e+01 2.472193e+01 5.296593e+01
    endloop
  endfacet
  facet normal 4.990121e-02 1.105924e-01 9.926123e-01
    outer loop
      vertex   1.024016e+01 2.472193e+01 5.296593e+01
      vertex   9.681537e+00 2.466815e+01 5.300000e+01
      vertex   1.208958e+01 2.358160e+01 5.300000e+01
    endloop
  endfacet
  facet normal 6.007331e-02 1.270143e-01 9.900801e-01
    outer loop
      vertex   1.024016e+01 2.472193e+01 5.296593e+01
      vertex   1.208958e+01 2.358160e+01 5.300000e+01
      vertex   1.261402e+01 2.359917e+01 5.296593e+01
    endloop
  endfacet
  facet normal 6.095160e-02 1.055713e-01 9.925420e-01
    outer loop
      vertex   1.261402e+01 2.359917e+01 5.296593e+01
      vertex   1.208958e+01 2.358160e+01 5.300000e+01
      vertex   1.437748e+01 2.226069e+01 5.300000e+01
    endloop
  endfacet
  facet normal 7.183733e-02 1.198533e-01 9.901892e-01
    outer loop
      vertex   1.261402e+01 2.359917e+01 5.296593e+01
      vertex   1.437748e+01 2.226069e+01 5.300000e+01
      vertex   1.486640e+01 2.224914e+01 5.296593e+01
    endloop
  endfacet
  facet normal 7.151493e-02 9.947120e-02 9.924672e-01
    outer loop
      vertex   1.486640e+01 2.224914e+01 5.296593e+01
      vertex   1.437748e+01 2.226069e+01 5.300000e+01
      vertex   1.652248e+01 2.071853e+01 5.300000e+01
    endloop
  endfacet
  facet normal 8.276336e-02 1.115935e-01 9.903015e-01
    outer loop
      vertex   1.486640e+01 2.224914e+01 5.296593e+01
      vertex   1.652248e+01 2.071853e+01 5.300000e+01
      vertex   1.697562e+01 2.068485e+01 5.296593e+01
    endloop
  endfacet
  facet normal 8.148872e-02 9.233795e-02 9.923877e-01
    outer loop
      vertex   1.697562e+01 2.068485e+01 5.296593e+01
      vertex   1.652248e+01 2.071853e+01 5.300000e+01
      vertex   1.850328e+01 1.897047e+01 5.300000e+01
    endloop
  endfacet
  facet normal 9.274868e-02 1.023324e-01 9.904170e-01
    outer loop
      vertex   1.697562e+01 2.068485e+01 5.296593e+01
      vertex   1.850328e+01 1.897047e+01 5.300000e+01
      vertex   1.892134e+01 1.892134e+01 5.296593e+01
    endloop
  endfacet
  facet normal 9.077473e-02 8.422664e-02 9.923033e-01
    outer loop
      vertex   1.892134e+01 1.892134e+01 5.296593e+01
      vertex   1.850328e+01 1.897047e+01 5.300000e+01
      vertex   2.030018e+01 1.703387e+01 5.300000e+01
    endloop
  endfacet
  facet normal 1.017020e-01 9.217728e-02 9.905352e-01
    outer loop
      vertex   1.892134e+01 1.892134e+01 5.296593e+01
      vertex   2.030018e+01 1.703387e+01 5.300000e+01
      vertex   2.068485e+01 1.697562e+01 5.296593e+01
    endloop
  endfacet
  facet normal 9.927973e-02 7.520148e-02 9.922138e-01
    outer loop
      vertex   2.068485e+01 1.697562e+01 5.296593e+01
      vertex   2.030018e+01 1.703387e+01 5.300000e+01
      vertex   2.189533e+01 1.492798e+01 5.300000e+01
    endloop
  endfacet
  facet normal 1.095441e-01 8.124346e-02 9.906561e-01
    outer loop
      vertex   2.068485e+01 1.697562e+01 5.296593e+01
      vertex   2.189533e+01 1.492798e+01 5.300000e+01
      vertex   2.224914e+01 1.486640e+01 5.296593e+01
    endloop
  endfacet
  facet normal 1.069163e-01 6.533522e-02 9.921190e-01
    outer loop
      vertex   2.224914e+01 1.486640e+01 5.296593e+01
      vertex   2.189533e+01 1.492798e+01 5.300000e+01
      vertex   2.327287e+01 1.267373e+01 5.300000e+01
    endloop
  endfacet
  facet normal 1.162091e-01 6.965305e-02 9.907794e-01
    outer loop
      vertex   2.224914e+01 1.486640e+01 5.296593e+01
      vertex   2.327287e+01 1.267373e+01 5.300000e+01
      vertex   2.359917e+01 1.261402e+01 5.296593e+01
    endloop
  endfacet
  facet normal 1.136038e-01 5.470871e-02 9.920187e-01
    outer loop
      vertex   2.359917e+01 1.261402e+01 5.296593e+01
      vertex   2.327287e+01 1.267373e+01 5.300000e+01
      vertex   2.441912e+01 1.029352e+01 5.300000e+01
    endloop
  endfacet
  facet normal 1.216442e-01 5.753344e-02 9.909049e-01
    outer loop
      vertex   2.359917e+01 1.261402e+01 5.296593e+01
      vertex   2.441912e+01 1.029352e+01 5.300000e+01
      vertex   2.472193e+01 1.024016e+01 5.296593e+01
    endloop
  endfacet
  facet normal 1.192686e-01 4.341022e-02 9.919126e-01
    outer loop
      vertex   2.472193e+01 1.024016e+01 5.296593e+01
      vertex   2.441912e+01 1.029352e+01 5.300000e+01
      vertex   2.532268e+01 7.811012e+00 5.300000e+01
    endloop
  endfacet
  facet normal 1.258109e-01 4.501585e-02 9.910324e-01
    outer loop
      vertex   2.472193e+01 1.024016e+01 5.296593e+01
      vertex   2.532268e+01 7.811012e+00 5.300000e+01
      vertex   2.560659e+01 7.767675e+00 5.296593e+01
    endloop
  endfacet
  facet normal 1.238453e-01 3.153489e-02 9.918003e-01
    outer loop
      vertex   2.560659e+01 7.767675e+00 5.296593e+01
      vertex   2.532268e+01 7.811012e+00 5.300000e+01
      vertex   2.597457e+01 5.250873e+00 5.300000e+01
    endloop
  endfacet
  facet normal 1.286843e-01 3.223375e-02 9.911616e-01
    outer loop
      vertex   2.560659e+01 7.767675e+00 5.296593e+01
      vertex   2.597457e+01 5.250873e+00 5.300000e+01
      vertex   2.624466e+01 5.220387e+00 5.296593e+01
    endloop
  endfacet
  facet normal 1.272769e-01 1.918391e-02 9.916817e-01
    outer loop
      vertex   2.624466e+01 5.220387e+00 5.296593e+01
      vertex   2.597457e+01 5.250873e+00 5.300000e+01
      vertex   2.636832e+01 2.638548e+00 5.300000e+01
    endloop
  endfacet
  facet normal 1.302541e-01 1.932136e-02 9.912924e-01
    outer loop
      vertex   2.624466e+01 5.220387e+00 5.296593e+01
      vertex   2.636832e+01 2.638548e+00 5.300000e+01
      vertex   2.662997e+01 2.622823e+00 5.296593e+01
    endloop
  endfacet
  facet normal 1.295157e-01 6.463860e-03 9.915563e-01
    outer loop
      vertex   2.662997e+01 2.622823e+00 5.296593e+01
      vertex   2.636832e+01 2.638548e+00 5.300000e+01
      vertex   2.650000e+01 -3.245314e-15 5.300000e+01
    endloop
  endfacet
  facet normal -9.229294e-01 4.534061e-02 3.822899e-01
    outer loop
      vertex   -2.746593e+01 3.363606e-15 5.225882e+01
      vertex   -2.736603e+01 3.351372e-15 5.250000e+01
      vertex   -2.733367e+01 2.692132e+00 5.225882e+01
    endloop
  endfacet
  facet normal -9.229294e-01 4.534061e-02 3.822899e-01
    outer loop
      vertex   -2.733367e+01 2.692132e+00 5.225882e+01
      vertex   -2.736603e+01 3.351372e-15 5.250000e+01
      vertex   -2.723425e+01 2.682340e+00 5.250000e+01
    endloop
  endfacet
  facet normal -9.140411e-01 1.355852e-01 3.822899e-01
    outer loop
      vertex   -2.733367e+01 2.692132e+00 5.225882e+01
      vertex   -2.723425e+01 2.682340e+00 5.250000e+01
      vertex   -2.693818e+01 5.358336e+00 5.225882e+01
    endloop
  endfacet
  facet normal -9.140411e-01 1.355852e-01 3.822899e-01
    outer loop
      vertex   -2.693818e+01 5.358336e+00 5.225882e+01
      vertex   -2.723425e+01 2.682340e+00 5.250000e+01
      vertex   -2.684019e+01 5.338847e+00 5.250000e+01
    endloop
  endfacet
  facet normal -8.963501e-01 2.245240e-01 3.822899e-01
    outer loop
      vertex   -2.693818e+01 5.358336e+00 5.225882e+01
      vertex   -2.684019e+01 5.338847e+00 5.250000e+01
      vertex   -2.628325e+01 7.972937e+00 5.225882e+01
    endloop
  endfacet
  facet normal -8.963501e-01 2.245240e-01 3.822899e-01
    outer loop
      vertex   -2.628325e+01 7.972937e+00 5.225882e+01
      vertex   -2.684019e+01 5.338847e+00 5.250000e+01
      vertex   -2.618765e+01 7.943938e+00 5.250000e+01
    endloop
  endfacet
  facet normal -8.700267e-01 3.113005e-01 3.822899e-01
    outer loop
      vertex   -2.628325e+01 7.972937e+00 5.225882e+01
      vertex   -2.618765e+01 7.943938e+00 5.250000e+01
      vertex   -2.537521e+01 1.051075e+01 5.225882e+01
    endloop
  endfacet
  facet normal -8.700267e-01 3.113005e-01 3.822899e-01
    outer loop
      vertex   -2.537521e+01 1.051075e+01 5.225882e+01
      vertex   -2.618765e+01 7.943938e+00 5.250000e+01
      vertex   -2.528291e+01 1.047252e+01 5.250000e+01
    endloop
  endfacet
  facet normal -8.353245e-01 3.950791e-01 3.822899e-01
    outer loop
      vertex   -2.537521e+01 1.051075e+01 5.225882e+01
      vertex   -2.528291e+01 1.047252e+01 5.250000e+01
      vertex   -2.422278e+01 1.294735e+01 5.225882e+01
    endloop
  endfacet
  facet normal -8.353245e-01 3.950791e-01 3.822899e-01
    outer loop
      vertex   -2.422278e+01 1.294735e+01 5.225882e+01
      vertex   -2.528291e+01 1.047252e+01 5.250000e+01
      vertex   -2.413468e+01 1.290026e+01 5.250000e+01
    endloop
  endfacet
  facet normal -7.925776e-01 4.750528e-01 3.822899e-01
    outer loop
      vertex   -2.422278e+01 1.294735e+01 5.225882e+01
      vertex   -2.413468e+01 1.290026e+01 5.250000e+01
      vertex   -2.283708e+01 1.525925e+01 5.225882e+01
    endloop
  endfacet
  facet normal -7.925776e-01 4.750528e-01 3.822899e-01
    outer loop
      vertex   -2.283708e+01 1.525925e+01 5.225882e+01
      vertex   -2.413468e+01 1.290026e+01 5.250000e+01
      vertex   -2.275402e+01 1.520375e+01 5.250000e+01
    endloop
  endfacet
  facet normal -7.421979e-01 5.504514e-01 3.822899e-01
    outer loop
      vertex   -2.283708e+01 1.525925e+01 5.225882e+01
      vertex   -2.275402e+01 1.520375e+01 5.250000e+01
      vertex   -2.123145e+01 1.742420e+01 5.225882e+01
    endloop
  endfacet
  facet normal -7.421979e-01 5.504514e-01 3.822899e-01
    outer loop
      vertex   -2.123145e+01 1.742420e+01 5.225882e+01
      vertex   -2.275402e+01 1.520375e+01 5.250000e+01
      vertex   -2.115422e+01 1.736082e+01 5.250000e+01
    endloop
  endfacet
  facet normal -6.846703e-01 6.205490e-01 3.822899e-01
    outer loop
      vertex   -2.123145e+01 1.742420e+01 5.225882e+01
      vertex   -2.115422e+01 1.736082e+01 5.250000e+01
      vertex   -1.942134e+01 1.942134e+01 5.225882e+01
    endloop
  endfacet
  facet normal -6.846703e-01 6.205490e-01 3.822899e-01
    outer loop
      vertex   -1.942134e+01 1.942134e+01 5.225882e+01
      vertex   -2.115422e+01 1.736082e+01 5.250000e+01
      vertex   -1.935070e+01 1.935070e+01 5.250000e+01
    endloop
  endfacet
  facet normal -6.205490e-01 6.846703e-01 3.822899e-01
    outer loop
      vertex   -1.942134e+01 1.942134e+01 5.225882e+01
      vertex   -1.935070e+01 1.935070e+01 5.250000e+01
      vertex   -1.742420e+01 2.123145e+01 5.225882e+01
    endloop
  endfacet
  facet normal -6.205490e-01 6.846703e-01 3.822899e-01
    outer loop
      vertex   -1.742420e+01 2.123145e+01 5.225882e+01
      vertex   -1.935070e+01 1.935070e+01 5.250000e+01
      vertex   -1.736082e+01 2.115422e+01 5.250000e+01
    endloop
  endfacet
  facet normal -5.504514e-01 7.421979e-01 3.822899e-01
    outer loop
      vertex   -1.742420e+01 2.123145e+01 5.225882e+01
      vertex   -1.736082e+01 2.115422e+01 5.250000e+01
      vertex   -1.525925e+01 2.283708e+01 5.225882e+01
    endloop
  endfacet
  facet normal -5.504514e-01 7.421979e-01 3.822899e-01
    outer loop
      vertex   -1.525925e+01 2.283708e+01 5.225882e+01
      vertex   -1.736082e+01 2.115422e+01 5.250000e+01
      vertex   -1.520375e+01 2.275402e+01 5.250000e+01
    endloop
  endfacet
  facet normal -4.750528e-01 7.925776e-01 3.822899e-01
    outer loop
      vertex   -1.525925e+01 2.283708e+01 5.225882e+01
      vertex   -1.520375e+01 2.275402e+01 5.250000e+01
      vertex   -1.294735e+01 2.422278e+01 5.225882e+01
    endloop
  endfacet
  facet normal -4.750528e-01 7.925776e-01 3.822899e-01
    outer loop
      vertex   -1.294735e+01 2.422278e+01 5.225882e+01
      vertex   -1.520375e+01 2.275402e+01 5.250000e+01
      vertex   -1.290026e+01 2.413468e+01 5.250000e+01
    endloop
  endfacet
  facet normal -3.950791e-01 8.353245e-01 3.822899e-01
    outer loop
      vertex   -1.294735e+01 2.422278e+01 5.225882e+01
      vertex   -1.290026e+01 2.413468e+01 5.250000e+01
      vertex   -1.051075e+01 2.537521e+01 5.225882e+01
    endloop
  endfacet
  facet normal -3.950791e-01 8.353245e-01 3.822899e-01
    outer loop
      vertex   -1.051075e+01 2.537521e+01 5.225882e+01
      vertex   -1.290026e+01 2.413468e+01 5.250000e+01
      vertex   -1.047252e+01 2.528291e+01 5.250000e+01
    endloop
  endfacet
  facet normal -3.113005e-01 8.700267e-01 3.822899e-01
    outer loop
      vertex   -1.051075e+01 2.537521e+01 5.225882e+01
      vertex   -1.047252e+01 2.528291e+01 5.250000e+01
      vertex   -7.972937e+00 2.628325e+01 5.225882e+01
    endloop
  endfacet
  facet normal -3.113005e-01 8.700267e-01 3.822899e-01
    outer loop
      vertex   -7.972937e+00 2.628325e+01 5.225882e+01
      vertex   -1.047252e+01 2.528291e+01 5.250000e+01
      vertex   -7.943938e+00 2.618765e+01 5.250000e+01
    endloop
  endfacet
  facet normal -2.245240e-01 8.963501e-01 3.822899e-01
    outer loop
      vertex   -7.972937e+00 2.628325e+01 5.225882e+01
      vertex   -7.943938e+00 2.618765e+01 5.250000e+01
      vertex   -5.358336e+00 2.693818e+01 5.225882e+01
    endloop
  endfacet
  facet normal -2.245240e-01 8.963501e-01 3.822899e-01
    outer loop
      vertex   -5.358336e+00 2.693818e+01 5.225882e+01
      vertex   -7.943938e+00 2.618765e+01 5.250000e+01
      vertex   -5.338847e+00 2.684019e+01 5.250000e+01
    endloop
  endfacet
  facet normal -1.355852e-01 9.140411e-01 3.822899e-01
    outer loop
      vertex   -5.358336e+00 2.693818e+01 5.225882e+01
      vertex   -5.338847e+00 2.684019e+01 5.250000e+01
      vertex   -2.692132e+00 2.733367e+01 5.225882e+01
    endloop
  endfacet
  facet normal -1.355852e-01 9.140411e-01 3.822899e-01
    outer loop
      vertex   -2.692132e+00 2.733367e+01 5.225882e+01
      vertex   -5.338847e+00 2.684019e+01 5.250000e+01
      vertex   -2.682340e+00 2.723425e+01 5.250000e+01
    endloop
  endfacet
  facet normal -4.534061e-02 9.229294e-01 3.822899e-01
    outer loop
      vertex   -2.692132e+00 2.733367e+01 5.225882e+01
      vertex   -2.682340e+00 2.723425e+01 5.250000e+01
      vertex   -4.416858e-15 2.746593e+01 5.225882e+01
    endloop
  endfacet
  facet normal -4.534061e-02 9.229294e-01 3.822899e-01
    outer loop
      vertex   -4.416858e-15 2.746593e+01 5.225882e+01
      vertex   -2.682340e+00 2.723425e+01 5.250000e+01
      vertex   -4.400793e-15 2.736603e+01 5.250000e+01
    endloop
  endfacet
  facet normal 4.534061e-02 9.229294e-01 3.822899e-01
    outer loop
      vertex   -4.416858e-15 2.746593e+01 5.225882e+01
      vertex   -4.400793e-15 2.736603e+01 5.250000e+01
      vertex   2.692132e+00 2.733367e+01 5.225882e+01
    endloop
  endfacet
  facet normal 4.534061e-02 9.229294e-01 3.822899e-01
    outer loop
      vertex   2.692132e+00 2.733367e+01 5.225882e+01
      vertex   -4.400793e-15 2.736603e+01 5.250000e+01
      vertex   2.682340e+00 2.723425e+01 5.250000e+01
    endloop
  endfacet
  facet normal 1.355852e-01 9.140411e-01 3.822899e-01
    outer loop
      vertex   2.692132e+00 2.733367e+01 5.225882e+01
      vertex   2.682340e+00 2.723425e+01 5.250000e+01
      vertex   5.358336e+00 2.693818e+01 5.225882e+01
    endloop
  endfacet
  facet normal 1.355852e-01 9.140411e-01 3.822899e-01
    outer loop
      vertex   5.358336e+00 2.693818e+01 5.225882e+01
      vertex   2.682340e+00 2.723425e+01 5.250000e+01
      vertex   5.338847e+00 2.684019e+01 5.250000e+01
    endloop
  endfacet
  facet normal 2.245240e-01 8.963501e-01 3.822899e-01
    outer loop
      vertex   5.358336e+00 2.693818e+01 5.225882e+01
      vertex   5.338847e+00 2.684019e+01 5.250000e+01
      vertex   7.972937e+00 2.628325e+01 5.225882e+01
    endloop
  endfacet
  facet normal 2.245240e-01 8.963501e-01 3.822899e-01
    outer loop
      vertex   7.972937e+00 2.628325e+01 5.225882e+01
      vertex   5.338847e+00 2.684019e+01 5.250000e+01
      vertex   7.943938e+00 2.618765e+01 5.250000e+01
    endloop
  endfacet
  facet normal 3.113005e-01 8.700267e-01 3.822899e-01
    outer loop
      vertex   7.972937e+00 2.628325e+01 5.225882e+01
      vertex   7.943938e+00 2.618765e+01 5.250000e+01
      vertex   1.051075e+01 2.537521e+01 5.225882e+01
    endloop
  endfacet
  facet normal 3.113005e-01 8.700267e-01 3.822899e-01
    outer loop
      vertex   1.051075e+01 2.537521e+01 5.225882e+01
      vertex   7.943938e+00 2.618765e+01 5.250000e+01
      vertex   1.047252e+01 2.528291e+01 5.250000e+01
    endloop
  endfacet
  facet normal 3.950791e-01 8.353245e-01 3.822899e-01
    outer loop
      vertex   1.051075e+01 2.537521e+01 5.225882e+01
      vertex   1.047252e+01 2.528291e+01 5.250000e+01
      vertex   1.294735e+01 2.422278e+01 5.225882e+01
    endloop
  endfacet
  facet normal 3.950791e-01 8.353245e-01 3.822899e-01
    outer loop
      vertex   1.294735e+01 2.422278e+01 5.225882e+01
      vertex   1.047252e+01 2.528291e+01 5.250000e+01
      vertex   1.290026e+01 2.413468e+01 5.250000e+01
    endloop
  endfacet
  facet normal 4.750528e-01 7.925776e-01 3.822899e-01
    outer loop
      vertex   1.294735e+01 2.422278e+01 5.225882e+01
      vertex   1.290026e+01 2.413468e+01 5.250000e+01
      vertex   1.525925e+01 2.283708e+01 5.225882e+01
    endloop
  endfacet
  facet normal 4.750528e-01 7.925776e-01 3.822899e-01
    outer loop
      vertex   1.525925e+01 2.283708e+01 5.225882e+01
      vertex   1.290026e+01 2.413468e+01 5.250000e+01
      vertex   1.520375e+01 2.275402e+01 5.250000e+01
    endloop
  endfacet
  facet normal 5.504514e-01 7.421979e-01 3.822899e-01
    outer loop
      vertex   1.525925e+01 2.283708e+01 5.225882e+01
      vertex   1.520375e+01 2.275402e+01 5.250000e+01
      vertex   1.742420e+01 2.123145e+01 5.225882e+01
    endloop
  endfacet
  facet normal 5.504514e-01 7.421979e-01 3.822899e-01
    outer loop
      vertex   1.742420e+01 2.123145e+01 5.225882e+01
      vertex   1.520375e+01 2.275402e+01 5.250000e+01
      vertex   1.736082e+01 2.115422e+01 5.250000e+01
    endloop
  endfacet
  facet normal 6.205490e-01 6.846703e-01 3.822899e-01
    outer loop
      vertex   1.742420e+01 2.123145e+01 5.225882e+01
      vertex   1.736082e+01 2.115422e+01 5.250000e+01
      vertex   1.942134e+01 1.942134e+01 5.225882e+01
    endloop
  endfacet
  facet normal 6.205490e-01 6.846703e-01 3.822899e-01
    outer loop
      vertex   1.942134e+01 1.942134e+01 5.225882e+01
      vertex   1.736082e+01 2.115422e+01 5.250000e+01
      vertex   1.935070e+01 1.935070e+01 5.250000e+01
    endloop
  endfacet
  facet normal 6.846703e-01 6.205490e-01 3.822899e-01
    outer loop
      vertex   1.942134e+01 1.942134e+01 5.225882e+01
      vertex   1.935070e+01 1.935070e+01 5.250000e+01
      vertex   2.123145e+01 1.742420e+01 5.225882e+01
    endloop
  endfacet
  facet normal 6.846703e-01 6.205490e-01 3.822899e-01
    outer loop
      vertex   2.123145e+01 1.742420e+01 5.225882e+01
      vertex   1.935070e+01 1.935070e+01 5.250000e+01
      vertex   2.115422e+01 1.736082e+01 5.250000e+01
    endloop
  endfacet
  facet normal 7.421979e-01 5.504514e-01 3.822899e-01
    outer loop
      vertex   2.123145e+01 1.742420e+01 5.225882e+01
      vertex   2.115422e+01 1.736082e+01 5.250000e+01
      vertex   2.283708e+01 1.525925e+01 5.225882e+01
    endloop
  endfacet
  facet normal 7.421979e-01 5.504514e-01 3.822899e-01
    outer loop
      vertex   2.283708e+01 1.525925e+01 5.225882e+01
      vertex   2.115422e+01 1.736082e+01 5.250000e+01
      vertex   2.275402e+01 1.520375e+01 5.250000e+01
    endloop
  endfacet
  facet normal 7.925776e-01 4.750528e-01 3.822899e-01
    outer loop
      vertex   2.283708e+01 1.525925e+01 5.225882e+01
      vertex   2.275402e+01 1.520375e+01 5.250000e+01
      vertex   2.422278e+01 1.294735e+01 5.225882e+01
    endloop
  endfacet
  facet normal 7.925776e-01 4.750528e-01 3.822899e-01
    outer loop
      vertex   2.422278e+01 1.294735e+01 5.225882e+01
      vertex   2.275402e+01 1.520375e+01 5.250000e+01
      vertex   2.413468e+01 1.290026e+01 5.250000e+01
    endloop
  endfacet
  facet normal 8.353245e-01 3.950791e-01 3.822899e-01
    outer loop
      vertex   2.422278e+01 1.294735e+01 5.225882e+01
      vertex   2.413468e+01 1.290026e+01 5.250000e+01
      vertex   2.537521e+01 1.051075e+01 5.225882e+01
    endloop
  endfacet
  facet normal 8.353245e-01 3.950791e-01 3.822899e-01
    outer loop
      vertex   2.537521e+01 1.051075e+01 5.225882e+01
      vertex   2.413468e+01 1.290026e+01 5.250000e+01
      vertex   2.528291e+01 1.047252e+01 5.250000e+01
    endloop
  endfacet
  facet normal 8.700267e-01 3.113005e-01 3.822899e-01
    outer loop
      vertex   2.537521e+01 1.051075e+01 5.225882e+01
      vertex   2.528291e+01 1.047252e+01 5.250000e+01
      vertex   2.628325e+01 7.972937e+00 5.225882e+01
    endloop
  endfacet
  facet normal 8.700267e-01 3.113005e-01 3.822899e-01
    outer loop
      vertex   2.628325e+01 7.972937e+00 5.225882e+01
      vertex   2.528291e+01 1.047252e+01 5.250000e+01
      vertex   2.618765e+01 7.943938e+00 5.250000e+01
    endloop
  endfacet
  facet normal 8.963501e-01 2.245240e-01 3.822899e-01
    outer loop
      vertex   2.628325e+01 7.972937e+00 5.225882e+01
      vertex   2.618765e+01 7.943938e+00 5.250000e+01
      vertex   2.693818e+01 5.358336e+00 5.225882e+01
    endloop
  endfacet
  facet normal 8.963501e-01 2.245240e-01 3.822899e-01
    outer loop
      vertex   2.693818e+01 5.358336e+00 5.225882e+01
      vertex   2.618765e+01 7.943938e+00 5.250000e+01
      vertex   2.684019e+01 5.338847e+00 5.250000e+01
    endloop
  endfacet
  facet normal 9.140411e-01 1.355852e-01 3.822899e-01
    outer loop
      vertex   2.693818e+01 5.358336e+00 5.225882e+01
      vertex   2.684019e+01 5.338847e+00 5.250000e+01
      vertex   2.733367e+01 2.692132e+00 5.225882e+01
    endloop
  endfacet
  facet normal 9.140411e-01 1.355852e-01 3.822899e-01
    outer loop
      vertex   2.733367e+01 2.692132e+00 5.225882e+01
      vertex   2.684019e+01 5.338847e+00 5.250000e+01
      vertex   2.723425e+01 2.682340e+00 5.250000e+01
    endloop
  endfacet
  facet normal -7.927515e-01 3.894538e-02 6.082996e-01
    outer loop
      vertex   -2.736603e+01 3.351372e-15 5.250000e+01
      vertex   -2.720711e+01 3.331910e-15 5.270711e+01
      vertex   -2.723425e+01 2.682340e+00 5.250000e+01
    endloop
  endfacet
  facet normal -7.927515e-01 3.894538e-02 6.082996e-01
    outer loop
      vertex   -2.723425e+01 2.682340e+00 5.250000e+01
      vertex   -2.720711e+01 3.331910e-15 5.270711e+01
      vertex   -2.707610e+01 2.666763e+00 5.270711e+01
    endloop
  endfacet
  facet normal -7.851168e-01 1.164611e-01 6.082996e-01
    outer loop
      vertex   -2.723425e+01 2.682340e+00 5.250000e+01
      vertex   -2.707610e+01 2.666763e+00 5.270711e+01
      vertex   -2.684019e+01 5.338847e+00 5.250000e+01
    endloop
  endfacet
  facet normal -7.851168e-01 1.164611e-01 6.082996e-01
    outer loop
      vertex   -2.684019e+01 5.338847e+00 5.250000e+01
      vertex   -2.707610e+01 2.666763e+00 5.270711e+01
      vertex   -2.668433e+01 5.307843e+00 5.270711e+01
    endloop
  endfacet
  facet normal -7.699211e-01 1.928552e-01 6.082996e-01
    outer loop
      vertex   -2.684019e+01 5.338847e+00 5.250000e+01
      vertex   -2.668433e+01 5.307843e+00 5.270711e+01
      vertex   -2.618765e+01 7.943938e+00 5.250000e+01
    endloop
  endfacet
  facet normal -7.699211e-01 1.928552e-01 6.082996e-01
    outer loop
      vertex   -2.618765e+01 7.943938e+00 5.250000e+01
      vertex   -2.668433e+01 5.307843e+00 5.270711e+01
      vertex   -2.603558e+01 7.897806e+00 5.270711e+01
    endloop
  endfacet
  facet normal -7.473106e-01 2.673920e-01 6.082996e-01
    outer loop
      vertex   -2.618765e+01 7.943938e+00 5.250000e+01
      vertex   -2.603558e+01 7.897806e+00 5.270711e+01
      vertex   -2.528291e+01 1.047252e+01 5.250000e+01
    endloop
  endfacet
  facet normal -7.473106e-01 2.673920e-01 6.082996e-01
    outer loop
      vertex   -2.528291e+01 1.047252e+01 5.250000e+01
      vertex   -2.603558e+01 7.897806e+00 5.270711e+01
      vertex   -2.513609e+01 1.041171e+01 5.270711e+01
    endloop
  endfacet
  facet normal -7.175031e-01 3.393537e-01 6.082996e-01
    outer loop
      vertex   -2.528291e+01 1.047252e+01 5.250000e+01
      vertex   -2.513609e+01 1.041171e+01 5.270711e+01
      vertex   -2.413468e+01 1.290026e+01 5.250000e+01
    endloop
  endfacet
  facet normal -7.175031e-01 3.393537e-01 6.082996e-01
    outer loop
      vertex   -2.413468e+01 1.290026e+01 5.250000e+01
      vertex   -2.513609e+01 1.041171e+01 5.270711e+01
      vertex   -2.399453e+01 1.282534e+01 5.270711e+01
    endloop
  endfacet
  facet normal -6.807856e-01 4.080472e-01 6.082996e-01
    outer loop
      vertex   -2.413468e+01 1.290026e+01 5.250000e+01
      vertex   -2.399453e+01 1.282534e+01 5.270711e+01
      vertex   -2.275402e+01 1.520375e+01 5.250000e+01
    endloop
  endfacet
  facet normal -6.807856e-01 4.080472e-01 6.082996e-01
    outer loop
      vertex   -2.275402e+01 1.520375e+01 5.250000e+01
      vertex   -2.399453e+01 1.282534e+01 5.270711e+01
      vertex   -2.262188e+01 1.511546e+01 5.270711e+01
    endloop
  endfacet
  facet normal -6.375119e-01 4.728110e-01 6.082996e-01
    outer loop
      vertex   -2.275402e+01 1.520375e+01 5.250000e+01
      vertex   -2.262188e+01 1.511546e+01 5.270711e+01
      vertex   -2.115422e+01 1.736082e+01 5.250000e+01
    endloop
  endfacet
  facet normal -6.375119e-01 4.728110e-01 6.082996e-01
    outer loop
      vertex   -2.115422e+01 1.736082e+01 5.250000e+01
      vertex   -2.262188e+01 1.511546e+01 5.270711e+01
      vertex   -2.103138e+01 1.726001e+01 5.270711e+01
    endloop
  endfacet
  facet normal -5.880985e-01 5.330214e-01 6.082996e-01
    outer loop
      vertex   -2.115422e+01 1.736082e+01 5.250000e+01
      vertex   -2.103138e+01 1.726001e+01 5.270711e+01
      vertex   -1.935070e+01 1.935070e+01 5.250000e+01
    endloop
  endfacet
  facet normal -5.880985e-01 5.330214e-01 6.082996e-01
    outer loop
      vertex   -1.935070e+01 1.935070e+01 5.250000e+01
      vertex   -2.103138e+01 1.726001e+01 5.270711e+01
      vertex   -1.923833e+01 1.923833e+01 5.270711e+01
    endloop
  endfacet
  facet normal -5.330214e-01 5.880985e-01 6.082996e-01
    outer loop
      vertex   -1.935070e+01 1.935070e+01 5.250000e+01
      vertex   -1.923833e+01 1.923833e+01 5.270711e+01
      vertex   -1.736082e+01 2.115422e+01 5.250000e+01
    endloop
  endfacet
  facet normal -5.330214e-01 5.880985e-01 6.082996e-01
    outer loop
      vertex   -1.736082e+01 2.115422e+01 5.250000e+01
      vertex   -1.923833e+01 1.923833e+01 5.270711e+01
      vertex   -1.726001e+01 2.103138e+01 5.270711e+01
    endloop
  endfacet
  facet normal -4.728110e-01 6.375119e-01 6.082996e-01
    outer loop
      vertex   -1.736082e+01 2.115422e+01 5.250000e+01
      vertex   -1.726001e+01 2.103138e+01 5.270711e+01
      vertex   -1.520375e+01 2.275402e+01 5.250000e+01
    endloop
  endfacet
  facet normal -4.728110e-01 6.375119e-01 6.082996e-01
    outer loop
      vertex   -1.520375e+01 2.275402e+01 5.250000e+01
      vertex   -1.726001e+01 2.103138e+01 5.270711e+01
      vertex   -1.511546e+01 2.262188e+01 5.270711e+01
    endloop
  endfacet
  facet normal -4.080472e-01 6.807856e-01 6.082996e-01
    outer loop
      vertex   -1.520375e+01 2.275402e+01 5.250000e+01
      vertex   -1.511546e+01 2.262188e+01 5.270711e+01
      vertex   -1.290026e+01 2.413468e+01 5.250000e+01
    endloop
  endfacet
  facet normal -4.080472e-01 6.807856e-01 6.082996e-01
    outer loop
      vertex   -1.290026e+01 2.413468e+01 5.250000e+01
      vertex   -1.511546e+01 2.262188e+01 5.270711e+01
      vertex   -1.282534e+01 2.399453e+01 5.270711e+01
    endloop
  endfacet
  facet normal -3.393537e-01 7.175031e-01 6.082996e-01
    outer loop
      vertex   -1.290026e+01 2.413468e+01 5.250000e+01
      vertex   -1.282534e+01 2.399453e+01 5.270711e+01
      vertex   -1.047252e+01 2.528291e+01 5.250000e+01
    endloop
  endfacet
  facet normal -3.393537e-01 7.175031e-01 6.082996e-01
    outer loop
      vertex   -1.047252e+01 2.528291e+01 5.250000e+01
      vertex   -1.282534e+01 2.399453e+01 5.270711e+01
      vertex   -1.041171e+01 2.513609e+01 5.270711e+01
    endloop
  endfacet
  facet normal -2.673920e-01 7.473106e-01 6.082996e-01
    outer loop
      vertex   -1.047252e+01 2.528291e+01 5.250000e+01
      vertex   -1.041171e+01 2.513609e+01 5.270711e+01
      vertex   -7.943938e+00 2.618765e+01 5.250000e+01
    endloop
  endfacet
  facet normal -2.673920e-01 7.473106e-01 6.082996e-01
    outer loop
      vertex   -7.943938e+00 2.618765e+01 5.250000e+01
      vertex   -1.041171e+01 2.513609e+01 5.270711e+01
      vertex   -7.897806e+00 2.603558e+01 5.270711e+01
    endloop
  endfacet
  facet normal -1.928552e-01 7.699211e-01 6.082996e-01
    outer loop
      vertex   -7.943938e+00 2.618765e+01 5.250000e+01
      vertex   -7.897806e+00 2.603558e+01 5.270711e+01
      vertex   -5.338847e+00 2.684019e+01 5.250000e+01
    endloop
  endfacet
  facet normal -1.928552e-01 7.699211e-01 6.082996e-01
    outer loop
      vertex   -5.338847e+00 2.684019e+01 5.250000e+01
      vertex   -7.897806e+00 2.603558e+01 5.270711e+01
      vertex   -5.307843e+00 2.668433e+01 5.270711e+01
    endloop
  endfacet
  facet normal -1.164611e-01 7.851168e-01 6.082996e-01
    outer loop
      vertex   -5.338847e+00 2.684019e+01 5.250000e+01
      vertex   -5.307843e+00 2.668433e+01 5.270711e+01
      vertex   -2.682340e+00 2.723425e+01 5.250000e+01
    endloop
  endfacet
  facet normal -1.164611e-01 7.851168e-01 6.082996e-01
    outer loop
      vertex   -2.682340e+00 2.723425e+01 5.250000e+01
      vertex   -5.307843e+00 2.668433e+01 5.270711e+01
      vertex   -2.666763e+00 2.707610e+01 5.270711e+01
    endloop
  endfacet
  facet normal -3.894538e-02 7.927515e-01 6.082996e-01
    outer loop
      vertex   -2.682340e+00 2.723425e+01 5.250000e+01
      vertex   -2.666763e+00 2.707610e+01 5.270711e+01
      vertex   -4.400793e-15 2.736603e+01 5.250000e+01
    endloop
  endfacet
  facet normal -3.894538e-02 7.927515e-01 6.082996e-01
    outer loop
      vertex   -4.400793e-15 2.736603e+01 5.250000e+01
      vertex   -2.666763e+00 2.707610e+01 5.270711e+01
      vertex   -4.375236e-15 2.720711e+01 5.270711e+01
    endloop
  endfacet
  facet normal 3.894538e-02 7.927515e-01 6.082996e-01
    outer loop
      vertex   -4.400793e-15 2.736603e+01 5.250000e+01
      vertex   -4.375236e-15 2.720711e+01 5.270711e+01
      vertex   2.682340e+00 2.723425e+01 5.250000e+01
    endloop
  endfacet
  facet normal 3.894538e-02 7.927515e-01 6.082996e-01
    outer loop
      vertex   2.682340e+00 2.723425e+01 5.250000e+01
      vertex   -4.375236e-15 2.720711e+01 5.270711e+01
      vertex   2.666763e+00 2.707610e+01 5.270711e+01
    endloop
  endfacet
  facet normal 1.164611e-01 7.851168e-01 6.082996e-01
    outer loop
      vertex   2.682340e+00 2.723425e+01 5.250000e+01
      vertex   2.666763e+00 2.707610e+01 5.270711e+01
      vertex   5.338847e+00 2.684019e+01 5.250000e+01
    endloop
  endfacet
  facet normal 1.164611e-01 7.851168e-01 6.082996e-01
    outer loop
      vertex   5.338847e+00 2.684019e+01 5.250000e+01
      vertex   2.666763e+00 2.707610e+01 5.270711e+01
      vertex   5.307843e+00 2.668433e+01 5.270711e+01
    endloop
  endfacet
  facet normal 1.928552e-01 7.699211e-01 6.082996e-01
    outer loop
      vertex   5.338847e+00 2.684019e+01 5.250000e+01
      vertex   5.307843e+00 2.668433e+01 5.270711e+01
      vertex   7.943938e+00 2.618765e+01 5.250000e+01
    endloop
  endfacet
  facet normal 1.928552e-01 7.699211e-01 6.082996e-01
    outer loop
      vertex   7.943938e+00 2.618765e+01 5.250000e+01
      vertex   5.307843e+00 2.668433e+01 5.270711e+01
      vertex   7.897806e+00 2.603558e+01 5.270711e+01
    endloop
  endfacet
  facet normal 2.673920e-01 7.473106e-01 6.082996e-01
    outer loop
      vertex   7.943938e+00 2.618765e+01 5.250000e+01
      vertex   7.897806e+00 2.603558e+01 5.270711e+01
      vertex   1.047252e+01 2.528291e+01 5.250000e+01
    endloop
  endfacet
  facet normal 2.673920e-01 7.473106e-01 6.082996e-01
    outer loop
      vertex   1.047252e+01 2.528291e+01 5.250000e+01
      vertex   7.897806e+00 2.603558e+01 5.270711e+01
      vertex   1.041171e+01 2.513609e+01 5.270711e+01
    endloop
  endfacet
  facet normal 3.393537e-01 7.175031e-01 6.082996e-01
    outer loop
      vertex   1.047252e+01 2.528291e+01 5.250000e+01
      vertex   1.041171e+01 2.513609e+01 5.270711e+01
      vertex   1.290026e+01 2.413468e+01 5.250000e+01
    endloop
  endfacet
  facet normal 3.393537e-01 7.175031e-01 6.082996e-01
    outer loop
      vertex   1.290026e+01 2.413468e+01 5.250000e+01
      vertex   1.041171e+01 2.513609e+01 5.270711e+01
      vertex   1.282534e+01 2.399453e+01 5.270711e+01
    endloop
  endfacet
  facet normal 4.080472e-01 6.807856e-01 6.082996e-01
    outer loop
      vertex   1.290026e+01 2.413468e+01 5.250000e+01
      vertex   1.282534e+01 2.399453e+01 5.270711e+01
      vertex   1.520375e+01 2.275402e+01 5.250000e+01
    endloop
  endfacet
  facet normal 4.080472e-01 6.807856e-01 6.082996e-01
    outer loop
      vertex   1.520375e+01 2.275402e+01 5.250000e+01
      vertex   1.282534e+01 2.399453e+01 5.270711e+01
      vertex   1.511546e+01 2.262188e+01 5.270711e+01
    endloop
  endfacet
  facet normal 4.728110e-01 6.375119e-01 6.082996e-01
    outer loop
      vertex   1.520375e+01 2.275402e+01 5.250000e+01
      vertex   1.511546e+01 2.262188e+01 5.270711e+01
      vertex   1.736082e+01 2.115422e+01 5.250000e+01
    endloop
  endfacet
  facet normal 4.728110e-01 6.375119e-01 6.082996e-01
    outer loop
      vertex   1.736082e+01 2.115422e+01 5.250000e+01
      vertex   1.511546e+01 2.262188e+01 5.270711e+01
      vertex   1.726001e+01 2.103138e+01 5.270711e+01
    endloop
  endfacet
  facet normal 5.330214e-01 5.880985e-01 6.082996e-01
    outer loop
      vertex   1.736082e+01 2.115422e+01 5.250000e+01
      vertex   1.726001e+01 2.103138e+01 5.270711e+01
      vertex   1.935070e+01 1.935070e+01 5.250000e+01
    endloop
  endfacet
  facet normal 5.330214e-01 5.880985e-01 6.082996e-01
    outer loop
      vertex   1.935070e+01 1.935070e+01 5.250000e+01
      vertex   1.726001e+01 2.103138e+01 5.270711e+01
      vertex   1.923833e+01 1.923833e+01 5.270711e+01
    endloop
  endfacet
  facet normal 5.880985e-01 5.330214e-01 6.082996e-01
    outer loop
      vertex   1.935070e+01 1.935070e+01 5.250000e+01
      vertex   1.923833e+01 1.923833e+01 5.270711e+01
      vertex   2.115422e+01 1.736082e+01 5.250000e+01
    endloop
  endfacet
  facet normal 5.880985e-01 5.330214e-01 6.082996e-01
    outer loop
      vertex   2.115422e+01 1.736082e+01 5.250000e+01
      vertex   1.923833e+01 1.923833e+01 5.270711e+01
      vertex   2.103138e+01 1.726001e+01 5.270711e+01
    endloop
  endfacet
  facet normal 6.375119e-01 4.728110e-01 6.082996e-01
    outer loop
      vertex   2.115422e+01 1.736082e+01 5.250000e+01
      vertex   2.103138e+01 1.726001e+01 5.270711e+01
      vertex   2.275402e+01 1.520375e+01 5.250000e+01
    endloop
  endfacet
  facet normal 6.375119e-01 4.728110e-01 6.082996e-01
    outer loop
      vertex   2.275402e+01 1.520375e+01 5.250000e+01
      vertex   2.103138e+01 1.726001e+01 5.270711e+01
      vertex   2.262188e+01 1.511546e+01 5.270711e+01
    endloop
  endfacet
  facet normal 6.807856e-01 4.080472e-01 6.082996e-01
    outer loop
      vertex   2.275402e+01 1.520375e+01 5.250000e+01
      vertex   2.262188e+01 1.511546e+01 5.270711e+01
      vertex   2.413468e+01 1.290026e+01 5.250000e+01
    endloop
  endfacet
  facet normal 6.807856e-01 4.080472e-01 6.082996e-01
    outer loop
      vertex   2.413468e+01 1.290026e+01 5.250000e+01
      vertex   2.262188e+01 1.511546e+01 5.270711e+01
      vertex   2.399453e+01 1.282534e+01 5.270711e+01
    endloop
  endfacet
  facet normal 7.175031e-01 3.393537e-01 6.082996e-01
    outer loop
      vertex   2.413468e+01 1.290026e+01 5.250000e+01
      vertex   2.399453e+01 1.282534e+01 5.270711e+01
      vertex   2.528291e+01 1.047252e+01 5.250000e+01
    endloop
  endfacet
  facet normal 7.175031e-01 3.393537e-01 6.082996e-01
    outer loop
      vertex   2.528291e+01 1.047252e+01 5.250000e+01
      vertex   2.399453e+01 1.282534e+01 5.270711e+01
      vertex   2.513609e+01 1.041171e+01 5.270711e+01
    endloop
  endfacet
  facet normal 7.473106e-01 2.673920e-01 6.082996e-01
    outer loop
      vertex   2.528291e+01 1.047252e+01 5.250000e+01
      vertex   2.513609e+01 1.041171e+01 5.270711e+01
      vertex   2.618765e+01 7.943938e+00 5.250000e+01
    endloop
  endfacet
  facet normal 7.473106e-01 2.673920e-01 6.082996e-01
    outer loop
      vertex   2.618765e+01 7.943938e+00 5.250000e+01
      vertex   2.513609e+01 1.041171e+01 5.270711e+01
      vertex   2.603558e+01 7.897806e+00 5.270711e+01
    endloop
  endfacet
  facet normal 7.699211e-01 1.928552e-01 6.082996e-01
    outer loop
      vertex   2.618765e+01 7.943938e+00 5.250000e+01
      vertex   2.603558e+01 7.897806e+00 5.270711e+01
      vertex   2.684019e+01 5.338847e+00 5.250000e+01
    endloop
  endfacet
  facet normal 7.699211e-01 1.928552e-01 6.082996e-01
    outer loop
      vertex   2.684019e+01 5.338847e+00 5.250000e+01
      vertex   2.603558e+01 7.897806e+00 5.270711e+01
      vertex   2.668433e+01 5.307843e+00 5.270711e+01
    endloop
  endfacet
  facet normal 7.851168e-01 1.164611e-01 6.082996e-01
    outer loop
      vertex   2.684019e+01 5.338847e+00 5.250000e+01
      vertex   2.668433e+01 5.307843e+00 5.270711e+01
      vertex   2.723425e+01 2.682340e+00 5.250000e+01
    endloop
  endfacet
  facet normal 7.851168e-01 1.164611e-01 6.082996e-01
    outer loop
      vertex   2.723425e+01 2.682340e+00 5.250000e+01
      vertex   2.668433e+01 5.307843e+00 5.270711e+01
      vertex   2.707610e+01 2.666763e+00 5.270711e+01
    endloop
  endfacet
  facet normal -9.229294e-01 -4.534061e-02 3.822899e-01
    outer loop
      vertex   -2.736603e+01 3.351372e-15 5.250000e+01
      vertex   -2.746593e+01 3.363606e-15 5.225882e+01
      vertex   -2.723425e+01 -2.682340e+00 5.250000e+01
    endloop
  endfacet
  facet normal -9.229294e-01 -4.534061e-02 3.822899e-01
    outer loop
      vertex   -2.723425e+01 -2.682340e+00 5.250000e+01
      vertex   -2.746593e+01 3.363606e-15 5.225882e+01
      vertex   -2.733367e+01 -2.692132e+00 5.225882e+01
    endloop
  endfacet
  facet normal -9.140411e-01 -1.355852e-01 3.822899e-01
    outer loop
      vertex   -2.723425e+01 -2.682340e+00 5.250000e+01
      vertex   -2.733367e+01 -2.692132e+00 5.225882e+01
      vertex   -2.684019e+01 -5.338847e+00 5.250000e+01
    endloop
  endfacet
  facet normal -9.140411e-01 -1.355852e-01 3.822899e-01
    outer loop
      vertex   -2.684019e+01 -5.338847e+00 5.250000e+01
      vertex   -2.733367e+01 -2.692132e+00 5.225882e+01
      vertex   -2.693818e+01 -5.358336e+00 5.225882e+01
    endloop
  endfacet
  facet normal -8.963501e-01 -2.245240e-01 3.822899e-01
    outer loop
      vertex   -2.684019e+01 -5.338847e+00 5.250000e+01
      vertex   -2.693818e+01 -5.358336e+00 5.225882e+01
      vertex   -2.618765e+01 -7.943938e+00 5.250000e+01
    endloop
  endfacet
  facet normal -8.963501e-01 -2.245240e-01 3.822899e-01
    outer loop
      vertex   -2.618765e+01 -7.943938e+00 5.250000e+01
      vertex   -2.693818e+01 -5.358336e+00 5.225882e+01
      vertex   -2.628325e+01 -7.972937e+00 5.225882e+01
    endloop
  endfacet
  facet normal -8.700267e-01 -3.113005e-01 3.822899e-01
    outer loop
      vertex   -2.618765e+01 -7.943938e+00 5.250000e+01
      vertex   -2.628325e+01 -7.972937e+00 5.225882e+01
      vertex   -2.528291e+01 -1.047252e+01 5.250000e+01
    endloop
  endfacet
  facet normal -8.700267e-01 -3.113005e-01 3.822899e-01
    outer loop
      vertex   -2.528291e+01 -1.047252e+01 5.250000e+01
      vertex   -2.628325e+01 -7.972937e+00 5.225882e+01
      vertex   -2.537521e+01 -1.051075e+01 5.225882e+01
    endloop
  endfacet
  facet normal -8.353245e-01 -3.950791e-01 3.822899e-01
    outer loop
      vertex   -2.528291e+01 -1.047252e+01 5.250000e+01
      vertex   -2.537521e+01 -1.051075e+01 5.225882e+01
      vertex   -2.413468e+01 -1.290026e+01 5.250000e+01
    endloop
  endfacet
  facet normal -8.353245e-01 -3.950791e-01 3.822899e-01
    outer loop
      vertex   -2.413468e+01 -1.290026e+01 5.250000e+01
      vertex   -2.537521e+01 -1.051075e+01 5.225882e+01
      vertex   -2.422278e+01 -1.294735e+01 5.225882e+01
    endloop
  endfacet
  facet normal -7.925776e-01 -4.750528e-01 3.822899e-01
    outer loop
      vertex   -2.413468e+01 -1.290026e+01 5.250000e+01
      vertex   -2.422278e+01 -1.294735e+01 5.225882e+01
      vertex   -2.275402e+01 -1.520375e+01 5.250000e+01
    endloop
  endfacet
  facet normal -7.925776e-01 -4.750528e-01 3.822899e-01
    outer loop
      vertex   -2.275402e+01 -1.520375e+01 5.250000e+01
      vertex   -2.422278e+01 -1.294735e+01 5.225882e+01
      vertex   -2.283708e+01 -1.525925e+01 5.225882e+01
    endloop
  endfacet
  facet normal -7.421979e-01 -5.504514e-01 3.822899e-01
    outer loop
      vertex   -2.275402e+01 -1.520375e+01 5.250000e+01
      vertex   -2.283708e+01 -1.525925e+01 5.225882e+01
      vertex   -2.115422e+01 -1.736082e+01 5.250000e+01
    endloop
  endfacet
  facet normal -7.421979e-01 -5.504514e-01 3.822899e-01
    outer loop
      vertex   -2.115422e+01 -1.736082e+01 5.250000e+01
      vertex   -2.283708e+01 -1.525925e+01 5.225882e+01
      vertex   -2.123145e+01 -1.742420e+01 5.225882e+01
    endloop
  endfacet
  facet normal -6.846703e-01 -6.205490e-01 3.822899e-01
    outer loop
      vertex   -2.115422e+01 -1.736082e+01 5.250000e+01
      vertex   -2.123145e+01 -1.742420e+01 5.225882e+01
      vertex   -1.935070e+01 -1.935070e+01 5.250000e+01
    endloop
  endfacet
  facet normal -6.846703e-01 -6.205490e-01 3.822899e-01
    outer loop
      vertex   -1.935070e+01 -1.935070e+01 5.250000e+01
      vertex   -2.123145e+01 -1.742420e+01 5.225882e+01
      vertex   -1.942134e+01 -1.942134e+01 5.225882e+01
    endloop
  endfacet
  facet normal -6.205490e-01 -6.846703e-01 3.822899e-01
    outer loop
      vertex   -1.935070e+01 -1.935070e+01 5.250000e+01
      vertex   -1.942134e+01 -1.942134e+01 5.225882e+01
      vertex   -1.736082e+01 -2.115422e+01 5.250000e+01
    endloop
  endfacet
  facet normal -6.205490e-01 -6.846703e-01 3.822899e-01
    outer loop
      vertex   -1.736082e+01 -2.115422e+01 5.250000e+01
      vertex   -1.942134e+01 -1.942134e+01 5.225882e+01
      vertex   -1.742420e+01 -2.123145e+01 5.225882e+01
    endloop
  endfacet
  facet normal -5.504514e-01 -7.421979e-01 3.822899e-01
    outer loop
      vertex   -1.736082e+01 -2.115422e+01 5.250000e+01
      vertex   -1.742420e+01 -2.123145e+01 5.225882e+01
      vertex   -1.520375e+01 -2.275402e+01 5.250000e+01
    endloop
  endfacet
  facet normal -5.504514e-01 -7.421979e-01 3.822899e-01
    outer loop
      vertex   -1.520375e+01 -2.275402e+01 5.250000e+01
      vertex   -1.742420e+01 -2.123145e+01 5.225882e+01
      vertex   -1.525925e+01 -2.283708e+01 5.225882e+01
    endloop
  endfacet
  facet normal -4.750528e-01 -7.925776e-01 3.822899e-01
    outer loop
      vertex   -1.520375e+01 -2.275402e+01 5.250000e+01
      vertex   -1.525925e+01 -2.283708e+01 5.225882e+01
      vertex   -1.290026e+01 -2.413468e+01 5.250000e+01
    endloop
  endfacet
  facet normal -4.750528e-01 -7.925776e-01 3.822899e-01
    outer loop
      vertex   -1.290026e+01 -2.413468e+01 5.250000e+01
      vertex   -1.525925e+01 -2.283708e+01 5.225882e+01
      vertex   -1.294735e+01 -2.422278e+01 5.225882e+01
    endloop
  endfacet
  facet normal -3.950791e-01 -8.353245e-01 3.822899e-01
    outer loop
      vertex   -1.290026e+01 -2.413468e+01 5.250000e+01
      vertex   -1.294735e+01 -2.422278e+01 5.225882e+01
      vertex   -1.047252e+01 -2.528291e+01 5.250000e+01
    endloop
  endfacet
  facet normal -3.950791e-01 -8.353245e-01 3.822899e-01
    outer loop
      vertex   -1.047252e+01 -2.528291e+01 5.250000e+01
      vertex   -1.294735e+01 -2.422278e+01 5.225882e+01
      vertex   -1.051075e+01 -2.537521e+01 5.225882e+01
    endloop
  endfacet
  facet normal -3.113005e-01 -8.700267e-01 3.822899e-01
    outer loop
      vertex   -1.047252e+01 -2.528291e+01 5.250000e+01
      vertex   -1.051075e+01 -2.537521e+01 5.225882e+01
      vertex   -7.943938e+00 -2.618765e+01 5.250000e+01
    endloop
  endfacet
  facet normal -3.113005e-01 -8.700267e-01 3.822899e-01
    outer loop
      vertex   -7.943938e+00 -2.618765e+01 5.250000e+01
      vertex   -1.051075e+01 -2.537521e+01 5.225882e+01
      vertex   -7.972937e+00 -2.628325e+01 5.225882e+01
    endloop
  endfacet
  facet normal -2.245240e-01 -8.963501e-01 3.822899e-01
    outer loop
      vertex   -7.943938e+00 -2.618765e+01 5.250000e+01
      vertex   -7.972937e+00 -2.628325e+01 5.225882e+01
      vertex   -5.338847e+00 -2.684019e+01 5.250000e+01
    endloop
  endfacet
  facet normal -2.245240e-01 -8.963501e-01 3.822899e-01
    outer loop
      vertex   -5.338847e+00 -2.684019e+01 5.250000e+01
      vertex   -7.972937e+00 -2.628325e+01 5.225882e+01
      vertex   -5.358336e+00 -2.693818e+01 5.225882e+01
    endloop
  endfacet
  facet normal -1.355852e-01 -9.140411e-01 3.822899e-01
    outer loop
      vertex   -5.338847e+00 -2.684019e+01 5.250000e+01
      vertex   -5.358336e+00 -2.693818e+01 5.225882e+01
      vertex   -2.682340e+00 -2.723425e+01 5.250000e+01
    endloop
  endfacet
  facet normal -1.355852e-01 -9.140411e-01 3.822899e-01
    outer loop
      vertex   -2.682340e+00 -2.723425e+01 5.250000e+01
      vertex   -5.358336e+00 -2.693818e+01 5.225882e+01
      vertex   -2.692132e+00 -2.733367e+01 5.225882e+01
    endloop
  endfacet
  facet normal -4.534061e-02 -9.229294e-01 3.822899e-01
    outer loop
      vertex   -2.682340e+00 -2.723425e+01 5.250000e+01
      vertex   -2.692132e+00 -2.733367e+01 5.225882e+01
      vertex   -4.400793e-15 -2.736603e+01 5.250000e+01
    endloop
  endfacet
  facet normal -4.534061e-02 -9.229294e-01 3.822899e-01
    outer loop
      vertex   -4.400793e-15 -2.736603e+01 5.250000e+01
      vertex   -2.692132e+00 -2.733367e+01 5.225882e+01
      vertex   -4.416858e-15 -2.746593e+01 5.225882e+01
    endloop
  endfacet
  facet normal 4.534061e-02 -9.229294e-01 3.822899e-01
    outer loop
      vertex   -4.400793e-15 -2.736603e+01 5.250000e+01
      vertex   -4.416858e-15 -2.746593e+01 5.225882e+01
      vertex   2.682340e+00 -2.723425e+01 5.250000e+01
    endloop
  endfacet
  facet normal 4.534061e-02 -9.229294e-01 3.822899e-01
    outer loop
      vertex   2.682340e+00 -2.723425e+01 5.250000e+01
      vertex   -4.416858e-15 -2.746593e+01 5.225882e+01
      vertex   2.692132e+00 -2.733367e+01 5.225882e+01
    endloop
  endfacet
  facet normal 1.355852e-01 -9.140411e-01 3.822899e-01
    outer loop
      vertex   2.682340e+00 -2.723425e+01 5.250000e+01
      vertex   2.692132e+00 -2.733367e+01 5.225882e+01
      vertex   5.338847e+00 -2.684019e+01 5.250000e+01
    endloop
  endfacet
  facet normal 1.355852e-01 -9.140411e-01 3.822899e-01
    outer loop
      vertex   5.338847e+00 -2.684019e+01 5.250000e+01
      vertex   2.692132e+00 -2.733367e+01 5.225882e+01
      vertex   5.358336e+00 -2.693818e+01 5.225882e+01
    endloop
  endfacet
  facet normal 2.245240e-01 -8.963501e-01 3.822899e-01
    outer loop
      vertex   5.338847e+00 -2.684019e+01 5.250000e+01
      vertex   5.358336e+00 -2.693818e+01 5.225882e+01
      vertex   7.943938e+00 -2.618765e+01 5.250000e+01
    endloop
  endfacet
  facet normal 2.245240e-01 -8.963501e-01 3.822899e-01
    outer loop
      vertex   7.943938e+00 -2.618765e+01 5.250000e+01
      vertex   5.358336e+00 -2.693818e+01 5.225882e+01
      vertex   7.972937e+00 -2.628325e+01 5.225882e+01
    endloop
  endfacet
  facet normal 3.113005e-01 -8.700267e-01 3.822899e-01
    outer loop
      vertex   7.943938e+00 -2.618765e+01 5.250000e+01
      vertex   7.972937e+00 -2.628325e+01 5.225882e+01
      vertex   1.047252e+01 -2.528291e+01 5.250000e+01
    endloop
  endfacet
  facet normal 3.113005e-01 -8.700267e-01 3.822899e-01
    outer loop
      vertex   1.047252e+01 -2.528291e+01 5.250000e+01
      vertex   7.972937e+00 -2.628325e+01 5.225882e+01
      vertex   1.051075e+01 -2.537521e+01 5.225882e+01
    endloop
  endfacet
  facet normal 3.950791e-01 -8.353245e-01 3.822899e-01
    outer loop
      vertex   1.047252e+01 -2.528291e+01 5.250000e+01
      vertex   1.051075e+01 -2.537521e+01 5.225882e+01
      vertex   1.290026e+01 -2.413468e+01 5.250000e+01
    endloop
  endfacet
  facet normal 3.950791e-01 -8.353245e-01 3.822899e-01
    outer loop
      vertex   1.290026e+01 -2.413468e+01 5.250000e+01
      vertex   1.051075e+01 -2.537521e+01 5.225882e+01
      vertex   1.294735e+01 -2.422278e+01 5.225882e+01
    endloop
  endfacet
  facet normal 4.750528e-01 -7.925776e-01 3.822899e-01
    outer loop
      vertex   1.290026e+01 -2.413468e+01 5.250000e+01
      vertex   1.294735e+01 -2.422278e+01 5.225882e+01
      vertex   1.520375e+01 -2.275402e+01 5.250000e+01
    endloop
  endfacet
  facet normal 4.750528e-01 -7.925776e-01 3.822899e-01
    outer loop
      vertex   1.520375e+01 -2.275402e+01 5.250000e+01
      vertex   1.294735e+01 -2.422278e+01 5.225882e+01
      vertex   1.525925e+01 -2.283708e+01 5.225882e+01
    endloop
  endfacet
  facet normal 5.504514e-01 -7.421979e-01 3.822899e-01
    outer loop
      vertex   1.520375e+01 -2.275402e+01 5.250000e+01
      vertex   1.525925e+01 -2.283708e+01 5.225882e+01
      vertex   1.736082e+01 -2.115422e+01 5.250000e+01
    endloop
  endfacet
  facet normal 5.504514e-01 -7.421979e-01 3.822899e-01
    outer loop
      vertex   1.736082e+01 -2.115422e+01 5.250000e+01
      vertex   1.525925e+01 -2.283708e+01 5.225882e+01
      vertex   1.742420e+01 -2.123145e+01 5.225882e+01
    endloop
  endfacet
  facet normal 6.205490e-01 -6.846703e-01 3.822899e-01
    outer loop
      vertex   1.736082e+01 -2.115422e+01 5.250000e+01
      vertex   1.742420e+01 -2.123145e+01 5.225882e+01
      vertex   1.935070e+01 -1.935070e+01 5.250000e+01
    endloop
  endfacet
  facet normal 6.205490e-01 -6.846703e-01 3.822899e-01
    outer loop
      vertex   1.935070e+01 -1.935070e+01 5.250000e+01
      vertex   1.742420e+01 -2.123145e+01 5.225882e+01
      vertex   1.942134e+01 -1.942134e+01 5.225882e+01
    endloop
  endfacet
  facet normal 6.846703e-01 -6.205490e-01 3.822899e-01
    outer loop
      vertex   1.935070e+01 -1.935070e+01 5.250000e+01
      vertex   1.942134e+01 -1.942134e+01 5.225882e+01
      vertex   2.115422e+01 -1.736082e+01 5.250000e+01
    endloop
  endfacet
  facet normal 6.846703e-01 -6.205490e-01 3.822899e-01
    outer loop
      vertex   2.115422e+01 -1.736082e+01 5.250000e+01
      vertex   1.942134e+01 -1.942134e+01 5.225882e+01
      vertex   2.123145e+01 -1.742420e+01 5.225882e+01
    endloop
  endfacet
  facet normal 7.421979e-01 -5.504514e-01 3.822899e-01
    outer loop
      vertex   2.115422e+01 -1.736082e+01 5.250000e+01
      vertex   2.123145e+01 -1.742420e+01 5.225882e+01
      vertex   2.275402e+01 -1.520375e+01 5.250000e+01
    endloop
  endfacet
  facet normal 7.421979e-01 -5.504514e-01 3.822899e-01
    outer loop
      vertex   2.275402e+01 -1.520375e+01 5.250000e+01
      vertex   2.123145e+01 -1.742420e+01 5.225882e+01
      vertex   2.283708e+01 -1.525925e+01 5.225882e+01
    endloop
  endfacet
  facet normal 7.925776e-01 -4.750528e-01 3.822899e-01
    outer loop
      vertex   2.275402e+01 -1.520375e+01 5.250000e+01
      vertex   2.283708e+01 -1.525925e+01 5.225882e+01
      vertex   2.413468e+01 -1.290026e+01 5.250000e+01
    endloop
  endfacet
  facet normal 7.925776e-01 -4.750528e-01 3.822899e-01
    outer loop
      vertex   2.413468e+01 -1.290026e+01 5.250000e+01
      vertex   2.283708e+01 -1.525925e+01 5.225882e+01
      vertex   2.422278e+01 -1.294735e+01 5.225882e+01
    endloop
  endfacet
  facet normal 8.353245e-01 -3.950791e-01 3.822899e-01
    outer loop
      vertex   2.413468e+01 -1.290026e+01 5.250000e+01
      vertex   2.422278e+01 -1.294735e+01 5.225882e+01
      vertex   2.528291e+01 -1.047252e+01 5.250000e+01
    endloop
  endfacet
  facet normal 8.353245e-01 -3.950791e-01 3.822899e-01
    outer loop
      vertex   2.528291e+01 -1.047252e+01 5.250000e+01
      vertex   2.422278e+01 -1.294735e+01 5.225882e+01
      vertex   2.537521e+01 -1.051075e+01 5.225882e+01
    endloop
  endfacet
  facet normal 8.700267e-01 -3.113005e-01 3.822899e-01
    outer loop
      vertex   2.528291e+01 -1.047252e+01 5.250000e+01
      vertex   2.537521e+01 -1.051075e+01 5.225882e+01
      vertex   2.618765e+01 -7.943938e+00 5.250000e+01
    endloop
  endfacet
  facet normal 8.700267e-01 -3.113005e-01 3.822899e-01
    outer loop
      vertex   2.618765e+01 -7.943938e+00 5.250000e+01
      vertex   2.537521e+01 -1.051075e+01 5.225882e+01
      vertex   2.628325e+01 -7.972937e+00 5.225882e+01
    endloop
  endfacet
  facet normal 8.963501e-01 -2.245240e-01 3.822899e-01
    outer loop
      vertex   2.618765e+01 -7.943938e+00 5.250000e+01
      vertex   2.628325e+01 -7.972937e+00 5.225882e+01
      vertex   2.684019e+01 -5.338847e+00 5.250000e+01
    endloop
  endfacet
  facet normal 8.963501e-01 -2.245240e-01 3.822899e-01
    outer loop
      vertex   2.684019e+01 -5.338847e+00 5.250000e+01
      vertex   2.628325e+01 -7.972937e+00 5.225882e+01
      vertex   2.693818e+01 -5.358336e+00 5.225882e+01
    endloop
  endfacet
  facet normal 9.140411e-01 -1.355852e-01 3.822899e-01
    outer loop
      vertex   2.684019e+01 -5.338847e+00 5.250000e+01
      vertex   2.693818e+01 -5.358336e+00 5.225882e+01
      vertex   2.723425e+01 -2.682340e+00 5.250000e+01
    endloop
  endfacet
  facet normal 9.140411e-01 -1.355852e-01 3.822899e-01
    outer loop
      vertex   2.723425e+01 -2.682340e+00 5.250000e+01
      vertex   2.693818e+01 -5.358336e+00 5.225882e+01
      vertex   2.733367e+01 -2.692132e+00 5.225882e+01
    endloop
  endfacet
  facet normal 9.229294e-01 -4.534061e-02 3.822899e-01
    outer loop
      vertex   2.723425e+01 -2.682340e+00 5.250000e+01
      vertex   2.733367e+01 -2.692132e+00 5.225882e+01
      vertex   2.736603e+01 1.117124e-15 5.250000e+01
    endloop
  endfacet
  facet normal 9.229294e-01 -4.534061e-02 3.822899e-01
    outer loop
      vertex   2.736603e+01 1.117124e-15 5.250000e+01
      vertex   2.733367e+01 -2.692132e+00 5.225882e+01
      vertex   2.746593e+01 2.242404e-15 5.225882e+01
    endloop
  endfacet
  facet normal -6.084894e-01 2.989317e-02 7.929988e-01
    outer loop
      vertex   -2.720711e+01 3.331910e-15 5.270711e+01
      vertex   -2.700000e+01 3.306546e-15 5.286603e+01
      vertex   -2.707610e+01 2.666763e+00 5.270711e+01
    endloop
  endfacet
  facet normal -6.084894e-01 2.989317e-02 7.929988e-01
    outer loop
      vertex   -2.707610e+01 2.666763e+00 5.270711e+01
      vertex   -2.700000e+01 3.306546e-15 5.286603e+01
      vertex   -2.686999e+01 2.646463e+00 5.286603e+01
    endloop
  endfacet
  facet normal -6.026293e-01 8.939161e-02 7.929988e-01
    outer loop
      vertex   -2.707610e+01 2.666763e+00 5.270711e+01
      vertex   -2.686999e+01 2.646463e+00 5.286603e+01
      vertex   -2.668433e+01 5.307843e+00 5.270711e+01
    endloop
  endfacet
  facet normal -6.026293e-01 8.939161e-02 7.929988e-01
    outer loop
      vertex   -2.668433e+01 5.307843e+00 5.270711e+01
      vertex   -2.686999e+01 2.646463e+00 5.286603e+01
      vertex   -2.648120e+01 5.267439e+00 5.286603e+01
    endloop
  endfacet
  facet normal -5.909656e-01 1.480292e-01 7.929988e-01
    outer loop
      vertex   -2.668433e+01 5.307843e+00 5.270711e+01
      vertex   -2.648120e+01 5.267439e+00 5.286603e+01
      vertex   -2.603558e+01 7.897806e+00 5.270711e+01
    endloop
  endfacet
  facet normal -5.909656e-01 1.480292e-01 7.929988e-01
    outer loop
      vertex   -2.603558e+01 7.897806e+00 5.270711e+01
      vertex   -2.648120e+01 5.267439e+00 5.286603e+01
      vertex   -2.583739e+01 7.837686e+00 5.286603e+01
    endloop
  endfacet
  facet normal -5.736105e-01 2.052411e-01 7.929988e-01
    outer loop
      vertex   -2.603558e+01 7.897806e+00 5.270711e+01
      vertex   -2.583739e+01 7.837686e+00 5.286603e+01
      vertex   -2.513609e+01 1.041171e+01 5.270711e+01
    endloop
  endfacet
  facet normal -5.736105e-01 2.052411e-01 7.929988e-01
    outer loop
      vertex   -2.513609e+01 1.041171e+01 5.270711e+01
      vertex   -2.583739e+01 7.837686e+00 5.286603e+01
      vertex   -2.494475e+01 1.033245e+01 5.286603e+01
    endloop
  endfacet
  facet normal -5.507313e-01 2.604765e-01 7.929988e-01
    outer loop
      vertex   -2.513609e+01 1.041171e+01 5.270711e+01
      vertex   -2.494475e+01 1.033245e+01 5.286603e+01
      vertex   -2.399453e+01 1.282534e+01 5.270711e+01
    endloop
  endfacet
  facet normal -5.507313e-01 2.604765e-01 7.929988e-01
    outer loop
      vertex   -2.399453e+01 1.282534e+01 5.270711e+01
      vertex   -2.494475e+01 1.033245e+01 5.286603e+01
      vertex   -2.381187e+01 1.272771e+01 5.286603e+01
    endloop
  endfacet
  facet normal -5.225482e-01 3.132033e-01 7.929988e-01
    outer loop
      vertex   -2.399453e+01 1.282534e+01 5.270711e+01
      vertex   -2.381187e+01 1.272771e+01 5.286603e+01
      vertex   -2.262188e+01 1.511546e+01 5.270711e+01
    endloop
  endfacet
  facet normal -5.225482e-01 3.132033e-01 7.929988e-01
    outer loop
      vertex   -2.262188e+01 1.511546e+01 5.270711e+01
      vertex   -2.381187e+01 1.272771e+01 5.286603e+01
      vertex   -2.244968e+01 1.500040e+01 5.286603e+01
    endloop
  endfacet
  facet normal -4.893327e-01 3.629138e-01 7.929988e-01
    outer loop
      vertex   -2.262188e+01 1.511546e+01 5.270711e+01
      vertex   -2.244968e+01 1.500040e+01 5.286603e+01
      vertex   -2.103138e+01 1.726001e+01 5.270711e+01
    endloop
  endfacet
  facet normal -4.893327e-01 3.629138e-01 7.929988e-01
    outer loop
      vertex   -2.103138e+01 1.726001e+01 5.270711e+01
      vertex   -2.244968e+01 1.500040e+01 5.286603e+01
      vertex   -2.087128e+01 1.712862e+01 5.286603e+01
    endloop
  endfacet
  facet normal -4.514046e-01 4.091293e-01 7.929988e-01
    outer loop
      vertex   -2.103138e+01 1.726001e+01 5.270711e+01
      vertex   -2.087128e+01 1.712862e+01 5.286603e+01
      vertex   -1.923833e+01 1.923833e+01 5.270711e+01
    endloop
  endfacet
  facet normal -4.514046e-01 4.091293e-01 7.929988e-01
    outer loop
      vertex   -1.923833e+01 1.923833e+01 5.270711e+01
      vertex   -2.087128e+01 1.712862e+01 5.286603e+01
      vertex   -1.909188e+01 1.909188e+01 5.286603e+01
    endloop
  endfacet
  facet normal -4.091293e-01 4.514046e-01 7.929988e-01
    outer loop
      vertex   -1.923833e+01 1.923833e+01 5.270711e+01
      vertex   -1.909188e+01 1.909188e+01 5.286603e+01
      vertex   -1.726001e+01 2.103138e+01 5.270711e+01
    endloop
  endfacet
  facet normal -4.091293e-01 4.514046e-01 7.929988e-01
    outer loop
      vertex   -1.726001e+01 2.103138e+01 5.270711e+01
      vertex   -1.909188e+01 1.909188e+01 5.286603e+01
      vertex   -1.712862e+01 2.087128e+01 5.286603e+01
    endloop
  endfacet
  facet normal -3.629138e-01 4.893327e-01 7.929988e-01
    outer loop
      vertex   -1.726001e+01 2.103138e+01 5.270711e+01
      vertex   -1.712862e+01 2.087128e+01 5.286603e+01
      vertex   -1.511546e+01 2.262188e+01 5.270711e+01
    endloop
  endfacet
  facet normal -3.629138e-01 4.893327e-01 7.929988e-01
    outer loop
      vertex   -1.511546e+01 2.262188e+01 5.270711e+01
      vertex   -1.712862e+01 2.087128e+01 5.286603e+01
      vertex   -1.500040e+01 2.244968e+01 5.286603e+01
    endloop
  endfacet
  facet normal -3.132033e-01 5.225482e-01 7.929988e-01
    outer loop
      vertex   -1.511546e+01 2.262188e+01 5.270711e+01
      vertex   -1.500040e+01 2.244968e+01 5.286603e+01
      vertex   -1.282534e+01 2.399453e+01 5.270711e+01
    endloop
  endfacet
  facet normal -3.132033e-01 5.225482e-01 7.929988e-01
    outer loop
      vertex   -1.282534e+01 2.399453e+01 5.270711e+01
      vertex   -1.500040e+01 2.244968e+01 5.286603e+01
      vertex   -1.272771e+01 2.381187e+01 5.286603e+01
    endloop
  endfacet
  facet normal -2.604765e-01 5.507313e-01 7.929988e-01
    outer loop
      vertex   -1.282534e+01 2.399453e+01 5.270711e+01
      vertex   -1.272771e+01 2.381187e+01 5.286603e+01
      vertex   -1.041171e+01 2.513609e+01 5.270711e+01
    endloop
  endfacet
  facet normal -2.604765e-01 5.507313e-01 7.929988e-01
    outer loop
      vertex   -1.041171e+01 2.513609e+01 5.270711e+01
      vertex   -1.272771e+01 2.381187e+01 5.286603e+01
      vertex   -1.033245e+01 2.494475e+01 5.286603e+01
    endloop
  endfacet
  facet normal -2.052411e-01 5.736105e-01 7.929988e-01
    outer loop
      vertex   -1.041171e+01 2.513609e+01 5.270711e+01
      vertex   -1.033245e+01 2.494475e+01 5.286603e+01
      vertex   -7.897806e+00 2.603558e+01 5.270711e+01
    endloop
  endfacet
  facet normal -2.052411e-01 5.736105e-01 7.929988e-01
    outer loop
      vertex   -7.897806e+00 2.603558e+01 5.270711e+01
      vertex   -1.033245e+01 2.494475e+01 5.286603e+01
      vertex   -7.837686e+00 2.583739e+01 5.286603e+01
    endloop
  endfacet
  facet normal -1.480292e-01 5.909656e-01 7.929988e-01
    outer loop
      vertex   -7.897806e+00 2.603558e+01 5.270711e+01
      vertex   -7.837686e+00 2.583739e+01 5.286603e+01
      vertex   -5.307843e+00 2.668433e+01 5.270711e+01
    endloop
  endfacet
  facet normal -1.480292e-01 5.909656e-01 7.929988e-01
    outer loop
      vertex   -5.307843e+00 2.668433e+01 5.270711e+01
      vertex   -7.837686e+00 2.583739e+01 5.286603e+01
      vertex   -5.267439e+00 2.648120e+01 5.286603e+01
    endloop
  endfacet
  facet normal -8.939161e-02 6.026293e-01 7.929988e-01
    outer loop
      vertex   -5.307843e+00 2.668433e+01 5.270711e+01
      vertex   -5.267439e+00 2.648120e+01 5.286603e+01
      vertex   -2.666763e+00 2.707610e+01 5.270711e+01
    endloop
  endfacet
  facet normal -8.939161e-02 6.026293e-01 7.929988e-01
    outer loop
      vertex   -2.666763e+00 2.707610e+01 5.270711e+01
      vertex   -5.267439e+00 2.648120e+01 5.286603e+01
      vertex   -2.646463e+00 2.686999e+01 5.286603e+01
    endloop
  endfacet
  facet normal -2.989317e-02 6.084894e-01 7.929988e-01
    outer loop
      vertex   -2.666763e+00 2.707610e+01 5.270711e+01
      vertex   -2.646463e+00 2.686999e+01 5.286603e+01
      vertex   -4.375236e-15 2.720711e+01 5.270711e+01
    endloop
  endfacet
  facet normal -2.989317e-02 6.084894e-01 7.929988e-01
    outer loop
      vertex   -4.375236e-15 2.720711e+01 5.270711e+01
      vertex   -2.646463e+00 2.686999e+01 5.286603e+01
      vertex   -4.341931e-15 2.700000e+01 5.286603e+01
    endloop
  endfacet
  facet normal 2.989317e-02 6.084894e-01 7.929988e-01
    outer loop
      vertex   -4.375236e-15 2.720711e+01 5.270711e+01
      vertex   -4.341931e-15 2.700000e+01 5.286603e+01
      vertex   2.666763e+00 2.707610e+01 5.270711e+01
    endloop
  endfacet
  facet normal 2.989317e-02 6.084894e-01 7.929988e-01
    outer loop
      vertex   2.666763e+00 2.707610e+01 5.270711e+01
      vertex   -4.341931e-15 2.700000e+01 5.286603e+01
      vertex   2.646463e+00 2.686999e+01 5.286603e+01
    endloop
  endfacet
  facet normal 8.939161e-02 6.026293e-01 7.929988e-01
    outer loop
      vertex   2.666763e+00 2.707610e+01 5.270711e+01
      vertex   2.646463e+00 2.686999e+01 5.286603e+01
      vertex   5.307843e+00 2.668433e+01 5.270711e+01
    endloop
  endfacet
  facet normal 8.939161e-02 6.026293e-01 7.929988e-01
    outer loop
      vertex   5.307843e+00 2.668433e+01 5.270711e+01
      vertex   2.646463e+00 2.686999e+01 5.286603e+01
      vertex   5.267439e+00 2.648120e+01 5.286603e+01
    endloop
  endfacet
  facet normal 1.480292e-01 5.909656e-01 7.929988e-01
    outer loop
      vertex   5.307843e+00 2.668433e+01 5.270711e+01
      vertex   5.267439e+00 2.648120e+01 5.286603e+01
      vertex   7.897806e+00 2.603558e+01 5.270711e+01
    endloop
  endfacet
  facet normal 1.480292e-01 5.909656e-01 7.929988e-01
    outer loop
      vertex   7.897806e+00 2.603558e+01 5.270711e+01
      vertex   5.267439e+00 2.648120e+01 5.286603e+01
      vertex   7.837686e+00 2.583739e+01 5.286603e+01
    endloop
  endfacet
  facet normal 2.052411e-01 5.736105e-01 7.929988e-01
    outer loop
      vertex   7.897806e+00 2.603558e+01 5.270711e+01
      vertex   7.837686e+00 2.583739e+01 5.286603e+01
      vertex   1.041171e+01 2.513609e+01 5.270711e+01
    endloop
  endfacet
  facet normal 2.052411e-01 5.736105e-01 7.929988e-01
    outer loop
      vertex   1.041171e+01 2.513609e+01 5.270711e+01
      vertex   7.837686e+00 2.583739e+01 5.286603e+01
      vertex   1.033245e+01 2.494475e+01 5.286603e+01
    endloop
  endfacet
  facet normal 2.604765e-01 5.507313e-01 7.929988e-01
    outer loop
      vertex   1.041171e+01 2.513609e+01 5.270711e+01
      vertex   1.033245e+01 2.494475e+01 5.286603e+01
      vertex   1.282534e+01 2.399453e+01 5.270711e+01
    endloop
  endfacet
  facet normal 2.604765e-01 5.507313e-01 7.929988e-01
    outer loop
      vertex   1.282534e+01 2.399453e+01 5.270711e+01
      vertex   1.033245e+01 2.494475e+01 5.286603e+01
      vertex   1.272771e+01 2.381187e+01 5.286603e+01
    endloop
  endfacet
  facet normal 3.132033e-01 5.225482e-01 7.929988e-01
    outer loop
      vertex   1.282534e+01 2.399453e+01 5.270711e+01
      vertex   1.272771e+01 2.381187e+01 5.286603e+01
      vertex   1.511546e+01 2.262188e+01 5.270711e+01
    endloop
  endfacet
  facet normal 3.132033e-01 5.225482e-01 7.929988e-01
    outer loop
      vertex   1.511546e+01 2.262188e+01 5.270711e+01
      vertex   1.272771e+01 2.381187e+01 5.286603e+01
      vertex   1.500040e+01 2.244968e+01 5.286603e+01
    endloop
  endfacet
  facet normal 3.629138e-01 4.893327e-01 7.929988e-01
    outer loop
      vertex   1.511546e+01 2.262188e+01 5.270711e+01
      vertex   1.500040e+01 2.244968e+01 5.286603e+01
      vertex   1.726001e+01 2.103138e+01 5.270711e+01
    endloop
  endfacet
  facet normal 3.629138e-01 4.893327e-01 7.929988e-01
    outer loop
      vertex   1.726001e+01 2.103138e+01 5.270711e+01
      vertex   1.500040e+01 2.244968e+01 5.286603e+01
      vertex   1.712862e+01 2.087128e+01 5.286603e+01
    endloop
  endfacet
  facet normal 4.091293e-01 4.514046e-01 7.929988e-01
    outer loop
      vertex   1.726001e+01 2.103138e+01 5.270711e+01
      vertex   1.712862e+01 2.087128e+01 5.286603e+01
      vertex   1.923833e+01 1.923833e+01 5.270711e+01
    endloop
  endfacet
  facet normal 4.091293e-01 4.514046e-01 7.929988e-01
    outer loop
      vertex   1.923833e+01 1.923833e+01 5.270711e+01
      vertex   1.712862e+01 2.087128e+01 5.286603e+01
      vertex   1.909188e+01 1.909188e+01 5.286603e+01
    endloop
  endfacet
  facet normal 4.514046e-01 4.091293e-01 7.929988e-01
    outer loop
      vertex   1.923833e+01 1.923833e+01 5.270711e+01
      vertex   1.909188e+01 1.909188e+01 5.286603e+01
      vertex   2.103138e+01 1.726001e+01 5.270711e+01
    endloop
  endfacet
  facet normal 4.514046e-01 4.091293e-01 7.929988e-01
    outer loop
      vertex   2.103138e+01 1.726001e+01 5.270711e+01
      vertex   1.909188e+01 1.909188e+01 5.286603e+01
      vertex   2.087128e+01 1.712862e+01 5.286603e+01
    endloop
  endfacet
  facet normal 4.893327e-01 3.629138e-01 7.929988e-01
    outer loop
      vertex   2.103138e+01 1.726001e+01 5.270711e+01
      vertex   2.087128e+01 1.712862e+01 5.286603e+01
      vertex   2.262188e+01 1.511546e+01 5.270711e+01
    endloop
  endfacet
  facet normal 4.893327e-01 3.629138e-01 7.929988e-01
    outer loop
      vertex   2.262188e+01 1.511546e+01 5.270711e+01
      vertex   2.087128e+01 1.712862e+01 5.286603e+01
      vertex   2.244968e+01 1.500040e+01 5.286603e+01
    endloop
  endfacet
  facet normal 5.225482e-01 3.132033e-01 7.929988e-01
    outer loop
      vertex   2.262188e+01 1.511546e+01 5.270711e+01
      vertex   2.244968e+01 1.500040e+01 5.286603e+01
      vertex   2.399453e+01 1.282534e+01 5.270711e+01
    endloop
  endfacet
  facet normal 5.225482e-01 3.132033e-01 7.929988e-01
    outer loop
      vertex   2.399453e+01 1.282534e+01 5.270711e+01
      vertex   2.244968e+01 1.500040e+01 5.286603e+01
      vertex   2.381187e+01 1.272771e+01 5.286603e+01
    endloop
  endfacet
  facet normal 5.507313e-01 2.604765e-01 7.929988e-01
    outer loop
      vertex   2.399453e+01 1.282534e+01 5.270711e+01
      vertex   2.381187e+01 1.272771e+01 5.286603e+01
      vertex   2.513609e+01 1.041171e+01 5.270711e+01
    endloop
  endfacet
  facet normal 5.507313e-01 2.604765e-01 7.929988e-01
    outer loop
      vertex   2.513609e+01 1.041171e+01 5.270711e+01
      vertex   2.381187e+01 1.272771e+01 5.286603e+01
      vertex   2.494475e+01 1.033245e+01 5.286603e+01
    endloop
  endfacet
  facet normal 5.736105e-01 2.052411e-01 7.929988e-01
    outer loop
      vertex   2.513609e+01 1.041171e+01 5.270711e+01
      vertex   2.494475e+01 1.033245e+01 5.286603e+01
      vertex   2.603558e+01 7.897806e+00 5.270711e+01
    endloop
  endfacet
  facet normal 5.736105e-01 2.052411e-01 7.929988e-01
    outer loop
      vertex   2.603558e+01 7.897806e+00 5.270711e+01
      vertex   2.494475e+01 1.033245e+01 5.286603e+01
      vertex   2.583739e+01 7.837686e+00 5.286603e+01
    endloop
  endfacet
  facet normal 5.909656e-01 1.480292e-01 7.929988e-01
    outer loop
      vertex   2.603558e+01 7.897806e+00 5.270711e+01
      vertex   2.583739e+01 7.837686e+00 5.286603e+01
      vertex   2.668433e+01 5.307843e+00 5.270711e+01
    endloop
  endfacet
  facet normal 5.909656e-01 1.480292e-01 7.929988e-01
    outer loop
      vertex   2.668433e+01 5.307843e+00 5.270711e+01
      vertex   2.583739e+01 7.837686e+00 5.286603e+01
      vertex   2.648120e+01 5.267439e+00 5.286603e+01
    endloop
  endfacet
  facet normal 6.026293e-01 8.939161e-02 7.929988e-01
    outer loop
      vertex   2.668433e+01 5.307843e+00 5.270711e+01
      vertex   2.648120e+01 5.267439e+00 5.286603e+01
      vertex   2.707610e+01 2.666763e+00 5.270711e+01
    endloop
  endfacet
  facet normal 6.026293e-01 8.939161e-02 7.929988e-01
    outer loop
      vertex   2.707610e+01 2.666763e+00 5.270711e+01
      vertex   2.648120e+01 5.267439e+00 5.286603e+01
      vertex   2.686999e+01 2.646463e+00 5.286603e+01
    endloop
  endfacet
  facet normal -7.927515e-01 -3.894538e-02 6.082996e-01
    outer loop
      vertex   -2.720711e+01 3.331910e-15 5.270711e+01
      vertex   -2.736603e+01 3.351372e-15 5.250000e+01
      vertex   -2.707610e+01 -2.666763e+00 5.270711e+01
    endloop
  endfacet
  facet normal -7.927515e-01 -3.894538e-02 6.082996e-01
    outer loop
      vertex   -2.707610e+01 -2.666763e+00 5.270711e+01
      vertex   -2.736603e+01 3.351372e-15 5.250000e+01
      vertex   -2.723425e+01 -2.682340e+00 5.250000e+01
    endloop
  endfacet
  facet normal -7.851168e-01 -1.164611e-01 6.082996e-01
    outer loop
      vertex   -2.707610e+01 -2.666763e+00 5.270711e+01
      vertex   -2.723425e+01 -2.682340e+00 5.250000e+01
      vertex   -2.668433e+01 -5.307843e+00 5.270711e+01
    endloop
  endfacet
  facet normal -7.851168e-01 -1.164611e-01 6.082996e-01
    outer loop
      vertex   -2.668433e+01 -5.307843e+00 5.270711e+01
      vertex   -2.723425e+01 -2.682340e+00 5.250000e+01
      vertex   -2.684019e+01 -5.338847e+00 5.250000e+01
    endloop
  endfacet
  facet normal -7.699211e-01 -1.928552e-01 6.082996e-01
    outer loop
      vertex   -2.668433e+01 -5.307843e+00 5.270711e+01
      vertex   -2.684019e+01 -5.338847e+00 5.250000e+01
      vertex   -2.603558e+01 -7.897806e+00 5.270711e+01
    endloop
  endfacet
  facet normal -7.699211e-01 -1.928552e-01 6.082996e-01
    outer loop
      vertex   -2.603558e+01 -7.897806e+00 5.270711e+01
      vertex   -2.684019e+01 -5.338847e+00 5.250000e+01
      vertex   -2.618765e+01 -7.943938e+00 5.250000e+01
    endloop
  endfacet
  facet normal -7.473106e-01 -2.673920e-01 6.082996e-01
    outer loop
      vertex   -2.603558e+01 -7.897806e+00 5.270711e+01
      vertex   -2.618765e+01 -7.943938e+00 5.250000e+01
      vertex   -2.513609e+01 -1.041171e+01 5.270711e+01
    endloop
  endfacet
  facet normal -7.473106e-01 -2.673920e-01 6.082996e-01
    outer loop
      vertex   -2.513609e+01 -1.041171e+01 5.270711e+01
      vertex   -2.618765e+01 -7.943938e+00 5.250000e+01
      vertex   -2.528291e+01 -1.047252e+01 5.250000e+01
    endloop
  endfacet
  facet normal -7.175031e-01 -3.393537e-01 6.082996e-01
    outer loop
      vertex   -2.513609e+01 -1.041171e+01 5.270711e+01
      vertex   -2.528291e+01 -1.047252e+01 5.250000e+01
      vertex   -2.399453e+01 -1.282534e+01 5.270711e+01
    endloop
  endfacet
  facet normal -7.175031e-01 -3.393537e-01 6.082996e-01
    outer loop
      vertex   -2.399453e+01 -1.282534e+01 5.270711e+01
      vertex   -2.528291e+01 -1.047252e+01 5.250000e+01
      vertex   -2.413468e+01 -1.290026e+01 5.250000e+01
    endloop
  endfacet
  facet normal -6.807856e-01 -4.080472e-01 6.082996e-01
    outer loop
      vertex   -2.399453e+01 -1.282534e+01 5.270711e+01
      vertex   -2.413468e+01 -1.290026e+01 5.250000e+01
      vertex   -2.262188e+01 -1.511546e+01 5.270711e+01
    endloop
  endfacet
  facet normal -6.807856e-01 -4.080472e-01 6.082996e-01
    outer loop
      vertex   -2.262188e+01 -1.511546e+01 5.270711e+01
      vertex   -2.413468e+01 -1.290026e+01 5.250000e+01
      vertex   -2.275402e+01 -1.520375e+01 5.250000e+01
    endloop
  endfacet
  facet normal -6.375119e-01 -4.728110e-01 6.082996e-01
    outer loop
      vertex   -2.262188e+01 -1.511546e+01 5.270711e+01
      vertex   -2.275402e+01 -1.520375e+01 5.250000e+01
      vertex   -2.103138e+01 -1.726001e+01 5.270711e+01
    endloop
  endfacet
  facet normal -6.375119e-01 -4.728110e-01 6.082996e-01
    outer loop
      vertex   -2.103138e+01 -1.726001e+01 5.270711e+01
      vertex   -2.275402e+01 -1.520375e+01 5.250000e+01
      vertex   -2.115422e+01 -1.736082e+01 5.250000e+01
    endloop
  endfacet
  facet normal -5.880985e-01 -5.330214e-01 6.082996e-01
    outer loop
      vertex   -2.103138e+01 -1.726001e+01 5.270711e+01
      vertex   -2.115422e+01 -1.736082e+01 5.250000e+01
      vertex   -1.923833e+01 -1.923833e+01 5.270711e+01
    endloop
  endfacet
  facet normal -5.880985e-01 -5.330214e-01 6.082996e-01
    outer loop
      vertex   -1.923833e+01 -1.923833e+01 5.270711e+01
      vertex   -2.115422e+01 -1.736082e+01 5.250000e+01
      vertex   -1.935070e+01 -1.935070e+01 5.250000e+01
    endloop
  endfacet
  facet normal -5.330214e-01 -5.880985e-01 6.082996e-01
    outer loop
      vertex   -1.923833e+01 -1.923833e+01 5.270711e+01
      vertex   -1.935070e+01 -1.935070e+01 5.250000e+01
      vertex   -1.726001e+01 -2.103138e+01 5.270711e+01
    endloop
  endfacet
  facet normal -5.330214e-01 -5.880985e-01 6.082996e-01
    outer loop
      vertex   -1.726001e+01 -2.103138e+01 5.270711e+01
      vertex   -1.935070e+01 -1.935070e+01 5.250000e+01
      vertex   -1.736082e+01 -2.115422e+01 5.250000e+01
    endloop
  endfacet
  facet normal -4.728110e-01 -6.375119e-01 6.082996e-01
    outer loop
      vertex   -1.726001e+01 -2.103138e+01 5.270711e+01
      vertex   -1.736082e+01 -2.115422e+01 5.250000e+01
      vertex   -1.511546e+01 -2.262188e+01 5.270711e+01
    endloop
  endfacet
  facet normal -4.728110e-01 -6.375119e-01 6.082996e-01
    outer loop
      vertex   -1.511546e+01 -2.262188e+01 5.270711e+01
      vertex   -1.736082e+01 -2.115422e+01 5.250000e+01
      vertex   -1.520375e+01 -2.275402e+01 5.250000e+01
    endloop
  endfacet
  facet normal -4.080472e-01 -6.807856e-01 6.082996e-01
    outer loop
      vertex   -1.511546e+01 -2.262188e+01 5.270711e+01
      vertex   -1.520375e+01 -2.275402e+01 5.250000e+01
      vertex   -1.282534e+01 -2.399453e+01 5.270711e+01
    endloop
  endfacet
  facet normal -4.080472e-01 -6.807856e-01 6.082996e-01
    outer loop
      vertex   -1.282534e+01 -2.399453e+01 5.270711e+01
      vertex   -1.520375e+01 -2.275402e+01 5.250000e+01
      vertex   -1.290026e+01 -2.413468e+01 5.250000e+01
    endloop
  endfacet
  facet normal -3.393537e-01 -7.175031e-01 6.082996e-01
    outer loop
      vertex   -1.282534e+01 -2.399453e+01 5.270711e+01
      vertex   -1.290026e+01 -2.413468e+01 5.250000e+01
      vertex   -1.041171e+01 -2.513609e+01 5.270711e+01
    endloop
  endfacet
  facet normal -3.393537e-01 -7.175031e-01 6.082996e-01
    outer loop
      vertex   -1.041171e+01 -2.513609e+01 5.270711e+01
      vertex   -1.290026e+01 -2.413468e+01 5.250000e+01
      vertex   -1.047252e+01 -2.528291e+01 5.250000e+01
    endloop
  endfacet
  facet normal -2.673920e-01 -7.473106e-01 6.082996e-01
    outer loop
      vertex   -1.041171e+01 -2.513609e+01 5.270711e+01
      vertex   -1.047252e+01 -2.528291e+01 5.250000e+01
      vertex   -7.897806e+00 -2.603558e+01 5.270711e+01
    endloop
  endfacet
  facet normal -2.673920e-01 -7.473106e-01 6.082996e-01
    outer loop
      vertex   -7.897806e+00 -2.603558e+01 5.270711e+01
      vertex   -1.047252e+01 -2.528291e+01 5.250000e+01
      vertex   -7.943938e+00 -2.618765e+01 5.250000e+01
    endloop
  endfacet
  facet normal -1.928552e-01 -7.699211e-01 6.082996e-01
    outer loop
      vertex   -7.897806e+00 -2.603558e+01 5.270711e+01
      vertex   -7.943938e+00 -2.618765e+01 5.250000e+01
      vertex   -5.307843e+00 -2.668433e+01 5.270711e+01
    endloop
  endfacet
  facet normal -1.928552e-01 -7.699211e-01 6.082996e-01
    outer loop
      vertex   -5.307843e+00 -2.668433e+01 5.270711e+01
      vertex   -7.943938e+00 -2.618765e+01 5.250000e+01
      vertex   -5.338847e+00 -2.684019e+01 5.250000e+01
    endloop
  endfacet
  facet normal -1.164611e-01 -7.851168e-01 6.082996e-01
    outer loop
      vertex   -5.307843e+00 -2.668433e+01 5.270711e+01
      vertex   -5.338847e+00 -2.684019e+01 5.250000e+01
      vertex   -2.666763e+00 -2.707610e+01 5.270711e+01
    endloop
  endfacet
  facet normal -1.164611e-01 -7.851168e-01 6.082996e-01
    outer loop
      vertex   -2.666763e+00 -2.707610e+01 5.270711e+01
      vertex   -5.338847e+00 -2.684019e+01 5.250000e+01
      vertex   -2.682340e+00 -2.723425e+01 5.250000e+01
    endloop
  endfacet
  facet normal -3.894538e-02 -7.927515e-01 6.082996e-01
    outer loop
      vertex   -2.666763e+00 -2.707610e+01 5.270711e+01
      vertex   -2.682340e+00 -2.723425e+01 5.250000e+01
      vertex   -4.375236e-15 -2.720711e+01 5.270711e+01
    endloop
  endfacet
  facet normal -3.894538e-02 -7.927515e-01 6.082996e-01
    outer loop
      vertex   -4.375236e-15 -2.720711e+01 5.270711e+01
      vertex   -2.682340e+00 -2.723425e+01 5.250000e+01
      vertex   -4.400793e-15 -2.736603e+01 5.250000e+01
    endloop
  endfacet
  facet normal 3.894538e-02 -7.927515e-01 6.082996e-01
    outer loop
      vertex   -4.375236e-15 -2.720711e+01 5.270711e+01
      vertex   -4.400793e-15 -2.736603e+01 5.250000e+01
      vertex   2.666763e+00 -2.707610e+01 5.270711e+01
    endloop
  endfacet
  facet normal 3.894538e-02 -7.927515e-01 6.082996e-01
    outer loop
      vertex   2.666763e+00 -2.707610e+01 5.270711e+01
      vertex   -4.400793e-15 -2.736603e+01 5.250000e+01
      vertex   2.682340e+00 -2.723425e+01 5.250000e+01
    endloop
  endfacet
  facet normal 1.164611e-01 -7.851168e-01 6.082996e-01
    outer loop
      vertex   2.666763e+00 -2.707610e+01 5.270711e+01
      vertex   2.682340e+00 -2.723425e+01 5.250000e+01
      vertex   5.307843e+00 -2.668433e+01 5.270711e+01
    endloop
  endfacet
  facet normal 1.164611e-01 -7.851168e-01 6.082996e-01
    outer loop
      vertex   5.307843e+00 -2.668433e+01 5.270711e+01
      vertex   2.682340e+00 -2.723425e+01 5.250000e+01
      vertex   5.338847e+00 -2.684019e+01 5.250000e+01
    endloop
  endfacet
  facet normal 1.928552e-01 -7.699211e-01 6.082996e-01
    outer loop
      vertex   5.307843e+00 -2.668433e+01 5.270711e+01
      vertex   5.338847e+00 -2.684019e+01 5.250000e+01
      vertex   7.897806e+00 -2.603558e+01 5.270711e+01
    endloop
  endfacet
  facet normal 1.928552e-01 -7.699211e-01 6.082996e-01
    outer loop
      vertex   7.897806e+00 -2.603558e+01 5.270711e+01
      vertex   5.338847e+00 -2.684019e+01 5.250000e+01
      vertex   7.943938e+00 -2.618765e+01 5.250000e+01
    endloop
  endfacet
  facet normal 2.673920e-01 -7.473106e-01 6.082996e-01
    outer loop
      vertex   7.897806e+00 -2.603558e+01 5.270711e+01
      vertex   7.943938e+00 -2.618765e+01 5.250000e+01
      vertex   1.041171e+01 -2.513609e+01 5.270711e+01
    endloop
  endfacet
  facet normal 2.673920e-01 -7.473106e-01 6.082996e-01
    outer loop
      vertex   1.041171e+01 -2.513609e+01 5.270711e+01
      vertex   7.943938e+00 -2.618765e+01 5.250000e+01
      vertex   1.047252e+01 -2.528291e+01 5.250000e+01
    endloop
  endfacet
  facet normal 3.393537e-01 -7.175031e-01 6.082996e-01
    outer loop
      vertex   1.041171e+01 -2.513609e+01 5.270711e+01
      vertex   1.047252e+01 -2.528291e+01 5.250000e+01
      vertex   1.282534e+01 -2.399453e+01 5.270711e+01
    endloop
  endfacet
  facet normal 3.393537e-01 -7.175031e-01 6.082996e-01
    outer loop
      vertex   1.282534e+01 -2.399453e+01 5.270711e+01
      vertex   1.047252e+01 -2.528291e+01 5.250000e+01
      vertex   1.290026e+01 -2.413468e+01 5.250000e+01
    endloop
  endfacet
  facet normal 4.080472e-01 -6.807856e-01 6.082996e-01
    outer loop
      vertex   1.282534e+01 -2.399453e+01 5.270711e+01
      vertex   1.290026e+01 -2.413468e+01 5.250000e+01
      vertex   1.511546e+01 -2.262188e+01 5.270711e+01
    endloop
  endfacet
  facet normal 4.080472e-01 -6.807856e-01 6.082996e-01
    outer loop
      vertex   1.511546e+01 -2.262188e+01 5.270711e+01
      vertex   1.290026e+01 -2.413468e+01 5.250000e+01
      vertex   1.520375e+01 -2.275402e+01 5.250000e+01
    endloop
  endfacet
  facet normal 4.728110e-01 -6.375119e-01 6.082996e-01
    outer loop
      vertex   1.511546e+01 -2.262188e+01 5.270711e+01
      vertex   1.520375e+01 -2.275402e+01 5.250000e+01
      vertex   1.726001e+01 -2.103138e+01 5.270711e+01
    endloop
  endfacet
  facet normal 4.728110e-01 -6.375119e-01 6.082996e-01
    outer loop
      vertex   1.726001e+01 -2.103138e+01 5.270711e+01
      vertex   1.520375e+01 -2.275402e+01 5.250000e+01
      vertex   1.736082e+01 -2.115422e+01 5.250000e+01
    endloop
  endfacet
  facet normal 5.330214e-01 -5.880985e-01 6.082996e-01
    outer loop
      vertex   1.726001e+01 -2.103138e+01 5.270711e+01
      vertex   1.736082e+01 -2.115422e+01 5.250000e+01
      vertex   1.923833e+01 -1.923833e+01 5.270711e+01
    endloop
  endfacet
  facet normal 5.330214e-01 -5.880985e-01 6.082996e-01
    outer loop
      vertex   1.923833e+01 -1.923833e+01 5.270711e+01
      vertex   1.736082e+01 -2.115422e+01 5.250000e+01
      vertex   1.935070e+01 -1.935070e+01 5.250000e+01
    endloop
  endfacet
  facet normal 5.880985e-01 -5.330214e-01 6.082996e-01
    outer loop
      vertex   1.923833e+01 -1.923833e+01 5.270711e+01
      vertex   1.935070e+01 -1.935070e+01 5.250000e+01
      vertex   2.103138e+01 -1.726001e+01 5.270711e+01
    endloop
  endfacet
  facet normal 5.880985e-01 -5.330214e-01 6.082996e-01
    outer loop
      vertex   2.103138e+01 -1.726001e+01 5.270711e+01
      vertex   1.935070e+01 -1.935070e+01 5.250000e+01
      vertex   2.115422e+01 -1.736082e+01 5.250000e+01
    endloop
  endfacet
  facet normal 6.375119e-01 -4.728110e-01 6.082996e-01
    outer loop
      vertex   2.103138e+01 -1.726001e+01 5.270711e+01
      vertex   2.115422e+01 -1.736082e+01 5.250000e+01
      vertex   2.262188e+01 -1.511546e+01 5.270711e+01
    endloop
  endfacet
  facet normal 6.375119e-01 -4.728110e-01 6.082996e-01
    outer loop
      vertex   2.262188e+01 -1.511546e+01 5.270711e+01
      vertex   2.115422e+01 -1.736082e+01 5.250000e+01
      vertex   2.275402e+01 -1.520375e+01 5.250000e+01
    endloop
  endfacet
  facet normal 6.807856e-01 -4.080472e-01 6.082996e-01
    outer loop
      vertex   2.262188e+01 -1.511546e+01 5.270711e+01
      vertex   2.275402e+01 -1.520375e+01 5.250000e+01
      vertex   2.399453e+01 -1.282534e+01 5.270711e+01
    endloop
  endfacet
  facet normal 6.807856e-01 -4.080472e-01 6.082996e-01
    outer loop
      vertex   2.399453e+01 -1.282534e+01 5.270711e+01
      vertex   2.275402e+01 -1.520375e+01 5.250000e+01
      vertex   2.413468e+01 -1.290026e+01 5.250000e+01
    endloop
  endfacet
  facet normal 7.175031e-01 -3.393537e-01 6.082996e-01
    outer loop
      vertex   2.399453e+01 -1.282534e+01 5.270711e+01
      vertex   2.413468e+01 -1.290026e+01 5.250000e+01
      vertex   2.513609e+01 -1.041171e+01 5.270711e+01
    endloop
  endfacet
  facet normal 7.175031e-01 -3.393537e-01 6.082996e-01
    outer loop
      vertex   2.513609e+01 -1.041171e+01 5.270711e+01
      vertex   2.413468e+01 -1.290026e+01 5.250000e+01
      vertex   2.528291e+01 -1.047252e+01 5.250000e+01
    endloop
  endfacet
  facet normal 7.473106e-01 -2.673920e-01 6.082996e-01
    outer loop
      vertex   2.513609e+01 -1.041171e+01 5.270711e+01
      vertex   2.528291e+01 -1.047252e+01 5.250000e+01
      vertex   2.603558e+01 -7.897806e+00 5.270711e+01
    endloop
  endfacet
  facet normal 7.473106e-01 -2.673920e-01 6.082996e-01
    outer loop
      vertex   2.603558e+01 -7.897806e+00 5.270711e+01
      vertex   2.528291e+01 -1.047252e+01 5.250000e+01
      vertex   2.618765e+01 -7.943938e+00 5.250000e+01
    endloop
  endfacet
  facet normal 7.699211e-01 -1.928552e-01 6.082996e-01
    outer loop
      vertex   2.603558e+01 -7.897806e+00 5.270711e+01
      vertex   2.618765e+01 -7.943938e+00 5.250000e+01
      vertex   2.668433e+01 -5.307843e+00 5.270711e+01
    endloop
  endfacet
  facet normal 7.699211e-01 -1.928552e-01 6.082996e-01
    outer loop
      vertex   2.668433e+01 -5.307843e+00 5.270711e+01
      vertex   2.618765e+01 -7.943938e+00 5.250000e+01
      vertex   2.684019e+01 -5.338847e+00 5.250000e+01
    endloop
  endfacet
  facet normal 7.851168e-01 -1.164611e-01 6.082996e-01
    outer loop
      vertex   2.668433e+01 -5.307843e+00 5.270711e+01
      vertex   2.684019e+01 -5.338847e+00 5.250000e+01
      vertex   2.707610e+01 -2.666763e+00 5.270711e+01
    endloop
  endfacet
  facet normal 7.851168e-01 -1.164611e-01 6.082996e-01
    outer loop
      vertex   2.707610e+01 -2.666763e+00 5.270711e+01
      vertex   2.684019e+01 -5.338847e+00 5.250000e+01
      vertex   2.723425e+01 -2.682340e+00 5.250000e+01
    endloop
  endfacet
  facet normal 7.927515e-01 -3.894538e-02 6.082996e-01
    outer loop
      vertex   2.707610e+01 -2.666763e+00 5.270711e+01
      vertex   2.723425e+01 -2.682340e+00 5.250000e+01
      vertex   2.720711e+01 -9.557574e-30 5.270711e+01
    endloop
  endfacet
  facet normal 7.927515e-01 -3.894538e-02 6.082996e-01
    outer loop
      vertex   2.720711e+01 -9.557574e-30 5.270711e+01
      vertex   2.723425e+01 -2.682340e+00 5.250000e+01
      vertex   2.736603e+01 1.117124e-15 5.250000e+01
    endloop
  endfacet
  facet normal -3.826158e-01 1.879671e-02 9.237163e-01
    outer loop
      vertex   -2.700000e+01 3.306546e-15 5.286603e+01
      vertex   -2.675882e+01 -3.277010e-15 5.296593e+01
      vertex   -2.686999e+01 2.646463e+00 5.286603e+01
    endloop
  endfacet
  facet normal -3.826158e-01 1.879671e-02 9.237163e-01
    outer loop
      vertex   -2.686999e+01 2.646463e+00 5.286603e+01
      vertex   -2.675882e+01 -3.277010e-15 5.296593e+01
      vertex   -2.662997e+01 2.622823e+00 5.296593e+01
    endloop
  endfacet
  facet normal -3.789310e-01 5.620911e-02 9.237163e-01
    outer loop
      vertex   -2.686999e+01 2.646463e+00 5.286603e+01
      vertex   -2.662997e+01 2.622823e+00 5.296593e+01
      vertex   -2.648120e+01 5.267439e+00 5.286603e+01
    endloop
  endfacet
  facet normal -3.789310e-01 5.620911e-02 9.237163e-01
    outer loop
      vertex   -2.648120e+01 5.267439e+00 5.286603e+01
      vertex   -2.662997e+01 2.622823e+00 5.296593e+01
      vertex   -2.624466e+01 5.220387e+00 5.296593e+01
    endloop
  endfacet
  facet normal -3.715969e-01 9.308018e-02 9.237163e-01
    outer loop
      vertex   -2.648120e+01 5.267439e+00 5.286603e+01
      vertex   -2.624466e+01 5.220387e+00 5.296593e+01
      vertex   -2.583739e+01 7.837686e+00 5.286603e+01
    endloop
  endfacet
  facet normal -3.715969e-01 9.308018e-02 9.237163e-01
    outer loop
      vertex   -2.583739e+01 7.837686e+00 5.286603e+01
      vertex   -2.624466e+01 5.220387e+00 5.296593e+01
      vertex   -2.560659e+01 7.767675e+00 5.296593e+01
    endloop
  endfacet
  facet normal -3.606841e-01 1.290548e-01 9.237163e-01
    outer loop
      vertex   -2.583739e+01 7.837686e+00 5.286603e+01
      vertex   -2.560659e+01 7.767675e+00 5.296593e+01
      vertex   -2.494475e+01 1.033245e+01 5.286603e+01
    endloop
  endfacet
  facet normal -3.606841e-01 1.290548e-01 9.237163e-01
    outer loop
      vertex   -2.494475e+01 1.033245e+01 5.286603e+01
      vertex   -2.560659e+01 7.767675e+00 5.296593e+01
      vertex   -2.472193e+01 1.024016e+01 5.296593e+01
    endloop
  endfacet
  facet normal -3.462977e-01 1.637866e-01 9.237163e-01
    outer loop
      vertex   -2.494475e+01 1.033245e+01 5.286603e+01
      vertex   -2.472193e+01 1.024016e+01 5.296593e+01
      vertex   -2.381187e+01 1.272771e+01 5.286603e+01
    endloop
  endfacet
  facet normal -3.462977e-01 1.637866e-01 9.237163e-01
    outer loop
      vertex   -2.381187e+01 1.272771e+01 5.286603e+01
      vertex   -2.472193e+01 1.024016e+01 5.296593e+01
      vertex   -2.359917e+01 1.261402e+01 5.296593e+01
    endloop
  endfacet
  facet normal -3.285763e-01 1.969411e-01 9.237163e-01
    outer loop
      vertex   -2.381187e+01 1.272771e+01 5.286603e+01
      vertex   -2.359917e+01 1.261402e+01 5.296593e+01
      vertex   -2.244968e+01 1.500040e+01 5.286603e+01
    endloop
  endfacet
  facet normal -3.285763e-01 1.969411e-01 9.237163e-01
    outer loop
      vertex   -2.244968e+01 1.500040e+01 5.286603e+01
      vertex   -2.359917e+01 1.261402e+01 5.296593e+01
      vertex   -2.224914e+01 1.486640e+01 5.296593e+01
    endloop
  endfacet
  facet normal -3.076905e-01 2.281989e-01 9.237163e-01
    outer loop
      vertex   -2.244968e+01 1.500040e+01 5.286603e+01
      vertex   -2.224914e+01 1.486640e+01 5.296593e+01
      vertex   -2.087128e+01 1.712862e+01 5.286603e+01
    endloop
  endfacet
  facet normal -3.076905e-01 2.281989e-01 9.237163e-01
    outer loop
      vertex   -2.087128e+01 1.712862e+01 5.286603e+01
      vertex   -2.224914e+01 1.486640e+01 5.296593e+01
      vertex   -2.068485e+01 1.697562e+01 5.296593e+01
    endloop
  endfacet
  facet normal -2.838415e-01 2.572590e-01 9.237163e-01
    outer loop
      vertex   -2.087128e+01 1.712862e+01 5.286603e+01
      vertex   -2.068485e+01 1.697562e+01 5.296593e+01
      vertex   -1.909188e+01 1.909188e+01 5.286603e+01
    endloop
  endfacet
  facet normal -2.838415e-01 2.572590e-01 9.237163e-01
    outer loop
      vertex   -1.909188e+01 1.909188e+01 5.286603e+01
      vertex   -2.068485e+01 1.697562e+01 5.296593e+01
      vertex   -1.892134e+01 1.892134e+01 5.296593e+01
    endloop
  endfacet
  facet normal -2.572590e-01 2.838415e-01 9.237163e-01
    outer loop
      vertex   -1.909188e+01 1.909188e+01 5.286603e+01
      vertex   -1.892134e+01 1.892134e+01 5.296593e+01
      vertex   -1.712862e+01 2.087128e+01 5.286603e+01
    endloop
  endfacet
  facet normal -2.572590e-01 2.838415e-01 9.237163e-01
    outer loop
      vertex   -1.712862e+01 2.087128e+01 5.286603e+01
      vertex   -1.892134e+01 1.892134e+01 5.296593e+01
      vertex   -1.697562e+01 2.068485e+01 5.296593e+01
    endloop
  endfacet
  facet normal -2.281989e-01 3.076905e-01 9.237163e-01
    outer loop
      vertex   -1.712862e+01 2.087128e+01 5.286603e+01
      vertex   -1.697562e+01 2.068485e+01 5.296593e+01
      vertex   -1.500040e+01 2.244968e+01 5.286603e+01
    endloop
  endfacet
  facet normal -2.281989e-01 3.076905e-01 9.237163e-01
    outer loop
      vertex   -1.500040e+01 2.244968e+01 5.286603e+01
      vertex   -1.697562e+01 2.068485e+01 5.296593e+01
      vertex   -1.486640e+01 2.224914e+01 5.296593e+01
    endloop
  endfacet
  facet normal -1.969411e-01 3.285763e-01 9.237163e-01
    outer loop
      vertex   -1.500040e+01 2.244968e+01 5.286603e+01
      vertex   -1.486640e+01 2.224914e+01 5.296593e+01
      vertex   -1.272771e+01 2.381187e+01 5.286603e+01
    endloop
  endfacet
  facet normal -1.969411e-01 3.285763e-01 9.237163e-01
    outer loop
      vertex   -1.272771e+01 2.381187e+01 5.286603e+01
      vertex   -1.486640e+01 2.224914e+01 5.296593e+01
      vertex   -1.261402e+01 2.359917e+01 5.296593e+01
    endloop
  endfacet
  facet normal -1.637866e-01 3.462977e-01 9.237163e-01
    outer loop
      vertex   -1.272771e+01 2.381187e+01 5.286603e+01
      vertex   -1.261402e+01 2.359917e+01 5.296593e+01
      vertex   -1.033245e+01 2.494475e+01 5.286603e+01
    endloop
  endfacet
  facet normal -1.637866e-01 3.462977e-01 9.237163e-01
    outer loop
      vertex   -1.033245e+01 2.494475e+01 5.286603e+01
      vertex   -1.261402e+01 2.359917e+01 5.296593e+01
      vertex   -1.024016e+01 2.472193e+01 5.296593e+01
    endloop
  endfacet
  facet normal -1.290548e-01 3.606841e-01 9.237163e-01
    outer loop
      vertex   -1.033245e+01 2.494475e+01 5.286603e+01
      vertex   -1.024016e+01 2.472193e+01 5.296593e+01
      vertex   -7.837686e+00 2.583739e+01 5.286603e+01
    endloop
  endfacet
  facet normal -1.290548e-01 3.606841e-01 9.237163e-01
    outer loop
      vertex   -7.837686e+00 2.583739e+01 5.286603e+01
      vertex   -1.024016e+01 2.472193e+01 5.296593e+01
      vertex   -7.767675e+00 2.560659e+01 5.296593e+01
    endloop
  endfacet
  facet normal -9.308018e-02 3.715969e-01 9.237163e-01
    outer loop
      vertex   -7.837686e+00 2.583739e+01 5.286603e+01
      vertex   -7.767675e+00 2.560659e+01 5.296593e+01
      vertex   -5.267439e+00 2.648120e+01 5.286603e+01
    endloop
  endfacet
  facet normal -9.308018e-02 3.715969e-01 9.237163e-01
    outer loop
      vertex   -5.267439e+00 2.648120e+01 5.286603e+01
      vertex   -7.767675e+00 2.560659e+01 5.296593e+01
      vertex   -5.220387e+00 2.624466e+01 5.296593e+01
    endloop
  endfacet
  facet normal -5.620911e-02 3.789310e-01 9.237163e-01
    outer loop
      vertex   -5.267439e+00 2.648120e+01 5.286603e+01
      vertex   -5.220387e+00 2.624466e+01 5.296593e+01
      vertex   -2.646463e+00 2.686999e+01 5.286603e+01
    endloop
  endfacet
  facet normal -5.620911e-02 3.789310e-01 9.237163e-01
    outer loop
      vertex   -2.646463e+00 2.686999e+01 5.286603e+01
      vertex   -5.220387e+00 2.624466e+01 5.296593e+01
      vertex   -2.622823e+00 2.662997e+01 5.296593e+01
    endloop
  endfacet
  facet normal -1.879671e-02 3.826158e-01 9.237163e-01
    outer loop
      vertex   -2.646463e+00 2.686999e+01 5.286603e+01
      vertex   -2.622823e+00 2.662997e+01 5.296593e+01
      vertex   -4.341931e-15 2.700000e+01 5.286603e+01
    endloop
  endfacet
  facet normal -1.879671e-02 3.826158e-01 9.237163e-01
    outer loop
      vertex   -4.341931e-15 2.700000e+01 5.286603e+01
      vertex   -2.622823e+00 2.662997e+01 5.296593e+01
      vertex   1.638505e-15 2.675882e+01 5.296593e+01
    endloop
  endfacet
  facet normal 1.879671e-02 3.826158e-01 9.237163e-01
    outer loop
      vertex   -4.341931e-15 2.700000e+01 5.286603e+01
      vertex   1.638505e-15 2.675882e+01 5.296593e+01
      vertex   2.646463e+00 2.686999e+01 5.286603e+01
    endloop
  endfacet
  facet normal 1.879671e-02 3.826158e-01 9.237163e-01
    outer loop
      vertex   2.646463e+00 2.686999e+01 5.286603e+01
      vertex   1.638505e-15 2.675882e+01 5.296593e+01
      vertex   2.622823e+00 2.662997e+01 5.296593e+01
    endloop
  endfacet
  facet normal 5.620911e-02 3.789310e-01 9.237163e-01
    outer loop
      vertex   2.646463e+00 2.686999e+01 5.286603e+01
      vertex   2.622823e+00 2.662997e+01 5.296593e+01
      vertex   5.267439e+00 2.648120e+01 5.286603e+01
    endloop
  endfacet
  facet normal 5.620911e-02 3.789310e-01 9.237163e-01
    outer loop
      vertex   5.267439e+00 2.648120e+01 5.286603e+01
      vertex   2.622823e+00 2.662997e+01 5.296593e+01
      vertex   5.220387e+00 2.624466e+01 5.296593e+01
    endloop
  endfacet
  facet normal 9.308018e-02 3.715969e-01 9.237163e-01
    outer loop
      vertex   5.267439e+00 2.648120e+01 5.286603e+01
      vertex   5.220387e+00 2.624466e+01 5.296593e+01
      vertex   7.837686e+00 2.583739e+01 5.286603e+01
    endloop
  endfacet
  facet normal 9.308018e-02 3.715969e-01 9.237163e-01
    outer loop
      vertex   7.837686e+00 2.583739e+01 5.286603e+01
      vertex   5.220387e+00 2.624466e+01 5.296593e+01
      vertex   7.767675e+00 2.560659e+01 5.296593e+01
    endloop
  endfacet
  facet normal 1.290548e-01 3.606841e-01 9.237163e-01
    outer loop
      vertex   7.837686e+00 2.583739e+01 5.286603e+01
      vertex   7.767675e+00 2.560659e+01 5.296593e+01
      vertex   1.033245e+01 2.494475e+01 5.286603e+01
    endloop
  endfacet
  facet normal 1.290548e-01 3.606841e-01 9.237163e-01
    outer loop
      vertex   1.033245e+01 2.494475e+01 5.286603e+01
      vertex   7.767675e+00 2.560659e+01 5.296593e+01
      vertex   1.024016e+01 2.472193e+01 5.296593e+01
    endloop
  endfacet
  facet normal 1.637866e-01 3.462977e-01 9.237163e-01
    outer loop
      vertex   1.033245e+01 2.494475e+01 5.286603e+01
      vertex   1.024016e+01 2.472193e+01 5.296593e+01
      vertex   1.272771e+01 2.381187e+01 5.286603e+01
    endloop
  endfacet
  facet normal 1.637866e-01 3.462977e-01 9.237163e-01
    outer loop
      vertex   1.272771e+01 2.381187e+01 5.286603e+01
      vertex   1.024016e+01 2.472193e+01 5.296593e+01
      vertex   1.261402e+01 2.359917e+01 5.296593e+01
    endloop
  endfacet
  facet normal 1.969411e-01 3.285763e-01 9.237163e-01
    outer loop
      vertex   1.272771e+01 2.381187e+01 5.286603e+01
      vertex   1.261402e+01 2.359917e+01 5.296593e+01
      vertex   1.500040e+01 2.244968e+01 5.286603e+01
    endloop
  endfacet
  facet normal 1.969411e-01 3.285763e-01 9.237163e-01
    outer loop
      vertex   1.500040e+01 2.244968e+01 5.286603e+01
      vertex   1.261402e+01 2.359917e+01 5.296593e+01
      vertex   1.486640e+01 2.224914e+01 5.296593e+01
    endloop
  endfacet
  facet normal 2.281989e-01 3.076905e-01 9.237163e-01
    outer loop
      vertex   1.500040e+01 2.244968e+01 5.286603e+01
      vertex   1.486640e+01 2.224914e+01 5.296593e+01
      vertex   1.712862e+01 2.087128e+01 5.286603e+01
    endloop
  endfacet
  facet normal 2.281989e-01 3.076905e-01 9.237163e-01
    outer loop
      vertex   1.712862e+01 2.087128e+01 5.286603e+01
      vertex   1.486640e+01 2.224914e+01 5.296593e+01
      vertex   1.697562e+01 2.068485e+01 5.296593e+01
    endloop
  endfacet
  facet normal 2.572590e-01 2.838415e-01 9.237163e-01
    outer loop
      vertex   1.712862e+01 2.087128e+01 5.286603e+01
      vertex   1.697562e+01 2.068485e+01 5.296593e+01
      vertex   1.909188e+01 1.909188e+01 5.286603e+01
    endloop
  endfacet
  facet normal 2.572590e-01 2.838415e-01 9.237163e-01
    outer loop
      vertex   1.909188e+01 1.909188e+01 5.286603e+01
      vertex   1.697562e+01 2.068485e+01 5.296593e+01
      vertex   1.892134e+01 1.892134e+01 5.296593e+01
    endloop
  endfacet
  facet normal 2.838415e-01 2.572590e-01 9.237163e-01
    outer loop
      vertex   1.909188e+01 1.909188e+01 5.286603e+01
      vertex   1.892134e+01 1.892134e+01 5.296593e+01
      vertex   2.087128e+01 1.712862e+01 5.286603e+01
    endloop
  endfacet
  facet normal 2.838415e-01 2.572590e-01 9.237163e-01
    outer loop
      vertex   2.087128e+01 1.712862e+01 5.286603e+01
      vertex   1.892134e+01 1.892134e+01 5.296593e+01
      vertex   2.068485e+01 1.697562e+01 5.296593e+01
    endloop
  endfacet
  facet normal 3.076905e-01 2.281989e-01 9.237163e-01
    outer loop
      vertex   2.087128e+01 1.712862e+01 5.286603e+01
      vertex   2.068485e+01 1.697562e+01 5.296593e+01
      vertex   2.244968e+01 1.500040e+01 5.286603e+01
    endloop
  endfacet
  facet normal 3.076905e-01 2.281989e-01 9.237163e-01
    outer loop
      vertex   2.244968e+01 1.500040e+01 5.286603e+01
      vertex   2.068485e+01 1.697562e+01 5.296593e+01
      vertex   2.224914e+01 1.486640e+01 5.296593e+01
    endloop
  endfacet
  facet normal 3.285763e-01 1.969411e-01 9.237163e-01
    outer loop
      vertex   2.244968e+01 1.500040e+01 5.286603e+01
      vertex   2.224914e+01 1.486640e+01 5.296593e+01
      vertex   2.381187e+01 1.272771e+01 5.286603e+01
    endloop
  endfacet
  facet normal 3.285763e-01 1.969411e-01 9.237163e-01
    outer loop
      vertex   2.381187e+01 1.272771e+01 5.286603e+01
      vertex   2.224914e+01 1.486640e+01 5.296593e+01
      vertex   2.359917e+01 1.261402e+01 5.296593e+01
    endloop
  endfacet
  facet normal 3.462977e-01 1.637866e-01 9.237163e-01
    outer loop
      vertex   2.381187e+01 1.272771e+01 5.286603e+01
      vertex   2.359917e+01 1.261402e+01 5.296593e+01
      vertex   2.494475e+01 1.033245e+01 5.286603e+01
    endloop
  endfacet
  facet normal 3.462977e-01 1.637866e-01 9.237163e-01
    outer loop
      vertex   2.494475e+01 1.033245e+01 5.286603e+01
      vertex   2.359917e+01 1.261402e+01 5.296593e+01
      vertex   2.472193e+01 1.024016e+01 5.296593e+01
    endloop
  endfacet
  facet normal 3.606841e-01 1.290548e-01 9.237163e-01
    outer loop
      vertex   2.494475e+01 1.033245e+01 5.286603e+01
      vertex   2.472193e+01 1.024016e+01 5.296593e+01
      vertex   2.583739e+01 7.837686e+00 5.286603e+01
    endloop
  endfacet
  facet normal 3.606841e-01 1.290548e-01 9.237163e-01
    outer loop
      vertex   2.583739e+01 7.837686e+00 5.286603e+01
      vertex   2.472193e+01 1.024016e+01 5.296593e+01
      vertex   2.560659e+01 7.767675e+00 5.296593e+01
    endloop
  endfacet
  facet normal 3.715969e-01 9.308018e-02 9.237163e-01
    outer loop
      vertex   2.583739e+01 7.837686e+00 5.286603e+01
      vertex   2.560659e+01 7.767675e+00 5.296593e+01
      vertex   2.648120e+01 5.267439e+00 5.286603e+01
    endloop
  endfacet
  facet normal 3.715969e-01 9.308018e-02 9.237163e-01
    outer loop
      vertex   2.648120e+01 5.267439e+00 5.286603e+01
      vertex   2.560659e+01 7.767675e+00 5.296593e+01
      vertex   2.624466e+01 5.220387e+00 5.296593e+01
    endloop
  endfacet
  facet normal 3.789310e-01 5.620911e-02 9.237163e-01
    outer loop
      vertex   2.648120e+01 5.267439e+00 5.286603e+01
      vertex   2.624466e+01 5.220387e+00 5.296593e+01
      vertex   2.686999e+01 2.646463e+00 5.286603e+01
    endloop
  endfacet
  facet normal 3.789310e-01 5.620911e-02 9.237163e-01
    outer loop
      vertex   2.686999e+01 2.646463e+00 5.286603e+01
      vertex   2.624466e+01 5.220387e+00 5.296593e+01
      vertex   2.662997e+01 2.622823e+00 5.296593e+01
    endloop
  endfacet
  facet normal -6.084894e-01 -2.989317e-02 7.929988e-01
    outer loop
      vertex   -2.700000e+01 3.306546e-15 5.286603e+01
      vertex   -2.720711e+01 3.331910e-15 5.270711e+01
      vertex   -2.686999e+01 -2.646463e+00 5.286603e+01
    endloop
  endfacet
  facet normal -6.084894e-01 -2.989317e-02 7.929988e-01
    outer loop
      vertex   -2.686999e+01 -2.646463e+00 5.286603e+01
      vertex   -2.720711e+01 3.331910e-15 5.270711e+01
      vertex   -2.707610e+01 -2.666763e+00 5.270711e+01
    endloop
  endfacet
  facet normal -6.026293e-01 -8.939161e-02 7.929988e-01
    outer loop
      vertex   -2.686999e+01 -2.646463e+00 5.286603e+01
      vertex   -2.707610e+01 -2.666763e+00 5.270711e+01
      vertex   -2.648120e+01 -5.267439e+00 5.286603e+01
    endloop
  endfacet
  facet normal -6.026293e-01 -8.939161e-02 7.929988e-01
    outer loop
      vertex   -2.648120e+01 -5.267439e+00 5.286603e+01
      vertex   -2.707610e+01 -2.666763e+00 5.270711e+01
      vertex   -2.668433e+01 -5.307843e+00 5.270711e+01
    endloop
  endfacet
  facet normal -5.909656e-01 -1.480292e-01 7.929988e-01
    outer loop
      vertex   -2.648120e+01 -5.267439e+00 5.286603e+01
      vertex   -2.668433e+01 -5.307843e+00 5.270711e+01
      vertex   -2.583739e+01 -7.837686e+00 5.286603e+01
    endloop
  endfacet
  facet normal -5.909656e-01 -1.480292e-01 7.929988e-01
    outer loop
      vertex   -2.583739e+01 -7.837686e+00 5.286603e+01
      vertex   -2.668433e+01 -5.307843e+00 5.270711e+01
      vertex   -2.603558e+01 -7.897806e+00 5.270711e+01
    endloop
  endfacet
  facet normal -5.736105e-01 -2.052411e-01 7.929988e-01
    outer loop
      vertex   -2.583739e+01 -7.837686e+00 5.286603e+01
      vertex   -2.603558e+01 -7.897806e+00 5.270711e+01
      vertex   -2.494475e+01 -1.033245e+01 5.286603e+01
    endloop
  endfacet
  facet normal -5.736105e-01 -2.052411e-01 7.929988e-01
    outer loop
      vertex   -2.494475e+01 -1.033245e+01 5.286603e+01
      vertex   -2.603558e+01 -7.897806e+00 5.270711e+01
      vertex   -2.513609e+01 -1.041171e+01 5.270711e+01
    endloop
  endfacet
  facet normal -5.507313e-01 -2.604765e-01 7.929988e-01
    outer loop
      vertex   -2.494475e+01 -1.033245e+01 5.286603e+01
      vertex   -2.513609e+01 -1.041171e+01 5.270711e+01
      vertex   -2.381187e+01 -1.272771e+01 5.286603e+01
    endloop
  endfacet
  facet normal -5.507313e-01 -2.604765e-01 7.929988e-01
    outer loop
      vertex   -2.381187e+01 -1.272771e+01 5.286603e+01
      vertex   -2.513609e+01 -1.041171e+01 5.270711e+01
      vertex   -2.399453e+01 -1.282534e+01 5.270711e+01
    endloop
  endfacet
  facet normal -5.225482e-01 -3.132033e-01 7.929988e-01
    outer loop
      vertex   -2.381187e+01 -1.272771e+01 5.286603e+01
      vertex   -2.399453e+01 -1.282534e+01 5.270711e+01
      vertex   -2.244968e+01 -1.500040e+01 5.286603e+01
    endloop
  endfacet
  facet normal -5.225482e-01 -3.132033e-01 7.929988e-01
    outer loop
      vertex   -2.244968e+01 -1.500040e+01 5.286603e+01
      vertex   -2.399453e+01 -1.282534e+01 5.270711e+01
      vertex   -2.262188e+01 -1.511546e+01 5.270711e+01
    endloop
  endfacet
  facet normal -4.893327e-01 -3.629138e-01 7.929988e-01
    outer loop
      vertex   -2.244968e+01 -1.500040e+01 5.286603e+01
      vertex   -2.262188e+01 -1.511546e+01 5.270711e+01
      vertex   -2.087128e+01 -1.712862e+01 5.286603e+01
    endloop
  endfacet
  facet normal -4.893327e-01 -3.629138e-01 7.929988e-01
    outer loop
      vertex   -2.087128e+01 -1.712862e+01 5.286603e+01
      vertex   -2.262188e+01 -1.511546e+01 5.270711e+01
      vertex   -2.103138e+01 -1.726001e+01 5.270711e+01
    endloop
  endfacet
  facet normal -4.514046e-01 -4.091293e-01 7.929988e-01
    outer loop
      vertex   -2.087128e+01 -1.712862e+01 5.286603e+01
      vertex   -2.103138e+01 -1.726001e+01 5.270711e+01
      vertex   -1.909188e+01 -1.909188e+01 5.286603e+01
    endloop
  endfacet
  facet normal -4.514046e-01 -4.091293e-01 7.929988e-01
    outer loop
      vertex   -1.909188e+01 -1.909188e+01 5.286603e+01
      vertex   -2.103138e+01 -1.726001e+01 5.270711e+01
      vertex   -1.923833e+01 -1.923833e+01 5.270711e+01
    endloop
  endfacet
  facet normal -4.091293e-01 -4.514046e-01 7.929988e-01
    outer loop
      vertex   -1.909188e+01 -1.909188e+01 5.286603e+01
      vertex   -1.923833e+01 -1.923833e+01 5.270711e+01
      vertex   -1.712862e+01 -2.087128e+01 5.286603e+01
    endloop
  endfacet
  facet normal -4.091293e-01 -4.514046e-01 7.929988e-01
    outer loop
      vertex   -1.712862e+01 -2.087128e+01 5.286603e+01
      vertex   -1.923833e+01 -1.923833e+01 5.270711e+01
      vertex   -1.726001e+01 -2.103138e+01 5.270711e+01
    endloop
  endfacet
  facet normal -3.629138e-01 -4.893327e-01 7.929988e-01
    outer loop
      vertex   -1.712862e+01 -2.087128e+01 5.286603e+01
      vertex   -1.726001e+01 -2.103138e+01 5.270711e+01
      vertex   -1.500040e+01 -2.244968e+01 5.286603e+01
    endloop
  endfacet
  facet normal -3.629138e-01 -4.893327e-01 7.929988e-01
    outer loop
      vertex   -1.500040e+01 -2.244968e+01 5.286603e+01
      vertex   -1.726001e+01 -2.103138e+01 5.270711e+01
      vertex   -1.511546e+01 -2.262188e+01 5.270711e+01
    endloop
  endfacet
  facet normal -3.132033e-01 -5.225482e-01 7.929988e-01
    outer loop
      vertex   -1.500040e+01 -2.244968e+01 5.286603e+01
      vertex   -1.511546e+01 -2.262188e+01 5.270711e+01
      vertex   -1.272771e+01 -2.381187e+01 5.286603e+01
    endloop
  endfacet
  facet normal -3.132033e-01 -5.225482e-01 7.929988e-01
    outer loop
      vertex   -1.272771e+01 -2.381187e+01 5.286603e+01
      vertex   -1.511546e+01 -2.262188e+01 5.270711e+01
      vertex   -1.282534e+01 -2.399453e+01 5.270711e+01
    endloop
  endfacet
  facet normal -2.604765e-01 -5.507313e-01 7.929988e-01
    outer loop
      vertex   -1.272771e+01 -2.381187e+01 5.286603e+01
      vertex   -1.282534e+01 -2.399453e+01 5.270711e+01
      vertex   -1.033245e+01 -2.494475e+01 5.286603e+01
    endloop
  endfacet
  facet normal -2.604765e-01 -5.507313e-01 7.929988e-01
    outer loop
      vertex   -1.033245e+01 -2.494475e+01 5.286603e+01
      vertex   -1.282534e+01 -2.399453e+01 5.270711e+01
      vertex   -1.041171e+01 -2.513609e+01 5.270711e+01
    endloop
  endfacet
  facet normal -2.052411e-01 -5.736105e-01 7.929988e-01
    outer loop
      vertex   -1.033245e+01 -2.494475e+01 5.286603e+01
      vertex   -1.041171e+01 -2.513609e+01 5.270711e+01
      vertex   -7.837686e+00 -2.583739e+01 5.286603e+01
    endloop
  endfacet
  facet normal -2.052411e-01 -5.736105e-01 7.929988e-01
    outer loop
      vertex   -7.837686e+00 -2.583739e+01 5.286603e+01
      vertex   -1.041171e+01 -2.513609e+01 5.270711e+01
      vertex   -7.897806e+00 -2.603558e+01 5.270711e+01
    endloop
  endfacet
  facet normal -1.480292e-01 -5.909656e-01 7.929988e-01
    outer loop
      vertex   -7.837686e+00 -2.583739e+01 5.286603e+01
      vertex   -7.897806e+00 -2.603558e+01 5.270711e+01
      vertex   -5.267439e+00 -2.648120e+01 5.286603e+01
    endloop
  endfacet
  facet normal -1.480292e-01 -5.909656e-01 7.929988e-01
    outer loop
      vertex   -5.267439e+00 -2.648120e+01 5.286603e+01
      vertex   -7.897806e+00 -2.603558e+01 5.270711e+01
      vertex   -5.307843e+00 -2.668433e+01 5.270711e+01
    endloop
  endfacet
  facet normal -8.939161e-02 -6.026293e-01 7.929988e-01
    outer loop
      vertex   -5.267439e+00 -2.648120e+01 5.286603e+01
      vertex   -5.307843e+00 -2.668433e+01 5.270711e+01
      vertex   -2.646463e+00 -2.686999e+01 5.286603e+01
    endloop
  endfacet
  facet normal -8.939161e-02 -6.026293e-01 7.929988e-01
    outer loop
      vertex   -2.646463e+00 -2.686999e+01 5.286603e+01
      vertex   -5.307843e+00 -2.668433e+01 5.270711e+01
      vertex   -2.666763e+00 -2.707610e+01 5.270711e+01
    endloop
  endfacet
  facet normal -2.989317e-02 -6.084894e-01 7.929988e-01
    outer loop
      vertex   -2.646463e+00 -2.686999e+01 5.286603e+01
      vertex   -2.666763e+00 -2.707610e+01 5.270711e+01
      vertex   -4.341931e-15 -2.700000e+01 5.286603e+01
    endloop
  endfacet
  facet normal -2.989317e-02 -6.084894e-01 7.929988e-01
    outer loop
      vertex   -4.341931e-15 -2.700000e+01 5.286603e+01
      vertex   -2.666763e+00 -2.707610e+01 5.270711e+01
      vertex   -4.375236e-15 -2.720711e+01 5.270711e+01
    endloop
  endfacet
  facet normal 2.989317e-02 -6.084894e-01 7.929988e-01
    outer loop
      vertex   -4.341931e-15 -2.700000e+01 5.286603e+01
      vertex   -4.375236e-15 -2.720711e+01 5.270711e+01
      vertex   2.646463e+00 -2.686999e+01 5.286603e+01
    endloop
  endfacet
  facet normal 2.989317e-02 -6.084894e-01 7.929988e-01
    outer loop
      vertex   2.646463e+00 -2.686999e+01 5.286603e+01
      vertex   -4.375236e-15 -2.720711e+01 5.270711e+01
      vertex   2.666763e+00 -2.707610e+01 5.270711e+01
    endloop
  endfacet
  facet normal 8.939161e-02 -6.026293e-01 7.929988e-01
    outer loop
      vertex   2.646463e+00 -2.686999e+01 5.286603e+01
      vertex   2.666763e+00 -2.707610e+01 5.270711e+01
      vertex   5.267439e+00 -2.648120e+01 5.286603e+01
    endloop
  endfacet
  facet normal 8.939161e-02 -6.026293e-01 7.929988e-01
    outer loop
      vertex   5.267439e+00 -2.648120e+01 5.286603e+01
      vertex   2.666763e+00 -2.707610e+01 5.270711e+01
      vertex   5.307843e+00 -2.668433e+01 5.270711e+01
    endloop
  endfacet
  facet normal 1.480292e-01 -5.909656e-01 7.929988e-01
    outer loop
      vertex   5.267439e+00 -2.648120e+01 5.286603e+01
      vertex   5.307843e+00 -2.668433e+01 5.270711e+01
      vertex   7.837686e+00 -2.583739e+01 5.286603e+01
    endloop
  endfacet
  facet normal 1.480292e-01 -5.909656e-01 7.929988e-01
    outer loop
      vertex   7.837686e+00 -2.583739e+01 5.286603e+01
      vertex   5.307843e+00 -2.668433e+01 5.270711e+01
      vertex   7.897806e+00 -2.603558e+01 5.270711e+01
    endloop
  endfacet
  facet normal 2.052411e-01 -5.736105e-01 7.929988e-01
    outer loop
      vertex   7.837686e+00 -2.583739e+01 5.286603e+01
      vertex   7.897806e+00 -2.603558e+01 5.270711e+01
      vertex   1.033245e+01 -2.494475e+01 5.286603e+01
    endloop
  endfacet
  facet normal 2.052411e-01 -5.736105e-01 7.929988e-01
    outer loop
      vertex   1.033245e+01 -2.494475e+01 5.286603e+01
      vertex   7.897806e+00 -2.603558e+01 5.270711e+01
      vertex   1.041171e+01 -2.513609e+01 5.270711e+01
    endloop
  endfacet
  facet normal 2.604765e-01 -5.507313e-01 7.929988e-01
    outer loop
      vertex   1.033245e+01 -2.494475e+01 5.286603e+01
      vertex   1.041171e+01 -2.513609e+01 5.270711e+01
      vertex   1.272771e+01 -2.381187e+01 5.286603e+01
    endloop
  endfacet
  facet normal 2.604765e-01 -5.507313e-01 7.929988e-01
    outer loop
      vertex   1.272771e+01 -2.381187e+01 5.286603e+01
      vertex   1.041171e+01 -2.513609e+01 5.270711e+01
      vertex   1.282534e+01 -2.399453e+01 5.270711e+01
    endloop
  endfacet
  facet normal 3.132033e-01 -5.225482e-01 7.929988e-01
    outer loop
      vertex   1.272771e+01 -2.381187e+01 5.286603e+01
      vertex   1.282534e+01 -2.399453e+01 5.270711e+01
      vertex   1.500040e+01 -2.244968e+01 5.286603e+01
    endloop
  endfacet
  facet normal 3.132033e-01 -5.225482e-01 7.929988e-01
    outer loop
      vertex   1.500040e+01 -2.244968e+01 5.286603e+01
      vertex   1.282534e+01 -2.399453e+01 5.270711e+01
      vertex   1.511546e+01 -2.262188e+01 5.270711e+01
    endloop
  endfacet
  facet normal 3.629138e-01 -4.893327e-01 7.929988e-01
    outer loop
      vertex   1.500040e+01 -2.244968e+01 5.286603e+01
      vertex   1.511546e+01 -2.262188e+01 5.270711e+01
      vertex   1.712862e+01 -2.087128e+01 5.286603e+01
    endloop
  endfacet
  facet normal 3.629138e-01 -4.893327e-01 7.929988e-01
    outer loop
      vertex   1.712862e+01 -2.087128e+01 5.286603e+01
      vertex   1.511546e+01 -2.262188e+01 5.270711e+01
      vertex   1.726001e+01 -2.103138e+01 5.270711e+01
    endloop
  endfacet
  facet normal 4.091293e-01 -4.514046e-01 7.929988e-01
    outer loop
      vertex   1.712862e+01 -2.087128e+01 5.286603e+01
      vertex   1.726001e+01 -2.103138e+01 5.270711e+01
      vertex   1.909188e+01 -1.909188e+01 5.286603e+01
    endloop
  endfacet
  facet normal 4.091293e-01 -4.514046e-01 7.929988e-01
    outer loop
      vertex   1.909188e+01 -1.909188e+01 5.286603e+01
      vertex   1.726001e+01 -2.103138e+01 5.270711e+01
      vertex   1.923833e+01 -1.923833e+01 5.270711e+01
    endloop
  endfacet
  facet normal 4.514046e-01 -4.091293e-01 7.929988e-01
    outer loop
      vertex   1.909188e+01 -1.909188e+01 5.286603e+01
      vertex   1.923833e+01 -1.923833e+01 5.270711e+01
      vertex   2.087128e+01 -1.712862e+01 5.286603e+01
    endloop
  endfacet
  facet normal 4.514046e-01 -4.091293e-01 7.929988e-01
    outer loop
      vertex   2.087128e+01 -1.712862e+01 5.286603e+01
      vertex   1.923833e+01 -1.923833e+01 5.270711e+01
      vertex   2.103138e+01 -1.726001e+01 5.270711e+01
    endloop
  endfacet
  facet normal 4.893327e-01 -3.629138e-01 7.929988e-01
    outer loop
      vertex   2.087128e+01 -1.712862e+01 5.286603e+01
      vertex   2.103138e+01 -1.726001e+01 5.270711e+01
      vertex   2.244968e+01 -1.500040e+01 5.286603e+01
    endloop
  endfacet
  facet normal 4.893327e-01 -3.629138e-01 7.929988e-01
    outer loop
      vertex   2.244968e+01 -1.500040e+01 5.286603e+01
      vertex   2.103138e+01 -1.726001e+01 5.270711e+01
      vertex   2.262188e+01 -1.511546e+01 5.270711e+01
    endloop
  endfacet
  facet normal 5.225482e-01 -3.132033e-01 7.929988e-01
    outer loop
      vertex   2.244968e+01 -1.500040e+01 5.286603e+01
      vertex   2.262188e+01 -1.511546e+01 5.270711e+01
      vertex   2.381187e+01 -1.272771e+01 5.286603e+01
    endloop
  endfacet
  facet normal 5.225482e-01 -3.132033e-01 7.929988e-01
    outer loop
      vertex   2.381187e+01 -1.272771e+01 5.286603e+01
      vertex   2.262188e+01 -1.511546e+01 5.270711e+01
      vertex   2.399453e+01 -1.282534e+01 5.270711e+01
    endloop
  endfacet
  facet normal 5.507313e-01 -2.604765e-01 7.929988e-01
    outer loop
      vertex   2.381187e+01 -1.272771e+01 5.286603e+01
      vertex   2.399453e+01 -1.282534e+01 5.270711e+01
      vertex   2.494475e+01 -1.033245e+01 5.286603e+01
    endloop
  endfacet
  facet normal 5.507313e-01 -2.604765e-01 7.929988e-01
    outer loop
      vertex   2.494475e+01 -1.033245e+01 5.286603e+01
      vertex   2.399453e+01 -1.282534e+01 5.270711e+01
      vertex   2.513609e+01 -1.041171e+01 5.270711e+01
    endloop
  endfacet
  facet normal 5.736105e-01 -2.052411e-01 7.929988e-01
    outer loop
      vertex   2.494475e+01 -1.033245e+01 5.286603e+01
      vertex   2.513609e+01 -1.041171e+01 5.270711e+01
      vertex   2.583739e+01 -7.837686e+00 5.286603e+01
    endloop
  endfacet
  facet normal 5.736105e-01 -2.052411e-01 7.929988e-01
    outer loop
      vertex   2.583739e+01 -7.837686e+00 5.286603e+01
      vertex   2.513609e+01 -1.041171e+01 5.270711e+01
      vertex   2.603558e+01 -7.897806e+00 5.270711e+01
    endloop
  endfacet
  facet normal 5.909656e-01 -1.480292e-01 7.929988e-01
    outer loop
      vertex   2.583739e+01 -7.837686e+00 5.286603e+01
      vertex   2.603558e+01 -7.897806e+00 5.270711e+01
      vertex   2.648120e+01 -5.267439e+00 5.286603e+01
    endloop
  endfacet
  facet normal 5.909656e-01 -1.480292e-01 7.929988e-01
    outer loop
      vertex   2.648120e+01 -5.267439e+00 5.286603e+01
      vertex   2.603558e+01 -7.897806e+00 5.270711e+01
      vertex   2.668433e+01 -5.307843e+00 5.270711e+01
    endloop
  endfacet
  facet normal 6.026293e-01 -8.939161e-02 7.929988e-01
    outer loop
      vertex   2.648120e+01 -5.267439e+00 5.286603e+01
      vertex   2.668433e+01 -5.307843e+00 5.270711e+01
      vertex   2.686999e+01 -2.646463e+00 5.286603e+01
    endloop
  endfacet
  facet normal 6.026293e-01 -8.939161e-02 7.929988e-01
    outer loop
      vertex   2.686999e+01 -2.646463e+00 5.286603e+01
      vertex   2.668433e+01 -5.307843e+00 5.270711e+01
      vertex   2.707610e+01 -2.666763e+00 5.270711e+01
    endloop
  endfacet
  facet normal 6.084894e-01 -2.989317e-02 7.929988e-01
    outer loop
      vertex   2.686999e+01 -2.646463e+00 5.286603e+01
      vertex   2.707610e+01 -2.666763e+00 5.270711e+01
      vertex   2.700000e+01 -1.102182e-15 5.286603e+01
    endloop
  endfacet
  facet normal 6.084894e-01 -2.989317e-02 7.929988e-01
    outer loop
      vertex   2.700000e+01 -1.102182e-15 5.286603e+01
      vertex   2.707610e+01 -2.666763e+00 5.270711e+01
      vertex   2.720711e+01 -9.557574e-30 5.270711e+01
    endloop
  endfacet
  facet normal -3.826158e-01 -1.879671e-02 9.237163e-01
    outer loop
      vertex   -2.675882e+01 -3.277010e-15 5.296593e+01
      vertex   -2.700000e+01 3.306546e-15 5.286603e+01
      vertex   -2.662997e+01 -2.622823e+00 5.296593e+01
    endloop
  endfacet
  facet normal -3.826158e-01 -1.879671e-02 9.237163e-01
    outer loop
      vertex   -2.662997e+01 -2.622823e+00 5.296593e+01
      vertex   -2.700000e+01 3.306546e-15 5.286603e+01
      vertex   -2.686999e+01 -2.646463e+00 5.286603e+01
    endloop
  endfacet
  facet normal -3.789310e-01 -5.620911e-02 9.237163e-01
    outer loop
      vertex   -2.662997e+01 -2.622823e+00 5.296593e+01
      vertex   -2.686999e+01 -2.646463e+00 5.286603e+01
      vertex   -2.624466e+01 -5.220387e+00 5.296593e+01
    endloop
  endfacet
  facet normal -3.789310e-01 -5.620911e-02 9.237163e-01
    outer loop
      vertex   -2.624466e+01 -5.220387e+00 5.296593e+01
      vertex   -2.686999e+01 -2.646463e+00 5.286603e+01
      vertex   -2.648120e+01 -5.267439e+00 5.286603e+01
    endloop
  endfacet
  facet normal -3.715969e-01 -9.308018e-02 9.237163e-01
    outer loop
      vertex   -2.624466e+01 -5.220387e+00 5.296593e+01
      vertex   -2.648120e+01 -5.267439e+00 5.286603e+01
      vertex   -2.560659e+01 -7.767675e+00 5.296593e+01
    endloop
  endfacet
  facet normal -3.715969e-01 -9.308018e-02 9.237163e-01
    outer loop
      vertex   -2.560659e+01 -7.767675e+00 5.296593e+01
      vertex   -2.648120e+01 -5.267439e+00 5.286603e+01
      vertex   -2.583739e+01 -7.837686e+00 5.286603e+01
    endloop
  endfacet
  facet normal -3.606841e-01 -1.290548e-01 9.237163e-01
    outer loop
      vertex   -2.560659e+01 -7.767675e+00 5.296593e+01
      vertex   -2.583739e+01 -7.837686e+00 5.286603e+01
      vertex   -2.472193e+01 -1.024016e+01 5.296593e+01
    endloop
  endfacet
  facet normal -3.606841e-01 -1.290548e-01 9.237163e-01
    outer loop
      vertex   -2.472193e+01 -1.024016e+01 5.296593e+01
      vertex   -2.583739e+01 -7.837686e+00 5.286603e+01
      vertex   -2.494475e+01 -1.033245e+01 5.286603e+01
    endloop
  endfacet
  facet normal -3.462977e-01 -1.637866e-01 9.237163e-01
    outer loop
      vertex   -2.472193e+01 -1.024016e+01 5.296593e+01
      vertex   -2.494475e+01 -1.033245e+01 5.286603e+01
      vertex   -2.359917e+01 -1.261402e+01 5.296593e+01
    endloop
  endfacet
  facet normal -3.462977e-01 -1.637866e-01 9.237163e-01
    outer loop
      vertex   -2.359917e+01 -1.261402e+01 5.296593e+01
      vertex   -2.494475e+01 -1.033245e+01 5.286603e+01
      vertex   -2.381187e+01 -1.272771e+01 5.286603e+01
    endloop
  endfacet
  facet normal -3.285763e-01 -1.969411e-01 9.237163e-01
    outer loop
      vertex   -2.359917e+01 -1.261402e+01 5.296593e+01
      vertex   -2.381187e+01 -1.272771e+01 5.286603e+01
      vertex   -2.224914e+01 -1.486640e+01 5.296593e+01
    endloop
  endfacet
  facet normal -3.285763e-01 -1.969411e-01 9.237163e-01
    outer loop
      vertex   -2.224914e+01 -1.486640e+01 5.296593e+01
      vertex   -2.381187e+01 -1.272771e+01 5.286603e+01
      vertex   -2.244968e+01 -1.500040e+01 5.286603e+01
    endloop
  endfacet
  facet normal -3.076905e-01 -2.281989e-01 9.237163e-01
    outer loop
      vertex   -2.224914e+01 -1.486640e+01 5.296593e+01
      vertex   -2.244968e+01 -1.500040e+01 5.286603e+01
      vertex   -2.068485e+01 -1.697562e+01 5.296593e+01
    endloop
  endfacet
  facet normal -3.076905e-01 -2.281989e-01 9.237163e-01
    outer loop
      vertex   -2.068485e+01 -1.697562e+01 5.296593e+01
      vertex   -2.244968e+01 -1.500040e+01 5.286603e+01
      vertex   -2.087128e+01 -1.712862e+01 5.286603e+01
    endloop
  endfacet
  facet normal -2.838415e-01 -2.572590e-01 9.237163e-01
    outer loop
      vertex   -2.068485e+01 -1.697562e+01 5.296593e+01
      vertex   -2.087128e+01 -1.712862e+01 5.286603e+01
      vertex   -1.892134e+01 -1.892134e+01 5.296593e+01
    endloop
  endfacet
  facet normal -2.838415e-01 -2.572590e-01 9.237163e-01
    outer loop
      vertex   -1.892134e+01 -1.892134e+01 5.296593e+01
      vertex   -2.087128e+01 -1.712862e+01 5.286603e+01
      vertex   -1.909188e+01 -1.909188e+01 5.286603e+01
    endloop
  endfacet
  facet normal -2.572590e-01 -2.838415e-01 9.237163e-01
    outer loop
      vertex   -1.892134e+01 -1.892134e+01 5.296593e+01
      vertex   -1.909188e+01 -1.909188e+01 5.286603e+01
      vertex   -1.697562e+01 -2.068485e+01 5.296593e+01
    endloop
  endfacet
  facet normal -2.572590e-01 -2.838415e-01 9.237163e-01
    outer loop
      vertex   -1.697562e+01 -2.068485e+01 5.296593e+01
      vertex   -1.909188e+01 -1.909188e+01 5.286603e+01
      vertex   -1.712862e+01 -2.087128e+01 5.286603e+01
    endloop
  endfacet
  facet normal -2.281989e-01 -3.076905e-01 9.237163e-01
    outer loop
      vertex   -1.697562e+01 -2.068485e+01 5.296593e+01
      vertex   -1.712862e+01 -2.087128e+01 5.286603e+01
      vertex   -1.486640e+01 -2.224914e+01 5.296593e+01
    endloop
  endfacet
  facet normal -2.281989e-01 -3.076905e-01 9.237163e-01
    outer loop
      vertex   -1.486640e+01 -2.224914e+01 5.296593e+01
      vertex   -1.712862e+01 -2.087128e+01 5.286603e+01
      vertex   -1.500040e+01 -2.244968e+01 5.286603e+01
    endloop
  endfacet
  facet normal -1.969411e-01 -3.285763e-01 9.237163e-01
    outer loop
      vertex   -1.486640e+01 -2.224914e+01 5.296593e+01
      vertex   -1.500040e+01 -2.244968e+01 5.286603e+01
      vertex   -1.261402e+01 -2.359917e+01 5.296593e+01
    endloop
  endfacet
  facet normal -1.969411e-01 -3.285763e-01 9.237163e-01
    outer loop
      vertex   -1.261402e+01 -2.359917e+01 5.296593e+01
      vertex   -1.500040e+01 -2.244968e+01 5.286603e+01
      vertex   -1.272771e+01 -2.381187e+01 5.286603e+01
    endloop
  endfacet
  facet normal -1.637866e-01 -3.462977e-01 9.237163e-01
    outer loop
      vertex   -1.261402e+01 -2.359917e+01 5.296593e+01
      vertex   -1.272771e+01 -2.381187e+01 5.286603e+01
      vertex   -1.024016e+01 -2.472193e+01 5.296593e+01
    endloop
  endfacet
  facet normal -1.637866e-01 -3.462977e-01 9.237163e-01
    outer loop
      vertex   -1.024016e+01 -2.472193e+01 5.296593e+01
      vertex   -1.272771e+01 -2.381187e+01 5.286603e+01
      vertex   -1.033245e+01 -2.494475e+01 5.286603e+01
    endloop
  endfacet
  facet normal -1.290548e-01 -3.606841e-01 9.237163e-01
    outer loop
      vertex   -1.024016e+01 -2.472193e+01 5.296593e+01
      vertex   -1.033245e+01 -2.494475e+01 5.286603e+01
      vertex   -7.767675e+00 -2.560659e+01 5.296593e+01
    endloop
  endfacet
  facet normal -1.290548e-01 -3.606841e-01 9.237163e-01
    outer loop
      vertex   -7.767675e+00 -2.560659e+01 5.296593e+01
      vertex   -1.033245e+01 -2.494475e+01 5.286603e+01
      vertex   -7.837686e+00 -2.583739e+01 5.286603e+01
    endloop
  endfacet
  facet normal -9.308018e-02 -3.715969e-01 9.237163e-01
    outer loop
      vertex   -7.767675e+00 -2.560659e+01 5.296593e+01
      vertex   -7.837686e+00 -2.583739e+01 5.286603e+01
      vertex   -5.220387e+00 -2.624466e+01 5.296593e+01
    endloop
  endfacet
  facet normal -9.308018e-02 -3.715969e-01 9.237163e-01
    outer loop
      vertex   -5.220387e+00 -2.624466e+01 5.296593e+01
      vertex   -7.837686e+00 -2.583739e+01 5.286603e+01
      vertex   -5.267439e+00 -2.648120e+01 5.286603e+01
    endloop
  endfacet
  facet normal -5.620911e-02 -3.789310e-01 9.237163e-01
    outer loop
      vertex   -5.220387e+00 -2.624466e+01 5.296593e+01
      vertex   -5.267439e+00 -2.648120e+01 5.286603e+01
      vertex   -2.622823e+00 -2.662997e+01 5.296593e+01
    endloop
  endfacet
  facet normal -5.620911e-02 -3.789310e-01 9.237163e-01
    outer loop
      vertex   -2.622823e+00 -2.662997e+01 5.296593e+01
      vertex   -5.267439e+00 -2.648120e+01 5.286603e+01
      vertex   -2.646463e+00 -2.686999e+01 5.286603e+01
    endloop
  endfacet
  facet normal -1.879671e-02 -3.826158e-01 9.237163e-01
    outer loop
      vertex   -2.622823e+00 -2.662997e+01 5.296593e+01
      vertex   -2.646463e+00 -2.686999e+01 5.286603e+01
      vertex   1.638505e-15 -2.675882e+01 5.296593e+01
    endloop
  endfacet
  facet normal -1.879671e-02 -3.826158e-01 9.237163e-01
    outer loop
      vertex   1.638505e-15 -2.675882e+01 5.296593e+01
      vertex   -2.646463e+00 -2.686999e+01 5.286603e+01
      vertex   -4.341931e-15 -2.700000e+01 5.286603e+01
    endloop
  endfacet
  facet normal 1.879671e-02 -3.826158e-01 9.237163e-01
    outer loop
      vertex   1.638505e-15 -2.675882e+01 5.296593e+01
      vertex   -4.341931e-15 -2.700000e+01 5.286603e+01
      vertex   2.622823e+00 -2.662997e+01 5.296593e+01
    endloop
  endfacet
  facet normal 1.879671e-02 -3.826158e-01 9.237163e-01
    outer loop
      vertex   2.622823e+00 -2.662997e+01 5.296593e+01
      vertex   -4.341931e-15 -2.700000e+01 5.286603e+01
      vertex   2.646463e+00 -2.686999e+01 5.286603e+01
    endloop
  endfacet
  facet normal 5.620911e-02 -3.789310e-01 9.237163e-01
    outer loop
      vertex   2.622823e+00 -2.662997e+01 5.296593e+01
      vertex   2.646463e+00 -2.686999e+01 5.286603e+01
      vertex   5.220387e+00 -2.624466e+01 5.296593e+01
    endloop
  endfacet
  facet normal 5.620911e-02 -3.789310e-01 9.237163e-01
    outer loop
      vertex   5.220387e+00 -2.624466e+01 5.296593e+01
      vertex   2.646463e+00 -2.686999e+01 5.286603e+01
      vertex   5.267439e+00 -2.648120e+01 5.286603e+01
    endloop
  endfacet
  facet normal 9.308018e-02 -3.715969e-01 9.237163e-01
    outer loop
      vertex   5.220387e+00 -2.624466e+01 5.296593e+01
      vertex   5.267439e+00 -2.648120e+01 5.286603e+01
      vertex   7.767675e+00 -2.560659e+01 5.296593e+01
    endloop
  endfacet
  facet normal 9.308018e-02 -3.715969e-01 9.237163e-01
    outer loop
      vertex   7.767675e+00 -2.560659e+01 5.296593e+01
      vertex   5.267439e+00 -2.648120e+01 5.286603e+01
      vertex   7.837686e+00 -2.583739e+01 5.286603e+01
    endloop
  endfacet
  facet normal 1.290548e-01 -3.606841e-01 9.237163e-01
    outer loop
      vertex   7.767675e+00 -2.560659e+01 5.296593e+01
      vertex   7.837686e+00 -2.583739e+01 5.286603e+01
      vertex   1.024016e+01 -2.472193e+01 5.296593e+01
    endloop
  endfacet
  facet normal 1.290548e-01 -3.606841e-01 9.237163e-01
    outer loop
      vertex   1.024016e+01 -2.472193e+01 5.296593e+01
      vertex   7.837686e+00 -2.583739e+01 5.286603e+01
      vertex   1.033245e+01 -2.494475e+01 5.286603e+01
    endloop
  endfacet
  facet normal 1.637866e-01 -3.462977e-01 9.237163e-01
    outer loop
      vertex   1.024016e+01 -2.472193e+01 5.296593e+01
      vertex   1.033245e+01 -2.494475e+01 5.286603e+01
      vertex   1.261402e+01 -2.359917e+01 5.296593e+01
    endloop
  endfacet
  facet normal 1.637866e-01 -3.462977e-01 9.237163e-01
    outer loop
      vertex   1.261402e+01 -2.359917e+01 5.296593e+01
      vertex   1.033245e+01 -2.494475e+01 5.286603e+01
      vertex   1.272771e+01 -2.381187e+01 5.286603e+01
    endloop
  endfacet
  facet normal 1.969411e-01 -3.285763e-01 9.237163e-01
    outer loop
      vertex   1.261402e+01 -2.359917e+01 5.296593e+01
      vertex   1.272771e+01 -2.381187e+01 5.286603e+01
      vertex   1.486640e+01 -2.224914e+01 5.296593e+01
    endloop
  endfacet
  facet normal 1.969411e-01 -3.285763e-01 9.237163e-01
    outer loop
      vertex   1.486640e+01 -2.224914e+01 5.296593e+01
      vertex   1.272771e+01 -2.381187e+01 5.286603e+01
      vertex   1.500040e+01 -2.244968e+01 5.286603e+01
    endloop
  endfacet
  facet normal 2.281989e-01 -3.076905e-01 9.237163e-01
    outer loop
      vertex   1.486640e+01 -2.224914e+01 5.296593e+01
      vertex   1.500040e+01 -2.244968e+01 5.286603e+01
      vertex   1.697562e+01 -2.068485e+01 5.296593e+01
    endloop
  endfacet
  facet normal 2.281989e-01 -3.076905e-01 9.237163e-01
    outer loop
      vertex   1.697562e+01 -2.068485e+01 5.296593e+01
      vertex   1.500040e+01 -2.244968e+01 5.286603e+01
      vertex   1.712862e+01 -2.087128e+01 5.286603e+01
    endloop
  endfacet
  facet normal 2.572590e-01 -2.838415e-01 9.237163e-01
    outer loop
      vertex   1.697562e+01 -2.068485e+01 5.296593e+01
      vertex   1.712862e+01 -2.087128e+01 5.286603e+01
      vertex   1.892134e+01 -1.892134e+01 5.296593e+01
    endloop
  endfacet
  facet normal 2.572590e-01 -2.838415e-01 9.237163e-01
    outer loop
      vertex   1.892134e+01 -1.892134e+01 5.296593e+01
      vertex   1.712862e+01 -2.087128e+01 5.286603e+01
      vertex   1.909188e+01 -1.909188e+01 5.286603e+01
    endloop
  endfacet
  facet normal 2.838415e-01 -2.572590e-01 9.237163e-01
    outer loop
      vertex   1.892134e+01 -1.892134e+01 5.296593e+01
      vertex   1.909188e+01 -1.909188e+01 5.286603e+01
      vertex   2.068485e+01 -1.697562e+01 5.296593e+01
    endloop
  endfacet
  facet normal 2.838415e-01 -2.572590e-01 9.237163e-01
    outer loop
      vertex   2.068485e+01 -1.697562e+01 5.296593e+01
      vertex   1.909188e+01 -1.909188e+01 5.286603e+01
      vertex   2.087128e+01 -1.712862e+01 5.286603e+01
    endloop
  endfacet
  facet normal 3.076905e-01 -2.281989e-01 9.237163e-01
    outer loop
      vertex   2.068485e+01 -1.697562e+01 5.296593e+01
      vertex   2.087128e+01 -1.712862e+01 5.286603e+01
      vertex   2.224914e+01 -1.486640e+01 5.296593e+01
    endloop
  endfacet
  facet normal 3.076905e-01 -2.281989e-01 9.237163e-01
    outer loop
      vertex   2.224914e+01 -1.486640e+01 5.296593e+01
      vertex   2.087128e+01 -1.712862e+01 5.286603e+01
      vertex   2.244968e+01 -1.500040e+01 5.286603e+01
    endloop
  endfacet
  facet normal 3.285763e-01 -1.969411e-01 9.237163e-01
    outer loop
      vertex   2.224914e+01 -1.486640e+01 5.296593e+01
      vertex   2.244968e+01 -1.500040e+01 5.286603e+01
      vertex   2.359917e+01 -1.261402e+01 5.296593e+01
    endloop
  endfacet
  facet normal 3.285763e-01 -1.969411e-01 9.237163e-01
    outer loop
      vertex   2.359917e+01 -1.261402e+01 5.296593e+01
      vertex   2.244968e+01 -1.500040e+01 5.286603e+01
      vertex   2.381187e+01 -1.272771e+01 5.286603e+01
    endloop
  endfacet
  facet normal 3.462977e-01 -1.637866e-01 9.237163e-01
    outer loop
      vertex   2.359917e+01 -1.261402e+01 5.296593e+01
      vertex   2.381187e+01 -1.272771e+01 5.286603e+01
      vertex   2.472193e+01 -1.024016e+01 5.296593e+01
    endloop
  endfacet
  facet normal 3.462977e-01 -1.637866e-01 9.237163e-01
    outer loop
      vertex   2.472193e+01 -1.024016e+01 5.296593e+01
      vertex   2.381187e+01 -1.272771e+01 5.286603e+01
      vertex   2.494475e+01 -1.033245e+01 5.286603e+01
    endloop
  endfacet
  facet normal 3.606841e-01 -1.290548e-01 9.237163e-01
    outer loop
      vertex   2.472193e+01 -1.024016e+01 5.296593e+01
      vertex   2.494475e+01 -1.033245e+01 5.286603e+01
      vertex   2.560659e+01 -7.767675e+00 5.296593e+01
    endloop
  endfacet
  facet normal 3.606841e-01 -1.290548e-01 9.237163e-01
    outer loop
      vertex   2.560659e+01 -7.767675e+00 5.296593e+01
      vertex   2.494475e+01 -1.033245e+01 5.286603e+01
      vertex   2.583739e+01 -7.837686e+00 5.286603e+01
    endloop
  endfacet
  facet normal 3.715969e-01 -9.308018e-02 9.237163e-01
    outer loop
      vertex   2.560659e+01 -7.767675e+00 5.296593e+01
      vertex   2.583739e+01 -7.837686e+00 5.286603e+01
      vertex   2.624466e+01 -5.220387e+00 5.296593e+01
    endloop
  endfacet
  facet normal 3.715969e-01 -9.308018e-02 9.237163e-01
    outer loop
      vertex   2.624466e+01 -5.220387e+00 5.296593e+01
      vertex   2.583739e+01 -7.837686e+00 5.286603e+01
      vertex   2.648120e+01 -5.267439e+00 5.286603e+01
    endloop
  endfacet
  facet normal 3.789310e-01 -5.620911e-02 9.237163e-01
    outer loop
      vertex   2.624466e+01 -5.220387e+00 5.296593e+01
      vertex   2.648120e+01 -5.267439e+00 5.286603e+01
      vertex   2.662997e+01 -2.622823e+00 5.296593e+01
    endloop
  endfacet
  facet normal 3.789310e-01 -5.620911e-02 9.237163e-01
    outer loop
      vertex   2.662997e+01 -2.622823e+00 5.296593e+01
      vertex   2.648120e+01 -5.267439e+00 5.286603e+01
      vertex   2.686999e+01 -2.646463e+00 5.286603e+01
    endloop
  endfacet
  facet normal 3.826158e-01 -1.879671e-02 9.237163e-01
    outer loop
      vertex   2.662997e+01 -2.622823e+00 5.296593e+01
      vertex   2.686999e+01 -2.646463e+00 5.286603e+01
      vertex   2.675882e+01 -2.184673e-15 5.296593e+01
    endloop
  endfacet
  facet normal 3.826158e-01 -1.879671e-02 9.237163e-01
    outer loop
      vertex   2.675882e+01 -2.184673e-15 5.296593e+01
      vertex   2.686999e+01 -2.646463e+00 5.286603e+01
      vertex   2.700000e+01 -1.102182e-15 5.286603e+01
    endloop
  endfacet
  facet normal -0.000000e+00 0.000000e+00 1.000000e+00
    outer loop
      vertex   2.386853e+01 -2.508683e+00 5.300000e+01
      vertex   2.636832e+01 -2.638548e+00 5.300000e+01
      vertex   2.400000e+01 2.939152e-15 5.300000e+01
    endloop
  endfacet
  facet normal 0.000000e+00 0.000000e+00 1.000000e+00
    outer loop
      vertex   2.400000e+01 2.939152e-15 5.300000e+01
      vertex   2.636832e+01 -2.638548e+00 5.300000e+01
      vertex   2.650000e+01 -3.245314e-15 5.300000e+01
    endloop
  endfacet
  facet normal -0.000000e+00 0.000000e+00 1.000000e+00
    outer loop
      vertex   2.400000e+01 2.939152e-15 5.300000e+01
      vertex   2.650000e+01 -3.245314e-15 5.300000e+01
      vertex   2.636832e+01 2.638548e+00 5.300000e+01
    endloop
  endfacet
  facet normal 0.000000e+00 0.000000e+00 1.000000e+00
    outer loop
      vertex   2.636832e+01 -2.638548e+00 5.300000e+01
      vertex   2.386853e+01 -2.508683e+00 5.300000e+01
      vertex   2.597457e+01 -5.250873e+00 5.300000e+01
    endloop
  endfacet
  facet normal 0.000000e+00 0.000000e+00 1.000000e+00
    outer loop
      vertex   2.597457e+01 -5.250873e+00 5.300000e+01
      vertex   2.386853e+01 -2.508683e+00 5.300000e+01
      vertex   2.347554e+01 -4.989881e+00 5.300000e+01
    endloop
  endfacet
  facet normal 0.000000e+00 0.000000e+00 1.000000e+00
    outer loop
      vertex   2.597457e+01 -5.250873e+00 5.300000e+01
      vertex   2.347554e+01 -4.989881e+00 5.300000e+01
      vertex   2.532268e+01 -7.811012e+00 5.300000e+01
    endloop
  endfacet
  facet normal 0.000000e+00 0.000000e+00 1.000000e+00
    outer loop
      vertex   2.532268e+01 -7.811012e+00 5.300000e+01
      vertex   2.347554e+01 -4.989881e+00 5.300000e+01
      vertex   2.282536e+01 -7.416408e+00 5.300000e+01
    endloop
  endfacet
  facet normal 0.000000e+00 0.000000e+00 1.000000e+00
    outer loop
      vertex   2.532268e+01 -7.811012e+00 5.300000e+01
      vertex   2.282536e+01 -7.416408e+00 5.300000e+01
      vertex   2.441912e+01 -1.029352e+01 5.300000e+01
    endloop
  endfacet
  facet normal 0.000000e+00 0.000000e+00 1.000000e+00
    outer loop
      vertex   2.441912e+01 -1.029352e+01 5.300000e+01
      vertex   2.282536e+01 -7.416408e+00 5.300000e+01
      vertex   2.192509e+01 -9.761679e+00 5.300000e+01
    endloop
  endfacet
  facet normal 0.000000e+00 0.000000e+00 1.000000e+00
    outer loop
      vertex   2.441912e+01 -1.029352e+01 5.300000e+01
      vertex   2.192509e+01 -9.761679e+00 5.300000e+01
      vertex   2.327287e+01 -1.267373e+01 5.300000e+01
    endloop
  endfacet
  facet normal 0.000000e+00 0.000000e+00 1.000000e+00
    outer loop
      vertex   2.327287e+01 -1.267373e+01 5.300000e+01
      vertex   2.192509e+01 -9.761679e+00 5.300000e+01
      vertex   2.078461e+01 -1.200000e+01 5.300000e+01
    endloop
  endfacet
  facet normal 0.000000e+00 0.000000e+00 1.000000e+00
    outer loop
      vertex   2.327287e+01 -1.267373e+01 5.300000e+01
      vertex   2.078461e+01 -1.200000e+01 5.300000e+01
      vertex   2.189533e+01 -1.492798e+01 5.300000e+01
    endloop
  endfacet
  facet normal 0.000000e+00 0.000000e+00 1.000000e+00
    outer loop
      vertex   2.189533e+01 -1.492798e+01 5.300000e+01
      vertex   2.078461e+01 -1.200000e+01 5.300000e+01
      vertex   1.941641e+01 -1.410685e+01 5.300000e+01
    endloop
  endfacet
  facet normal 0.000000e+00 0.000000e+00 1.000000e+00
    outer loop
      vertex   2.189533e+01 -1.492798e+01 5.300000e+01
      vertex   1.941641e+01 -1.410685e+01 5.300000e+01
      vertex   2.030018e+01 -1.703387e+01 5.300000e+01
    endloop
  endfacet
  facet normal 0.000000e+00 0.000000e+00 1.000000e+00
    outer loop
      vertex   2.030018e+01 -1.703387e+01 5.300000e+01
      vertex   1.941641e+01 -1.410685e+01 5.300000e+01
      vertex   1.783548e+01 -1.605913e+01 5.300000e+01
    endloop
  endfacet
  facet normal 0.000000e+00 0.000000e+00 1.000000e+00
    outer loop
      vertex   2.030018e+01 -1.703387e+01 5.300000e+01
      vertex   1.783548e+01 -1.605913e+01 5.300000e+01
      vertex   1.850328e+01 -1.897047e+01 5.300000e+01
    endloop
  endfacet
  facet normal 0.000000e+00 0.000000e+00 1.000000e+00
    outer loop
      vertex   1.850328e+01 -1.897047e+01 5.300000e+01
      vertex   1.783548e+01 -1.605913e+01 5.300000e+01
      vertex   1.605913e+01 -1.783548e+01 5.300000e+01
    endloop
  endfacet
  facet normal 0.000000e+00 0.000000e+00 1.000000e+00
    outer loop
      vertex   1.850328e+01 -1.897047e+01 5.300000e+01
      vertex   1.605913e+01 -1.783548e+01 5.300000e+01
      vertex   1.652248e+01 -2.071853e+01 5.300000e+01
    endloop
  endfacet
  facet normal 0.000000e+00 0.000000e+00 1.000000e+00
    outer loop
      vertex   1.652248e+01 -2.071853e+01 5.300000e+01
      vertex   1.605913e+01 -1.783548e+01 5.300000e+01
      vertex   1.410685e+01 -1.941641e+01 5.300000e+01
    endloop
  endfacet
  facet normal 0.000000e+00 0.000000e+00 1.000000e+00
    outer loop
      vertex   1.652248e+01 -2.071853e+01 5.300000e+01
      vertex   1.410685e+01 -1.941641e+01 5.300000e+01
      vertex   1.437748e+01 -2.226069e+01 5.300000e+01
    endloop
  endfacet
  facet normal 0.000000e+00 0.000000e+00 1.000000e+00
    outer loop
      vertex   1.437748e+01 -2.226069e+01 5.300000e+01
      vertex   1.410685e+01 -1.941641e+01 5.300000e+01
      vertex   1.200000e+01 -2.078461e+01 5.300000e+01
    endloop
  endfacet
  facet normal 0.000000e+00 0.000000e+00 1.000000e+00
    outer loop
      vertex   1.437748e+01 -2.226069e+01 5.300000e+01
      vertex   1.200000e+01 -2.078461e+01 5.300000e+01
      vertex   1.208958e+01 -2.358160e+01 5.300000e+01
    endloop
  endfacet
  facet normal 0.000000e+00 0.000000e+00 1.000000e+00
    outer loop
      vertex   1.208958e+01 -2.358160e+01 5.300000e+01
      vertex   1.200000e+01 -2.078461e+01 5.300000e+01
      vertex   9.761679e+00 -2.192509e+01 5.300000e+01
    endloop
  endfacet
  facet normal 0.000000e+00 0.000000e+00 1.000000e+00
    outer loop
      vertex   1.208958e+01 -2.358160e+01 5.300000e+01
      vertex   9.761679e+00 -2.192509e+01 5.300000e+01
      vertex   9.681537e+00 -2.466815e+01 5.300000e+01
    endloop
  endfacet
  facet normal 0.000000e+00 -0.000000e+00 1.000000e+00
    outer loop
      vertex   9.681537e+00 -2.466815e+01 5.300000e+01
      vertex   9.761679e+00 -2.192509e+01 5.300000e+01
      vertex   7.416408e+00 -2.282536e+01 5.300000e+01
    endloop
  endfacet
  facet normal 0.000000e+00 0.000000e+00 1.000000e+00
    outer loop
      vertex   9.681537e+00 -2.466815e+01 5.300000e+01
      vertex   7.416408e+00 -2.282536e+01 5.300000e+01
      vertex   7.177272e+00 -2.550954e+01 5.300000e+01
    endloop
  endfacet
  facet normal 0.000000e+00 -0.000000e+00 1.000000e+00
    outer loop
      vertex   7.177272e+00 -2.550954e+01 5.300000e+01
      vertex   7.416408e+00 -2.282536e+01 5.300000e+01
      vertex   4.989881e+00 -2.347554e+01 5.300000e+01
    endloop
  endfacet
  facet normal 0.000000e+00 0.000000e+00 1.000000e+00
    outer loop
      vertex   7.177272e+00 -2.550954e+01 5.300000e+01
      vertex   4.989881e+00 -2.347554e+01 5.300000e+01
      vertex   4.601677e+00 -2.609741e+01 5.300000e+01
    endloop
  endfacet
  facet normal 0.000000e+00 -0.000000e+00 1.000000e+00
    outer loop
      vertex   4.601677e+00 -2.609741e+01 5.300000e+01
      vertex   4.989881e+00 -2.347554e+01 5.300000e+01
      vertex   2.508683e+00 -2.386853e+01 5.300000e+01
    endloop
  endfacet
  facet normal 0.000000e+00 0.000000e+00 1.000000e+00
    outer loop
      vertex   4.601677e+00 -2.609741e+01 5.300000e+01
      vertex   2.508683e+00 -2.386853e+01 5.300000e+01
      vertex   1.980347e+00 -2.642590e+01 5.300000e+01
    endloop
  endfacet
  facet normal 0.000000e+00 -0.000000e+00 1.000000e+00
    outer loop
      vertex   1.980347e+00 -2.642590e+01 5.300000e+01
      vertex   2.508683e+00 -2.386853e+01 5.300000e+01
      vertex   -1.469576e-15 -2.400000e+01 5.300000e+01
    endloop
  endfacet
  facet normal 0.000000e+00 0.000000e+00 1.000000e+00
    outer loop
      vertex   1.980347e+00 -2.642590e+01 5.300000e+01
      vertex   -1.469576e-15 -2.400000e+01 5.300000e+01
      vertex   -6.606633e-01 -2.649176e+01 5.300000e+01
    endloop
  endfacet
  facet normal 0.000000e+00 -0.000000e+00 1.000000e+00
    outer loop
      vertex   -6.606633e-01 -2.649176e+01 5.300000e+01
      vertex   -1.469576e-15 -2.400000e+01 5.300000e+01
      vertex   -2.508683e+00 -2.386853e+01 5.300000e+01
    endloop
  endfacet
  facet normal 0.000000e+00 0.000000e+00 1.000000e+00
    outer loop
      vertex   -6.606633e-01 -2.649176e+01 5.300000e+01
      vertex   -2.508683e+00 -2.386853e+01 5.300000e+01
      vertex   -3.295108e+00 -2.629434e+01 5.300000e+01
    endloop
  endfacet
  facet normal 0.000000e+00 -0.000000e+00 1.000000e+00
    outer loop
      vertex   -3.295108e+00 -2.629434e+01 5.300000e+01
      vertex   -2.508683e+00 -2.386853e+01 5.300000e+01
      vertex   -4.989881e+00 -2.347554e+01 5.300000e+01
    endloop
  endfacet
  facet normal 0.000000e+00 0.000000e+00 1.000000e+00
    outer loop
      vertex   -3.295108e+00 -2.629434e+01 5.300000e+01
      vertex   -4.989881e+00 -2.347554e+01 5.300000e+01
      vertex   -5.896805e+00 -2.583559e+01 5.300000e+01
    endloop
  endfacet
  facet normal 0.000000e+00 -0.000000e+00 1.000000e+00
    outer loop
      vertex   -5.896805e+00 -2.583559e+01 5.300000e+01
      vertex   -4.989881e+00 -2.347554e+01 5.300000e+01
      vertex   -7.416408e+00 -2.282536e+01 5.300000e+01
    endloop
  endfacet
  facet normal 0.000000e+00 0.000000e+00 1.000000e+00
    outer loop
      vertex   -5.896805e+00 -2.583559e+01 5.300000e+01
      vertex   -7.416408e+00 -2.282536e+01 5.300000e+01
      vertex   -8.439896e+00 -2.512007e+01 5.300000e+01
    endloop
  endfacet
  facet normal 0.000000e+00 -0.000000e+00 1.000000e+00
    outer loop
      vertex   -8.439896e+00 -2.512007e+01 5.300000e+01
      vertex   -7.416408e+00 -2.282536e+01 5.300000e+01
      vertex   -9.761679e+00 -2.192509e+01 5.300000e+01
    endloop
  endfacet
  facet normal 0.000000e+00 0.000000e+00 1.000000e+00
    outer loop
      vertex   -8.439896e+00 -2.512007e+01 5.300000e+01
      vertex   -9.761679e+00 -2.192509e+01 5.300000e+01
      vertex   -1.089911e+01 -2.415491e+01 5.300000e+01
    endloop
  endfacet
  facet normal 0.000000e+00 -0.000000e+00 1.000000e+00
    outer loop
      vertex   -1.089911e+01 -2.415491e+01 5.300000e+01
      vertex   -9.761679e+00 -2.192509e+01 5.300000e+01
      vertex   -1.200000e+01 -2.078461e+01 5.300000e+01
    endloop
  endfacet
  facet normal 0.000000e+00 0.000000e+00 1.000000e+00
    outer loop
      vertex   -1.089911e+01 -2.415491e+01 5.300000e+01
      vertex   -1.200000e+01 -2.078461e+01 5.300000e+01
      vertex   -1.325000e+01 -2.294967e+01 5.300000e+01
    endloop
  endfacet
  facet normal 0.000000e+00 -0.000000e+00 1.000000e+00
    outer loop
      vertex   -1.325000e+01 -2.294967e+01 5.300000e+01
      vertex   -1.200000e+01 -2.078461e+01 5.300000e+01
      vertex   -1.546921e+01 -2.151636e+01 5.300000e+01
    endloop
  endfacet
  facet normal 0.000000e+00 0.000000e+00 1.000000e+00
    outer loop
      vertex   -1.546921e+01 -2.151636e+01 5.300000e+01
      vertex   -1.200000e+01 -2.078461e+01 5.300000e+01
      vertex   -1.410685e+01 -1.941641e+01 5.300000e+01
    endloop
  endfacet
  facet normal 0.000000e+00 -0.000000e+00 1.000000e+00
    outer loop
      vertex   -1.546921e+01 -2.151636e+01 5.300000e+01
      vertex   -1.410685e+01 -1.941641e+01 5.300000e+01
      vertex   -1.753467e+01 -1.986920e+01 5.300000e+01
    endloop
  endfacet
  facet normal 0.000000e+00 0.000000e+00 1.000000e+00
    outer loop
      vertex   -1.753467e+01 -1.986920e+01 5.300000e+01
      vertex   -1.410685e+01 -1.941641e+01 5.300000e+01
      vertex   -1.605913e+01 -1.783548e+01 5.300000e+01
    endloop
  endfacet
  facet normal 0.000000e+00 -0.000000e+00 1.000000e+00
    outer loop
      vertex   -1.753467e+01 -1.986920e+01 5.300000e+01
      vertex   -1.605913e+01 -1.783548e+01 5.300000e+01
      vertex   -1.942587e+01 -1.802458e+01 5.300000e+01
    endloop
  endfacet
  facet normal 0.000000e+00 0.000000e+00 1.000000e+00
    outer loop
      vertex   -1.942587e+01 -1.802458e+01 5.300000e+01
      vertex   -1.605913e+01 -1.783548e+01 5.300000e+01
      vertex   -1.783548e+01 -1.605913e+01 5.300000e+01
    endloop
  endfacet
  facet normal 0.000000e+00 -0.000000e+00 1.000000e+00
    outer loop
      vertex   -1.942587e+01 -1.802458e+01 5.300000e+01
      vertex   -1.783548e+01 -1.605913e+01 5.300000e+01
      vertex   -2.112401e+01 -1.600082e+01 5.300000e+01
    endloop
  endfacet
  facet normal -0.000000e+00 0.000000e+00 1.000000e+00
    outer loop
      vertex   -2.112401e+01 -1.600082e+01 5.300000e+01
      vertex   -1.783548e+01 -1.605913e+01 5.300000e+01
      vertex   -1.941641e+01 -1.410685e+01 5.300000e+01
    endloop
  endfacet
  facet normal 0.000000e+00 -0.000000e+00 1.000000e+00
    outer loop
      vertex   -2.112401e+01 -1.600082e+01 5.300000e+01
      vertex   -1.941641e+01 -1.410685e+01 5.300000e+01
      vertex   -2.261221e+01 -1.381803e+01 5.300000e+01
    endloop
  endfacet
  facet normal -0.000000e+00 0.000000e+00 1.000000e+00
    outer loop
      vertex   -2.261221e+01 -1.381803e+01 5.300000e+01
      vertex   -1.941641e+01 -1.410685e+01 5.300000e+01
      vertex   -2.078461e+01 -1.200000e+01 5.300000e+01
    endloop
  endfacet
  facet normal 0.000000e+00 -0.000000e+00 1.000000e+00
    outer loop
      vertex   -2.261221e+01 -1.381803e+01 5.300000e+01
      vertex   -2.078461e+01 -1.200000e+01 5.300000e+01
      vertex   -2.387567e+01 -1.149792e+01 5.300000e+01
    endloop
  endfacet
  facet normal -0.000000e+00 0.000000e+00 1.000000e+00
    outer loop
      vertex   -2.387567e+01 -1.149792e+01 5.300000e+01
      vertex   -2.078461e+01 -1.200000e+01 5.300000e+01
      vertex   -2.192509e+01 -9.761679e+00 5.300000e+01
    endloop
  endfacet
  facet normal 0.000000e+00 -0.000000e+00 1.000000e+00
    outer loop
      vertex   -2.387567e+01 -1.149792e+01 5.300000e+01
      vertex   -2.192509e+01 -9.761679e+00 5.300000e+01
      vertex   -2.490185e+01 -9.063534e+00 5.300000e+01
    endloop
  endfacet
  facet normal -0.000000e+00 0.000000e+00 1.000000e+00
    outer loop
      vertex   -2.490185e+01 -9.063534e+00 5.300000e+01
      vertex   -2.192509e+01 -9.761679e+00 5.300000e+01
      vertex   -2.282536e+01 -7.416408e+00 5.300000e+01
    endloop
  endfacet
  facet normal 0.000000e+00 -0.000000e+00 1.000000e+00
    outer loop
      vertex   -2.490185e+01 -9.063534e+00 5.300000e+01
      vertex   -2.282536e+01 -7.416408e+00 5.300000e+01
      vertex   -2.568055e+01 -6.539071e+00 5.300000e+01
    endloop
  endfacet
  facet normal -0.000000e+00 0.000000e+00 1.000000e+00
    outer loop
      vertex   -2.568055e+01 -6.539071e+00 5.300000e+01
      vertex   -2.282536e+01 -7.416408e+00 5.300000e+01
      vertex   -2.347554e+01 -4.989881e+00 5.300000e+01
    endloop
  endfacet
  facet normal 0.000000e+00 -0.000000e+00 1.000000e+00
    outer loop
      vertex   -2.568055e+01 -6.539071e+00 5.300000e+01
      vertex   -2.347554e+01 -4.989881e+00 5.300000e+01
      vertex   -2.620402e+01 -3.949620e+00 5.300000e+01
    endloop
  endfacet
  facet normal -0.000000e+00 0.000000e+00 1.000000e+00
    outer loop
      vertex   -2.620402e+01 -3.949620e+00 5.300000e+01
      vertex   -2.347554e+01 -4.989881e+00 5.300000e+01
      vertex   -2.386853e+01 -2.508683e+00 5.300000e+01
    endloop
  endfacet
  facet normal 0.000000e+00 -0.000000e+00 1.000000e+00
    outer loop
      vertex   -2.620402e+01 -3.949620e+00 5.300000e+01
      vertex   -2.386853e+01 -2.508683e+00 5.300000e+01
      vertex   -2.646706e+01 -1.320916e+00 5.300000e+01
    endloop
  endfacet
  facet normal -0.000000e+00 0.000000e+00 1.000000e+00
    outer loop
      vertex   -2.646706e+01 -1.320916e+00 5.300000e+01
      vertex   -2.386853e+01 -2.508683e+00 5.300000e+01
      vertex   -2.400000e+01 0.000000e+00 5.300000e+01
    endloop
  endfacet
  facet normal 0.000000e+00 0.000000e+00 1.000000e+00
    outer loop
      vertex   -2.646706e+01 -1.320916e+00 5.300000e+01
      vertex   -2.400000e+01 0.000000e+00 5.300000e+01
      vertex   -2.646706e+01 1.320916e+00 5.300000e+01
    endloop
  endfacet
  facet normal -0.000000e+00 0.000000e+00 1.000000e+00
    outer loop
      vertex   -2.646706e+01 1.320916e+00 5.300000e+01
      vertex   -2.400000e+01 0.000000e+00 5.300000e+01
      vertex   -2.386853e+01 2.508683e+00 5.300000e+01
    endloop
  endfacet
  facet normal 0.000000e+00 0.000000e+00 1.000000e+00
    outer loop
      vertex   -2.646706e+01 1.320916e+00 5.300000e+01
      vertex   -2.386853e+01 2.508683e+00 5.300000e+01
      vertex   -2.620402e+01 3.949620e+00 5.300000e+01
    endloop
  endfacet
  facet normal -0.000000e+00 0.000000e+00 1.000000e+00
    outer loop
      vertex   -2.620402e+01 3.949620e+00 5.300000e+01
      vertex   -2.386853e+01 2.508683e+00 5.300000e+01
      vertex   -2.347554e+01 4.989881e+00 5.300000e+01
    endloop
  endfacet
  facet normal 0.000000e+00 0.000000e+00 1.000000e+00
    outer loop
      vertex   -2.620402e+01 3.949620e+00 5.300000e+01
      vertex   -2.347554e+01 4.989881e+00 5.300000e+01
      vertex   -2.568055e+01 6.539071e+00 5.300000e+01
    endloop
  endfacet
  facet normal -0.000000e+00 0.000000e+00 1.000000e+00
    outer loop
      vertex   -2.568055e+01 6.539071e+00 5.300000e+01
      vertex   -2.347554e+01 4.989881e+00 5.300000e+01
      vertex   -2.282536e+01 7.416408e+00 5.300000e+01
    endloop
  endfacet
  facet normal 0.000000e+00 0.000000e+00 1.000000e+00
    outer loop
      vertex   -2.568055e+01 6.539071e+00 5.300000e+01
      vertex   -2.282536e+01 7.416408e+00 5.300000e+01
      vertex   -2.490185e+01 9.063534e+00 5.300000e+01
    endloop
  endfacet
  facet normal -0.000000e+00 0.000000e+00 1.000000e+00
    outer loop
      vertex   -2.490185e+01 9.063534e+00 5.300000e+01
      vertex   -2.282536e+01 7.416408e+00 5.300000e+01
      vertex   -2.192509e+01 9.761679e+00 5.300000e+01
    endloop
  endfacet
  facet normal 0.000000e+00 0.000000e+00 1.000000e+00
    outer loop
      vertex   -2.490185e+01 9.063534e+00 5.300000e+01
      vertex   -2.192509e+01 9.761679e+00 5.300000e+01
      vertex   -2.387567e+01 1.149792e+01 5.300000e+01
    endloop
  endfacet
  facet normal -0.000000e+00 0.000000e+00 1.000000e+00
    outer loop
      vertex   -2.387567e+01 1.149792e+01 5.300000e+01
      vertex   -2.192509e+01 9.761679e+00 5.300000e+01
      vertex   -2.078461e+01 1.200000e+01 5.300000e+01
    endloop
  endfacet
  facet normal 0.000000e+00 0.000000e+00 1.000000e+00
    outer loop
      vertex   -2.387567e+01 1.149792e+01 5.300000e+01
      vertex   -2.078461e+01 1.200000e+01 5.300000e+01
      vertex   -2.261221e+01 1.381803e+01 5.300000e+01
    endloop
  endfacet
  facet normal -0.000000e+00 0.000000e+00 1.000000e+00
    outer loop
      vertex   -2.261221e+01 1.381803e+01 5.300000e+01
      vertex   -2.078461e+01 1.200000e+01 5.300000e+01
      vertex   -1.941641e+01 1.410685e+01 5.300000e+01
    endloop
  endfacet
  facet normal 0.000000e+00 0.000000e+00 1.000000e+00
    outer loop
      vertex   -2.261221e+01 1.381803e+01 5.300000e+01
      vertex   -1.941641e+01 1.410685e+01 5.300000e+01
      vertex   -2.112401e+01 1.600082e+01 5.300000e+01
    endloop
  endfacet
  facet normal -0.000000e+00 0.000000e+00 1.000000e+00
    outer loop
      vertex   -2.112401e+01 1.600082e+01 5.300000e+01
      vertex   -1.941641e+01 1.410685e+01 5.300000e+01
      vertex   -1.783548e+01 1.605913e+01 5.300000e+01
    endloop
  endfacet
  facet normal 0.000000e+00 0.000000e+00 1.000000e+00
    outer loop
      vertex   -2.112401e+01 1.600082e+01 5.300000e+01
      vertex   -1.783548e+01 1.605913e+01 5.300000e+01
      vertex   -1.942587e+01 1.802458e+01 5.300000e+01
    endloop
  endfacet
  facet normal 0.000000e+00 0.000000e+00 1.000000e+00
    outer loop
      vertex   -1.942587e+01 1.802458e+01 5.300000e+01
      vertex   -1.783548e+01 1.605913e+01 5.300000e+01
      vertex   -1.605913e+01 1.783548e+01 5.300000e+01
    endloop
  endfacet
  facet normal -0.000000e+00 0.000000e+00 1.000000e+00
    outer loop
      vertex   -1.942587e+01 1.802458e+01 5.300000e+01
      vertex   -1.605913e+01 1.783548e+01 5.300000e+01
      vertex   -1.753467e+01 1.986920e+01 5.300000e+01
    endloop
  endfacet
  facet normal 0.000000e+00 0.000000e+00 1.000000e+00
    outer loop
      vertex   -1.753467e+01 1.986920e+01 5.300000e+01
      vertex   -1.605913e+01 1.783548e+01 5.300000e+01
      vertex   -1.410685e+01 1.941641e+01 5.300000e+01
    endloop
  endfacet
  facet normal -0.000000e+00 0.000000e+00 1.000000e+00
    outer loop
      vertex   -1.753467e+01 1.986920e+01 5.300000e+01
      vertex   -1.410685e+01 1.941641e+01 5.300000e+01
      vertex   -1.546921e+01 2.151636e+01 5.300000e+01
    endloop
  endfacet
  facet normal 0.000000e+00 0.000000e+00 1.000000e+00
    outer loop
      vertex   -1.546921e+01 2.151636e+01 5.300000e+01
      vertex   -1.410685e+01 1.941641e+01 5.300000e+01
      vertex   -1.200000e+01 2.078461e+01 5.300000e+01
    endloop
  endfacet
  facet normal -0.000000e+00 0.000000e+00 1.000000e+00
    outer loop
      vertex   -1.546921e+01 2.151636e+01 5.300000e+01
      vertex   -1.200000e+01 2.078461e+01 5.300000e+01
      vertex   -1.325000e+01 2.294967e+01 5.300000e+01
    endloop
  endfacet
  facet normal -0.000000e+00 0.000000e+00 1.000000e+00
    outer loop
      vertex   -1.325000e+01 2.294967e+01 5.300000e+01
      vertex   -1.200000e+01 2.078461e+01 5.300000e+01
      vertex   -1.089911e+01 2.415491e+01 5.300000e+01
    endloop
  endfacet
  facet normal 0.000000e+00 0.000000e+00 1.000000e+00
    outer loop
      vertex   -1.089911e+01 2.415491e+01 5.300000e+01
      vertex   -1.200000e+01 2.078461e+01 5.300000e+01
      vertex   -9.761679e+00 2.192509e+01 5.300000e+01
    endloop
  endfacet
  facet normal -0.000000e+00 0.000000e+00 1.000000e+00
    outer loop
      vertex   -1.089911e+01 2.415491e+01 5.300000e+01
      vertex   -9.761679e+00 2.192509e+01 5.300000e+01
      vertex   -8.439896e+00 2.512007e+01 5.300000e+01
    endloop
  endfacet
  facet normal 0.000000e+00 0.000000e+00 1.000000e+00
    outer loop
      vertex   -8.439896e+00 2.512007e+01 5.300000e+01
      vertex   -9.761679e+00 2.192509e+01 5.300000e+01
      vertex   -7.416408e+00 2.282536e+01 5.300000e+01
    endloop
  endfacet
  facet normal -0.000000e+00 0.000000e+00 1.000000e+00
    outer loop
      vertex   -8.439896e+00 2.512007e+01 5.300000e+01
      vertex   -7.416408e+00 2.282536e+01 5.300000e+01
      vertex   -5.896805e+00 2.583559e+01 5.300000e+01
    endloop
  endfacet
  facet normal 0.000000e+00 0.000000e+00 1.000000e+00
    outer loop
      vertex   -5.896805e+00 2.583559e+01 5.300000e+01
      vertex   -7.416408e+00 2.282536e+01 5.300000e+01
      vertex   -4.989881e+00 2.347554e+01 5.300000e+01
    endloop
  endfacet
  facet normal -0.000000e+00 0.000000e+00 1.000000e+00
    outer loop
      vertex   -5.896805e+00 2.583559e+01 5.300000e+01
      vertex   -4.989881e+00 2.347554e+01 5.300000e+01
      vertex   -3.295108e+00 2.629434e+01 5.300000e+01
    endloop
  endfacet
  facet normal 0.000000e+00 0.000000e+00 1.000000e+00
    outer loop
      vertex   -3.295108e+00 2.629434e+01 5.300000e+01
      vertex   -4.989881e+00 2.347554e+01 5.300000e+01
      vertex   -2.508683e+00 2.386853e+01 5.300000e+01
    endloop
  endfacet
  facet normal -0.000000e+00 0.000000e+00 1.000000e+00
    outer loop
      vertex   -3.295108e+00 2.629434e+01 5.300000e+01
      vertex   -2.508683e+00 2.386853e+01 5.300000e+01
      vertex   -6.606633e-01 2.649176e+01 5.300000e+01
    endloop
  endfacet
  facet normal 0.000000e+00 0.000000e+00 1.000000e+00
    outer loop
      vertex   -6.606633e-01 2.649176e+01 5.300000e+01
      vertex   -2.508683e+00 2.386853e+01 5.300000e+01
      vertex   -1.469576e-15 2.400000e+01 5.300000e+01
    endloop
  endfacet
  facet normal 0.000000e+00 0.000000e+00 1.000000e+00
    outer loop
      vertex   -6.606633e-01 2.649176e+01 5.300000e+01
      vertex   -1.469576e-15 2.400000e+01 5.300000e+01
      vertex   1.980347e+00 2.642590e+01 5.300000e+01
    endloop
  endfacet
  facet normal 0.000000e+00 0.000000e+00 1.000000e+00
    outer loop
      vertex   1.980347e+00 2.642590e+01 5.300000e+01
      vertex   -1.469576e-15 2.400000e+01 5.300000e+01
      vertex   2.508683e+00 2.386853e+01 5.300000e+01
    endloop
  endfacet
  facet normal 0.000000e+00 0.000000e+00 1.000000e+00
    outer loop
      vertex   1.980347e+00 2.642590e+01 5.300000e+01
      vertex   2.508683e+00 2.386853e+01 5.300000e+01
      vertex   4.601677e+00 2.609741e+01 5.300000e+01
    endloop
  endfacet
  facet normal 0.000000e+00 0.000000e+00 1.000000e+00
    outer loop
      vertex   4.601677e+00 2.609741e+01 5.300000e+01
      vertex   2.508683e+00 2.386853e+01 5.300000e+01
      vertex   4.989881e+00 2.347554e+01 5.300000e+01
    endloop
  endfacet
  facet normal 0.000000e+00 0.000000e+00 1.000000e+00
    outer loop
      vertex   4.601677e+00 2.609741e+01 5.300000e+01
      vertex   4.989881e+00 2.347554e+01 5.300000e+01
      vertex   7.177272e+00 2.550954e+01 5.300000e+01
    endloop
  endfacet
  facet normal 0.000000e+00 0.000000e+00 1.000000e+00
    outer loop
      vertex   7.177272e+00 2.550954e+01 5.300000e+01
      vertex   4.989881e+00 2.347554e+01 5.300000e+01
      vertex   7.416408e+00 2.282536e+01 5.300000e+01
    endloop
  endfacet
  facet normal 0.000000e+00 0.000000e+00 1.000000e+00
    outer loop
      vertex   7.177272e+00 2.550954e+01 5.300000e+01
      vertex   7.416408e+00 2.282536e+01 5.300000e+01
      vertex   9.681537e+00 2.466815e+01 5.300000e+01
    endloop
  endfacet
  facet normal 0.000000e+00 0.000000e+00 1.000000e+00
    outer loop
      vertex   9.681537e+00 2.466815e+01 5.300000e+01
      vertex   7.416408e+00 2.282536e+01 5.300000e+01
      vertex   9.761679e+00 2.192509e+01 5.300000e+01
    endloop
  endfacet
  facet normal 0.000000e+00 0.000000e+00 1.000000e+00
    outer loop
      vertex   9.681537e+00 2.466815e+01 5.300000e+01
      vertex   9.761679e+00 2.192509e+01 5.300000e+01
      vertex   1.208958e+01 2.358160e+01 5.300000e+01
    endloop
  endfacet
  facet normal 0.000000e+00 0.000000e+00 1.000000e+00
    outer loop
      vertex   1.208958e+01 2.358160e+01 5.300000e+01
      vertex   9.761679e+00 2.192509e+01 5.300000e+01
      vertex   1.200000e+01 2.078461e+01 5.300000e+01
    endloop
  endfacet
  facet normal 0.000000e+00 0.000000e+00 1.000000e+00
    outer loop
      vertex   1.208958e+01 2.358160e+01 5.300000e+01
      vertex   1.200000e+01 2.078461e+01 5.300000e+01
      vertex   1.437748e+01 2.226069e+01 5.300000e+01
    endloop
  endfacet
  facet normal 0.000000e+00 0.000000e+00 1.000000e+00
    outer loop
      vertex   1.437748e+01 2.226069e+01 5.300000e+01
      vertex   1.200000e+01 2.078461e+01 5.300000e+01
      vertex   1.410685e+01 1.941641e+01 5.300000e+01
    endloop
  endfacet
  facet normal 0.000000e+00 0.000000e+00 1.000000e+00
    outer loop
      vertex   1.437748e+01 2.226069e+01 5.300000e+01
      vertex   1.410685e+01 1.941641e+01 5.300000e+01
      vertex   1.652248e+01 2.071853e+01 5.300000e+01
    endloop
  endfacet
  facet normal 0.000000e+00 0.000000e+00 1.000000e+00
    outer loop
      vertex   1.652248e+01 2.071853e+01 5.300000e+01
      vertex   1.410685e+01 1.941641e+01 5.300000e+01
      vertex   1.605913e+01 1.783548e+01 5.300000e+01
    endloop
  endfacet
  facet normal 0.000000e+00 0.000000e+00 1.000000e+00
    outer loop
      vertex   1.652248e+01 2.071853e+01 5.300000e+01
      vertex   1.605913e+01 1.783548e+01 5.300000e+01
      vertex   1.850328e+01 1.897047e+01 5.300000e+01
    endloop
  endfacet
  facet normal 0.000000e+00 0.000000e+00 1.000000e+00
    outer loop
      vertex   1.850328e+01 1.897047e+01 5.300000e+01
      vertex   1.605913e+01 1.783548e+01 5.300000e+01
      vertex   1.783548e+01 1.605913e+01 5.300000e+01
    endloop
  endfacet
  facet normal 0.000000e+00 0.000000e+00 1.000000e+00
    outer loop
      vertex   1.850328e+01 1.897047e+01 5.300000e+01
      vertex   1.783548e+01 1.605913e+01 5.300000e+01
      vertex   2.030018e+01 1.703387e+01 5.300000e+01
    endloop
  endfacet
  facet normal 0.000000e+00 0.000000e+00 1.000000e+00
    outer loop
      vertex   2.030018e+01 1.703387e+01 5.300000e+01
      vertex   1.783548e+01 1.605913e+01 5.300000e+01
      vertex   1.941641e+01 1.410685e+01 5.300000e+01
    endloop
  endfacet
  facet normal 0.000000e+00 0.000000e+00 1.000000e+00
    outer loop
      vertex   2.030018e+01 1.703387e+01 5.300000e+01
      vertex   1.941641e+01 1.410685e+01 5.300000e+01
      vertex   2.189533e+01 1.492798e+01 5.300000e+01
    endloop
  endfacet
  facet normal 0.000000e+00 0.000000e+00 1.000000e+00
    outer loop
      vertex   2.189533e+01 1.492798e+01 5.300000e+01
      vertex   1.941641e+01 1.410685e+01 5.300000e+01
      vertex   2.078461e+01 1.200000e+01 5.300000e+01
    endloop
  endfacet
  facet normal 0.000000e+00 0.000000e+00 1.000000e+00
    outer loop
      vertex   2.189533e+01 1.492798e+01 5.300000e+01
      vertex   2.078461e+01 1.200000e+01 5.300000e+01
      vertex   2.327287e+01 1.267373e+01 5.300000e+01
    endloop
  endfacet
  facet normal 0.000000e+00 0.000000e+00 1.000000e+00
    outer loop
      vertex   2.327287e+01 1.267373e+01 5.300000e+01
      vertex   2.078461e+01 1.200000e+01 5.300000e+01
      vertex   2.192509e+01 9.761679e+00 5.300000e+01
    endloop
  endfacet
  facet normal 0.000000e+00 0.000000e+00 1.000000e+00
    outer loop
      vertex   2.327287e+01 1.267373e+01 5.300000e+01
      vertex   2.192509e+01 9.761679e+00 5.300000e+01
      vertex   2.441912e+01 1.029352e+01 5.300000e+01
    endloop
  endfacet
  facet normal 0.000000e+00 0.000000e+00 1.000000e+00
    outer loop
      vertex   2.441912e+01 1.029352e+01 5.300000e+01
      vertex   2.192509e+01 9.761679e+00 5.300000e+01
      vertex   2.282536e+01 7.416408e+00 5.300000e+01
    endloop
  endfacet
  facet normal 0.000000e+00 0.000000e+00 1.000000e+00
    outer loop
      vertex   2.441912e+01 1.029352e+01 5.300000e+01
      vertex   2.282536e+01 7.416408e+00 5.300000e+01
      vertex   2.532268e+01 7.811012e+00 5.300000e+01
    endloop
  endfacet
  facet normal 0.000000e+00 0.000000e+00 1.000000e+00
    outer loop
      vertex   2.532268e+01 7.811012e+00 5.300000e+01
      vertex   2.282536e+01 7.416408e+00 5.300000e+01
      vertex   2.347554e+01 4.989881e+00 5.300000e+01
    endloop
  endfacet
  facet normal 0.000000e+00 0.000000e+00 1.000000e+00
    outer loop
      vertex   2.532268e+01 7.811012e+00 5.300000e+01
      vertex   2.347554e+01 4.989881e+00 5.300000e+01
      vertex   2.597457e+01 5.250873e+00 5.300000e+01
    endloop
  endfacet
  facet normal 0.000000e+00 0.000000e+00 1.000000e+00
    outer loop
      vertex   2.597457e+01 5.250873e+00 5.300000e+01
      vertex   2.347554e+01 4.989881e+00 5.300000e+01
      vertex   2.386853e+01 2.508683e+00 5.300000e+01
    endloop
  endfacet
  facet normal 0.000000e+00 0.000000e+00 1.000000e+00
    outer loop
      vertex   2.597457e+01 5.250873e+00 5.300000e+01
      vertex   2.386853e+01 2.508683e+00 5.300000e+01
      vertex   2.636832e+01 2.638548e+00 5.300000e+01
    endloop
  endfacet
  facet normal 0.000000e+00 0.000000e+00 1.000000e+00
    outer loop
      vertex   2.636832e+01 2.638548e+00 5.300000e+01
      vertex   2.386853e+01 2.508683e+00 5.300000e+01
      vertex   2.400000e+01 2.939152e-15 5.300000e+01
    endloop
  endfacet
  facet normal -9.981578e-01 -6.065299e-02 1.479426e-03
    outer loop
      vertex   -2.748734e+01 -8.343700e-01 4.750000e+01
      vertex   -2.738613e+01 -2.500013e+00 4.750000e+01
      vertex   -2.736758e+01 -2.695471e+00 5.200000e+01
    endloop
  endfacet
  facet normal -9.955283e-01 -9.446395e-02 1.114532e-15
    outer loop
      vertex   -2.736758e+01 -2.695471e+00 5.200000e+01
      vertex   -2.738613e+01 -2.500013e+00 4.750000e+01
      vertex   -2.738613e+01 -2.500013e+00 3.798031e+01
    endloop
  endfacet
  facet normal -9.943516e-01 -1.061358e-01 -1.642829e-04
    outer loop
      vertex   -2.736758e+01 -2.695471e+00 5.200000e+01
      vertex   -2.738613e+01 -2.500013e+00 3.798031e+01
      vertex   -2.729682e+01 -3.336726e+00 3.798487e+01
    endloop
  endfacet
  facet normal -9.906394e-01 -1.364990e-01 1.243708e-03
    outer loop
      vertex   -2.729682e+01 -3.336726e+00 3.798487e+01
      vertex   -2.718195e+01 -4.170315e+00 3.799072e+01
      vertex   -2.736758e+01 -2.695471e+00 5.200000e+01
    endloop
  endfacet
  facet normal -9.891738e-01 -1.467301e-01 2.340222e-03
    outer loop
      vertex   -2.736758e+01 -2.695471e+00 5.200000e+01
      vertex   -2.718195e+01 -4.170315e+00 3.799072e+01
      vertex   -2.697160e+01 -5.364984e+00 5.200000e+01
    endloop
  endfacet
  facet normal -9.859994e-01 -1.667476e-01 5.855247e-04
    outer loop
      vertex   -2.697160e+01 -5.364984e+00 5.200000e+01
      vertex   -2.718195e+01 -4.170315e+00 3.799072e+01
      vertex   -2.704163e+01 -5.000000e+00 3.799788e+01
    endloop
  endfacet
  facet normal -9.820811e-01 -1.884586e-01 1.014148e-19
    outer loop
      vertex   -2.697160e+01 -5.364984e+00 5.200000e+01
      vertex   -2.704163e+01 -5.000000e+00 3.799788e+01
      vertex   -2.704163e+01 -5.000000e+00 4.821917e-19
    endloop
  endfacet
  facet normal -9.738516e-01 -2.271850e-01 -2.829024e-04
    outer loop
      vertex   -2.704163e+01 -5.000000e+00 4.821917e-19
      vertex   -2.646268e+01 -7.481756e+00 0.000000e+00
      vertex   -2.697160e+01 -5.364984e+00 5.200000e+01
    endloop
  endfacet
  facet normal -9.700312e-01 -2.429802e-01 3.974630e-04
    outer loop
      vertex   -2.697160e+01 -5.364984e+00 5.200000e+01
      vertex   -2.646268e+01 -7.481756e+00 0.000000e+00
      vertex   -2.631586e+01 -7.982829e+00 5.200000e+01
    endloop
  endfacet
  facet normal -9.486397e-01 -3.163583e-01 -3.700067e-04
    outer loop
      vertex   -2.631586e+01 -7.982829e+00 5.200000e+01
      vertex   -2.646268e+01 -7.481756e+00 0.000000e+00
      vertex   -2.565647e+01 -9.899262e+00 0.000000e+00
    endloop
  endfacet
  facet normal -9.415440e-01 -3.368898e-01 4.766508e-04
    outer loop
      vertex   -2.631586e+01 -7.982829e+00 5.200000e+01
      vertex   -2.565647e+01 -9.899262e+00 0.000000e+00
      vertex   -2.540669e+01 -1.052379e+01 5.200000e+01
    endloop
  endfacet
  facet normal -9.152814e-01 -4.028148e-01 -4.412774e-04
    outer loop
      vertex   -2.540669e+01 -1.052379e+01 5.200000e+01
      vertex   -2.565647e+01 -9.899262e+00 0.000000e+00
      vertex   -2.462994e+01 -1.223176e+01 0.000000e+00
    endloop
  endfacet
  facet normal -9.039892e-01 -4.275550e-01 5.400039e-04
    outer loop
      vertex   -2.540669e+01 -1.052379e+01 5.200000e+01
      vertex   -2.462994e+01 -1.223176e+01 0.000000e+00
      vertex   -2.425283e+01 -1.296341e+01 5.200000e+01
    endloop
  endfacet
  facet normal -8.740631e-01 -4.858121e-01 -4.967124e-04
    outer loop
      vertex   -2.425283e+01 -1.296341e+01 5.200000e+01
      vertex   -2.462994e+01 -1.223176e+01 0.000000e+00
      vertex   -2.339190e+01 -1.445921e+01 0.000000e+00
    endloop
  endfacet
  facet normal -8.577285e-01 -5.141027e-01 5.875204e-04
    outer loop
      vertex   -2.425283e+01 -1.296341e+01 5.200000e+01
      vertex   -2.339190e+01 -1.445921e+01 0.000000e+00
      vertex   -2.286541e+01 -1.527818e+01 5.200000e+01
    endloop
  endfacet
  facet normal -8.253388e-01 -5.646376e-01 -5.363100e-04
    outer loop
      vertex   -2.286541e+01 -1.527818e+01 5.200000e+01
      vertex   -2.339190e+01 -1.445921e+01 0.000000e+00
      vertex   -2.195298e+01 -1.656250e+01 0.000000e+00
    endloop
  endfacet
  facet normal -8.032074e-01 -5.956992e-01 6.191988e-04
    outer loop
      vertex   -2.286541e+01 -1.527818e+01 5.200000e+01
      vertex   -2.195298e+01 -1.656250e+01 0.000000e+00
      vertex   -2.125779e+01 -1.744582e+01 5.200000e+01
    endloop
  endfacet
  facet normal -7.695269e-01 -6.386142e-01 -5.600691e-04
    outer loop
      vertex   -2.125779e+01 -1.744582e+01 5.200000e+01
      vertex   -2.195298e+01 -1.656250e+01 0.000000e+00
      vertex   -2.032554e+01 -1.852356e+01 0.000000e+00
    endloop
  endfacet
  facet normal -7.409510e-01 -6.715588e-01 6.350383e-04
    outer loop
      vertex   -2.125779e+01 -1.744582e+01 5.200000e+01
      vertex   -2.032554e+01 -1.852356e+01 0.000000e+00
      vertex   -1.944544e+01 -1.944544e+01 5.200000e+01
    endloop
  endfacet
  facet normal -7.071067e-01 -7.071067e-01 -5.679888e-04
    outer loop
      vertex   -1.944544e+01 -1.944544e+01 5.200000e+01
      vertex   -2.032554e+01 -1.852356e+01 0.000000e+00
      vertex   -1.852356e+01 -2.032554e+01 0.000000e+00
    endloop
  endfacet
  facet normal -6.715588e-01 -7.409510e-01 6.350383e-04
    outer loop
      vertex   -1.944544e+01 -1.944544e+01 5.200000e+01
      vertex   -1.852356e+01 -2.032554e+01 0.000000e+00
      vertex   -1.744582e+01 -2.125779e+01 5.200000e+01
    endloop
  endfacet
  facet normal -6.386142e-01 -7.695269e-01 -5.600691e-04
    outer loop
      vertex   -1.744582e+01 -2.125779e+01 5.200000e+01
      vertex   -1.852356e+01 -2.032554e+01 0.000000e+00
      vertex   -1.656250e+01 -2.195298e+01 0.000000e+00
    endloop
  endfacet
  facet normal -5.956992e-01 -8.032074e-01 6.191988e-04
    outer loop
      vertex   -1.744582e+01 -2.125779e+01 5.200000e+01
      vertex   -1.656250e+01 -2.195298e+01 0.000000e+00
      vertex   -1.527818e+01 -2.286541e+01 5.200000e+01
    endloop
  endfacet
  facet normal -5.646376e-01 -8.253388e-01 -5.363100e-04
    outer loop
      vertex   -1.527818e+01 -2.286541e+01 5.200000e+01
      vertex   -1.656250e+01 -2.195298e+01 0.000000e+00
      vertex   -1.445921e+01 -2.339190e+01 0.000000e+00
    endloop
  endfacet
  facet normal -5.141027e-01 -8.577285e-01 5.875204e-04
    outer loop
      vertex   -1.527818e+01 -2.286541e+01 5.200000e+01
      vertex   -1.445921e+01 -2.339190e+01 0.000000e+00
      vertex   -1.296341e+01 -2.425283e+01 5.200000e+01
    endloop
  endfacet
  facet normal -4.858121e-01 -8.740631e-01 -4.967124e-04
    outer loop
      vertex   -1.296341e+01 -2.425283e+01 5.200000e+01
      vertex   -1.445921e+01 -2.339190e+01 0.000000e+00
      vertex   -1.223176e+01 -2.462994e+01 0.000000e+00
    endloop
  endfacet
  facet normal -4.275550e-01 -9.039892e-01 5.400039e-04
    outer loop
      vertex   -1.296341e+01 -2.425283e+01 5.200000e+01
      vertex   -1.223176e+01 -2.462994e+01 0.000000e+00
      vertex   -1.052379e+01 -2.540669e+01 5.200000e+01
    endloop
  endfacet
  facet normal -4.028148e-01 -9.152814e-01 -4.412774e-04
    outer loop
      vertex   -1.052379e+01 -2.540669e+01 5.200000e+01
      vertex   -1.223176e+01 -2.462994e+01 0.000000e+00
      vertex   -9.899262e+00 -2.565647e+01 0.000000e+00
    endloop
  endfacet
  facet normal -3.368898e-01 -9.415440e-01 4.766508e-04
    outer loop
      vertex   -1.052379e+01 -2.540669e+01 5.200000e+01
      vertex   -9.899262e+00 -2.565647e+01 0.000000e+00
      vertex   -7.982829e+00 -2.631586e+01 5.200000e+01
    endloop
  endfacet
  facet normal -3.163583e-01 -9.486397e-01 -3.700067e-04
    outer loop
      vertex   -7.982829e+00 -2.631586e+01 5.200000e+01
      vertex   -9.899262e+00 -2.565647e+01 0.000000e+00
      vertex   -7.481756e+00 -2.646268e+01 0.000000e+00
    endloop
  endfacet
  facet normal -2.429802e-01 -9.700312e-01 3.974630e-04
    outer loop
      vertex   -7.982829e+00 -2.631586e+01 5.200000e+01
      vertex   -7.481756e+00 -2.646268e+01 0.000000e+00
      vertex   -5.364984e+00 -2.697160e+01 5.200000e+01
    endloop
  endfacet
  facet normal -2.271850e-01 -9.738516e-01 -2.829024e-04
    outer loop
      vertex   -5.364984e+00 -2.697160e+01 5.200000e+01
      vertex   -7.481756e+00 -2.646268e+01 0.000000e+00
      vertex   -5.000000e+00 -2.704163e+01 0.000000e+00
    endloop
  endfacet
  facet normal -1.884586e-01 -9.820811e-01 -1.661609e-21
    outer loop
      vertex   -5.364984e+00 -2.697160e+01 5.200000e+01
      vertex   -5.000000e+00 -2.704163e+01 0.000000e+00
      vertex   -5.000000e+00 -2.704163e+01 3.799788e+01
    endloop
  endfacet
  facet normal -1.467304e-01 -9.891759e-01 1.123188e-03
    outer loop
      vertex   -5.364984e+00 -2.697160e+01 5.200000e+01
      vertex   -5.000000e+00 -2.704163e+01 3.799788e+01
      vertex   -2.695471e+00 -2.736758e+01 5.200000e+01
    endloop
  endfacet
  facet normal -1.367009e-01 -9.906122e-01 -5.609478e-04
    outer loop
      vertex   -2.695471e+00 -2.736758e+01 5.200000e+01
      vertex   -5.000000e+00 -2.704163e+01 3.799788e+01
      vertex   -2.510483e+00 -2.738517e+01 3.798036e+01
    endloop
  endfacet
  facet normal -4.906767e-02 -9.987953e-01 6.056341e-04
    outer loop
      vertex   -2.695471e+00 -2.736758e+01 5.200000e+01
      vertex   -2.510483e+00 -2.738517e+01 3.798036e+01
      vertex   -1.683889e-15 -2.750000e+01 5.200000e+01
    endloop
  endfacet
  facet normal -4.569287e-02 -9.989555e-01 5.485849e-18
    outer loop
      vertex   -1.683889e-15 -2.750000e+01 5.200000e+01
      vertex   -2.510483e+00 -2.738517e+01 3.798036e+01
      vertex   -3.367779e-15 -2.750000e+01 3.797451e+01
    endloop
  endfacet
  facet normal 4.569287e-02 -9.989555e-01 -5.485849e-18
    outer loop
      vertex   -1.683889e-15 -2.750000e+01 5.200000e+01
      vertex   -3.367779e-15 -2.750000e+01 3.797451e+01
      vertex   2.510483e+00 -2.738517e+01 3.798036e+01
    endloop
  endfacet
  facet normal 4.906767e-02 -9.987953e-01 6.056341e-04
    outer loop
      vertex   -1.683889e-15 -2.750000e+01 5.200000e+01
      vertex   2.510483e+00 -2.738517e+01 3.798036e+01
      vertex   2.695471e+00 -2.736758e+01 5.200000e+01
    endloop
  endfacet
  facet normal 1.367009e-01 -9.906122e-01 -5.609478e-04
    outer loop
      vertex   2.695471e+00 -2.736758e+01 5.200000e+01
      vertex   2.510483e+00 -2.738517e+01 3.798036e+01
      vertex   5.000000e+00 -2.704163e+01 3.799788e+01
    endloop
  endfacet
  facet normal 1.467304e-01 -9.891759e-01 1.123188e-03
    outer loop
      vertex   2.695471e+00 -2.736758e+01 5.200000e+01
      vertex   5.000000e+00 -2.704163e+01 3.799788e+01
      vertex   5.364984e+00 -2.697160e+01 5.200000e+01
    endloop
  endfacet
  facet normal 1.884586e-01 -9.820811e-01 -1.185942e-19
    outer loop
      vertex   5.364984e+00 -2.697160e+01 5.200000e+01
      vertex   5.000000e+00 -2.704163e+01 3.799788e+01
      vertex   5.000000e+00 -2.704163e+01 4.821917e-19
    endloop
  endfacet
  facet normal 2.271850e-01 -9.738516e-01 -2.829024e-04
    outer loop
      vertex   5.364984e+00 -2.697160e+01 5.200000e+01
      vertex   5.000000e+00 -2.704163e+01 4.821917e-19
      vertex   7.481756e+00 -2.646268e+01 0.000000e+00
    endloop
  endfacet
  facet normal 2.429802e-01 -9.700312e-01 3.974630e-04
    outer loop
      vertex   5.364984e+00 -2.697160e+01 5.200000e+01
      vertex   7.481756e+00 -2.646268e+01 0.000000e+00
      vertex   7.982829e+00 -2.631586e+01 5.200000e+01
    endloop
  endfacet
  facet normal 3.163583e-01 -9.486397e-01 -3.700067e-04
    outer loop
      vertex   7.982829e+00 -2.631586e+01 5.200000e+01
      vertex   7.481756e+00 -2.646268e+01 0.000000e+00
      vertex   9.899262e+00 -2.565647e+01 0.000000e+00
    endloop
  endfacet
  facet normal 3.368898e-01 -9.415440e-01 4.766508e-04
    outer loop
      vertex   7.982829e+00 -2.631586e+01 5.200000e+01
      vertex   9.899262e+00 -2.565647e+01 0.000000e+00
      vertex   1.052379e+01 -2.540669e+01 5.200000e+01
    endloop
  endfacet
  facet normal 4.028148e-01 -9.152814e-01 -4.412774e-04
    outer loop
      vertex   1.052379e+01 -2.540669e+01 5.200000e+01
      vertex   9.899262e+00 -2.565647e+01 0.000000e+00
      vertex   1.223176e+01 -2.462994e+01 0.000000e+00
    endloop
  endfacet
  facet normal 4.275550e-01 -9.039892e-01 5.400039e-04
    outer loop
      vertex   1.052379e+01 -2.540669e+01 5.200000e+01
      vertex   1.223176e+01 -2.462994e+01 0.000000e+00
      vertex   1.296341e+01 -2.425283e+01 5.200000e+01
    endloop
  endfacet
  facet normal 4.858121e-01 -8.740631e-01 -4.967124e-04
    outer loop
      vertex   1.296341e+01 -2.425283e+01 5.200000e+01
      vertex   1.223176e+01 -2.462994e+01 0.000000e+00
      vertex   1.445921e+01 -2.339190e+01 0.000000e+00
    endloop
  endfacet
  facet normal 5.141027e-01 -8.577285e-01 5.875204e-04
    outer loop
      vertex   1.296341e+01 -2.425283e+01 5.200000e+01
      vertex   1.445921e+01 -2.339190e+01 0.000000e+00
      vertex   1.527818e+01 -2.286541e+01 5.200000e+01
    endloop
  endfacet
  facet normal 5.646376e-01 -8.253388e-01 -5.363100e-04
    outer loop
      vertex   1.527818e+01 -2.286541e+01 5.200000e+01
      vertex   1.445921e+01 -2.339190e+01 0.000000e+00
      vertex   1.656250e+01 -2.195298e+01 0.000000e+00
    endloop
  endfacet
  facet normal 5.956992e-01 -8.032074e-01 6.191988e-04
    outer loop
      vertex   1.527818e+01 -2.286541e+01 5.200000e+01
      vertex   1.656250e+01 -2.195298e+01 0.000000e+00
      vertex   1.744582e+01 -2.125779e+01 5.200000e+01
    endloop
  endfacet
  facet normal 6.386142e-01 -7.695269e-01 -5.600691e-04
    outer loop
      vertex   1.744582e+01 -2.125779e+01 5.200000e+01
      vertex   1.656250e+01 -2.195298e+01 0.000000e+00
      vertex   1.852356e+01 -2.032554e+01 0.000000e+00
    endloop
  endfacet
  facet normal 6.715588e-01 -7.409510e-01 6.350383e-04
    outer loop
      vertex   1.744582e+01 -2.125779e+01 5.200000e+01
      vertex   1.852356e+01 -2.032554e+01 0.000000e+00
      vertex   1.944544e+01 -1.944544e+01 5.200000e+01
    endloop
  endfacet
  facet normal 7.071067e-01 -7.071067e-01 -5.679888e-04
    outer loop
      vertex   1.944544e+01 -1.944544e+01 5.200000e+01
      vertex   1.852356e+01 -2.032554e+01 0.000000e+00
      vertex   2.032554e+01 -1.852356e+01 0.000000e+00
    endloop
  endfacet
  facet normal 7.409510e-01 -6.715588e-01 6.350383e-04
    outer loop
      vertex   1.944544e+01 -1.944544e+01 5.200000e+01
      vertex   2.032554e+01 -1.852356e+01 0.000000e+00
      vertex   2.125779e+01 -1.744582e+01 5.200000e+01
    endloop
  endfacet
  facet normal 7.695269e-01 -6.386142e-01 -5.600691e-04
    outer loop
      vertex   2.125779e+01 -1.744582e+01 5.200000e+01
      vertex   2.032554e+01 -1.852356e+01 0.000000e+00
      vertex   2.195298e+01 -1.656250e+01 0.000000e+00
    endloop
  endfacet
  facet normal 8.032074e-01 -5.956992e-01 6.191988e-04
    outer loop
      vertex   2.125779e+01 -1.744582e+01 5.200000e+01
      vertex   2.195298e+01 -1.656250e+01 0.000000e+00
      vertex   2.286541e+01 -1.527818e+01 5.200000e+01
    endloop
  endfacet
  facet normal 8.253388e-01 -5.646376e-01 -5.363100e-04
    outer loop
      vertex   2.286541e+01 -1.527818e+01 5.200000e+01
      vertex   2.195298e+01 -1.656250e+01 0.000000e+00
      vertex   2.339190e+01 -1.445921e+01 0.000000e+00
    endloop
  endfacet
  facet normal 8.577285e-01 -5.141027e-01 5.875204e-04
    outer loop
      vertex   2.286541e+01 -1.527818e+01 5.200000e+01
      vertex   2.339190e+01 -1.445921e+01 0.000000e+00
      vertex   2.425283e+01 -1.296341e+01 5.200000e+01
    endloop
  endfacet
  facet normal 8.740631e-01 -4.858121e-01 -4.967124e-04
    outer loop
      vertex   2.425283e+01 -1.296341e+01 5.200000e+01
      vertex   2.339190e+01 -1.445921e+01 0.000000e+00
      vertex   2.462994e+01 -1.223176e+01 0.000000e+00
    endloop
  endfacet
  facet normal 9.039892e-01 -4.275550e-01 5.400039e-04
    outer loop
      vertex   2.425283e+01 -1.296341e+01 5.200000e+01
      vertex   2.462994e+01 -1.223176e+01 0.000000e+00
      vertex   2.540669e+01 -1.052379e+01 5.200000e+01
    endloop
  endfacet
  facet normal 9.152814e-01 -4.028148e-01 -4.412774e-04
    outer loop
      vertex   2.540669e+01 -1.052379e+01 5.200000e+01
      vertex   2.462994e+01 -1.223176e+01 0.000000e+00
      vertex   2.565647e+01 -9.899262e+00 0.000000e+00
    endloop
  endfacet
  facet normal 9.415440e-01 -3.368898e-01 4.766508e-04
    outer loop
      vertex   2.540669e+01 -1.052379e+01 5.200000e+01
      vertex   2.565647e+01 -9.899262e+00 0.000000e+00
      vertex   2.631586e+01 -7.982829e+00 5.200000e+01
    endloop
  endfacet
  facet normal 9.486397e-01 -3.163583e-01 -3.700067e-04
    outer loop
      vertex   2.631586e+01 -7.982829e+00 5.200000e+01
      vertex   2.565647e+01 -9.899262e+00 0.000000e+00
      vertex   2.646268e+01 -7.481756e+00 0.000000e+00
    endloop
  endfacet
  facet normal 9.700312e-01 -2.429802e-01 3.974630e-04
    outer loop
      vertex   2.631586e+01 -7.982829e+00 5.200000e+01
      vertex   2.646268e+01 -7.481756e+00 0.000000e+00
      vertex   2.697160e+01 -5.364984e+00 5.200000e+01
    endloop
  endfacet
  facet normal 9.738516e-01 -2.271850e-01 -2.829024e-04
    outer loop
      vertex   2.697160e+01 -5.364984e+00 5.200000e+01
      vertex   2.646268e+01 -7.481756e+00 0.000000e+00
      vertex   2.704163e+01 -5.000000e+00 4.821917e-19
    endloop
  endfacet
  facet normal 9.820811e-01 -1.884586e-01 -1.185942e-19
    outer loop
      vertex   2.697160e+01 -5.364984e+00 5.200000e+01
      vertex   2.704163e+01 -5.000000e+00 4.821917e-19
      vertex   2.704163e+01 -5.000000e+00 3.799788e+01
    endloop
  endfacet
  facet normal 9.891759e-01 -1.467304e-01 1.123188e-03
    outer loop
      vertex   2.697160e+01 -5.364984e+00 5.200000e+01
      vertex   2.704163e+01 -5.000000e+00 3.799788e+01
      vertex   2.736758e+01 -2.695471e+00 5.200000e+01
    endloop
  endfacet
  facet normal 9.906122e-01 -1.367009e-01 -5.609478e-04
    outer loop
      vertex   2.736758e+01 -2.695471e+00 5.200000e+01
      vertex   2.704163e+01 -5.000000e+00 3.799788e+01
      vertex   2.738517e+01 -2.510483e+00 3.798036e+01
    endloop
  endfacet
  facet normal 9.987953e-01 -4.906767e-02 6.056341e-04
    outer loop
      vertex   2.736758e+01 -2.695471e+00 5.200000e+01
      vertex   2.738517e+01 -2.510483e+00 3.798036e+01
      vertex   2.750000e+01 3.367779e-15 5.200000e+01
    endloop
  endfacet
  facet normal 9.989555e-01 -4.569287e-02 1.097170e-17
    outer loop
      vertex   2.750000e+01 3.367779e-15 5.200000e+01
      vertex   2.738517e+01 -2.510483e+00 3.798036e+01
      vertex   2.750000e+01 0.000000e+00 3.797451e+01
    endloop
  endfacet
  facet normal 9.989555e-01 4.569287e-02 -1.097170e-17
    outer loop
      vertex   2.750000e+01 3.367779e-15 5.200000e+01
      vertex   2.750000e+01 0.000000e+00 3.797451e+01
      vertex   2.738517e+01 2.510483e+00 3.798036e+01
    endloop
  endfacet
  facet normal 9.987953e-01 4.906767e-02 6.056341e-04
    outer loop
      vertex   2.750000e+01 3.367779e-15 5.200000e+01
      vertex   2.738517e+01 2.510483e+00 3.798036e+01
      vertex   2.736758e+01 2.695471e+00 5.200000e+01
    endloop
  endfacet
  facet normal 9.906122e-01 1.367009e-01 -5.609478e-04
    outer loop
      vertex   2.736758e+01 2.695471e+00 5.200000e+01
      vertex   2.738517e+01 2.510483e+00 3.798036e+01
      vertex   2.704163e+01 5.000000e+00 3.799788e+01
    endloop
  endfacet
  facet normal 9.891759e-01 1.467304e-01 1.123188e-03
    outer loop
      vertex   2.736758e+01 2.695471e+00 5.200000e+01
      vertex   2.704163e+01 5.000000e+00 3.799788e+01
      vertex   2.697160e+01 5.364984e+00 5.200000e+01
    endloop
  endfacet
  facet normal 9.820811e-01 1.884586e-01 1.185942e-19
    outer loop
      vertex   2.697160e+01 5.364984e+00 5.200000e+01
      vertex   2.704163e+01 5.000000e+00 3.799788e+01
      vertex   2.704163e+01 5.000000e+00 4.821917e-19
    endloop
  endfacet
  facet normal 9.738516e-01 2.271850e-01 -2.829024e-04
    outer loop
      vertex   2.697160e+01 5.364984e+00 5.200000e+01
      vertex   2.704163e+01 5.000000e+00 4.821917e-19
      vertex   2.646268e+01 7.481756e+00 0.000000e+00
    endloop
  endfacet
  facet normal 9.700312e-01 2.429802e-01 3.974630e-04
    outer loop
      vertex   2.697160e+01 5.364984e+00 5.200000e+01
      vertex   2.646268e+01 7.481756e+00 0.000000e+00
      vertex   2.631586e+01 7.982829e+00 5.200000e+01
    endloop
  endfacet
  facet normal 9.486397e-01 3.163583e-01 -3.700067e-04
    outer loop
      vertex   2.631586e+01 7.982829e+00 5.200000e+01
      vertex   2.646268e+01 7.481756e+00 0.000000e+00
      vertex   2.565647e+01 9.899262e+00 0.000000e+00
    endloop
  endfacet
  facet normal 9.415440e-01 3.368898e-01 4.766508e-04
    outer loop
      vertex   2.631586e+01 7.982829e+00 5.200000e+01
      vertex   2.565647e+01 9.899262e+00 0.000000e+00
      vertex   2.540669e+01 1.052379e+01 5.200000e+01
    endloop
  endfacet
  facet normal 9.152814e-01 4.028148e-01 -4.412774e-04
    outer loop
      vertex   2.540669e+01 1.052379e+01 5.200000e+01
      vertex   2.565647e+01 9.899262e+00 0.000000e+00
      vertex   2.462994e+01 1.223176e+01 0.000000e+00
    endloop
  endfacet
  facet normal 9.039892e-01 4.275550e-01 5.400039e-04
    outer loop
      vertex   2.540669e+01 1.052379e+01 5.200000e+01
      vertex   2.462994e+01 1.223176e+01 0.000000e+00
      vertex   2.425283e+01 1.296341e+01 5.200000e+01
    endloop
  endfacet
  facet normal 8.740631e-01 4.858121e-01 -4.967124e-04
    outer loop
      vertex   2.425283e+01 1.296341e+01 5.200000e+01
      vertex   2.462994e+01 1.223176e+01 0.000000e+00
      vertex   2.339190e+01 1.445921e+01 0.000000e+00
    endloop
  endfacet
  facet normal 8.577285e-01 5.141027e-01 5.875204e-04
    outer loop
      vertex   2.425283e+01 1.296341e+01 5.200000e+01
      vertex   2.339190e+01 1.445921e+01 0.000000e+00
      vertex   2.286541e+01 1.527818e+01 5.200000e+01
    endloop
  endfacet
  facet normal 8.253388e-01 5.646376e-01 -5.363100e-04
    outer loop
      vertex   2.286541e+01 1.527818e+01 5.200000e+01
      vertex   2.339190e+01 1.445921e+01 0.000000e+00
      vertex   2.195298e+01 1.656250e+01 0.000000e+00
    endloop
  endfacet
  facet normal 8.032074e-01 5.956992e-01 6.191988e-04
    outer loop
      vertex   2.286541e+01 1.527818e+01 5.200000e+01
      vertex   2.195298e+01 1.656250e+01 0.000000e+00
      vertex   2.125779e+01 1.744582e+01 5.200000e+01
    endloop
  endfacet
  facet normal 7.695269e-01 6.386142e-01 -5.600691e-04
    outer loop
      vertex   2.125779e+01 1.744582e+01 5.200000e+01
      vertex   2.195298e+01 1.656250e+01 0.000000e+00
      vertex   2.032554e+01 1.852356e+01 0.000000e+00
    endloop
  endfacet
  facet normal 7.409510e-01 6.715588e-01 6.350383e-04
    outer loop
      vertex   2.125779e+01 1.744582e+01 5.200000e+01
      vertex   2.032554e+01 1.852356e+01 0.000000e+00
      vertex   1.944544e+01 1.944544e+01 5.200000e+01
    endloop
  endfacet
  facet normal 7.071067e-01 7.071067e-01 -5.679888e-04
    outer loop
      vertex   1.944544e+01 1.944544e+01 5.200000e+01
      vertex   2.032554e+01 1.852356e+01 0.000000e+00
      vertex   1.852356e+01 2.032554e+01 0.000000e+00
    endloop
  endfacet
  facet normal 6.715588e-01 7.409510e-01 6.350383e-04
    outer loop
      vertex   1.944544e+01 1.944544e+01 5.200000e+01
      vertex   1.852356e+01 2.032554e+01 0.000000e+00
      vertex   1.744582e+01 2.125779e+01 5.200000e+01
    endloop
  endfacet
  facet normal 6.386142e-01 7.695269e-01 -5.600691e-04
    outer loop
      vertex   1.744582e+01 2.125779e+01 5.200000e+01
      vertex   1.852356e+01 2.032554e+01 0.000000e+00
      vertex   1.656250e+01 2.195298e+01 0.000000e+00
    endloop
  endfacet
  facet normal 5.956992e-01 8.032074e-01 6.191988e-04
    outer loop
      vertex   1.744582e+01 2.125779e+01 5.200000e+01
      vertex   1.656250e+01 2.195298e+01 0.000000e+00
      vertex   1.527818e+01 2.286541e+01 5.200000e+01
    endloop
  endfacet
  facet normal 5.646376e-01 8.253388e-01 -5.363100e-04
    outer loop
      vertex   1.527818e+01 2.286541e+01 5.200000e+01
      vertex   1.656250e+01 2.195298e+01 0.000000e+00
      vertex   1.445921e+01 2.339190e+01 0.000000e+00
    endloop
  endfacet
  facet normal 5.141027e-01 8.577285e-01 5.875204e-04
    outer loop
      vertex   1.527818e+01 2.286541e+01 5.200000e+01
      vertex   1.445921e+01 2.339190e+01 0.000000e+00
      vertex   1.296341e+01 2.425283e+01 5.200000e+01
    endloop
  endfacet
  facet normal 4.858121e-01 8.740631e-01 -4.967124e-04
    outer loop
      vertex   1.296341e+01 2.425283e+01 5.200000e+01
      vertex   1.445921e+01 2.339190e+01 0.000000e+00
      vertex   1.223176e+01 2.462994e+01 0.000000e+00
    endloop
  endfacet
  facet normal 4.275550e-01 9.039892e-01 5.400039e-04
    outer loop
      vertex   1.296341e+01 2.425283e+01 5.200000e+01
      vertex   1.223176e+01 2.462994e+01 0.000000e+00
      vertex   1.052379e+01 2.540669e+01 5.200000e+01
    endloop
  endfacet
  facet normal 4.028148e-01 9.152814e-01 -4.412774e-04
    outer loop
      vertex   1.052379e+01 2.540669e+01 5.200000e+01
      vertex   1.223176e+01 2.462994e+01 0.000000e+00
      vertex   9.899262e+00 2.565647e+01 0.000000e+00
    endloop
  endfacet
  facet normal 3.368898e-01 9.415440e-01 4.766508e-04
    outer loop
      vertex   1.052379e+01 2.540669e+01 5.200000e+01
      vertex   9.899262e+00 2.565647e+01 0.000000e+00
      vertex   7.982829e+00 2.631586e+01 5.200000e+01
    endloop
  endfacet
  facet normal 3.163583e-01 9.486397e-01 -3.700067e-04
    outer loop
      vertex   7.982829e+00 2.631586e+01 5.200000e+01
      vertex   9.899262e+00 2.565647e+01 0.000000e+00
      vertex   7.481756e+00 2.646268e+01 0.000000e+00
    endloop
  endfacet
  facet normal 2.429802e-01 9.700312e-01 3.974630e-04
    outer loop
      vertex   7.982829e+00 2.631586e+01 5.200000e+01
      vertex   7.481756e+00 2.646268e+01 0.000000e+00
      vertex   5.364984e+00 2.697160e+01 5.200000e+01
    endloop
  endfacet
  facet normal 2.271850e-01 9.738516e-01 -2.829024e-04
    outer loop
      vertex   5.364984e+00 2.697160e+01 5.200000e+01
      vertex   7.481756e+00 2.646268e+01 0.000000e+00
      vertex   5.000000e+00 2.704163e+01 0.000000e+00
    endloop
  endfacet
  facet normal 1.884586e-01 9.820811e-01 4.300372e-18
    outer loop
      vertex   5.364984e+00 2.697160e+01 5.200000e+01
      vertex   5.000000e+00 2.704163e+01 0.000000e+00
      vertex   5.000000e+00 2.704163e+01 3.799788e+01
    endloop
  endfacet
  facet normal 1.467304e-01 9.891759e-01 1.123188e-03
    outer loop
      vertex   5.364984e+00 2.697160e+01 5.200000e+01
      vertex   5.000000e+00 2.704163e+01 3.799788e+01
      vertex   2.695471e+00 2.736758e+01 5.200000e+01
    endloop
  endfacet
  facet normal 1.367009e-01 9.906122e-01 -5.609478e-04
    outer loop
      vertex   2.695471e+00 2.736758e+01 5.200000e+01
      vertex   5.000000e+00 2.704163e+01 3.799788e+01
      vertex   2.510483e+00 2.738517e+01 3.798036e+01
    endloop
  endfacet
  facet normal 4.906767e-02 9.987953e-01 6.056341e-04
    outer loop
      vertex   2.695471e+00 2.736758e+01 5.200000e+01
      vertex   2.510483e+00 2.738517e+01 3.798036e+01
      vertex   -1.683889e-15 2.750000e+01 5.200000e+01
    endloop
  endfacet
  facet normal 4.569287e-02 9.989555e-01 7.972491e-18
    outer loop
      vertex   -1.683889e-15 2.750000e+01 5.200000e+01
      vertex   2.510483e+00 2.738517e+01 3.798036e+01
      vertex   7.632783e-16 2.750000e+01 3.797451e+01
    endloop
  endfacet
  facet normal -4.569287e-02 9.989555e-01 -7.972491e-18
    outer loop
      vertex   -1.683889e-15 2.750000e+01 5.200000e+01
      vertex   7.632783e-16 2.750000e+01 3.797451e+01
      vertex   -2.510483e+00 2.738517e+01 3.798036e+01
    endloop
  endfacet
  facet normal -4.906767e-02 9.987953e-01 6.056341e-04
    outer loop
      vertex   -1.683889e-15 2.750000e+01 5.200000e+01
      vertex   -2.510483e+00 2.738517e+01 3.798036e+01
      vertex   -2.695471e+00 2.736758e+01 5.200000e+01
    endloop
  endfacet
  facet normal -1.367009e-01 9.906122e-01 -5.609478e-04
    outer loop
      vertex   -2.695471e+00 2.736758e+01 5.200000e+01
      vertex   -2.510483e+00 2.738517e+01 3.798036e+01
      vertex   -5.000000e+00 2.704163e+01 3.799788e+01
    endloop
  endfacet
  facet normal -1.467304e-01 9.891759e-01 1.123188e-03
    outer loop
      vertex   -2.695471e+00 2.736758e+01 5.200000e+01
      vertex   -5.000000e+00 2.704163e+01 3.799788e+01
      vertex   -5.364984e+00 2.697160e+01 5.200000e+01
    endloop
  endfacet
  facet normal -1.884586e-01 9.820811e-01 1.661609e-21
    outer loop
      vertex   -5.364984e+00 2.697160e+01 5.200000e+01
      vertex   -5.000000e+00 2.704163e+01 3.799788e+01
      vertex   -5.000000e+00 2.704163e+01 4.821917e-19
    endloop
  endfacet
  facet normal -2.271850e-01 9.738516e-01 -2.829024e-04
    outer loop
      vertex   -5.364984e+00 2.697160e+01 5.200000e+01
      vertex   -5.000000e+00 2.704163e+01 4.821917e-19
      vertex   -7.481756e+00 2.646268e+01 0.000000e+00
    endloop
  endfacet
  facet normal -2.429802e-01 9.700312e-01 3.974630e-04
    outer loop
      vertex   -5.364984e+00 2.697160e+01 5.200000e+01
      vertex   -7.481756e+00 2.646268e+01 0.000000e+00
      vertex   -7.982829e+00 2.631586e+01 5.200000e+01
    endloop
  endfacet
  facet normal -3.163583e-01 9.486397e-01 -3.700067e-04
    outer loop
      vertex   -7.982829e+00 2.631586e+01 5.200000e+01
      vertex   -7.481756e+00 2.646268e+01 0.000000e+00
      vertex   -9.899262e+00 2.565647e+01 0.000000e+00
    endloop
  endfacet
  facet normal -3.368898e-01 9.415440e-01 4.766508e-04
    outer loop
      vertex   -7.982829e+00 2.631586e+01 5.200000e+01
      vertex   -9.899262e+00 2.565647e+01 0.000000e+00
      vertex   -1.052379e+01 2.540669e+01 5.200000e+01
    endloop
  endfacet
  facet normal -4.028148e-01 9.152814e-01 -4.412774e-04
    outer loop
      vertex   -1.052379e+01 2.540669e+01 5.200000e+01
      vertex   -9.899262e+00 2.565647e+01 0.000000e+00
      vertex   -1.223176e+01 2.462994e+01 0.000000e+00
    endloop
  endfacet
  facet normal -4.275550e-01 9.039892e-01 5.400039e-04
    outer loop
      vertex   -1.052379e+01 2.540669e+01 5.200000e+01
      vertex   -1.223176e+01 2.462994e+01 0.000000e+00
      vertex   -1.296341e+01 2.425283e+01 5.200000e+01
    endloop
  endfacet
  facet normal -4.858121e-01 8.740631e-01 -4.967124e-04
    outer loop
      vertex   -1.296341e+01 2.425283e+01 5.200000e+01
      vertex   -1.223176e+01 2.462994e+01 0.000000e+00
      vertex   -1.445921e+01 2.339190e+01 0.000000e+00
    endloop
  endfacet
  facet normal -5.141027e-01 8.577285e-01 5.875204e-04
    outer loop
      vertex   -1.296341e+01 2.425283e+01 5.200000e+01
      vertex   -1.445921e+01 2.339190e+01 0.000000e+00
      vertex   -1.527818e+01 2.286541e+01 5.200000e+01
    endloop
  endfacet
  facet normal -5.646376e-01 8.253388e-01 -5.363100e-04
    outer loop
      vertex   -1.527818e+01 2.286541e+01 5.200000e+01
      vertex   -1.445921e+01 2.339190e+01 0.000000e+00
      vertex   -1.656250e+01 2.195298e+01 0.000000e+00
    endloop
  endfacet
  facet normal -5.956992e-01 8.032074e-01 6.191988e-04
    outer loop
      vertex   -1.527818e+01 2.286541e+01 5.200000e+01
      vertex   -1.656250e+01 2.195298e+01 0.000000e+00
      vertex   -1.744582e+01 2.125779e+01 5.200000e+01
    endloop
  endfacet
  facet normal -6.386142e-01 7.695269e-01 -5.600691e-04
    outer loop
      vertex   -1.744582e+01 2.125779e+01 5.200000e+01
      vertex   -1.656250e+01 2.195298e+01 0.000000e+00
      vertex   -1.852356e+01 2.032554e+01 0.000000e+00
    endloop
  endfacet
  facet normal -6.715588e-01 7.409510e-01 6.350383e-04
    outer loop
      vertex   -1.744582e+01 2.125779e+01 5.200000e+01
      vertex   -1.852356e+01 2.032554e+01 0.000000e+00
      vertex   -1.944544e+01 1.944544e+01 5.200000e+01
    endloop
  endfacet
  facet normal -7.071067e-01 7.071067e-01 -5.679888e-04
    outer loop
      vertex   -1.944544e+01 1.944544e+01 5.200000e+01
      vertex   -1.852356e+01 2.032554e+01 0.000000e+00
      vertex   -2.032554e+01 1.852356e+01 0.000000e+00
    endloop
  endfacet
  facet normal -7.409510e-01 6.715588e-01 6.350383e-04
    outer loop
      vertex   -1.944544e+01 1.944544e+01 5.200000e+01
      vertex   -2.032554e+01 1.852356e+01 0.000000e+00
      vertex   -2.125779e+01 1.744582e+01 5.200000e+01
    endloop
  endfacet
  facet normal -7.695269e-01 6.386142e-01 -5.600691e-04
    outer loop
      vertex   -2.125779e+01 1.744582e+01 5.200000e+01
      vertex   -2.032554e+01 1.852356e+01 0.000000e+00
      vertex   -2.195298e+01 1.656250e+01 0.000000e+00
    endloop
  endfacet
  facet normal -8.032074e-01 5.956992e-01 6.191988e-04
    outer loop
      vertex   -2.125779e+01 1.744582e+01 5.200000e+01
      vertex   -2.195298e+01 1.656250e+01 0.000000e+00
      vertex   -2.286541e+01 1.527818e+01 5.200000e+01
    endloop
  endfacet
  facet normal -8.253388e-01 5.646376e-01 -5.363100e-04
    outer loop
      vertex   -2.286541e+01 1.527818e+01 5.200000e+01
      vertex   -2.195298e+01 1.656250e+01 0.000000e+00
      vertex   -2.339190e+01 1.445921e+01 0.000000e+00
    endloop
  endfacet
  facet normal -8.577285e-01 5.141027e-01 5.875204e-04
    outer loop
      vertex   -2.286541e+01 1.527818e+01 5.200000e+01
      vertex   -2.339190e+01 1.445921e+01 0.000000e+00
      vertex   -2.425283e+01 1.296341e+01 5.200000e+01
    endloop
  endfacet
  facet normal -8.740631e-01 4.858121e-01 -4.967124e-04
    outer loop
      vertex   -2.425283e+01 1.296341e+01 5.200000e+01
      vertex   -2.339190e+01 1.445921e+01 0.000000e+00
      vertex   -2.462994e+01 1.223176e+01 0.000000e+00
    endloop
  endfacet
  facet normal -9.039892e-01 4.275550e-01 5.400039e-04
    outer loop
      vertex   -2.425283e+01 1.296341e+01 5.200000e+01
      vertex   -2.462994e+01 1.223176e+01 0.000000e+00
      vertex   -2.540669e+01 1.052379e+01 5.200000e+01
    endloop
  endfacet
  facet normal -9.152814e-01 4.028148e-01 -4.412774e-04
    outer loop
      vertex   -2.540669e+01 1.052379e+01 5.200000e+01
      vertex   -2.462994e+01 1.223176e+01 0.000000e+00
      vertex   -2.565647e+01 9.899262e+00 0.000000e+00
    endloop
  endfacet
  facet normal -9.415440e-01 3.368898e-01 4.766508e-04
    outer loop
      vertex   -2.540669e+01 1.052379e+01 5.200000e+01
      vertex   -2.565647e+01 9.899262e+00 0.000000e+00
      vertex   -2.631586e+01 7.982829e+00 5.200000e+01
    endloop
  endfacet
  facet normal -9.486397e-01 3.163583e-01 -3.700067e-04
    outer loop
      vertex   -2.631586e+01 7.982829e+00 5.200000e+01
      vertex   -2.565647e+01 9.899262e+00 0.000000e+00
      vertex   -2.646268e+01 7.481756e+00 0.000000e+00
    endloop
  endfacet
  facet normal -9.700312e-01 2.429802e-01 3.974630e-04
    outer loop
      vertex   -2.631586e+01 7.982829e+00 5.200000e+01
      vertex   -2.646268e+01 7.481756e+00 0.000000e+00
      vertex   -2.697160e+01 5.364984e+00 5.200000e+01
    endloop
  endfacet
  facet normal -9.738516e-01 2.271850e-01 -2.829024e-04
    outer loop
      vertex   -2.697160e+01 5.364984e+00 5.200000e+01
      vertex   -2.646268e+01 7.481756e+00 0.000000e+00
      vertex   -2.704163e+01 5.000000e+00 0.000000e+00
    endloop
  endfacet
  facet normal -9.820811e-01 1.884586e-01 4.458310e-18
    outer loop
      vertex   -2.697160e+01 5.364984e+00 5.200000e+01
      vertex   -2.704163e+01 5.000000e+00 0.000000e+00
      vertex   -2.704163e+01 5.000000e+00 3.799788e+01
    endloop
  endfacet
  facet normal -9.859995e-01 1.667474e-01 5.855287e-04
    outer loop
      vertex   -2.704163e+01 5.000000e+00 3.799788e+01
      vertex   -2.718195e+01 4.170307e+00 3.799072e+01
      vertex   -2.697160e+01 5.364984e+00 5.200000e+01
    endloop
  endfacet
  facet normal -9.891738e-01 1.467301e-01 2.340225e-03
    outer loop
      vertex   -2.697160e+01 5.364984e+00 5.200000e+01
      vertex   -2.718195e+01 4.170307e+00 3.799072e+01
      vertex   -2.736758e+01 2.695471e+00 5.200000e+01
    endloop
  endfacet
  facet normal -9.906395e-01 1.364985e-01 1.243669e-03
    outer loop
      vertex   -2.736758e+01 2.695471e+00 5.200000e+01
      vertex   -2.718195e+01 4.170307e+00 3.799072e+01
      vertex   -2.729682e+01 3.336709e+00 3.798487e+01
    endloop
  endfacet
  facet normal -9.943517e-01 1.061351e-01 -1.642997e-04
    outer loop
      vertex   -2.736758e+01 2.695471e+00 5.200000e+01
      vertex   -2.729682e+01 3.336709e+00 3.798487e+01
      vertex   -2.738613e+01 2.499987e+00 3.798031e+01
    endloop
  endfacet
  facet normal -9.955283e-01 9.446349e-02 3.671210e-16
    outer loop
      vertex   -2.738613e+01 2.499987e+00 3.798031e+01
      vertex   -2.738613e+01 2.499987e+00 4.750000e+01
      vertex   -2.736758e+01 2.695471e+00 5.200000e+01
    endloop
  endfacet
  facet normal -9.981579e-01 6.065208e-02 1.479636e-03
    outer loop
      vertex   -2.736758e+01 2.695471e+00 5.200000e+01
      vertex   -2.738613e+01 2.499987e+00 4.750000e+01
      vertex   -2.748734e+01 8.343448e-01 4.750000e+01
    endloop
  endfacet
  facet normal -9.987757e-01 4.906670e-02 6.287602e-03
    outer loop
      vertex   -2.736758e+01 2.695471e+00 5.200000e+01
      vertex   -2.748734e+01 8.343448e-01 4.750000e+01
      vertex   -2.750000e+01 0.000000e+00 5.200000e+01
    endloop
  endfacet
  facet normal -9.999960e-01 -4.586414e-07 -2.813373e-03
    outer loop
      vertex   -2.750000e+01 0.000000e+00 5.200000e+01
      vertex   -2.748734e+01 8.343448e-01 4.750000e+01
      vertex   -2.748734e+01 -8.343700e-01 4.750000e+01
    endloop
  endfacet
  facet normal -9.987757e-01 -4.906670e-02 6.287707e-03
    outer loop
      vertex   -2.750000e+01 0.000000e+00 5.200000e+01
      vertex   -2.748734e+01 -8.343700e-01 4.750000e+01
      vertex   -2.736758e+01 -2.695471e+00 5.200000e+01
    endloop
  endfacet
  facet normal -9.986295e-01 -5.233596e-02 1.859347e-16
    outer loop
      vertex   2.386853e+01 2.508683e+00 5.300000e+01
      vertex   2.386853e+01 2.508683e+00 5.000000e+01
      vertex   2.400000e+01 2.939152e-15 5.300000e+01
    endloop
  endfacet
  facet normal -9.986295e-01 -5.233596e-02 -0.000000e+00
    outer loop
      vertex   2.400000e+01 2.939152e-15 5.300000e+01
      vertex   2.386853e+01 2.508683e+00 5.000000e+01
      vertex   2.400000e+01 2.939152e-15 5.000000e+01
    endloop
  endfacet
  facet normal -9.986295e-01 5.233596e-02 0.000000e+00
    outer loop
      vertex   2.400000e+01 2.939152e-15 5.300000e+01
      vertex   2.400000e+01 2.939152e-15 5.000000e+01
      vertex   2.386853e+01 -2.508683e+00 5.300000e+01
    endloop
  endfacet
  facet normal -9.986295e-01 5.233596e-02 -1.859347e-16
    outer loop
      vertex   2.386853e+01 -2.508683e+00 5.300000e+01
      vertex   2.400000e+01 2.939152e-15 5.000000e+01
      vertex   2.386853e+01 -2.508683e+00 5.000000e+01
    endloop
  endfacet
  facet normal -9.876883e-01 1.564345e-01 -5.557669e-16
    outer loop
      vertex   2.386853e+01 -2.508683e+00 5.300000e+01
      vertex   2.386853e+01 -2.508683e+00 5.000000e+01
      vertex   2.347554e+01 -4.989881e+00 5.300000e+01
    endloop
  endfacet
  facet normal -9.876883e-01 1.564345e-01 -5.094530e-16
    outer loop
      vertex   2.347554e+01 -4.989881e+00 5.300000e+01
      vertex   2.386853e+01 -2.508683e+00 5.000000e+01
      vertex   2.347554e+01 -4.989881e+00 5.000000e+01
    endloop
  endfacet
  facet normal -9.659258e-01 2.588190e-01 -8.428841e-16
    outer loop
      vertex   2.347554e+01 -4.989881e+00 5.300000e+01
      vertex   2.347554e+01 -4.989881e+00 5.000000e+01
      vertex   2.282536e+01 -7.416408e+00 5.300000e+01
    endloop
  endfacet
  facet normal -9.659258e-01 2.588190e-01 0.000000e+00
    outer loop
      vertex   2.282536e+01 -7.416408e+00 5.300000e+01
      vertex   2.347554e+01 -4.989881e+00 5.000000e+01
      vertex   2.282536e+01 -7.416408e+00 5.000000e+01
    endloop
  endfacet
  facet normal -9.335804e-01 3.583679e-01 0.000000e+00
    outer loop
      vertex   2.282536e+01 -7.416408e+00 5.300000e+01
      vertex   2.282536e+01 -7.416408e+00 5.000000e+01
      vertex   2.192509e+01 -9.761679e+00 5.300000e+01
    endloop
  endfacet
  facet normal -9.335804e-01 3.583679e-01 4.459905e-17
    outer loop
      vertex   2.192509e+01 -9.761679e+00 5.300000e+01
      vertex   2.282536e+01 -7.416408e+00 5.000000e+01
      vertex   2.192509e+01 -9.761679e+00 5.000000e+01
    endloop
  endfacet
  facet normal -8.910065e-01 4.539905e-01 -2.889182e-16
    outer loop
      vertex   2.192509e+01 -9.761679e+00 5.300000e+01
      vertex   2.192509e+01 -9.761679e+00 5.000000e+01
      vertex   2.078461e+01 -1.200000e+01 5.300000e+01
    endloop
  endfacet
  facet normal -8.910065e-01 4.539905e-01 2.286127e-16
    outer loop
      vertex   2.078461e+01 -1.200000e+01 5.300000e+01
      vertex   2.192509e+01 -9.761679e+00 5.000000e+01
      vertex   2.078461e+01 -1.200000e+01 5.000000e+01
    endloop
  endfacet
  facet normal -8.386706e-01 5.446390e-01 -2.710667e-16
    outer loop
      vertex   2.078461e+01 -1.200000e+01 5.300000e+01
      vertex   2.078461e+01 -1.200000e+01 5.000000e+01
      vertex   1.941641e+01 -1.410685e+01 5.300000e+01
    endloop
  endfacet
  facet normal -8.386706e-01 5.446390e-01 0.000000e+00
    outer loop
      vertex   1.941641e+01 -1.410685e+01 5.300000e+01
      vertex   2.078461e+01 -1.200000e+01 5.000000e+01
      vertex   1.941641e+01 -1.410685e+01 5.000000e+01
    endloop
  endfacet
  facet normal -7.771460e-01 6.293204e-01 0.000000e+00
    outer loop
      vertex   1.941641e+01 -1.410685e+01 5.300000e+01
      vertex   1.941641e+01 -1.410685e+01 5.000000e+01
      vertex   1.783548e+01 -1.605913e+01 5.300000e+01
    endloop
  endfacet
  facet normal -7.771460e-01 6.293204e-01 7.002426e-16
    outer loop
      vertex   1.783548e+01 -1.605913e+01 5.300000e+01
      vertex   1.941641e+01 -1.410685e+01 5.000000e+01
      vertex   1.783548e+01 -1.605913e+01 5.000000e+01
    endloop
  endfacet
  facet normal -7.071068e-01 7.071068e-01 6.699120e-30
    outer loop
      vertex   1.783548e+01 -1.605913e+01 5.300000e+01
      vertex   1.783548e+01 -1.605913e+01 5.000000e+01
      vertex   1.605913e+01 -1.783548e+01 5.300000e+01
    endloop
  endfacet
  facet normal -7.071068e-01 7.071068e-01 1.674765e-15
    outer loop
      vertex   1.605913e+01 -1.783548e+01 5.300000e+01
      vertex   1.783548e+01 -1.605913e+01 5.000000e+01
      vertex   1.605913e+01 -1.783548e+01 5.000000e+01
    endloop
  endfacet
  facet normal -6.293204e-01 7.771460e-01 1.315469e-15
    outer loop
      vertex   1.605913e+01 -1.783548e+01 5.300000e+01
      vertex   1.605913e+01 -1.783548e+01 5.000000e+01
      vertex   1.410685e+01 -1.941641e+01 5.300000e+01
    endloop
  endfacet
  facet normal -6.293204e-01 7.771460e-01 0.000000e+00
    outer loop
      vertex   1.410685e+01 -1.941641e+01 5.300000e+01
      vertex   1.605913e+01 -1.783548e+01 5.000000e+01
      vertex   1.410685e+01 -1.941641e+01 5.000000e+01
    endloop
  endfacet
  facet normal -5.446390e-01 8.386706e-01 0.000000e+00
    outer loop
      vertex   1.410685e+01 -1.941641e+01 5.300000e+01
      vertex   1.410685e+01 -1.941641e+01 5.000000e+01
      vertex   1.200000e+01 -2.078461e+01 5.300000e+01
    endloop
  endfacet
  facet normal -5.446390e-01 8.386706e-01 2.453545e-16
    outer loop
      vertex   1.200000e+01 -2.078461e+01 5.300000e+01
      vertex   1.410685e+01 -1.941641e+01 5.000000e+01
      vertex   1.200000e+01 -2.078461e+01 5.000000e+01
    endloop
  endfacet
  facet normal -4.539905e-01 8.910065e-01 -4.773273e-16
    outer loop
      vertex   1.200000e+01 -2.078461e+01 5.300000e+01
      vertex   1.200000e+01 -2.078461e+01 5.000000e+01
      vertex   9.761679e+00 -2.192509e+01 5.300000e+01
    endloop
  endfacet
  facet normal -4.539905e-01 8.910065e-01 2.889182e-16
    outer loop
      vertex   9.761679e+00 -2.192509e+01 5.300000e+01
      vertex   1.200000e+01 -2.078461e+01 5.000000e+01
      vertex   9.761679e+00 -2.192509e+01 5.000000e+01
    endloop
  endfacet
  facet normal -3.583679e-01 9.335804e-01 -4.459905e-17
    outer loop
      vertex   9.761679e+00 -2.192509e+01 5.300000e+01
      vertex   9.761679e+00 -2.192509e+01 5.000000e+01
      vertex   7.416408e+00 -2.282536e+01 5.300000e+01
    endloop
  endfacet
  facet normal -3.583679e-01 9.335804e-01 0.000000e+00
    outer loop
      vertex   7.416408e+00 -2.282536e+01 5.300000e+01
      vertex   9.761679e+00 -2.192509e+01 5.000000e+01
      vertex   7.416408e+00 -2.282536e+01 5.000000e+01
    endloop
  endfacet
  facet normal -2.588190e-01 9.659258e-01 0.000000e+00
    outer loop
      vertex   7.416408e+00 -2.282536e+01 5.300000e+01
      vertex   7.416408e+00 -2.282536e+01 5.000000e+01
      vertex   4.989881e+00 -2.347554e+01 5.300000e+01
    endloop
  endfacet
  facet normal -2.588190e-01 9.659258e-01 1.587531e-16
    outer loop
      vertex   4.989881e+00 -2.347554e+01 5.300000e+01
      vertex   7.416408e+00 -2.282536e+01 5.000000e+01
      vertex   4.989881e+00 -2.347554e+01 5.000000e+01
    endloop
  endfacet
  facet normal -1.564345e-01 9.876883e-01 -3.823216e-16
    outer loop
      vertex   4.989881e+00 -2.347554e+01 5.300000e+01
      vertex   4.989881e+00 -2.347554e+01 5.000000e+01
      vertex   2.508683e+00 -2.386853e+01 5.300000e+01
    endloop
  endfacet
  facet normal -1.564345e-01 9.876883e-01 5.326099e-16
    outer loop
      vertex   2.508683e+00 -2.386853e+01 5.300000e+01
      vertex   4.989881e+00 -2.347554e+01 5.000000e+01
      vertex   2.508683e+00 -2.386853e+01 5.000000e+01
    endloop
  endfacet
  facet normal -5.233596e-02 9.986295e-01 1.781874e-16
    outer loop
      vertex   2.508683e+00 -2.386853e+01 5.300000e+01
      vertex   2.508683e+00 -2.386853e+01 5.000000e+01
      vertex   -1.469576e-15 -2.400000e+01 5.300000e+01
    endloop
  endfacet
  facet normal -5.233596e-02 9.986295e-01 0.000000e+00
    outer loop
      vertex   -1.469576e-15 -2.400000e+01 5.300000e+01
      vertex   2.508683e+00 -2.386853e+01 5.000000e+01
      vertex   -1.469576e-15 -2.400000e+01 5.000000e+01
    endloop
  endfacet
  facet normal 5.233596e-02 9.986295e-01 0.000000e+00
    outer loop
      vertex   -1.469576e-15 -2.400000e+01 5.300000e+01
      vertex   -1.469576e-15 -2.400000e+01 5.000000e+01
      vertex   -2.508683e+00 -2.386853e+01 5.300000e+01
    endloop
  endfacet
  facet normal 5.233596e-02 9.986295e-01 -2.789020e-16
    outer loop
      vertex   -2.508683e+00 -2.386853e+01 5.300000e+01
      vertex   -1.469576e-15 -2.400000e+01 5.000000e+01
      vertex   -2.508683e+00 -2.386853e+01 5.000000e+01
    endloop
  endfacet
  facet normal 1.564345e-01 9.876883e-01 -8.336503e-16
    outer loop
      vertex   -2.508683e+00 -2.386853e+01 5.300000e+01
      vertex   -2.508683e+00 -2.386853e+01 5.000000e+01
      vertex   -4.989881e+00 -2.347554e+01 5.300000e+01
    endloop
  endfacet
  facet normal 1.564345e-01 9.876883e-01 -5.557669e-16
    outer loop
      vertex   -4.989881e+00 -2.347554e+01 5.300000e+01
      vertex   -2.508683e+00 -2.386853e+01 5.000000e+01
      vertex   -4.989881e+00 -2.347554e+01 5.000000e+01
    endloop
  endfacet
  facet normal 2.588190e-01 9.659258e-01 -9.195100e-16
    outer loop
      vertex   -4.989881e+00 -2.347554e+01 5.300000e+01
      vertex   -4.989881e+00 -2.347554e+01 5.000000e+01
      vertex   -7.416408e+00 -2.282536e+01 5.300000e+01
    endloop
  endfacet
  facet normal 2.588190e-01 9.659258e-01 0.000000e+00
    outer loop
      vertex   -7.416408e+00 -2.282536e+01 5.300000e+01
      vertex   -4.989881e+00 -2.347554e+01 5.000000e+01
      vertex   -7.416408e+00 -2.282536e+01 5.000000e+01
    endloop
  endfacet
  facet normal 3.583679e-01 9.335804e-01 0.000000e+00
    outer loop
      vertex   -7.416408e+00 -2.282536e+01 5.300000e+01
      vertex   -7.416408e+00 -2.282536e+01 5.000000e+01
      vertex   -9.761679e+00 -2.192509e+01 5.300000e+01
    endloop
  endfacet
  facet normal 3.583679e-01 9.335804e-01 7.257875e-16
    outer loop
      vertex   -9.761679e+00 -2.192509e+01 5.300000e+01
      vertex   -7.416408e+00 -2.282536e+01 5.000000e+01
      vertex   -9.761679e+00 -2.192509e+01 5.000000e+01
    endloop
  endfacet
  facet normal 4.539905e-01 8.910065e-01 2.286127e-16
    outer loop
      vertex   -9.761679e+00 -2.192509e+01 5.300000e+01
      vertex   -9.761679e+00 -2.192509e+01 5.000000e+01
      vertex   -1.200000e+01 -2.078461e+01 5.300000e+01
    endloop
  endfacet
  facet normal 4.539905e-01 8.910065e-01 2.286127e-16
    outer loop
      vertex   -1.200000e+01 -2.078461e+01 5.300000e+01
      vertex   -9.761679e+00 -2.192509e+01 5.000000e+01
      vertex   -1.200000e+01 -2.078461e+01 5.000000e+01
    endloop
  endfacet
  facet normal 5.446390e-01 8.386706e-01 -2.710667e-16
    outer loop
      vertex   -1.200000e+01 -2.078461e+01 5.300000e+01
      vertex   -1.200000e+01 -2.078461e+01 5.000000e+01
      vertex   -1.410685e+01 -1.941641e+01 5.300000e+01
    endloop
  endfacet
  facet normal 5.446390e-01 8.386706e-01 0.000000e+00
    outer loop
      vertex   -1.410685e+01 -1.941641e+01 5.300000e+01
      vertex   -1.200000e+01 -2.078461e+01 5.000000e+01
      vertex   -1.410685e+01 -1.941641e+01 5.000000e+01
    endloop
  endfacet
  facet normal 6.293204e-01 7.771460e-01 0.000000e+00
    outer loop
      vertex   -1.410685e+01 -1.941641e+01 5.300000e+01
      vertex   -1.410685e+01 -1.941641e+01 5.000000e+01
      vertex   -1.605913e+01 -1.783548e+01 5.300000e+01
    endloop
  endfacet
  facet normal 6.293204e-01 7.771460e-01 1.750606e-16
    outer loop
      vertex   -1.605913e+01 -1.783548e+01 5.300000e+01
      vertex   -1.410685e+01 -1.941641e+01 5.000000e+01
      vertex   -1.605913e+01 -1.783548e+01 5.000000e+01
    endloop
  endfacet
  facet normal 7.071068e-01 7.071068e-01 0.000000e+00
    outer loop
      vertex   -1.605913e+01 -1.783548e+01 5.300000e+01
      vertex   -1.605913e+01 -1.783548e+01 5.000000e+01
      vertex   -1.783548e+01 -1.605913e+01 5.300000e+01
    endloop
  endfacet
  facet normal 7.071068e-01 7.071068e-01 -8.373826e-16
    outer loop
      vertex   -1.783548e+01 -1.605913e+01 5.300000e+01
      vertex   -1.605913e+01 -1.783548e+01 5.000000e+01
      vertex   -1.783548e+01 -1.605913e+01 5.000000e+01
    endloop
  endfacet
  facet normal 7.771460e-01 6.293204e-01 -1.095386e-15
    outer loop
      vertex   -1.783548e+01 -1.605913e+01 5.300000e+01
      vertex   -1.783548e+01 -1.605913e+01 5.000000e+01
      vertex   -1.941641e+01 -1.410685e+01 5.300000e+01
    endloop
  endfacet
  facet normal 7.771460e-01 6.293204e-01 0.000000e+00
    outer loop
      vertex   -1.941641e+01 -1.410685e+01 5.300000e+01
      vertex   -1.783548e+01 -1.605913e+01 5.000000e+01
      vertex   -1.941641e+01 -1.410685e+01 5.000000e+01
    endloop
  endfacet
  facet normal 8.386706e-01 5.446390e-01 0.000000e+00
    outer loop
      vertex   -1.941641e+01 -1.410685e+01 5.300000e+01
      vertex   -1.941641e+01 -1.410685e+01 5.000000e+01
      vertex   -2.078461e+01 -1.200000e+01 5.300000e+01
    endloop
  endfacet
  facet normal 8.386706e-01 5.446390e-01 -3.739155e-16
    outer loop
      vertex   -2.078461e+01 -1.200000e+01 5.300000e+01
      vertex   -1.941641e+01 -1.410685e+01 5.000000e+01
      vertex   -2.078461e+01 -1.200000e+01 5.000000e+01
    endloop
  endfacet
  facet normal 8.910065e-01 4.539905e-01 -7.662455e-16
    outer loop
      vertex   -2.078461e+01 -1.200000e+01 5.300000e+01
      vertex   -2.078461e+01 -1.200000e+01 5.000000e+01
      vertex   -2.192509e+01 -9.761679e+00 5.300000e+01
    endloop
  endfacet
  facet normal 8.910065e-01 4.539905e-01 1.344082e-15
    outer loop
      vertex   -2.192509e+01 -9.761679e+00 5.300000e+01
      vertex   -2.078461e+01 -1.200000e+01 5.000000e+01
      vertex   -2.192509e+01 -9.761679e+00 5.000000e+01
    endloop
  endfacet
  facet normal 9.335804e-01 3.583679e-01 1.060982e-15
    outer loop
      vertex   -2.192509e+01 -9.761679e+00 5.300000e+01
      vertex   -2.192509e+01 -9.761679e+00 5.000000e+01
      vertex   -2.282536e+01 -7.416408e+00 5.300000e+01
    endloop
  endfacet
  facet normal 9.335804e-01 3.583679e-01 0.000000e+00
    outer loop
      vertex   -2.282536e+01 -7.416408e+00 5.300000e+01
      vertex   -2.192509e+01 -9.761679e+00 5.000000e+01
      vertex   -2.282536e+01 -7.416408e+00 5.000000e+01
    endloop
  endfacet
  facet normal 9.659258e-01 2.588190e-01 0.000000e+00
    outer loop
      vertex   -2.282536e+01 -7.416408e+00 5.300000e+01
      vertex   -2.282536e+01 -7.416408e+00 5.000000e+01
      vertex   -2.347554e+01 -4.989881e+00 5.300000e+01
    endloop
  endfacet
  facet normal 9.659258e-01 2.588190e-01 9.195100e-16
    outer loop
      vertex   -2.347554e+01 -4.989881e+00 5.300000e+01
      vertex   -2.282536e+01 -7.416408e+00 5.000000e+01
      vertex   -2.347554e+01 -4.989881e+00 5.000000e+01
    endloop
  endfacet
  facet normal 9.876883e-01 1.564345e-01 5.557669e-16
    outer loop
      vertex   -2.347554e+01 -4.989881e+00 5.300000e+01
      vertex   -2.347554e+01 -4.989881e+00 5.000000e+01
      vertex   -2.386853e+01 -2.508683e+00 5.300000e+01
    endloop
  endfacet
  facet normal 9.876883e-01 1.564345e-01 5.326099e-16
    outer loop
      vertex   -2.386853e+01 -2.508683e+00 5.300000e+01
      vertex   -2.347554e+01 -4.989881e+00 5.000000e+01
      vertex   -2.386853e+01 -2.508683e+00 5.000000e+01
    endloop
  endfacet
  facet normal 9.986295e-01 5.233596e-02 1.781874e-16
    outer loop
      vertex   -2.386853e+01 -2.508683e+00 5.300000e+01
      vertex   -2.386853e+01 -2.508683e+00 5.000000e+01
      vertex   -2.400000e+01 0.000000e+00 5.300000e+01
    endloop
  endfacet
  facet normal 9.986295e-01 5.233596e-02 0.000000e+00
    outer loop
      vertex   -2.400000e+01 0.000000e+00 5.300000e+01
      vertex   -2.386853e+01 -2.508683e+00 5.000000e+01
      vertex   -2.400000e+01 0.000000e+00 5.000000e+01
    endloop
  endfacet
  facet normal 9.986295e-01 -5.233596e-02 0.000000e+00
    outer loop
      vertex   -2.400000e+01 0.000000e+00 5.300000e+01
      vertex   -2.400000e+01 0.000000e+00 5.000000e+01
      vertex   -2.386853e+01 2.508683e+00 5.300000e+01
    endloop
  endfacet
  facet normal 9.986295e-01 -5.233596e-02 -1.781874e-16
    outer loop
      vertex   -2.386853e+01 2.508683e+00 5.300000e+01
      vertex   -2.400000e+01 0.000000e+00 5.000000e+01
      vertex   -2.386853e+01 2.508683e+00 5.000000e+01
    endloop
  endfacet
  facet normal 9.876883e-01 -1.564345e-01 -5.326099e-16
    outer loop
      vertex   -2.386853e+01 2.508683e+00 5.300000e+01
      vertex   -2.386853e+01 2.508683e+00 5.000000e+01
      vertex   -2.347554e+01 4.989881e+00 5.300000e+01
    endloop
  endfacet
  facet normal 9.876883e-01 -1.564345e-01 -5.557669e-16
    outer loop
      vertex   -2.347554e+01 4.989881e+00 5.300000e+01
      vertex   -2.386853e+01 2.508683e+00 5.000000e+01
      vertex   -2.347554e+01 4.989881e+00 5.000000e+01
    endloop
  endfacet
  facet normal 9.659258e-01 -2.588190e-01 -9.195100e-16
    outer loop
      vertex   -2.347554e+01 4.989881e+00 5.300000e+01
      vertex   -2.347554e+01 4.989881e+00 5.000000e+01
      vertex   -2.282536e+01 7.416408e+00 5.300000e+01
    endloop
  endfacet
  facet normal 9.659258e-01 -2.588190e-01 0.000000e+00
    outer loop
      vertex   -2.282536e+01 7.416408e+00 5.300000e+01
      vertex   -2.347554e+01 4.989881e+00 5.000000e+01
      vertex   -2.282536e+01 7.416408e+00 5.000000e+01
    endloop
  endfacet
  facet normal 9.335804e-01 -3.583679e-01 0.000000e+00
    outer loop
      vertex   -2.282536e+01 7.416408e+00 5.300000e+01
      vertex   -2.282536e+01 7.416408e+00 5.000000e+01
      vertex   -2.192509e+01 9.761679e+00 5.300000e+01
    endloop
  endfacet
  facet normal 9.335804e-01 -3.583679e-01 -1.060982e-15
    outer loop
      vertex   -2.192509e+01 9.761679e+00 5.300000e+01
      vertex   -2.282536e+01 7.416408e+00 5.000000e+01
      vertex   -2.192509e+01 9.761679e+00 5.000000e+01
    endloop
  endfacet
  facet normal 8.910065e-01 -4.539905e-01 -1.344082e-15
    outer loop
      vertex   -2.192509e+01 9.761679e+00 5.300000e+01
      vertex   -2.192509e+01 9.761679e+00 5.000000e+01
      vertex   -2.078461e+01 1.200000e+01 5.300000e+01
    endloop
  endfacet
  facet normal 8.910065e-01 -4.539905e-01 7.662455e-16
    outer loop
      vertex   -2.078461e+01 1.200000e+01 5.300000e+01
      vertex   -2.192509e+01 9.761679e+00 5.000000e+01
      vertex   -2.078461e+01 1.200000e+01 5.000000e+01
    endloop
  endfacet
  facet normal 8.386706e-01 -5.446390e-01 3.739155e-16
    outer loop
      vertex   -2.078461e+01 1.200000e+01 5.300000e+01
      vertex   -2.078461e+01 1.200000e+01 5.000000e+01
      vertex   -1.941641e+01 1.410685e+01 5.300000e+01
    endloop
  endfacet
  facet normal 8.386706e-01 -5.446390e-01 0.000000e+00
    outer loop
      vertex   -1.941641e+01 1.410685e+01 5.300000e+01
      vertex   -2.078461e+01 1.200000e+01 5.000000e+01
      vertex   -1.941641e+01 1.410685e+01 5.000000e+01
    endloop
  endfacet
  facet normal 7.771460e-01 -6.293204e-01 0.000000e+00
    outer loop
      vertex   -1.941641e+01 1.410685e+01 5.300000e+01
      vertex   -1.941641e+01 1.410685e+01 5.000000e+01
      vertex   -1.783548e+01 1.605913e+01 5.300000e+01
    endloop
  endfacet
  facet normal 7.771460e-01 -6.293204e-01 1.095386e-15
    outer loop
      vertex   -1.783548e+01 1.605913e+01 5.300000e+01
      vertex   -1.941641e+01 1.410685e+01 5.000000e+01
      vertex   -1.783548e+01 1.605913e+01 5.000000e+01
    endloop
  endfacet
  facet normal 7.071068e-01 -7.071068e-01 8.373826e-16
    outer loop
      vertex   -1.783548e+01 1.605913e+01 5.300000e+01
      vertex   -1.783548e+01 1.605913e+01 5.000000e+01
      vertex   -1.605913e+01 1.783548e+01 5.300000e+01
    endloop
  endfacet
  facet normal 7.071068e-01 -7.071068e-01 0.000000e+00
    outer loop
      vertex   -1.605913e+01 1.783548e+01 5.300000e+01
      vertex   -1.783548e+01 1.605913e+01 5.000000e+01
      vertex   -1.605913e+01 1.783548e+01 5.000000e+01
    endloop
  endfacet
  facet normal 6.293204e-01 -7.771460e-01 -1.750606e-16
    outer loop
      vertex   -1.605913e+01 1.783548e+01 5.300000e+01
      vertex   -1.605913e+01 1.783548e+01 5.000000e+01
      vertex   -1.410685e+01 1.941641e+01 5.300000e+01
    endloop
  endfacet
  facet normal 6.293204e-01 -7.771460e-01 0.000000e+00
    outer loop
      vertex   -1.410685e+01 1.941641e+01 5.300000e+01
      vertex   -1.605913e+01 1.783548e+01 5.000000e+01
      vertex   -1.410685e+01 1.941641e+01 5.000000e+01
    endloop
  endfacet
  facet normal 5.446390e-01 -8.386706e-01 0.000000e+00
    outer loop
      vertex   -1.410685e+01 1.941641e+01 5.300000e+01
      vertex   -1.410685e+01 1.941641e+01 5.000000e+01
      vertex   -1.200000e+01 2.078461e+01 5.300000e+01
    endloop
  endfacet
  facet normal 5.446390e-01 -8.386706e-01 2.710667e-16
    outer loop
      vertex   -1.200000e+01 2.078461e+01 5.300000e+01
      vertex   -1.410685e+01 1.941641e+01 5.000000e+01
      vertex   -1.200000e+01 2.078461e+01 5.000000e+01
    endloop
  endfacet
  facet normal 4.539905e-01 -8.910065e-01 -2.286127e-16
    outer loop
      vertex   -1.200000e+01 2.078461e+01 5.300000e+01
      vertex   -1.200000e+01 2.078461e+01 5.000000e+01
      vertex   -9.761679e+00 2.192509e+01 5.300000e+01
    endloop
  endfacet
  facet normal 4.539905e-01 -8.910065e-01 -2.286127e-16
    outer loop
      vertex   -9.761679e+00 2.192509e+01 5.300000e+01
      vertex   -1.200000e+01 2.078461e+01 5.000000e+01
      vertex   -9.761679e+00 2.192509e+01 5.000000e+01
    endloop
  endfacet
  facet normal 3.583679e-01 -9.335804e-01 -7.257875e-16
    outer loop
      vertex   -9.761679e+00 2.192509e+01 5.300000e+01
      vertex   -9.761679e+00 2.192509e+01 5.000000e+01
      vertex   -7.416408e+00 2.282536e+01 5.300000e+01
    endloop
  endfacet
  facet normal 3.583679e-01 -9.335804e-01 0.000000e+00
    outer loop
      vertex   -7.416408e+00 2.282536e+01 5.300000e+01
      vertex   -9.761679e+00 2.192509e+01 5.000000e+01
      vertex   -7.416408e+00 2.282536e+01 5.000000e+01
    endloop
  endfacet
  facet normal 2.588190e-01 -9.659258e-01 0.000000e+00
    outer loop
      vertex   -7.416408e+00 2.282536e+01 5.300000e+01
      vertex   -7.416408e+00 2.282536e+01 5.000000e+01
      vertex   -4.989881e+00 2.347554e+01 5.300000e+01
    endloop
  endfacet
  facet normal 2.588190e-01 -9.659258e-01 9.195100e-16
    outer loop
      vertex   -4.989881e+00 2.347554e+01 5.300000e+01
      vertex   -7.416408e+00 2.282536e+01 5.000000e+01
      vertex   -4.989881e+00 2.347554e+01 5.000000e+01
    endloop
  endfacet
  facet normal 1.564345e-01 -9.876883e-01 5.557669e-16
    outer loop
      vertex   -4.989881e+00 2.347554e+01 5.300000e+01
      vertex   -4.989881e+00 2.347554e+01 5.000000e+01
      vertex   -2.508683e+00 2.386853e+01 5.300000e+01
    endloop
  endfacet
  facet normal 1.564345e-01 -9.876883e-01 8.336503e-16
    outer loop
      vertex   -2.508683e+00 2.386853e+01 5.300000e+01
      vertex   -4.989881e+00 2.347554e+01 5.000000e+01
      vertex   -2.508683e+00 2.386853e+01 5.000000e+01
    endloop
  endfacet
  facet normal 5.233596e-02 -9.986295e-01 2.789020e-16
    outer loop
      vertex   -2.508683e+00 2.386853e+01 5.300000e+01
      vertex   -2.508683e+00 2.386853e+01 5.000000e+01
      vertex   -1.469576e-15 2.400000e+01 5.300000e+01
    endloop
  endfacet
  facet normal 5.233596e-02 -9.986295e-01 0.000000e+00
    outer loop
      vertex   -1.469576e-15 2.400000e+01 5.300000e+01
      vertex   -2.508683e+00 2.386853e+01 5.000000e+01
      vertex   -1.469576e-15 2.400000e+01 5.000000e+01
    endloop
  endfacet
  facet normal -5.233596e-02 -9.986295e-01 -0.000000e+00
    outer loop
      vertex   -1.469576e-15 2.400000e+01 5.300000e+01
      vertex   -1.469576e-15 2.400000e+01 5.000000e+01
      vertex   2.508683e+00 2.386853e+01 5.300000e+01
    endloop
  endfacet
  facet normal -5.233596e-02 -9.986295e-01 -1.781874e-16
    outer loop
      vertex   2.508683e+00 2.386853e+01 5.300000e+01
      vertex   -1.469576e-15 2.400000e+01 5.000000e+01
      vertex   2.508683e+00 2.386853e+01 5.000000e+01
    endloop
  endfacet
  facet normal -1.564345e-01 -9.876883e-01 -5.326099e-16
    outer loop
      vertex   2.508683e+00 2.386853e+01 5.300000e+01
      vertex   2.508683e+00 2.386853e+01 5.000000e+01
      vertex   4.989881e+00 2.347554e+01 5.300000e+01
    endloop
  endfacet
  facet normal -1.564345e-01 -9.876883e-01 3.823216e-16
    outer loop
      vertex   4.989881e+00 2.347554e+01 5.300000e+01
      vertex   2.508683e+00 2.386853e+01 5.000000e+01
      vertex   4.989881e+00 2.347554e+01 5.000000e+01
    endloop
  endfacet
  facet normal -2.588190e-01 -9.659258e-01 -1.587531e-16
    outer loop
      vertex   4.989881e+00 2.347554e+01 5.300000e+01
      vertex   4.989881e+00 2.347554e+01 5.000000e+01
      vertex   7.416408e+00 2.282536e+01 5.300000e+01
    endloop
  endfacet
  facet normal -2.588190e-01 -9.659258e-01 -0.000000e+00
    outer loop
      vertex   7.416408e+00 2.282536e+01 5.300000e+01
      vertex   4.989881e+00 2.347554e+01 5.000000e+01
      vertex   7.416408e+00 2.282536e+01 5.000000e+01
    endloop
  endfacet
  facet normal -3.583679e-01 -9.335804e-01 -0.000000e+00
    outer loop
      vertex   7.416408e+00 2.282536e+01 5.300000e+01
      vertex   7.416408e+00 2.282536e+01 5.000000e+01
      vertex   9.761679e+00 2.192509e+01 5.300000e+01
    endloop
  endfacet
  facet normal -3.583679e-01 -9.335804e-01 4.459905e-17
    outer loop
      vertex   9.761679e+00 2.192509e+01 5.300000e+01
      vertex   7.416408e+00 2.282536e+01 5.000000e+01
      vertex   9.761679e+00 2.192509e+01 5.000000e+01
    endloop
  endfacet
  facet normal -4.539905e-01 -8.910065e-01 -2.889182e-16
    outer loop
      vertex   9.761679e+00 2.192509e+01 5.300000e+01
      vertex   9.761679e+00 2.192509e+01 5.000000e+01
      vertex   1.200000e+01 2.078461e+01 5.300000e+01
    endloop
  endfacet
  facet normal -4.539905e-01 -8.910065e-01 4.773273e-16
    outer loop
      vertex   1.200000e+01 2.078461e+01 5.300000e+01
      vertex   9.761679e+00 2.192509e+01 5.000000e+01
      vertex   1.200000e+01 2.078461e+01 5.000000e+01
    endloop
  endfacet
  facet normal -5.446390e-01 -8.386706e-01 -2.453545e-16
    outer loop
      vertex   1.200000e+01 2.078461e+01 5.300000e+01
      vertex   1.200000e+01 2.078461e+01 5.000000e+01
      vertex   1.410685e+01 1.941641e+01 5.300000e+01
    endloop
  endfacet
  facet normal -5.446390e-01 -8.386706e-01 -0.000000e+00
    outer loop
      vertex   1.410685e+01 1.941641e+01 5.300000e+01
      vertex   1.200000e+01 2.078461e+01 5.000000e+01
      vertex   1.410685e+01 1.941641e+01 5.000000e+01
    endloop
  endfacet
  facet normal -6.293204e-01 -7.771460e-01 -0.000000e+00
    outer loop
      vertex   1.410685e+01 1.941641e+01 5.300000e+01
      vertex   1.410685e+01 1.941641e+01 5.000000e+01
      vertex   1.605913e+01 1.783548e+01 5.300000e+01
    endloop
  endfacet
  facet normal -6.293204e-01 -7.771460e-01 -1.315469e-15
    outer loop
      vertex   1.605913e+01 1.783548e+01 5.300000e+01
      vertex   1.410685e+01 1.941641e+01 5.000000e+01
      vertex   1.605913e+01 1.783548e+01 5.000000e+01
    endloop
  endfacet
  facet normal -7.071068e-01 -7.071068e-01 -1.674765e-15
    outer loop
      vertex   1.605913e+01 1.783548e+01 5.300000e+01
      vertex   1.605913e+01 1.783548e+01 5.000000e+01
      vertex   1.783548e+01 1.605913e+01 5.300000e+01
    endloop
  endfacet
  facet normal -7.071068e-01 -7.071068e-01 -6.699120e-30
    outer loop
      vertex   1.783548e+01 1.605913e+01 5.300000e+01
      vertex   1.605913e+01 1.783548e+01 5.000000e+01
      vertex   1.783548e+01 1.605913e+01 5.000000e+01
    endloop
  endfacet
  facet normal -7.771460e-01 -6.293204e-01 -7.002426e-16
    outer loop
      vertex   1.783548e+01 1.605913e+01 5.300000e+01
      vertex   1.783548e+01 1.605913e+01 5.000000e+01
      vertex   1.941641e+01 1.410685e+01 5.300000e+01
    endloop
  endfacet
  facet normal -7.771460e-01 -6.293204e-01 -0.000000e+00
    outer loop
      vertex   1.941641e+01 1.410685e+01 5.300000e+01
      vertex   1.783548e+01 1.605913e+01 5.000000e+01
      vertex   1.941641e+01 1.410685e+01 5.000000e+01
    endloop
  endfacet
  facet normal -8.386706e-01 -5.446390e-01 -0.000000e+00
    outer loop
      vertex   1.941641e+01 1.410685e+01 5.300000e+01
      vertex   1.941641e+01 1.410685e+01 5.000000e+01
      vertex   2.078461e+01 1.200000e+01 5.300000e+01
    endloop
  endfacet
  facet normal -8.386706e-01 -5.446390e-01 2.710667e-16
    outer loop
      vertex   2.078461e+01 1.200000e+01 5.300000e+01
      vertex   1.941641e+01 1.410685e+01 5.000000e+01
      vertex   2.078461e+01 1.200000e+01 5.000000e+01
    endloop
  endfacet
  facet normal -8.910065e-01 -4.539905e-01 -2.286127e-16
    outer loop
      vertex   2.078461e+01 1.200000e+01 5.300000e+01
      vertex   2.078461e+01 1.200000e+01 5.000000e+01
      vertex   2.192509e+01 9.761679e+00 5.300000e+01
    endloop
  endfacet
  facet normal -8.910065e-01 -4.539905e-01 2.889182e-16
    outer loop
      vertex   2.192509e+01 9.761679e+00 5.300000e+01
      vertex   2.078461e+01 1.200000e+01 5.000000e+01
      vertex   2.192509e+01 9.761679e+00 5.000000e+01
    endloop
  endfacet
  facet normal -9.335804e-01 -3.583679e-01 -4.459905e-17
    outer loop
      vertex   2.192509e+01 9.761679e+00 5.300000e+01
      vertex   2.192509e+01 9.761679e+00 5.000000e+01
      vertex   2.282536e+01 7.416408e+00 5.300000e+01
    endloop
  endfacet
  facet normal -9.335804e-01 -3.583679e-01 -0.000000e+00
    outer loop
      vertex   2.282536e+01 7.416408e+00 5.300000e+01
      vertex   2.192509e+01 9.761679e+00 5.000000e+01
      vertex   2.282536e+01 7.416408e+00 5.000000e+01
    endloop
  endfacet
  facet normal -9.659258e-01 -2.588190e-01 -0.000000e+00
    outer loop
      vertex   2.282536e+01 7.416408e+00 5.300000e+01
      vertex   2.282536e+01 7.416408e+00 5.000000e+01
      vertex   2.347554e+01 4.989881e+00 5.300000e+01
    endloop
  endfacet
  facet normal -9.659258e-01 -2.588190e-01 8.428841e-16
    outer loop
      vertex   2.347554e+01 4.989881e+00 5.300000e+01
      vertex   2.282536e+01 7.416408e+00 5.000000e+01
      vertex   2.347554e+01 4.989881e+00 5.000000e+01
    endloop
  endfacet
  facet normal -9.876883e-01 -1.564345e-01 5.094530e-16
    outer loop
      vertex   2.347554e+01 4.989881e+00 5.300000e+01
      vertex   2.347554e+01 4.989881e+00 5.000000e+01
      vertex   2.386853e+01 2.508683e+00 5.300000e+01
    endloop
  endfacet
  facet normal -9.876883e-01 -1.564345e-01 5.557669e-16
    outer loop
      vertex   2.386853e+01 2.508683e+00 5.300000e+01
      vertex   2.347554e+01 4.989881e+00 5.000000e+01
      vertex   2.386853e+01 2.508683e+00 5.000000e+01
    endloop
  endfacet
  facet normal -9.914449e-01 1.305262e-01 0.000000e+00
    outer loop
      vertex   -7.584074e+00 -2.588190e-01 4.750000e+01
      vertex   -7.584074e+00 -2.588190e-01 5.000000e+01
      vertex   -7.550000e+00 -1.224647e-16 4.750000e+01
    endloop
  endfacet
  facet normal -9.914449e-01 1.305262e-01 -1.278788e-17
    outer loop
      vertex   -7.550000e+00 -1.224647e-16 4.750000e+01
      vertex   -7.584074e+00 -2.588190e-01 5.000000e+01
      vertex   -7.550000e+00 1.224647e-16 5.000000e+01
    endloop
  endfacet
  facet normal -9.914449e-01 -1.305262e-01 1.278788e-17
    outer loop
      vertex   -7.550000e+00 -1.224647e-16 4.750000e+01
      vertex   -7.550000e+00 1.224647e-16 5.000000e+01
      vertex   -7.584074e+00 2.588190e-01 4.750000e+01
    endloop
  endfacet
  facet normal -9.914449e-01 -1.305262e-01 0.000000e+00
    outer loop
      vertex   -7.584074e+00 2.588190e-01 4.750000e+01
      vertex   -7.550000e+00 1.224647e-16 5.000000e+01
      vertex   -7.584074e+00 2.588190e-01 5.000000e+01
    endloop
  endfacet
  facet normal -9.238795e-01 -3.826834e-01 0.000000e+00
    outer loop
      vertex   -7.584074e+00 2.588190e-01 4.750000e+01
      vertex   -7.584074e+00 2.588190e-01 5.000000e+01
      vertex   -7.683975e+00 5.000000e-01 4.750000e+01
    endloop
  endfacet
  facet normal -9.238795e-01 -3.826834e-01 0.000000e+00
    outer loop
      vertex   -7.683975e+00 5.000000e-01 4.750000e+01
      vertex   -7.584074e+00 2.588190e-01 5.000000e+01
      vertex   -7.683975e+00 5.000000e-01 5.000000e+01
    endloop
  endfacet
  facet normal -7.933533e-01 -6.087614e-01 0.000000e+00
    outer loop
      vertex   -7.683975e+00 5.000000e-01 4.750000e+01
      vertex   -7.683975e+00 5.000000e-01 5.000000e+01
      vertex   -7.842893e+00 7.071068e-01 4.750000e+01
    endloop
  endfacet
  facet normal -7.933533e-01 -6.087614e-01 0.000000e+00
    outer loop
      vertex   -7.842893e+00 7.071068e-01 4.750000e+01
      vertex   -7.683975e+00 5.000000e-01 5.000000e+01
      vertex   -7.842893e+00 7.071068e-01 5.000000e+01
    endloop
  endfacet
  facet normal -6.087614e-01 -7.933533e-01 0.000000e+00
    outer loop
      vertex   -7.842893e+00 7.071068e-01 4.750000e+01
      vertex   -7.842893e+00 7.071068e-01 5.000000e+01
      vertex   -8.050000e+00 8.660254e-01 4.750000e+01
    endloop
  endfacet
  facet normal -6.087614e-01 -7.933533e-01 0.000000e+00
    outer loop
      vertex   -8.050000e+00 8.660254e-01 4.750000e+01
      vertex   -7.842893e+00 7.071068e-01 5.000000e+01
      vertex   -8.050000e+00 8.660254e-01 5.000000e+01
    endloop
  endfacet
  facet normal -3.826834e-01 -9.238795e-01 0.000000e+00
    outer loop
      vertex   -8.050000e+00 8.660254e-01 4.750000e+01
      vertex   -8.050000e+00 8.660254e-01 5.000000e+01
      vertex   -8.291181e+00 9.659258e-01 4.750000e+01
    endloop
  endfacet
  facet normal -3.826834e-01 -9.238795e-01 0.000000e+00
    outer loop
      vertex   -8.291181e+00 9.659258e-01 4.750000e+01
      vertex   -8.050000e+00 8.660254e-01 5.000000e+01
      vertex   -8.291181e+00 9.659258e-01 5.000000e+01
    endloop
  endfacet
  facet normal -1.305262e-01 -9.914449e-01 0.000000e+00
    outer loop
      vertex   -8.291181e+00 9.659258e-01 4.750000e+01
      vertex   -8.291181e+00 9.659258e-01 5.000000e+01
      vertex   -8.550000e+00 1.000000e+00 4.750000e+01
    endloop
  endfacet
  facet normal -1.305262e-01 -9.914449e-01 0.000000e+00
    outer loop
      vertex   -8.550000e+00 1.000000e+00 4.750000e+01
      vertex   -8.291181e+00 9.659258e-01 5.000000e+01
      vertex   -8.550000e+00 1.000000e+00 5.000000e+01
    endloop
  endfacet
  facet normal 1.305262e-01 -9.914449e-01 0.000000e+00
    outer loop
      vertex   -8.550000e+00 1.000000e+00 4.750000e+01
      vertex   -8.550000e+00 1.000000e+00 5.000000e+01
      vertex   -8.808819e+00 9.659258e-01 4.750000e+01
    endloop
  endfacet
  facet normal 1.305262e-01 -9.914449e-01 0.000000e+00
    outer loop
      vertex   -8.808819e+00 9.659258e-01 4.750000e+01
      vertex   -8.550000e+00 1.000000e+00 5.000000e+01
      vertex   -8.808819e+00 9.659258e-01 5.000000e+01
    endloop
  endfacet
  facet normal 3.826834e-01 -9.238795e-01 0.000000e+00
    outer loop
      vertex   -8.808819e+00 9.659258e-01 4.750000e+01
      vertex   -8.808819e+00 9.659258e-01 5.000000e+01
      vertex   -9.050000e+00 8.660254e-01 4.750000e+01
    endloop
  endfacet
  facet normal 3.826834e-01 -9.238795e-01 0.000000e+00
    outer loop
      vertex   -9.050000e+00 8.660254e-01 4.750000e+01
      vertex   -8.808819e+00 9.659258e-01 5.000000e+01
      vertex   -9.050000e+00 8.660254e-01 5.000000e+01
    endloop
  endfacet
  facet normal 6.087614e-01 -7.933533e-01 0.000000e+00
    outer loop
      vertex   -9.050000e+00 8.660254e-01 4.750000e+01
      vertex   -9.050000e+00 8.660254e-01 5.000000e+01
      vertex   -9.257107e+00 7.071068e-01 4.750000e+01
    endloop
  endfacet
  facet normal 6.087614e-01 -7.933533e-01 0.000000e+00
    outer loop
      vertex   -9.257107e+00 7.071068e-01 4.750000e+01
      vertex   -9.050000e+00 8.660254e-01 5.000000e+01
      vertex   -9.257107e+00 7.071068e-01 5.000000e+01
    endloop
  endfacet
  facet normal 7.933533e-01 -6.087614e-01 0.000000e+00
    outer loop
      vertex   -9.257107e+00 7.071068e-01 4.750000e+01
      vertex   -9.257107e+00 7.071068e-01 5.000000e+01
      vertex   -9.416025e+00 5.000000e-01 4.750000e+01
    endloop
  endfacet
  facet normal 7.933533e-01 -6.087614e-01 0.000000e+00
    outer loop
      vertex   -9.416025e+00 5.000000e-01 4.750000e+01
      vertex   -9.257107e+00 7.071068e-01 5.000000e+01
      vertex   -9.416025e+00 5.000000e-01 5.000000e+01
    endloop
  endfacet
  facet normal 9.238795e-01 -3.826834e-01 0.000000e+00
    outer loop
      vertex   -9.416025e+00 5.000000e-01 4.750000e+01
      vertex   -9.416025e+00 5.000000e-01 5.000000e+01
      vertex   -9.515926e+00 2.588190e-01 4.750000e+01
    endloop
  endfacet
  facet normal 9.238795e-01 -3.826834e-01 0.000000e+00
    outer loop
      vertex   -9.515926e+00 2.588190e-01 4.750000e+01
      vertex   -9.416025e+00 5.000000e-01 5.000000e+01
      vertex   -9.515926e+00 2.588190e-01 5.000000e+01
    endloop
  endfacet
  facet normal 9.914449e-01 -1.305262e-01 0.000000e+00
    outer loop
      vertex   -9.515926e+00 2.588190e-01 4.750000e+01
      vertex   -9.515926e+00 2.588190e-01 5.000000e+01
      vertex   -9.550000e+00 0.000000e+00 4.750000e+01
    endloop
  endfacet
  facet normal 9.914449e-01 -1.305262e-01 0.000000e+00
    outer loop
      vertex   -9.550000e+00 0.000000e+00 4.750000e+01
      vertex   -9.515926e+00 2.588190e-01 5.000000e+01
      vertex   -9.550000e+00 0.000000e+00 5.000000e+01
    endloop
  endfacet
  facet normal 9.914449e-01 1.305262e-01 -0.000000e+00
    outer loop
      vertex   -9.550000e+00 0.000000e+00 4.750000e+01
      vertex   -9.550000e+00 0.000000e+00 5.000000e+01
      vertex   -9.515926e+00 -2.588190e-01 4.750000e+01
    endloop
  endfacet
  facet normal 9.914449e-01 1.305262e-01 -0.000000e+00
    outer loop
      vertex   -9.515926e+00 -2.588190e-01 4.750000e+01
      vertex   -9.550000e+00 0.000000e+00 5.000000e+01
      vertex   -9.515926e+00 -2.588190e-01 5.000000e+01
    endloop
  endfacet
  facet normal 9.238795e-01 3.826834e-01 -0.000000e+00
    outer loop
      vertex   -9.515926e+00 -2.588190e-01 4.750000e+01
      vertex   -9.515926e+00 -2.588190e-01 5.000000e+01
      vertex   -9.416025e+00 -5.000000e-01 4.750000e+01
    endloop
  endfacet
  facet normal 9.238795e-01 3.826834e-01 -0.000000e+00
    outer loop
      vertex   -9.416025e+00 -5.000000e-01 4.750000e+01
      vertex   -9.515926e+00 -2.588190e-01 5.000000e+01
      vertex   -9.416025e+00 -5.000000e-01 5.000000e+01
    endloop
  endfacet
  facet normal 7.933533e-01 6.087614e-01 -0.000000e+00
    outer loop
      vertex   -9.416025e+00 -5.000000e-01 4.750000e+01
      vertex   -9.416025e+00 -5.000000e-01 5.000000e+01
      vertex   -9.257107e+00 -7.071068e-01 4.750000e+01
    endloop
  endfacet
  facet normal 7.933533e-01 6.087614e-01 -0.000000e+00
    outer loop
      vertex   -9.257107e+00 -7.071068e-01 4.750000e+01
      vertex   -9.416025e+00 -5.000000e-01 5.000000e+01
      vertex   -9.257107e+00 -7.071068e-01 5.000000e+01
    endloop
  endfacet
  facet normal 6.087614e-01 7.933533e-01 -0.000000e+00
    outer loop
      vertex   -9.257107e+00 -7.071068e-01 4.750000e+01
      vertex   -9.257107e+00 -7.071068e-01 5.000000e+01
      vertex   -9.050000e+00 -8.660254e-01 4.750000e+01
    endloop
  endfacet
  facet normal 6.087614e-01 7.933533e-01 -0.000000e+00
    outer loop
      vertex   -9.050000e+00 -8.660254e-01 4.750000e+01
      vertex   -9.257107e+00 -7.071068e-01 5.000000e+01
      vertex   -9.050000e+00 -8.660254e-01 5.000000e+01
    endloop
  endfacet
  facet normal 3.826834e-01 9.238795e-01 -0.000000e+00
    outer loop
      vertex   -9.050000e+00 -8.660254e-01 4.750000e+01
      vertex   -9.050000e+00 -8.660254e-01 5.000000e+01
      vertex   -8.808819e+00 -9.659258e-01 4.750000e+01
    endloop
  endfacet
  facet normal 3.826834e-01 9.238795e-01 -0.000000e+00
    outer loop
      vertex   -8.808819e+00 -9.659258e-01 4.750000e+01
      vertex   -9.050000e+00 -8.660254e-01 5.000000e+01
      vertex   -8.808819e+00 -9.659258e-01 5.000000e+01
    endloop
  endfacet
  facet normal 1.305262e-01 9.914449e-01 -0.000000e+00
    outer loop
      vertex   -8.808819e+00 -9.659258e-01 4.750000e+01
      vertex   -8.808819e+00 -9.659258e-01 5.000000e+01
      vertex   -8.550000e+00 -1.000000e+00 4.750000e+01
    endloop
  endfacet
  facet normal 1.305262e-01 9.914449e-01 -0.000000e+00
    outer loop
      vertex   -8.550000e+00 -1.000000e+00 4.750000e+01
      vertex   -8.808819e+00 -9.659258e-01 5.000000e+01
      vertex   -8.550000e+00 -1.000000e+00 5.000000e+01
    endloop
  endfacet
  facet normal -1.305262e-01 9.914449e-01 0.000000e+00
    outer loop
      vertex   -8.550000e+00 -1.000000e+00 4.750000e+01
      vertex   -8.550000e+00 -1.000000e+00 5.000000e+01
      vertex   -8.291181e+00 -9.659258e-01 4.750000e+01
    endloop
  endfacet
  facet normal -1.305262e-01 9.914449e-01 0.000000e+00
    outer loop
      vertex   -8.291181e+00 -9.659258e-01 4.750000e+01
      vertex   -8.550000e+00 -1.000000e+00 5.000000e+01
      vertex   -8.291181e+00 -9.659258e-01 5.000000e+01
    endloop
  endfacet
  facet normal -3.826834e-01 9.238795e-01 0.000000e+00
    outer loop
      vertex   -8.291181e+00 -9.659258e-01 4.750000e+01
      vertex   -8.291181e+00 -9.659258e-01 5.000000e+01
      vertex   -8.050000e+00 -8.660254e-01 4.750000e+01
    endloop
  endfacet
  facet normal -3.826834e-01 9.238795e-01 0.000000e+00
    outer loop
      vertex   -8.050000e+00 -8.660254e-01 4.750000e+01
      vertex   -8.291181e+00 -9.659258e-01 5.000000e+01
      vertex   -8.050000e+00 -8.660254e-01 5.000000e+01
    endloop
  endfacet
  facet normal -6.087614e-01 7.933533e-01 0.000000e+00
    outer loop
      vertex   -8.050000e+00 -8.660254e-01 4.750000e+01
      vertex   -8.050000e+00 -8.660254e-01 5.000000e+01
      vertex   -7.842893e+00 -7.071068e-01 4.750000e+01
    endloop
  endfacet
  facet normal -6.087614e-01 7.933533e-01 0.000000e+00
    outer loop
      vertex   -7.842893e+00 -7.071068e-01 4.750000e+01
      vertex   -8.050000e+00 -8.660254e-01 5.000000e+01
      vertex   -7.842893e+00 -7.071068e-01 5.000000e+01
    endloop
  endfacet
  facet normal -7.933533e-01 6.087614e-01 0.000000e+00
    outer loop
      vertex   -7.842893e+00 -7.071068e-01 4.750000e+01
      vertex   -7.842893e+00 -7.071068e-01 5.000000e+01
      vertex   -7.683975e+00 -5.000000e-01 4.750000e+01
    endloop
  endfacet
  facet normal -7.933533e-01 6.087614e-01 0.000000e+00
    outer loop
      vertex   -7.683975e+00 -5.000000e-01 4.750000e+01
      vertex   -7.842893e+00 -7.071068e-01 5.000000e+01
      vertex   -7.683975e+00 -5.000000e-01 5.000000e+01
    endloop
  endfacet
  facet normal -9.238795e-01 3.826834e-01 0.000000e+00
    outer loop
      vertex   -7.683975e+00 -5.000000e-01 4.750000e+01
      vertex   -7.683975e+00 -5.000000e-01 5.000000e+01
      vertex   -7.584074e+00 -2.588190e-01 4.750000e+01
    endloop
  endfacet
  facet normal -9.238795e-01 3.826834e-01 0.000000e+00
    outer loop
      vertex   -7.584074e+00 -2.588190e-01 4.750000e+01
      vertex   -7.683975e+00 -5.000000e-01 5.000000e+01
      vertex   -7.584074e+00 -2.588190e-01 5.000000e+01
    endloop
  endfacet
  facet normal -9.914449e-01 1.305262e-01 -1.159305e-17
    outer loop
      vertex   2.051593e+01 -2.588190e-01 4.000000e+01
      vertex   2.051593e+01 -2.588190e-01 4.500000e+01
      vertex   2.055000e+01 1.232688e-15 4.000000e+01
    endloop
  endfacet
  facet normal -9.914449e-01 1.305262e-01 0.000000e+00
    outer loop
      vertex   2.055000e+01 1.232688e-15 4.000000e+01
      vertex   2.051593e+01 -2.588190e-01 4.500000e+01
      vertex   2.055000e+01 1.232688e-15 4.500000e+01
    endloop
  endfacet
  facet normal -9.914449e-01 -1.305262e-01 0.000000e+00
    outer loop
      vertex   2.055000e+01 1.232688e-15 4.000000e+01
      vertex   2.055000e+01 1.232688e-15 4.500000e+01
      vertex   2.051593e+01 2.588190e-01 4.000000e+01
    endloop
  endfacet
  facet normal -9.914449e-01 -1.305262e-01 1.014392e-17
    outer loop
      vertex   2.051593e+01 2.588190e-01 4.000000e+01
      vertex   2.055000e+01 1.232688e-15 4.500000e+01
      vertex   2.051593e+01 2.588190e-01 4.500000e+01
    endloop
  endfacet
  facet normal -9.238795e-01 -3.826834e-01 2.974048e-17
    outer loop
      vertex   2.051593e+01 2.588190e-01 4.000000e+01
      vertex   2.051593e+01 2.588190e-01 4.500000e+01
      vertex   2.041603e+01 5.000000e-01 4.000000e+01
    endloop
  endfacet
  facet normal -9.238795e-01 -3.826834e-01 3.398912e-17
    outer loop
      vertex   2.041603e+01 5.000000e-01 4.000000e+01
      vertex   2.051593e+01 2.588190e-01 4.500000e+01
      vertex   2.041603e+01 5.000000e-01 4.500000e+01
    endloop
  endfacet
  facet normal -7.933533e-01 -6.087614e-01 5.406888e-17
    outer loop
      vertex   2.041603e+01 5.000000e-01 4.000000e+01
      vertex   2.041603e+01 5.000000e-01 4.500000e+01
      vertex   2.025711e+01 7.071068e-01 4.000000e+01
    endloop
  endfacet
  facet normal -7.933533e-01 -6.087614e-01 1.216550e-16
    outer loop
      vertex   2.025711e+01 7.071068e-01 4.000000e+01
      vertex   2.041603e+01 5.000000e-01 4.500000e+01
      vertex   2.025711e+01 7.071068e-01 4.500000e+01
    endloop
  endfacet
  facet normal -6.087614e-01 -7.933533e-01 1.585438e-16
    outer loop
      vertex   2.025711e+01 7.071068e-01 4.000000e+01
      vertex   2.025711e+01 7.071068e-01 4.500000e+01
      vertex   2.005000e+01 8.660254e-01 4.000000e+01
    endloop
  endfacet
  facet normal -6.087614e-01 -7.933533e-01 1.056959e-16
    outer loop
      vertex   2.005000e+01 8.660254e-01 4.000000e+01
      vertex   2.025711e+01 7.071068e-01 4.500000e+01
      vertex   2.005000e+01 8.660254e-01 4.500000e+01
    endloop
  endfacet
  facet normal -3.826834e-01 -9.238795e-01 1.230855e-16
    outer loop
      vertex   2.005000e+01 8.660254e-01 4.000000e+01
      vertex   2.005000e+01 8.660254e-01 4.500000e+01
      vertex   1.980882e+01 9.659258e-01 4.000000e+01
    endloop
  endfacet
  facet normal -3.826834e-01 -9.238795e-01 0.000000e+00
    outer loop
      vertex   1.980882e+01 9.659258e-01 4.000000e+01
      vertex   2.005000e+01 8.660254e-01 4.500000e+01
      vertex   1.980882e+01 9.659258e-01 4.500000e+01
    endloop
  endfacet
  facet normal -1.305262e-01 -9.914449e-01 0.000000e+00
    outer loop
      vertex   1.980882e+01 9.659258e-01 4.000000e+01
      vertex   1.980882e+01 9.659258e-01 4.500000e+01
      vertex   1.955000e+01 1.000000e+00 4.000000e+01
    endloop
  endfacet
  facet normal -1.305262e-01 -9.914449e-01 0.000000e+00
    outer loop
      vertex   1.955000e+01 1.000000e+00 4.000000e+01
      vertex   1.980882e+01 9.659258e-01 4.500000e+01
      vertex   1.955000e+01 1.000000e+00 4.500000e+01
    endloop
  endfacet
  facet normal 1.305262e-01 -9.914449e-01 0.000000e+00
    outer loop
      vertex   1.955000e+01 1.000000e+00 4.000000e+01
      vertex   1.955000e+01 1.000000e+00 4.500000e+01
      vertex   1.929118e+01 9.659258e-01 4.000000e+01
    endloop
  endfacet
  facet normal 1.305262e-01 -9.914449e-01 4.402900e-17
    outer loop
      vertex   1.929118e+01 9.659258e-01 4.000000e+01
      vertex   1.955000e+01 1.000000e+00 4.500000e+01
      vertex   1.929118e+01 9.659258e-01 4.500000e+01
    endloop
  endfacet
  facet normal 3.826834e-01 -9.238795e-01 4.102849e-17
    outer loop
      vertex   1.929118e+01 9.659258e-01 4.000000e+01
      vertex   1.929118e+01 9.659258e-01 4.500000e+01
      vertex   1.905000e+01 8.660254e-01 4.000000e+01
    endloop
  endfacet
  facet normal 3.826834e-01 -9.238795e-01 2.051425e-17
    outer loop
      vertex   1.905000e+01 8.660254e-01 4.000000e+01
      vertex   1.929118e+01 9.659258e-01 4.500000e+01
      vertex   1.905000e+01 8.660254e-01 4.500000e+01
    endloop
  endfacet
  facet normal 6.087614e-01 -7.933533e-01 1.761598e-17
    outer loop
      vertex   1.905000e+01 8.660254e-01 4.000000e+01
      vertex   1.905000e+01 8.660254e-01 4.500000e+01
      vertex   1.884289e+01 7.071068e-01 4.000000e+01
    endloop
  endfacet
  facet normal 6.087614e-01 -7.933533e-01 0.000000e+00
    outer loop
      vertex   1.884289e+01 7.071068e-01 4.000000e+01
      vertex   1.905000e+01 8.660254e-01 4.500000e+01
      vertex   1.884289e+01 7.071068e-01 4.500000e+01
    endloop
  endfacet
  facet normal 7.933533e-01 -6.087614e-01 0.000000e+00
    outer loop
      vertex   1.884289e+01 7.071068e-01 4.000000e+01
      vertex   1.884289e+01 7.071068e-01 4.500000e+01
      vertex   1.868397e+01 5.000000e-01 4.000000e+01
    endloop
  endfacet
  facet normal 7.933533e-01 -6.087614e-01 5.406888e-17
    outer loop
      vertex   1.868397e+01 5.000000e-01 4.000000e+01
      vertex   1.884289e+01 7.071068e-01 4.500000e+01
      vertex   1.868397e+01 5.000000e-01 4.500000e+01
    endloop
  endfacet
  facet normal 9.238795e-01 -3.826834e-01 3.398912e-17
    outer loop
      vertex   1.868397e+01 5.000000e-01 4.000000e+01
      vertex   1.868397e+01 5.000000e-01 4.500000e+01
      vertex   1.858407e+01 2.588190e-01 4.000000e+01
    endloop
  endfacet
  facet normal 9.238795e-01 -3.826834e-01 4.248640e-18
    outer loop
      vertex   1.858407e+01 2.588190e-01 4.000000e+01
      vertex   1.868397e+01 5.000000e-01 4.500000e+01
      vertex   1.858407e+01 2.588190e-01 4.500000e+01
    endloop
  endfacet
  facet normal 9.914449e-01 -1.305262e-01 1.449132e-18
    outer loop
      vertex   1.858407e+01 2.588190e-01 4.000000e+01
      vertex   1.858407e+01 2.588190e-01 4.500000e+01
      vertex   1.855000e+01 1.110223e-15 4.000000e+01
    endloop
  endfacet
  facet normal 9.914449e-01 -1.305262e-01 0.000000e+00
    outer loop
      vertex   1.855000e+01 1.110223e-15 4.000000e+01
      vertex   1.858407e+01 2.588190e-01 4.500000e+01
      vertex   1.855000e+01 1.110223e-15 4.500000e+01
    endloop
  endfacet
  facet normal 9.914449e-01 1.305262e-01 -0.000000e+00
    outer loop
      vertex   1.855000e+01 1.110223e-15 4.000000e+01
      vertex   1.855000e+01 1.110223e-15 4.500000e+01
      vertex   1.858407e+01 -2.588190e-01 4.000000e+01
    endloop
  endfacet
  facet normal 9.914449e-01 1.305262e-01 -0.000000e+00
    outer loop
      vertex   1.858407e+01 -2.588190e-01 4.000000e+01
      vertex   1.855000e+01 1.110223e-15 4.500000e+01
      vertex   1.858407e+01 -2.588190e-01 4.500000e+01
    endloop
  endfacet
  facet normal 9.238795e-01 3.826834e-01 -0.000000e+00
    outer loop
      vertex   1.858407e+01 -2.588190e-01 4.000000e+01
      vertex   1.858407e+01 -2.588190e-01 4.500000e+01
      vertex   1.868397e+01 -5.000000e-01 4.000000e+01
    endloop
  endfacet
  facet normal 9.238795e-01 3.826834e-01 3.398912e-17
    outer loop
      vertex   1.868397e+01 -5.000000e-01 4.000000e+01
      vertex   1.858407e+01 -2.588190e-01 4.500000e+01
      vertex   1.868397e+01 -5.000000e-01 4.500000e+01
    endloop
  endfacet
  facet normal 7.933533e-01 6.087614e-01 5.406888e-17
    outer loop
      vertex   1.868397e+01 -5.000000e-01 4.000000e+01
      vertex   1.868397e+01 -5.000000e-01 4.500000e+01
      vertex   1.884289e+01 -7.071068e-01 4.000000e+01
    endloop
  endfacet
  facet normal 7.933533e-01 6.087614e-01 -0.000000e+00
    outer loop
      vertex   1.884289e+01 -7.071068e-01 4.000000e+01
      vertex   1.868397e+01 -5.000000e-01 4.500000e+01
      vertex   1.884289e+01 -7.071068e-01 4.500000e+01
    endloop
  endfacet
  facet normal 6.087614e-01 7.933533e-01 -0.000000e+00
    outer loop
      vertex   1.884289e+01 -7.071068e-01 4.000000e+01
      vertex   1.884289e+01 -7.071068e-01 4.500000e+01
      vertex   1.905000e+01 -8.660254e-01 4.000000e+01
    endloop
  endfacet
  facet normal 6.087614e-01 7.933533e-01 -0.000000e+00
    outer loop
      vertex   1.905000e+01 -8.660254e-01 4.000000e+01
      vertex   1.884289e+01 -7.071068e-01 4.500000e+01
      vertex   1.905000e+01 -8.660254e-01 4.500000e+01
    endloop
  endfacet
  facet normal 3.826834e-01 9.238795e-01 -0.000000e+00
    outer loop
      vertex   1.905000e+01 -8.660254e-01 4.000000e+01
      vertex   1.905000e+01 -8.660254e-01 4.500000e+01
      vertex   1.929118e+01 -9.659258e-01 4.000000e+01
    endloop
  endfacet
  facet normal 3.826834e-01 9.238795e-01 -0.000000e+00
    outer loop
      vertex   1.929118e+01 -9.659258e-01 4.000000e+01
      vertex   1.905000e+01 -8.660254e-01 4.500000e+01
      vertex   1.929118e+01 -9.659258e-01 4.500000e+01
    endloop
  endfacet
  facet normal 1.305262e-01 9.914449e-01 -0.000000e+00
    outer loop
      vertex   1.929118e+01 -9.659258e-01 4.000000e+01
      vertex   1.929118e+01 -9.659258e-01 4.500000e+01
      vertex   1.955000e+01 -1.000000e+00 4.000000e+01
    endloop
  endfacet
  facet normal 1.305262e-01 9.914449e-01 -0.000000e+00
    outer loop
      vertex   1.955000e+01 -1.000000e+00 4.000000e+01
      vertex   1.929118e+01 -9.659258e-01 4.500000e+01
      vertex   1.955000e+01 -1.000000e+00 4.500000e+01
    endloop
  endfacet
  facet normal -1.305262e-01 9.914449e-01 0.000000e+00
    outer loop
      vertex   1.955000e+01 -1.000000e+00 4.000000e+01
      vertex   1.955000e+01 -1.000000e+00 4.500000e+01
      vertex   1.980882e+01 -9.659258e-01 4.000000e+01
    endloop
  endfacet
  facet normal -1.305262e-01 9.914449e-01 0.000000e+00
    outer loop
      vertex   1.980882e+01 -9.659258e-01 4.000000e+01
      vertex   1.955000e+01 -1.000000e+00 4.500000e+01
      vertex   1.980882e+01 -9.659258e-01 4.500000e+01
    endloop
  endfacet
  facet normal -3.826834e-01 9.238795e-01 0.000000e+00
    outer loop
      vertex   1.980882e+01 -9.659258e-01 4.000000e+01
      vertex   1.980882e+01 -9.659258e-01 4.500000e+01
      vertex   2.005000e+01 -8.660254e-01 4.000000e+01
    endloop
  endfacet
  facet normal -3.826834e-01 9.238795e-01 -1.846282e-16
    outer loop
      vertex   2.005000e+01 -8.660254e-01 4.000000e+01
      vertex   1.980882e+01 -9.659258e-01 4.500000e+01
      vertex   2.005000e+01 -8.660254e-01 4.500000e+01
    endloop
  endfacet
  facet normal -6.087614e-01 7.933533e-01 -1.585438e-16
    outer loop
      vertex   2.005000e+01 -8.660254e-01 4.000000e+01
      vertex   2.005000e+01 -8.660254e-01 4.500000e+01
      vertex   2.025711e+01 -7.071068e-01 4.000000e+01
    endloop
  endfacet
  facet normal -6.087614e-01 7.933533e-01 1.585438e-16
    outer loop
      vertex   2.025711e+01 -7.071068e-01 4.000000e+01
      vertex   2.005000e+01 -8.660254e-01 4.500000e+01
      vertex   2.025711e+01 -7.071068e-01 4.500000e+01
    endloop
  endfacet
  facet normal -7.933533e-01 6.087614e-01 1.216550e-16
    outer loop
      vertex   2.025711e+01 -7.071068e-01 4.000000e+01
      vertex   2.025711e+01 -7.071068e-01 4.500000e+01
      vertex   2.041603e+01 -5.000000e-01 4.000000e+01
    endloop
  endfacet
  facet normal -7.933533e-01 6.087614e-01 4.731027e-17
    outer loop
      vertex   2.041603e+01 -5.000000e-01 4.000000e+01
      vertex   2.025711e+01 -7.071068e-01 4.500000e+01
      vertex   2.041603e+01 -5.000000e-01 4.500000e+01
    endloop
  endfacet
  facet normal -9.238795e-01 3.826834e-01 2.974048e-17
    outer loop
      vertex   2.041603e+01 -5.000000e-01 4.000000e+01
      vertex   2.041603e+01 -5.000000e-01 4.500000e+01
      vertex   2.051593e+01 -2.588190e-01 4.000000e+01
    endloop
  endfacet
  facet normal -9.238795e-01 3.826834e-01 -3.398912e-17
    outer loop
      vertex   2.051593e+01 -2.588190e-01 4.000000e+01
      vertex   2.041603e+01 -5.000000e-01 4.500000e+01
      vertex   2.051593e+01 -2.588190e-01 4.500000e+01
    endloop
  endfacet
  facet normal -9.914449e-01 -1.305262e-01 -1.014392e-17
    outer loop
      vertex   2.051593e+01 2.588190e-01 5.000000e+01
      vertex   2.051593e+01 2.588190e-01 4.500000e+01
      vertex   2.055000e+01 1.232688e-15 5.000000e+01
    endloop
  endfacet
  facet normal -9.914449e-01 -1.305262e-01 -0.000000e+00
    outer loop
      vertex   2.055000e+01 1.232688e-15 5.000000e+01
      vertex   2.051593e+01 2.588190e-01 4.500000e+01
      vertex   2.055000e+01 1.232688e-15 4.500000e+01
    endloop
  endfacet
  facet normal -9.914449e-01 1.305262e-01 0.000000e+00
    outer loop
      vertex   2.055000e+01 1.232688e-15 5.000000e+01
      vertex   2.055000e+01 1.232688e-15 4.500000e+01
      vertex   2.051593e+01 -2.588190e-01 5.000000e+01
    endloop
  endfacet
  facet normal -9.914449e-01 1.305262e-01 1.159305e-17
    outer loop
      vertex   2.051593e+01 -2.588190e-01 5.000000e+01
      vertex   2.055000e+01 1.232688e-15 4.500000e+01
      vertex   2.051593e+01 -2.588190e-01 4.500000e+01
    endloop
  endfacet
  facet normal -9.238795e-01 3.826834e-01 3.398912e-17
    outer loop
      vertex   2.051593e+01 -2.588190e-01 5.000000e+01
      vertex   2.051593e+01 -2.588190e-01 4.500000e+01
      vertex   2.041603e+01 -5.000000e-01 5.000000e+01
    endloop
  endfacet
  facet normal -9.238795e-01 3.826834e-01 -2.974048e-17
    outer loop
      vertex   2.041603e+01 -5.000000e-01 5.000000e+01
      vertex   2.051593e+01 -2.588190e-01 4.500000e+01
      vertex   2.041603e+01 -5.000000e-01 4.500000e+01
    endloop
  endfacet
  facet normal -7.933533e-01 6.087614e-01 -4.731027e-17
    outer loop
      vertex   2.041603e+01 -5.000000e-01 5.000000e+01
      vertex   2.041603e+01 -5.000000e-01 4.500000e+01
      vertex   2.025711e+01 -7.071068e-01 5.000000e+01
    endloop
  endfacet
  facet normal -7.933533e-01 6.087614e-01 -1.216550e-16
    outer loop
      vertex   2.025711e+01 -7.071068e-01 5.000000e+01
      vertex   2.041603e+01 -5.000000e-01 4.500000e+01
      vertex   2.025711e+01 -7.071068e-01 4.500000e+01
    endloop
  endfacet
  facet normal -6.087614e-01 7.933533e-01 -1.585438e-16
    outer loop
      vertex   2.025711e+01 -7.071068e-01 5.000000e+01
      vertex   2.025711e+01 -7.071068e-01 4.500000e+01
      vertex   2.005000e+01 -8.660254e-01 5.000000e+01
    endloop
  endfacet
  facet normal -6.087614e-01 7.933533e-01 1.585438e-16
    outer loop
      vertex   2.005000e+01 -8.660254e-01 5.000000e+01
      vertex   2.025711e+01 -7.071068e-01 4.500000e+01
      vertex   2.005000e+01 -8.660254e-01 4.500000e+01
    endloop
  endfacet
  facet normal -3.826834e-01 9.238795e-01 1.846282e-16
    outer loop
      vertex   2.005000e+01 -8.660254e-01 5.000000e+01
      vertex   2.005000e+01 -8.660254e-01 4.500000e+01
      vertex   1.980882e+01 -9.659258e-01 5.000000e+01
    endloop
  endfacet
  facet normal -3.826834e-01 9.238795e-01 0.000000e+00
    outer loop
      vertex   1.980882e+01 -9.659258e-01 5.000000e+01
      vertex   2.005000e+01 -8.660254e-01 4.500000e+01
      vertex   1.980882e+01 -9.659258e-01 4.500000e+01
    endloop
  endfacet
  facet normal -1.305262e-01 9.914449e-01 0.000000e+00
    outer loop
      vertex   1.980882e+01 -9.659258e-01 5.000000e+01
      vertex   1.980882e+01 -9.659258e-01 4.500000e+01
      vertex   1.955000e+01 -1.000000e+00 5.000000e+01
    endloop
  endfacet
  facet normal -1.305262e-01 9.914449e-01 0.000000e+00
    outer loop
      vertex   1.955000e+01 -1.000000e+00 5.000000e+01
      vertex   1.980882e+01 -9.659258e-01 4.500000e+01
      vertex   1.955000e+01 -1.000000e+00 4.500000e+01
    endloop
  endfacet
  facet normal 1.305262e-01 9.914449e-01 0.000000e+00
    outer loop
      vertex   1.955000e+01 -1.000000e+00 5.000000e+01
      vertex   1.955000e+01 -1.000000e+00 4.500000e+01
      vertex   1.929118e+01 -9.659258e-01 5.000000e+01
    endloop
  endfacet
  facet normal 1.305262e-01 9.914449e-01 0.000000e+00
    outer loop
      vertex   1.929118e+01 -9.659258e-01 5.000000e+01
      vertex   1.955000e+01 -1.000000e+00 4.500000e+01
      vertex   1.929118e+01 -9.659258e-01 4.500000e+01
    endloop
  endfacet
  facet normal 3.826834e-01 9.238795e-01 0.000000e+00
    outer loop
      vertex   1.929118e+01 -9.659258e-01 5.000000e+01
      vertex   1.929118e+01 -9.659258e-01 4.500000e+01
      vertex   1.905000e+01 -8.660254e-01 5.000000e+01
    endloop
  endfacet
  facet normal 3.826834e-01 9.238795e-01 0.000000e+00
    outer loop
      vertex   1.905000e+01 -8.660254e-01 5.000000e+01
      vertex   1.929118e+01 -9.659258e-01 4.500000e+01
      vertex   1.905000e+01 -8.660254e-01 4.500000e+01
    endloop
  endfacet
  facet normal 6.087614e-01 7.933533e-01 0.000000e+00
    outer loop
      vertex   1.905000e+01 -8.660254e-01 5.000000e+01
      vertex   1.905000e+01 -8.660254e-01 4.500000e+01
      vertex   1.884289e+01 -7.071068e-01 5.000000e+01
    endloop
  endfacet
  facet normal 6.087614e-01 7.933533e-01 0.000000e+00
    outer loop
      vertex   1.884289e+01 -7.071068e-01 5.000000e+01
      vertex   1.905000e+01 -8.660254e-01 4.500000e+01
      vertex   1.884289e+01 -7.071068e-01 4.500000e+01
    endloop
  endfacet
  facet normal 7.933533e-01 6.087614e-01 0.000000e+00
    outer loop
      vertex   1.884289e+01 -7.071068e-01 5.000000e+01
      vertex   1.884289e+01 -7.071068e-01 4.500000e+01
      vertex   1.868397e+01 -5.000000e-01 5.000000e+01
    endloop
  endfacet
  facet normal 7.933533e-01 6.087614e-01 -5.406888e-17
    outer loop
      vertex   1.868397e+01 -5.000000e-01 5.000000e+01
      vertex   1.884289e+01 -7.071068e-01 4.500000e+01
      vertex   1.868397e+01 -5.000000e-01 4.500000e+01
    endloop
  endfacet
  facet normal 9.238795e-01 3.826834e-01 -3.398912e-17
    outer loop
      vertex   1.868397e+01 -5.000000e-01 5.000000e+01
      vertex   1.868397e+01 -5.000000e-01 4.500000e+01
      vertex   1.858407e+01 -2.588190e-01 5.000000e+01
    endloop
  endfacet
  facet normal 9.238795e-01 3.826834e-01 0.000000e+00
    outer loop
      vertex   1.858407e+01 -2.588190e-01 5.000000e+01
      vertex   1.868397e+01 -5.000000e-01 4.500000e+01
      vertex   1.858407e+01 -2.588190e-01 4.500000e+01
    endloop
  endfacet
  facet normal 9.914449e-01 1.305262e-01 0.000000e+00
    outer loop
      vertex   1.858407e+01 -2.588190e-01 5.000000e+01
      vertex   1.858407e+01 -2.588190e-01 4.500000e+01
      vertex   1.855000e+01 1.110223e-15 5.000000e+01
    endloop
  endfacet
  facet normal 9.914449e-01 1.305262e-01 0.000000e+00
    outer loop
      vertex   1.855000e+01 1.110223e-15 5.000000e+01
      vertex   1.858407e+01 -2.588190e-01 4.500000e+01
      vertex   1.855000e+01 1.110223e-15 4.500000e+01
    endloop
  endfacet
  facet normal 9.914449e-01 -1.305262e-01 0.000000e+00
    outer loop
      vertex   1.855000e+01 1.110223e-15 5.000000e+01
      vertex   1.855000e+01 1.110223e-15 4.500000e+01
      vertex   1.858407e+01 2.588190e-01 5.000000e+01
    endloop
  endfacet
  facet normal 9.914449e-01 -1.305262e-01 -1.449132e-18
    outer loop
      vertex   1.858407e+01 2.588190e-01 5.000000e+01
      vertex   1.855000e+01 1.110223e-15 4.500000e+01
      vertex   1.858407e+01 2.588190e-01 4.500000e+01
    endloop
  endfacet
  facet normal 9.238795e-01 -3.826834e-01 -4.248640e-18
    outer loop
      vertex   1.858407e+01 2.588190e-01 5.000000e+01
      vertex   1.858407e+01 2.588190e-01 4.500000e+01
      vertex   1.868397e+01 5.000000e-01 5.000000e+01
    endloop
  endfacet
  facet normal 9.238795e-01 -3.826834e-01 -3.398912e-17
    outer loop
      vertex   1.868397e+01 5.000000e-01 5.000000e+01
      vertex   1.858407e+01 2.588190e-01 4.500000e+01
      vertex   1.868397e+01 5.000000e-01 4.500000e+01
    endloop
  endfacet
  facet normal 7.933533e-01 -6.087614e-01 -5.406888e-17
    outer loop
      vertex   1.868397e+01 5.000000e-01 5.000000e+01
      vertex   1.868397e+01 5.000000e-01 4.500000e+01
      vertex   1.884289e+01 7.071068e-01 5.000000e+01
    endloop
  endfacet
  facet normal 7.933533e-01 -6.087614e-01 0.000000e+00
    outer loop
      vertex   1.884289e+01 7.071068e-01 5.000000e+01
      vertex   1.868397e+01 5.000000e-01 4.500000e+01
      vertex   1.884289e+01 7.071068e-01 4.500000e+01
    endloop
  endfacet
  facet normal 6.087614e-01 -7.933533e-01 0.000000e+00
    outer loop
      vertex   1.884289e+01 7.071068e-01 5.000000e+01
      vertex   1.884289e+01 7.071068e-01 4.500000e+01
      vertex   1.905000e+01 8.660254e-01 5.000000e+01
    endloop
  endfacet
  facet normal 6.087614e-01 -7.933533e-01 -1.761598e-17
    outer loop
      vertex   1.905000e+01 8.660254e-01 5.000000e+01
      vertex   1.884289e+01 7.071068e-01 4.500000e+01
      vertex   1.905000e+01 8.660254e-01 4.500000e+01
    endloop
  endfacet
  facet normal 3.826834e-01 -9.238795e-01 -2.051425e-17
    outer loop
      vertex   1.905000e+01 8.660254e-01 5.000000e+01
      vertex   1.905000e+01 8.660254e-01 4.500000e+01
      vertex   1.929118e+01 9.659258e-01 5.000000e+01
    endloop
  endfacet
  facet normal 3.826834e-01 -9.238795e-01 -4.102849e-17
    outer loop
      vertex   1.929118e+01 9.659258e-01 5.000000e+01
      vertex   1.905000e+01 8.660254e-01 4.500000e+01
      vertex   1.929118e+01 9.659258e-01 4.500000e+01
    endloop
  endfacet
  facet normal 1.305262e-01 -9.914449e-01 -4.402900e-17
    outer loop
      vertex   1.929118e+01 9.659258e-01 5.000000e+01
      vertex   1.929118e+01 9.659258e-01 4.500000e+01
      vertex   1.955000e+01 1.000000e+00 5.000000e+01
    endloop
  endfacet
  facet normal 1.305262e-01 -9.914449e-01 0.000000e+00
    outer loop
      vertex   1.955000e+01 1.000000e+00 5.000000e+01
      vertex   1.929118e+01 9.659258e-01 4.500000e+01
      vertex   1.955000e+01 1.000000e+00 4.500000e+01
    endloop
  endfacet
  facet normal -1.305262e-01 -9.914449e-01 -0.000000e+00
    outer loop
      vertex   1.955000e+01 1.000000e+00 5.000000e+01
      vertex   1.955000e+01 1.000000e+00 4.500000e+01
      vertex   1.980882e+01 9.659258e-01 5.000000e+01
    endloop
  endfacet
  facet normal -1.305262e-01 -9.914449e-01 -0.000000e+00
    outer loop
      vertex   1.980882e+01 9.659258e-01 5.000000e+01
      vertex   1.955000e+01 1.000000e+00 4.500000e+01
      vertex   1.980882e+01 9.659258e-01 4.500000e+01
    endloop
  endfacet
  facet normal -3.826834e-01 -9.238795e-01 -0.000000e+00
    outer loop
      vertex   1.980882e+01 9.659258e-01 5.000000e+01
      vertex   1.980882e+01 9.659258e-01 4.500000e+01
      vertex   2.005000e+01 8.660254e-01 5.000000e+01
    endloop
  endfacet
  facet normal -3.826834e-01 -9.238795e-01 -1.230855e-16
    outer loop
      vertex   2.005000e+01 8.660254e-01 5.000000e+01
      vertex   1.980882e+01 9.659258e-01 4.500000e+01
      vertex   2.005000e+01 8.660254e-01 4.500000e+01
    endloop
  endfacet
  facet normal -6.087614e-01 -7.933533e-01 -1.056959e-16
    outer loop
      vertex   2.005000e+01 8.660254e-01 5.000000e+01
      vertex   2.005000e+01 8.660254e-01 4.500000e+01
      vertex   2.025711e+01 7.071068e-01 5.000000e+01
    endloop
  endfacet
  facet normal -6.087614e-01 -7.933533e-01 -1.585438e-16
    outer loop
      vertex   2.025711e+01 7.071068e-01 5.000000e+01
      vertex   2.005000e+01 8.660254e-01 4.500000e+01
      vertex   2.025711e+01 7.071068e-01 4.500000e+01
    endloop
  endfacet
  facet normal -7.933533e-01 -6.087614e-01 -1.216550e-16
    outer loop
      vertex   2.025711e+01 7.071068e-01 5.000000e+01
      vertex   2.025711e+01 7.071068e-01 4.500000e+01
      vertex   2.041603e+01 5.000000e-01 5.000000e+01
    endloop
  endfacet
  facet normal -7.933533e-01 -6.087614e-01 -5.406888e-17
    outer loop
      vertex   2.041603e+01 5.000000e-01 5.000000e+01
      vertex   2.025711e+01 7.071068e-01 4.500000e+01
      vertex   2.041603e+01 5.000000e-01 4.500000e+01
    endloop
  endfacet
  facet normal -9.238795e-01 -3.826834e-01 -3.398912e-17
    outer loop
      vertex   2.041603e+01 5.000000e-01 5.000000e+01
      vertex   2.041603e+01 5.000000e-01 4.500000e+01
      vertex   2.051593e+01 2.588190e-01 5.000000e+01
    endloop
  endfacet
  facet normal -9.238795e-01 -3.826834e-01 -2.974048e-17
    outer loop
      vertex   2.051593e+01 2.588190e-01 5.000000e+01
      vertex   2.041603e+01 5.000000e-01 4.500000e+01
      vertex   2.051593e+01 2.588190e-01 4.500000e+01
    endloop
  endfacet
  facet normal 0.000000e+00 0.000000e+00 1.000000e+00
    outer loop
      vertex   2.051593e+01 2.588190e-01 4.000000e+01
      vertex   1.858407e+01 2.588190e-01 4.000000e+01
      vertex   2.055000e+01 1.232688e-15 4.000000e+01
    endloop
  endfacet
  facet normal 0.000000e+00 0.000000e+00 1.000000e+00
    outer loop
      vertex   2.055000e+01 1.232688e-15 4.000000e+01
      vertex   1.858407e+01 2.588190e-01 4.000000e+01
      vertex   1.855000e+01 1.110223e-15 4.000000e+01
    endloop
  endfacet
  facet normal 0.000000e+00 0.000000e+00 1.000000e+00
    outer loop
      vertex   2.055000e+01 1.232688e-15 4.000000e+01
      vertex   1.855000e+01 1.110223e-15 4.000000e+01
      vertex   2.051593e+01 -2.588190e-01 4.000000e+01
    endloop
  endfacet
  facet normal 0.000000e+00 0.000000e+00 1.000000e+00
    outer loop
      vertex   2.051593e+01 -2.588190e-01 4.000000e+01
      vertex   1.855000e+01 1.110223e-15 4.000000e+01
      vertex   1.858407e+01 -2.588190e-01 4.000000e+01
    endloop
  endfacet
  facet normal 0.000000e+00 0.000000e+00 1.000000e+00
    outer loop
      vertex   2.051593e+01 -2.588190e-01 4.000000e+01
      vertex   1.858407e+01 -2.588190e-01 4.000000e+01
      vertex   2.041603e+01 -5.000000e-01 4.000000e+01
    endloop
  endfacet
  facet normal 0.000000e+00 0.000000e+00 1.000000e+00
    outer loop
      vertex   2.041603e+01 -5.000000e-01 4.000000e+01
      vertex   1.858407e+01 -2.588190e-01 4.000000e+01
      vertex   1.868397e+01 -5.000000e-01 4.000000e+01
    endloop
  endfacet
  facet normal 0.000000e+00 0.000000e+00 1.000000e+00
    outer loop
      vertex   2.041603e+01 -5.000000e-01 4.000000e+01
      vertex   1.868397e+01 -5.000000e-01 4.000000e+01
      vertex   2.025711e+01 -7.071068e-01 4.000000e+01
    endloop
  endfacet
  facet normal 0.000000e+00 0.000000e+00 1.000000e+00
    outer loop
      vertex   2.025711e+01 -7.071068e-01 4.000000e+01
      vertex   1.868397e+01 -5.000000e-01 4.000000e+01
      vertex   1.884289e+01 -7.071068e-01 4.000000e+01
    endloop
  endfacet
  facet normal 0.000000e+00 0.000000e+00 1.000000e+00
    outer loop
      vertex   2.025711e+01 -7.071068e-01 4.000000e+01
      vertex   1.884289e+01 -7.071068e-01 4.000000e+01
      vertex   2.005000e+01 -8.660254e-01 4.000000e+01
    endloop
  endfacet
  facet normal 0.000000e+00 0.000000e+00 1.000000e+00
    outer loop
      vertex   2.005000e+01 -8.660254e-01 4.000000e+01
      vertex   1.884289e+01 -7.071068e-01 4.000000e+01
      vertex   1.905000e+01 -8.660254e-01 4.000000e+01
    endloop
  endfacet
  facet normal 0.000000e+00 0.000000e+00 1.000000e+00
    outer loop
      vertex   2.005000e+01 -8.660254e-01 4.000000e+01
      vertex   1.905000e+01 -8.660254e-01 4.000000e+01
      vertex   1.980882e+01 -9.659258e-01 4.000000e+01
    endloop
  endfacet
  facet normal 0.000000e+00 0.000000e+00 1.000000e+00
    outer loop
      vertex   1.980882e+01 -9.659258e-01 4.000000e+01
      vertex   1.905000e+01 -8.660254e-01 4.000000e+01
      vertex   1.929118e+01 -9.659258e-01 4.000000e+01
    endloop
  endfacet
  facet normal 0.000000e+00 0.000000e+00 1.000000e+00
    outer loop
      vertex   1.980882e+01 -9.659258e-01 4.000000e+01
      vertex   1.929118e+01 -9.659258e-01 4.000000e+01
      vertex   1.955000e+01 -1.000000e+00 4.000000e+01
    endloop
  endfacet
  facet normal 0.000000e+00 0.000000e+00 1.000000e+00
    outer loop
      vertex   1.858407e+01 2.588190e-01 4.000000e+01
      vertex   2.051593e+01 2.588190e-01 4.000000e+01
      vertex   1.868397e+01 5.000000e-01 4.000000e+01
    endloop
  endfacet
  facet normal -0.000000e+00 0.000000e+00 1.000000e+00
    outer loop
      vertex   1.868397e+01 5.000000e-01 4.000000e+01
      vertex   2.051593e+01 2.588190e-01 4.000000e+01
      vertex   2.041603e+01 5.000000e-01 4.000000e+01
    endloop
  endfacet
  facet normal 0.000000e+00 0.000000e+00 1.000000e+00
    outer loop
      vertex   1.868397e+01 5.000000e-01 4.000000e+01
      vertex   2.041603e+01 5.000000e-01 4.000000e+01
      vertex   1.884289e+01 7.071068e-01 4.000000e+01
    endloop
  endfacet
  facet normal -0.000000e+00 0.000000e+00 1.000000e+00
    outer loop
      vertex   1.884289e+01 7.071068e-01 4.000000e+01
      vertex   2.041603e+01 5.000000e-01 4.000000e+01
      vertex   2.025711e+01 7.071068e-01 4.000000e+01
    endloop
  endfacet
  facet normal 0.000000e+00 0.000000e+00 1.000000e+00
    outer loop
      vertex   1.884289e+01 7.071068e-01 4.000000e+01
      vertex   2.025711e+01 7.071068e-01 4.000000e+01
      vertex   1.905000e+01 8.660254e-01 4.000000e+01
    endloop
  endfacet
  facet normal -0.000000e+00 0.000000e+00 1.000000e+00
    outer loop
      vertex   1.905000e+01 8.660254e-01 4.000000e+01
      vertex   2.025711e+01 7.071068e-01 4.000000e+01
      vertex   2.005000e+01 8.660254e-01 4.000000e+01
    endloop
  endfacet
  facet normal 0.000000e+00 0.000000e+00 1.000000e+00
    outer loop
      vertex   1.905000e+01 8.660254e-01 4.000000e+01
      vertex   2.005000e+01 8.660254e-01 4.000000e+01
      vertex   1.929118e+01 9.659258e-01 4.000000e+01
    endloop
  endfacet
  facet normal -0.000000e+00 0.000000e+00 1.000000e+00
    outer loop
      vertex   1.929118e+01 9.659258e-01 4.000000e+01
      vertex   2.005000e+01 8.660254e-01 4.000000e+01
      vertex   1.980882e+01 9.659258e-01 4.000000e+01
    endloop
  endfacet
  facet normal 0.000000e+00 0.000000e+00 1.000000e+00
    outer loop
      vertex   1.929118e+01 9.659258e-01 4.000000e+01
      vertex   1.980882e+01 9.659258e-01 4.000000e+01
      vertex   1.955000e+01 1.000000e+00 4.000000e+01
    endloop
  endfacet
  facet normal -0.000000e+00 1.000000e+00 0.000000e+00
    outer loop
      vertex   -6.100000e+00 -6.500000e+00 5.000000e+01
      vertex   1.710000e+01 -6.500000e+00 5.000000e+01
      vertex   -6.100000e+00 -6.500000e+00 3.300000e+01
    endloop
  endfacet
  facet normal 0.000000e+00 1.000000e+00 0.000000e+00
    outer loop
      vertex   -6.100000e+00 -6.500000e+00 3.300000e+01
      vertex   1.710000e+01 -6.500000e+00 5.000000e+01
      vertex   1.710000e+01 -6.500000e+00 3.300000e+01
    endloop
  endfacet
  facet normal -1.000000e+00 0.000000e+00 0.000000e+00
    outer loop
      vertex   1.710000e+01 -6.500000e+00 5.000000e+01
      vertex   1.710000e+01 6.500000e+00 5.000000e+01
      vertex   1.710000e+01 -6.500000e+00 3.300000e+01
    endloop
  endfacet
  facet normal -1.000000e+00 0.000000e+00 0.000000e+00
    outer loop
      vertex   1.710000e+01 -6.500000e+00 3.300000e+01
      vertex   1.710000e+01 6.500000e+00 5.000000e+01
      vertex   1.710000e+01 6.500000e+00 3.300000e+01
    endloop
  endfacet
  facet normal -0.000000e+00 -1.000000e+00 -0.000000e+00
    outer loop
      vertex   1.710000e+01 6.500000e+00 5.000000e+01
      vertex   -6.100000e+00 6.500000e+00 5.000000e+01
      vertex   1.710000e+01 6.500000e+00 3.300000e+01
    endloop
  endfacet
  facet normal 0.000000e+00 -1.000000e+00 0.000000e+00
    outer loop
      vertex   1.710000e+01 6.500000e+00 3.300000e+01
      vertex   -6.100000e+00 6.500000e+00 5.000000e+01
      vertex   -6.100000e+00 6.500000e+00 3.300000e+01
    endloop
  endfacet
  facet normal 1.000000e+00 0.000000e+00 -0.000000e+00
    outer loop
      vertex   -6.100000e+00 -2.500013e+00 3.550000e+01
      vertex   -6.100000e+00 -2.500013e+00 4.750000e+01
      vertex   -6.100000e+00 -6.500000e+00 5.000000e+01
    endloop
  endfacet
  facet normal 1.000000e+00 0.000000e+00 0.000000e+00
    outer loop
      vertex   -6.100000e+00 -6.500000e+00 5.000000e+01
      vertex   -6.100000e+00 -2.500013e+00 4.750000e+01
      vertex   -6.100000e+00 2.499987e+00 4.750000e+01
    endloop
  endfacet
  facet normal 1.000000e+00 -0.000000e+00 0.000000e+00
    outer loop
      vertex   -6.100000e+00 -6.500000e+00 5.000000e+01
      vertex   -6.100000e+00 2.499987e+00 4.750000e+01
      vertex   -6.100000e+00 6.500000e+00 5.000000e+01
    endloop
  endfacet
  facet normal 1.000000e+00 0.000000e+00 0.000000e+00
    outer loop
      vertex   -6.100000e+00 6.500000e+00 5.000000e+01
      vertex   -6.100000e+00 2.499987e+00 4.750000e+01
      vertex   -6.100000e+00 2.499987e+00 3.550000e+01
    endloop
  endfacet
  facet normal 1.000000e+00 0.000000e+00 0.000000e+00
    outer loop
      vertex   -6.100000e+00 6.500000e+00 5.000000e+01
      vertex   -6.100000e+00 2.499987e+00 3.550000e+01
      vertex   -6.100000e+00 6.500000e+00 3.300000e+01
    endloop
  endfacet
  facet normal 1.000000e+00 0.000000e+00 0.000000e+00
    outer loop
      vertex   -6.100000e+00 6.500000e+00 3.300000e+01
      vertex   -6.100000e+00 2.499987e+00 3.550000e+01
      vertex   -6.100000e+00 -6.500000e+00 3.300000e+01
    endloop
  endfacet
  facet normal 1.000000e+00 0.000000e+00 0.000000e+00
    outer loop
      vertex   -6.100000e+00 -6.500000e+00 3.300000e+01
      vertex   -6.100000e+00 2.499987e+00 3.550000e+01
      vertex   -6.100000e+00 -2.500013e+00 3.550000e+01
    endloop
  endfacet
  facet normal 1.000000e+00 0.000000e+00 0.000000e+00
    outer loop
      vertex   -6.100000e+00 -6.500000e+00 3.300000e+01
      vertex   -6.100000e+00 -2.500013e+00 3.550000e+01
      vertex   -6.100000e+00 -6.500000e+00 5.000000e+01
    endloop
  endfacet
  facet normal 0.000000e+00 0.000000e+00 1.000000e+00
    outer loop
      vertex   -6.100000e+00 -6.500000e+00 3.300000e+01
      vertex   1.710000e+01 -6.500000e+00 3.300000e+01
      vertex   -6.100000e+00 6.500000e+00 3.300000e+01
    endloop
  endfacet
  facet normal -0.000000e+00 0.000000e+00 1.000000e+00
    outer loop
      vertex   -6.100000e+00 6.500000e+00 3.300000e+01
      vertex   1.710000e+01 -6.500000e+00 3.300000e+01
      vertex   1.710000e+01 6.500000e+00 3.300000e+01
    endloop
  endfacet
  facet normal -8.786177e-16 -5.092161e-02 9.987027e-01
    outer loop
      vertex   5.000000e+00 -2.704163e+01 3.799788e+01
      vertex   2.510483e+00 -2.738517e+01 3.798036e+01
      vertex   5.000000e+00 -2.900000e+01 3.789803e+01
    endloop
  endfacet
  facet normal 2.012803e-15 -5.092161e-02 9.987027e-01
    outer loop
      vertex   5.000000e+00 -2.900000e+01 3.789803e+01
      vertex   2.510483e+00 -2.738517e+01 3.798036e+01
      vertex   -3.367779e-15 -2.750000e+01 3.797451e+01
    endloop
  endfacet
  facet normal 0.000000e+00 -5.092161e-02 9.987027e-01
    outer loop
      vertex   5.000000e+00 -2.900000e+01 3.789803e+01
      vertex   -3.367779e-15 -2.750000e+01 3.797451e+01
      vertex   -5.000000e+00 -2.900000e+01 3.789803e+01
    endloop
  endfacet
  facet normal -2.136510e-15 -5.092161e-02 9.987027e-01
    outer loop
      vertex   -5.000000e+00 -2.900000e+01 3.789803e+01
      vertex   -3.367779e-15 -2.750000e+01 3.797451e+01
      vertex   -2.510483e+00 -2.738517e+01 3.798036e+01
    endloop
  endfacet
  facet normal 1.024469e-15 -5.092161e-02 9.987027e-01
    outer loop
      vertex   -5.000000e+00 -2.900000e+01 3.789803e+01
      vertex   -2.510483e+00 -2.738517e+01 3.798036e+01
      vertex   -5.000000e+00 -2.704163e+01 3.799788e+01
    endloop
  endfacet
  facet normal -1.000000e+00 1.937631e-16 0.000000e+00
    outer loop
      vertex   -5.000000e+00 -2.704163e+01 0.000000e+00
      vertex   -5.000000e+00 -4.079314e+01 2.558411e+01
      vertex   -5.000000e+00 -2.704163e+01 3.799788e+01
    endloop
  endfacet
  facet normal -1.000000e+00 2.838548e-16 -9.980018e-17
    outer loop
      vertex   -5.000000e+00 -2.704163e+01 3.799788e+01
      vertex   -5.000000e+00 -4.079314e+01 2.558411e+01
      vertex   -5.000000e+00 -4.011731e+01 2.750633e+01
    endloop
  endfacet
  facet normal -1.000000e+00 2.912049e-16 -1.089607e-16
    outer loop
      vertex   -5.000000e+00 -2.704163e+01 3.799788e+01
      vertex   -5.000000e+00 -4.011731e+01 2.750633e+01
      vertex   -5.000000e+00 -3.945334e+01 2.928083e+01
    endloop
  endfacet
  facet normal -1.000000e+00 1.985172e-16 -7.011417e-17
    outer loop
      vertex   -5.000000e+00 -7.178227e+01 0.000000e+00
      vertex   -5.000000e+00 -5.459762e+01 1.065280e+01
      vertex   -5.000000e+00 -2.704163e+01 0.000000e+00
    endloop
  endfacet
  facet normal -1.000000e+00 3.774665e-16 3.927807e-16
    outer loop
      vertex   -5.000000e+00 -2.704163e+01 0.000000e+00
      vertex   -5.000000e+00 -5.459762e+01 1.065280e+01
      vertex   -5.000000e+00 -5.262523e+01 1.101857e+01
    endloop
  endfacet
  facet normal -1.000000e+00 8.425766e-17 -2.880100e-16
    outer loop
      vertex   -5.000000e+00 -2.704163e+01 0.000000e+00
      vertex   -5.000000e+00 -5.262523e+01 1.101857e+01
      vertex   -5.000000e+00 -5.166635e+01 1.129909e+01
    endloop
  endfacet
  facet normal -1.000000e+00 -5.379824e-16 1.117976e-15
    outer loop
      vertex   -5.000000e+00 -5.459762e+01 1.065280e+01
      vertex   -5.000000e+00 -7.178227e+01 0.000000e+00
      vertex   -5.000000e+00 -5.661032e+01 1.047872e+01
    endloop
  endfacet
  facet normal -1.000000e+00 2.948844e-16 -8.791706e-17
    outer loop
      vertex   -5.000000e+00 -5.661032e+01 1.047872e+01
      vertex   -5.000000e+00 -7.178227e+01 0.000000e+00
      vertex   -5.000000e+00 -7.138502e+01 1.332403e+00
    endloop
  endfacet
  facet normal -1.000000e+00 3.084412e-16 -1.098163e-16
    outer loop
      vertex   -5.000000e+00 -5.661032e+01 1.047872e+01
      vertex   -5.000000e+00 -7.138502e+01 1.332403e+00
      vertex   -5.000000e+00 -7.094555e+01 2.566761e+00
    endloop
  endfacet
  facet normal -1.000000e+00 -2.633297e-16 9.261431e-16
    outer loop
      vertex   -5.000000e+00 -5.661032e+01 1.047872e+01
      vertex   -5.000000e+00 -7.094555e+01 2.566761e+00
      vertex   -5.000000e+00 -6.059453e+01 1.030490e+01
    endloop
  endfacet
  facet normal -1.000000e+00 6.280957e-16 -2.662832e-16
    outer loop
      vertex   -5.000000e+00 -6.059453e+01 1.030490e+01
      vertex   -5.000000e+00 -7.094555e+01 2.566761e+00
      vertex   -5.000000e+00 -7.046381e+01 3.703050e+00
    endloop
  endfacet
  facet normal -1.000000e+00 6.792738e-16 -3.427908e-16
    outer loop
      vertex   -5.000000e+00 -6.059453e+01 1.030490e+01
      vertex   -5.000000e+00 -7.046381e+01 3.703050e+00
      vertex   -5.000000e+00 -6.993983e+01 4.741367e+00
    endloop
  endfacet
  facet normal -1.000000e+00 7.405207e-16 -4.456698e-16
    outer loop
      vertex   -5.000000e+00 -6.993983e+01 4.741367e+00
      vertex   -5.000000e+00 -6.937369e+01 5.682059e+00
      vertex   -5.000000e+00 -6.059453e+01 1.030490e+01
    endloop
  endfacet
  facet normal -1.000000e+00 8.152059e-16 -5.875034e-16
    outer loop
      vertex   -5.000000e+00 -6.059453e+01 1.030490e+01
      vertex   -5.000000e+00 -6.937369e+01 5.682059e+00
      vertex   -5.000000e+00 -6.876560e+01 6.525839e+00
    endloop
  endfacet
  facet normal -1.000000e+00 1.063387e-15 -1.124120e-15
    outer loop
      vertex   -5.000000e+00 -6.059453e+01 1.030490e+01
      vertex   -5.000000e+00 -6.876560e+01 6.525839e+00
      vertex   -5.000000e+00 -6.248862e+01 1.009336e+01
    endloop
  endfacet
  facet normal -1.000000e+00 -2.270074e-16 1.146301e-15
    outer loop
      vertex   -5.000000e+00 -6.248862e+01 1.009336e+01
      vertex   -5.000000e+00 -6.876560e+01 6.525839e+00
      vertex   -5.000000e+00 -6.339632e+01 9.913606e+00
    endloop
  endfacet
  facet normal -1.000000e+00 1.097855e-15 -9.534748e-16
    outer loop
      vertex   -5.000000e+00 -6.339632e+01 9.913606e+00
      vertex   -5.000000e+00 -6.876560e+01 6.525839e+00
      vertex   -5.000000e+00 -6.811591e+01 7.273905e+00
    endloop
  endfacet
  facet normal -1.000000e+00 -5.523610e-16 1.996989e-15
    outer loop
      vertex   -5.000000e+00 -6.339632e+01 9.913606e+00
      vertex   -5.000000e+00 -6.811591e+01 7.273905e+00
      vertex   -5.000000e+00 -6.427326e+01 9.671047e+00
    endloop
  endfacet
  facet normal -1.000000e+00 4.191115e-15 -5.606865e-15
    outer loop
      vertex   -5.000000e+00 -6.427326e+01 9.671047e+00
      vertex   -5.000000e+00 -6.811591e+01 7.273905e+00
      vertex   -5.000000e+00 -6.511668e+01 9.357415e+00
    endloop
  endfacet
  facet normal -1.000000e+00 1.111124e-15 -1.173186e-15
    outer loop
      vertex   -5.000000e+00 -6.511668e+01 9.357415e+00
      vertex   -5.000000e+00 -6.811591e+01 7.273905e+00
      vertex   -5.000000e+00 -6.742520e+01 7.928077e+00
    endloop
  endfacet
  facet normal -1.000000e+00 -3.022482e-15 5.503003e-15
    outer loop
      vertex   -5.000000e+00 -6.511668e+01 9.357415e+00
      vertex   -5.000000e+00 -6.742520e+01 7.928077e+00
      vertex   -5.000000e+00 -6.669429e+01 8.490923e+00
    endloop
  endfacet
  facet normal -1.000000e+00 0.000000e+00 0.000000e+00
    outer loop
      vertex   -5.000000e+00 -6.669429e+01 8.490923e+00
      vertex   -5.000000e+00 -6.592430e+01 8.965889e+00
      vertex   -5.000000e+00 -6.511668e+01 9.357415e+00
    endloop
  endfacet
  facet normal -1.000000e+00 6.173990e-16 8.738943e-16
    outer loop
      vertex   -5.000000e+00 -5.166635e+01 1.129909e+01
      vertex   -5.000000e+00 -5.073173e+01 1.165512e+01
      vertex   -5.000000e+00 -2.704163e+01 0.000000e+00
    endloop
  endfacet
  facet normal -1.000000e+00 9.274616e-17 -1.925099e-16
    outer loop
      vertex   -5.000000e+00 -2.704163e+01 0.000000e+00
      vertex   -5.000000e+00 -5.073173e+01 1.165512e+01
      vertex   -5.000000e+00 -4.982542e+01 1.209176e+01
    endloop
  endfacet
  facet normal -1.000000e+00 1.029823e-16 -1.732225e-16
    outer loop
      vertex   -5.000000e+00 -2.704163e+01 0.000000e+00
      vertex   -5.000000e+00 -4.982542e+01 1.209176e+01
      vertex   -5.000000e+00 -4.895106e+01 1.261157e+01
    endloop
  endfacet
  facet normal -1.000000e+00 1.125388e-16 -1.566206e-16
    outer loop
      vertex   -5.000000e+00 -4.895106e+01 1.261157e+01
      vertex   -5.000000e+00 -4.811178e+01 1.321463e+01
      vertex   -5.000000e+00 -2.704163e+01 0.000000e+00
    endloop
  endfacet
  facet normal -1.000000e+00 1.214736e-16 -1.423745e-16
    outer loop
      vertex   -5.000000e+00 -2.704163e+01 0.000000e+00
      vertex   -5.000000e+00 -4.811178e+01 1.321463e+01
      vertex   -5.000000e+00 -4.731020e+01 1.389854e+01
    endloop
  endfacet
  facet normal -1.000000e+00 1.298622e-16 -1.301412e-16
    outer loop
      vertex   -5.000000e+00 -2.704163e+01 0.000000e+00
      vertex   -5.000000e+00 -4.731020e+01 1.389854e+01
      vertex   -5.000000e+00 -4.654837e+01 1.465874e+01
    endloop
  endfacet
  facet normal -1.000000e+00 1.377838e-16 -1.195997e-16
    outer loop
      vertex   -5.000000e+00 -4.654837e+01 1.465874e+01
      vertex   -5.000000e+00 -4.582779e+01 1.548887e+01
      vertex   -5.000000e+00 -2.704163e+01 0.000000e+00
    endloop
  endfacet
  facet normal -1.000000e+00 6.497759e-16 5.013855e-16
    outer loop
      vertex   -5.000000e+00 -2.704163e+01 0.000000e+00
      vertex   -5.000000e+00 -4.582779e+01 1.548887e+01
      vertex   -5.000000e+00 -4.514940e+01 1.638116e+01
    endloop
  endfacet
  facet normal -1.000000e+00 1.219841e-16 -8.203666e-17
    outer loop
      vertex   -5.000000e+00 -2.704163e+01 0.000000e+00
      vertex   -5.000000e+00 -4.514940e+01 1.638116e+01
      vertex   -5.000000e+00 -4.451355e+01 1.732663e+01
    endloop
  endfacet
  facet normal -1.000000e+00 1.299225e-16 -7.403166e-17
    outer loop
      vertex   -5.000000e+00 -4.451355e+01 1.732663e+01
      vertex   -5.000000e+00 -4.336787e+01 1.933725e+01
      vertex   -5.000000e+00 -2.704163e+01 0.000000e+00
    endloop
  endfacet
  facet normal -1.000000e+00 1.398032e-16 -6.568948e-17
    outer loop
      vertex   -5.000000e+00 -2.704163e+01 0.000000e+00
      vertex   -5.000000e+00 -4.336787e+01 1.933725e+01
      vertex   -5.000000e+00 -4.238118e+01 2.143715e+01
    endloop
  endfacet
  facet normal -1.000000e+00 5.253638e-16 2.102019e-16
    outer loop
      vertex   -5.000000e+00 -2.704163e+01 0.000000e+00
      vertex   -5.000000e+00 -4.238118e+01 2.143715e+01
      vertex   -5.000000e+00 -4.153338e+01 2.354357e+01
    endloop
  endfacet
  facet normal -1.000000e+00 1.156858e-16 -4.196671e-17
    outer loop
      vertex   -5.000000e+00 -4.153338e+01 2.354357e+01
      vertex   -5.000000e+00 -4.079314e+01 2.558411e+01
      vertex   -5.000000e+00 -2.704163e+01 0.000000e+00
    endloop
  endfacet
  facet normal -1.000000e+00 3.100669e-16 -1.358172e-16
    outer loop
      vertex   -5.000000e+00 -3.945334e+01 2.928083e+01
      vertex   -5.000000e+00 -3.874559e+01 3.089661e+01
      vertex   -5.000000e+00 -2.704163e+01 3.799788e+01
    endloop
  endfacet
  facet normal -1.000000e+00 3.419433e-16 -1.883543e-16
    outer loop
      vertex   -5.000000e+00 -2.704163e+01 3.799788e+01
      vertex   -5.000000e+00 -3.874559e+01 3.089661e+01
      vertex   -5.000000e+00 -3.794273e+01 3.235414e+01
    endloop
  endfacet
  facet normal -1.000000e+00 3.892879e-16 -2.798023e-16
    outer loop
      vertex   -5.000000e+00 -2.704163e+01 3.799788e+01
      vertex   -5.000000e+00 -3.794273e+01 3.235414e+01
      vertex   -5.000000e+00 -3.700509e+01 3.365869e+01
    endloop
  endfacet
  facet normal -1.000000e+00 4.549200e-16 -4.305037e-16
    outer loop
      vertex   -5.000000e+00 -3.700509e+01 3.365869e+01
      vertex   -5.000000e+00 -3.591219e+01 3.481357e+01
      vertex   -5.000000e+00 -2.704163e+01 3.799788e+01
    endloop
  endfacet
  facet normal -1.000000e+00 5.420993e-16 -6.733599e-16
    outer loop
      vertex   -5.000000e+00 -2.704163e+01 3.799788e+01
      vertex   -5.000000e+00 -3.591219e+01 3.481357e+01
      vertex   -5.000000e+00 -3.466963e+01 3.581391e+01
    endloop
  endfacet
  facet normal -1.000000e+00 6.578512e-16 -1.077650e-15
    outer loop
      vertex   -5.000000e+00 -2.704163e+01 3.799788e+01
      vertex   -5.000000e+00 -3.466963e+01 3.581391e+01
      vertex   -5.000000e+00 -3.330944e+01 3.664424e+01
    endloop
  endfacet
  facet normal -1.000000e+00 4.623125e-16 -1.722383e-16
    outer loop
      vertex   -5.000000e+00 -2.704163e+01 3.799788e+01
      vertex   -5.000000e+00 -3.330944e+01 3.664424e+01
      vertex   -5.000000e+00 -2.900000e+01 3.789803e+01
    endloop
  endfacet
  facet normal -1.000000e+00 1.183546e-15 -2.651224e-15
    outer loop
      vertex   -5.000000e+00 -2.900000e+01 3.789803e+01
      vertex   -5.000000e+00 -3.330944e+01 3.664424e+01
      vertex   -5.000000e+00 -3.187940e+01 3.728263e+01
    endloop
  endfacet
  facet normal -1.000000e+00 -1.036863e-15 7.737952e-15
    outer loop
      vertex   -5.000000e+00 -2.900000e+01 3.789803e+01
      vertex   -5.000000e+00 -3.187940e+01 3.728263e+01
      vertex   -5.000000e+00 -3.042976e+01 3.770644e+01
    endloop
  endfacet
  facet normal 0.000000e+00 -9.583153e-01 2.857128e-01
    outer loop
      vertex   5.000000e+00 -7.178227e+01 0.000000e+00
      vertex   5.000000e+00 -7.138502e+01 1.332403e+00
      vertex   -5.000000e+00 -7.178227e+01 0.000000e+00
    endloop
  endfacet
  facet normal 6.123491e-19 -9.583153e-01 2.857128e-01
    outer loop
      vertex   -5.000000e+00 -7.178227e+01 0.000000e+00
      vertex   5.000000e+00 -7.138502e+01 1.332403e+00
      vertex   -5.000000e+00 -7.138502e+01 1.332403e+00
    endloop
  endfacet
  facet normal 0.000000e+00 -9.420716e-01 3.354117e-01
    outer loop
      vertex   -5.000000e+00 -7.138502e+01 1.332403e+00
      vertex   5.000000e+00 -7.138502e+01 1.332403e+00
      vertex   5.000000e+00 -7.094555e+01 2.566761e+00
    endloop
  endfacet
  facet normal -1.998277e-18 -9.420716e-01 3.354117e-01
    outer loop
      vertex   -5.000000e+00 -7.138502e+01 1.332403e+00
      vertex   5.000000e+00 -7.094555e+01 2.566761e+00
      vertex   -5.000000e+00 -7.094555e+01 2.566761e+00
    endloop
  endfacet
  facet normal 0.000000e+00 -9.206775e-01 3.903242e-01
    outer loop
      vertex   -5.000000e+00 -7.094555e+01 2.566761e+00
      vertex   5.000000e+00 -7.094555e+01 2.566761e+00
      vertex   5.000000e+00 -7.046381e+01 3.703050e+00
    endloop
  endfacet
  facet normal 1.016378e-19 -9.206775e-01 3.903242e-01
    outer loop
      vertex   -5.000000e+00 -7.094555e+01 2.566761e+00
      vertex   5.000000e+00 -7.046381e+01 3.703050e+00
      vertex   -5.000000e+00 -7.046381e+01 3.703050e+00
    endloop
  endfacet
  facet normal 0.000000e+00 -8.927630e-01 4.505266e-01
    outer loop
      vertex   -5.000000e+00 -7.046381e+01 3.703050e+00
      vertex   5.000000e+00 -7.046381e+01 3.703050e+00
      vertex   5.000000e+00 -6.993983e+01 4.741367e+00
    endloop
  endfacet
  facet normal 1.947323e-19 -8.927630e-01 4.505266e-01
    outer loop
      vertex   -5.000000e+00 -7.046381e+01 3.703050e+00
      vertex   5.000000e+00 -6.993983e+01 4.741367e+00
      vertex   -5.000000e+00 -6.993983e+01 4.741367e+00
    endloop
  endfacet
  facet normal 0.000000e+00 -8.567993e-01 5.156501e-01
    outer loop
      vertex   -5.000000e+00 -6.993983e+01 4.741367e+00
      vertex   5.000000e+00 -6.993983e+01 4.741367e+00
      vertex   5.000000e+00 -6.937369e+01 5.682059e+00
    endloop
  endfacet
  facet normal -3.542725e-18 -8.567993e-01 5.156501e-01
    outer loop
      vertex   -5.000000e+00 -6.993983e+01 4.741367e+00
      vertex   5.000000e+00 -6.937369e+01 5.682059e+00
      vertex   -5.000000e+00 -6.937369e+01 5.682059e+00
    endloop
  endfacet
  facet normal 0.000000e+00 -8.112723e-01 5.846685e-01
    outer loop
      vertex   -5.000000e+00 -6.937369e+01 5.682059e+00
      vertex   5.000000e+00 -6.937369e+01 5.682059e+00
      vertex   5.000000e+00 -6.876560e+01 6.525839e+00
    endloop
  endfacet
  facet normal -4.745552e-18 -8.112723e-01 5.846685e-01
    outer loop
      vertex   -5.000000e+00 -6.937369e+01 5.682059e+00
      vertex   5.000000e+00 -6.876560e+01 6.525839e+00
      vertex   -5.000000e+00 -6.876560e+01 6.525839e+00
    endloop
  endfacet
  facet normal 0.000000e+00 -7.550077e-01 6.557160e-01
    outer loop
      vertex   -5.000000e+00 -6.876560e+01 6.525839e+00
      vertex   5.000000e+00 -6.876560e+01 6.525839e+00
      vertex   5.000000e+00 -6.811591e+01 7.273905e+00
    endloop
  endfacet
  facet normal -1.262365e-18 -7.550077e-01 6.557160e-01
    outer loop
      vertex   -5.000000e+00 -6.876560e+01 6.525839e+00
      vertex   5.000000e+00 -6.811591e+01 7.273905e+00
      vertex   -5.000000e+00 -6.811591e+01 7.273905e+00
    endloop
  endfacet
  facet normal 0.000000e+00 -6.876420e-01 7.260500e-01
    outer loop
      vertex   -5.000000e+00 -6.811591e+01 7.273905e+00
      vertex   5.000000e+00 -6.811591e+01 7.273905e+00
      vertex   5.000000e+00 -6.742520e+01 7.928077e+00
    endloop
  endfacet
  facet normal -3.509686e-20 -6.876420e-01 7.260500e-01
    outer loop
      vertex   -5.000000e+00 -6.811591e+01 7.273905e+00
      vertex   5.000000e+00 -6.742520e+01 7.928077e+00
      vertex   -5.000000e+00 -6.742520e+01 7.928077e+00
    endloop
  endfacet
  facet normal 0.000000e+00 -6.101241e-01 7.923059e-01
    outer loop
      vertex   -5.000000e+00 -6.742520e+01 7.928077e+00
      vertex   5.000000e+00 -6.742520e+01 7.928077e+00
      vertex   5.000000e+00 -6.669429e+01 8.490923e+00
    endloop
  endfacet
  facet normal -1.355707e-18 -6.101241e-01 7.923059e-01
    outer loop
      vertex   -5.000000e+00 -6.742520e+01 7.928077e+00
      vertex   5.000000e+00 -6.669429e+01 8.490923e+00
      vertex   -5.000000e+00 -6.669429e+01 8.490923e+00
    endloop
  endfacet
  facet normal 0.000000e+00 -5.249992e-01 8.511027e-01
    outer loop
      vertex   -5.000000e+00 -6.669429e+01 8.490923e+00
      vertex   5.000000e+00 -6.669429e+01 8.490923e+00
      vertex   5.000000e+00 -6.592430e+01 8.965889e+00
    endloop
  endfacet
  facet normal 2.319859e-18 -5.249992e-01 8.511027e-01
    outer loop
      vertex   -5.000000e+00 -6.669429e+01 8.490923e+00
      vertex   5.000000e+00 -6.592430e+01 8.965889e+00
      vertex   -5.000000e+00 -6.592430e+01 8.965889e+00
    endloop
  endfacet
  facet normal 0.000000e+00 -4.362298e-01 8.998353e-01
    outer loop
      vertex   -5.000000e+00 -6.592430e+01 8.965889e+00
      vertex   5.000000e+00 -6.592430e+01 8.965889e+00
      vertex   5.000000e+00 -6.511668e+01 9.357415e+00
    endloop
  endfacet
  facet normal 1.220808e-18 -4.362298e-01 8.998353e-01
    outer loop
      vertex   -5.000000e+00 -6.592430e+01 8.965889e+00
      vertex   5.000000e+00 -6.511668e+01 9.357415e+00
      vertex   -5.000000e+00 -6.511668e+01 9.357415e+00
    endloop
  endfacet
  facet normal 0.000000e+00 -3.485416e-01 9.372933e-01
    outer loop
      vertex   -5.000000e+00 -6.511668e+01 9.357415e+00
      vertex   5.000000e+00 -6.511668e+01 9.357415e+00
      vertex   5.000000e+00 -6.427326e+01 9.671047e+00
    endloop
  endfacet
  facet normal 1.314086e-18 -3.485416e-01 9.372933e-01
    outer loop
      vertex   -5.000000e+00 -6.511668e+01 9.357415e+00
      vertex   5.000000e+00 -6.427326e+01 9.671047e+00
      vertex   -5.000000e+00 -6.427326e+01 9.671047e+00
    endloop
  endfacet
  facet normal 0.000000e+00 -2.665871e-01 9.638108e-01
    outer loop
      vertex   -5.000000e+00 -6.427326e+01 9.671047e+00
      vertex   5.000000e+00 -6.427326e+01 9.671047e+00
      vertex   5.000000e+00 -6.339632e+01 9.913606e+00
    endloop
  endfacet
  facet normal -7.103742e-20 -2.665871e-01 9.638108e-01
    outer loop
      vertex   -5.000000e+00 -6.427326e+01 9.671047e+00
      vertex   5.000000e+00 -6.339632e+01 9.913606e+00
      vertex   -5.000000e+00 -6.339632e+01 9.913606e+00
    endloop
  endfacet
  facet normal 0.000000e+00 -1.942621e-01 9.809497e-01
    outer loop
      vertex   -5.000000e+00 -6.339632e+01 9.913606e+00
      vertex   5.000000e+00 -6.339632e+01 9.913606e+00
      vertex   5.000000e+00 -6.248862e+01 1.009336e+01
    endloop
  endfacet
  facet normal 4.882372e-19 -1.942621e-01 9.809497e-01
    outer loop
      vertex   -5.000000e+00 -6.339632e+01 9.913606e+00
      vertex   5.000000e+00 -6.248862e+01 1.009336e+01
      vertex   -5.000000e+00 -6.248862e+01 1.009336e+01
    endloop
  endfacet
  facet normal 0.000000e+00 -1.109916e-01 9.938213e-01
    outer loop
      vertex   -5.000000e+00 -6.248862e+01 1.009336e+01
      vertex   5.000000e+00 -6.248862e+01 1.009336e+01
      vertex   5.000000e+00 -6.059453e+01 1.030490e+01
    endloop
  endfacet
  facet normal 1.208603e-18 -1.109916e-01 9.938213e-01
    outer loop
      vertex   -5.000000e+00 -6.248862e+01 1.009336e+01
      vertex   5.000000e+00 -6.059453e+01 1.030490e+01
      vertex   -5.000000e+00 -6.059453e+01 1.030490e+01
    endloop
  endfacet
  facet normal 0.000000e+00 -4.358608e-02 9.990497e-01
    outer loop
      vertex   -5.000000e+00 -6.059453e+01 1.030490e+01
      vertex   5.000000e+00 -6.059453e+01 1.030490e+01
      vertex   5.000000e+00 -5.661032e+01 1.047872e+01
    endloop
  endfacet
  facet normal -2.194689e-19 -4.358608e-02 9.990497e-01
    outer loop
      vertex   -5.000000e+00 -6.059453e+01 1.030490e+01
      vertex   5.000000e+00 -5.661032e+01 1.047872e+01
      vertex   -5.000000e+00 -5.661032e+01 1.047872e+01
    endloop
  endfacet
  facet normal 0.000000e+00 -8.616883e-02 9.962805e-01
    outer loop
      vertex   -5.000000e+00 -5.661032e+01 1.047872e+01
      vertex   5.000000e+00 -5.661032e+01 1.047872e+01
      vertex   5.000000e+00 -5.459762e+01 1.065280e+01
    endloop
  endfacet
  facet normal 1.685105e-19 -8.616883e-02 9.962805e-01
    outer loop
      vertex   -5.000000e+00 -5.661032e+01 1.047872e+01
      vertex   5.000000e+00 -5.459762e+01 1.065280e+01
      vertex   -5.000000e+00 -5.459762e+01 1.065280e+01
    endloop
  endfacet
  facet normal 0.000000e+00 -1.823348e-01 9.832365e-01
    outer loop
      vertex   -5.000000e+00 -5.459762e+01 1.065280e+01
      vertex   5.000000e+00 -5.459762e+01 1.065280e+01
      vertex   5.000000e+00 -5.262523e+01 1.101857e+01
    endloop
  endfacet
  facet normal 1.308536e-18 -1.823348e-01 9.832365e-01
    outer loop
      vertex   -5.000000e+00 -5.459762e+01 1.065280e+01
      vertex   5.000000e+00 -5.262523e+01 1.101857e+01
      vertex   -5.000000e+00 -5.262523e+01 1.101857e+01
    endloop
  endfacet
  facet normal 0.000000e+00 -2.807823e-01 9.597715e-01
    outer loop
      vertex   -5.000000e+00 -5.262523e+01 1.101857e+01
      vertex   5.000000e+00 -5.262523e+01 1.101857e+01
      vertex   5.000000e+00 -5.166635e+01 1.129909e+01
    endloop
  endfacet
  facet normal 2.544988e-18 -2.807823e-01 9.597715e-01
    outer loop
      vertex   -5.000000e+00 -5.262523e+01 1.101857e+01
      vertex   5.000000e+00 -5.166635e+01 1.129909e+01
      vertex   -5.000000e+00 -5.166635e+01 1.129909e+01
    endloop
  endfacet
  facet normal 0.000000e+00 -3.559857e-01 9.344914e-01
    outer loop
      vertex   -5.000000e+00 -5.166635e+01 1.129909e+01
      vertex   5.000000e+00 -5.166635e+01 1.129909e+01
      vertex   5.000000e+00 -5.073173e+01 1.165512e+01
    endloop
  endfacet
  facet normal 2.007211e-18 -3.559857e-01 9.344914e-01
    outer loop
      vertex   -5.000000e+00 -5.166635e+01 1.129909e+01
      vertex   5.000000e+00 -5.073173e+01 1.165512e+01
      vertex   -5.000000e+00 -5.073173e+01 1.165512e+01
    endloop
  endfacet
  facet normal 0.000000e+00 -4.340290e-01 9.008989e-01
    outer loop
      vertex   -5.000000e+00 -5.073173e+01 1.165512e+01
      vertex   5.000000e+00 -5.073173e+01 1.165512e+01
      vertex   5.000000e+00 -4.982542e+01 1.209176e+01
    endloop
  endfacet
  facet normal 2.670368e-18 -4.340290e-01 9.008989e-01
    outer loop
      vertex   -5.000000e+00 -5.073173e+01 1.165512e+01
      vertex   5.000000e+00 -4.982542e+01 1.209176e+01
      vertex   -5.000000e+00 -4.982542e+01 1.209176e+01
    endloop
  endfacet
  facet normal 0.000000e+00 -5.110210e-01 8.595683e-01
    outer loop
      vertex   -5.000000e+00 -4.982542e+01 1.209176e+01
      vertex   5.000000e+00 -4.982542e+01 1.209176e+01
      vertex   5.000000e+00 -4.895106e+01 1.261157e+01
    endloop
  endfacet
  facet normal -2.696364e-18 -5.110210e-01 8.595683e-01
    outer loop
      vertex   -5.000000e+00 -4.982542e+01 1.209176e+01
      vertex   5.000000e+00 -4.895106e+01 1.261157e+01
      vertex   -5.000000e+00 -4.895106e+01 1.261157e+01
    endloop
  endfacet
  facet normal 0.000000e+00 -5.835256e-01 8.120947e-01
    outer loop
      vertex   -5.000000e+00 -4.895106e+01 1.261157e+01
      vertex   5.000000e+00 -4.895106e+01 1.261157e+01
      vertex   5.000000e+00 -4.811178e+01 1.321463e+01
    endloop
  endfacet
  facet normal 4.954422e-18 -5.835256e-01 8.120947e-01
    outer loop
      vertex   -5.000000e+00 -4.895106e+01 1.261157e+01
      vertex   5.000000e+00 -4.811178e+01 1.321463e+01
      vertex   -5.000000e+00 -4.811178e+01 1.321463e+01
    endloop
  endfacet
  facet normal 0.000000e+00 -6.490594e-01 7.607378e-01
    outer loop
      vertex   -5.000000e+00 -4.811178e+01 1.321463e+01
      vertex   5.000000e+00 -4.811178e+01 1.321463e+01
      vertex   5.000000e+00 -4.731020e+01 1.389854e+01
    endloop
  endfacet
  facet normal 2.044244e-18 -6.490594e-01 7.607378e-01
    outer loop
      vertex   -5.000000e+00 -4.811178e+01 1.321463e+01
      vertex   5.000000e+00 -4.731020e+01 1.389854e+01
      vertex   -5.000000e+00 -4.731020e+01 1.389854e+01
    endloop
  endfacet
  facet normal 0.000000e+00 -7.063476e-01 7.078651e-01
    outer loop
      vertex   -5.000000e+00 -4.731020e+01 1.389854e+01
      vertex   5.000000e+00 -4.731020e+01 1.389854e+01
      vertex   5.000000e+00 -4.654837e+01 1.465874e+01
    endloop
  endfacet
  facet normal 3.924413e-18 -7.063476e-01 7.078651e-01
    outer loop
      vertex   -5.000000e+00 -4.731020e+01 1.389854e+01
      vertex   5.000000e+00 -4.654837e+01 1.465874e+01
      vertex   -5.000000e+00 -4.654837e+01 1.465874e+01
    endloop
  endfacet
  facet normal 0.000000e+00 -7.551815e-01 6.555157e-01
    outer loop
      vertex   -5.000000e+00 -4.654837e+01 1.465874e+01
      vertex   5.000000e+00 -4.654837e+01 1.465874e+01
      vertex   5.000000e+00 -4.582779e+01 1.548887e+01
    endloop
  endfacet
  facet normal -2.907698e-18 -7.551815e-01 6.555157e-01
    outer loop
      vertex   -5.000000e+00 -4.654837e+01 1.465874e+01
      vertex   5.000000e+00 -4.582779e+01 1.548887e+01
      vertex   -5.000000e+00 -4.582779e+01 1.548887e+01
    endloop
  endfacet
  facet normal 0.000000e+00 -7.960517e-01 6.052286e-01
    outer loop
      vertex   -5.000000e+00 -4.582779e+01 1.548887e+01
      vertex   5.000000e+00 -4.582779e+01 1.548887e+01
      vertex   5.000000e+00 -4.514940e+01 1.638116e+01
    endloop
  endfacet
  facet normal 3.573463e-18 -7.960517e-01 6.052286e-01
    outer loop
      vertex   -5.000000e+00 -4.582779e+01 1.548887e+01
      vertex   5.000000e+00 -4.514940e+01 1.638116e+01
      vertex   -5.000000e+00 -4.514940e+01 1.638116e+01
    endloop
  endfacet
  facet normal 0.000000e+00 -8.298020e-01 5.580579e-01
    outer loop
      vertex   -5.000000e+00 -4.514940e+01 1.638116e+01
      vertex   5.000000e+00 -4.514940e+01 1.638116e+01
      vertex   5.000000e+00 -4.451355e+01 1.732663e+01
    endloop
  endfacet
  facet normal -2.121167e-18 -8.298020e-01 5.580579e-01
    outer loop
      vertex   -5.000000e+00 -4.514940e+01 1.638116e+01
      vertex   5.000000e+00 -4.451355e+01 1.732663e+01
      vertex   -5.000000e+00 -4.451355e+01 1.732663e+01
    endloop
  endfacet
  facet normal 0.000000e+00 -8.688468e-01 4.950811e-01
    outer loop
      vertex   -5.000000e+00 -4.451355e+01 1.732663e+01
      vertex   5.000000e+00 -4.451355e+01 1.732663e+01
      vertex   5.000000e+00 -4.336787e+01 1.933725e+01
    endloop
  endfacet
  facet normal 9.322099e-18 -8.688468e-01 4.950811e-01
    outer loop
      vertex   -5.000000e+00 -4.451355e+01 1.732663e+01
      vertex   5.000000e+00 -4.336787e+01 1.933725e+01
      vertex   -5.000000e+00 -4.336787e+01 1.933725e+01
    endloop
  endfacet
  facet normal 0.000000e+00 -9.050686e-01 4.252656e-01
    outer loop
      vertex   -5.000000e+00 -4.336787e+01 1.933725e+01
      vertex   5.000000e+00 -4.336787e+01 1.933725e+01
      vertex   5.000000e+00 -4.238118e+01 2.143715e+01
    endloop
  endfacet
  facet normal 2.995958e-20 -9.050686e-01 4.252656e-01
    outer loop
      vertex   -5.000000e+00 -4.336787e+01 1.933725e+01
      vertex   5.000000e+00 -4.238118e+01 2.143715e+01
      vertex   -5.000000e+00 -4.238118e+01 2.143715e+01
    endloop
  endfacet
  facet normal 0.000000e+00 -9.276790e-01 3.733787e-01
    outer loop
      vertex   -5.000000e+00 -4.238118e+01 2.143715e+01
      vertex   5.000000e+00 -4.238118e+01 2.143715e+01
      vertex   5.000000e+00 -4.153338e+01 2.354357e+01
    endloop
  endfacet
  facet normal -2.850073e-18 -9.276790e-01 3.733787e-01
    outer loop
      vertex   -5.000000e+00 -4.238118e+01 2.143715e+01
      vertex   5.000000e+00 -4.153338e+01 2.354357e+01
      vertex   -5.000000e+00 -4.153338e+01 2.354357e+01
    endloop
  endfacet
  facet normal 0.000000e+00 -9.400563e-01 3.410192e-01
    outer loop
      vertex   -5.000000e+00 -4.153338e+01 2.354357e+01
      vertex   5.000000e+00 -4.153338e+01 2.354357e+01
      vertex   5.000000e+00 -4.079314e+01 2.558411e+01
    endloop
  endfacet
  facet normal -3.107176e-18 -9.400563e-01 3.410192e-01
    outer loop
      vertex   -5.000000e+00 -4.153338e+01 2.354357e+01
      vertex   5.000000e+00 -4.079314e+01 2.558411e+01
      vertex   -5.000000e+00 -4.079314e+01 2.558411e+01
    endloop
  endfacet
  facet normal 0.000000e+00 -9.433900e-01 3.316854e-01
    outer loop
      vertex   -5.000000e+00 -4.079314e+01 2.558411e+01
      vertex   5.000000e+00 -4.079314e+01 2.558411e+01
      vertex   5.000000e+00 -4.011731e+01 2.750633e+01
    endloop
  endfacet
  facet normal -2.609058e-18 -9.433900e-01 3.316854e-01
    outer loop
      vertex   -5.000000e+00 -4.079314e+01 2.558411e+01
      vertex   5.000000e+00 -4.011731e+01 2.750633e+01
      vertex   -5.000000e+00 -4.011731e+01 2.750633e+01
    endloop
  endfacet
  facet normal 0.000000e+00 -9.365839e-01 3.504433e-01
    outer loop
      vertex   -5.000000e+00 -4.011731e+01 2.750633e+01
      vertex   5.000000e+00 -4.011731e+01 2.750633e+01
      vertex   5.000000e+00 -3.945334e+01 2.928083e+01
    endloop
  endfacet
  facet normal -3.808338e-19 -9.365839e-01 3.504433e-01
    outer loop
      vertex   -5.000000e+00 -4.011731e+01 2.750633e+01
      vertex   5.000000e+00 -3.945334e+01 2.928083e+01
      vertex   -5.000000e+00 -3.945334e+01 2.928083e+01
    endloop
  endfacet
  facet normal 0.000000e+00 -9.159805e-01 4.012227e-01
    outer loop
      vertex   -5.000000e+00 -3.945334e+01 2.928083e+01
      vertex   5.000000e+00 -3.945334e+01 2.928083e+01
      vertex   5.000000e+00 -3.874559e+01 3.089661e+01
    endloop
  endfacet
  facet normal -2.931280e-18 -9.159805e-01 4.012227e-01
    outer loop
      vertex   -5.000000e+00 -3.945334e+01 2.928083e+01
      vertex   5.000000e+00 -3.874559e+01 3.089661e+01
      vertex   -5.000000e+00 -3.874559e+01 3.089661e+01
    endloop
  endfacet
  facet normal 0.000000e+00 -8.759070e-01 4.824801e-01
    outer loop
      vertex   -5.000000e+00 -3.874559e+01 3.089661e+01
      vertex   5.000000e+00 -3.874559e+01 3.089661e+01
      vertex   5.000000e+00 -3.794273e+01 3.235414e+01
    endloop
  endfacet
  facet normal -5.519152e-18 -8.759070e-01 4.824801e-01
    outer loop
      vertex   -5.000000e+00 -3.874559e+01 3.089661e+01
      vertex   5.000000e+00 -3.794273e+01 3.235414e+01
      vertex   -5.000000e+00 -3.794273e+01 3.235414e+01
    endloop
  endfacet
  facet normal 0.000000e+00 -8.120138e-01 5.836383e-01
    outer loop
      vertex   -5.000000e+00 -3.794273e+01 3.235414e+01
      vertex   5.000000e+00 -3.794273e+01 3.235414e+01
      vertex   5.000000e+00 -3.700509e+01 3.365869e+01
    endloop
  endfacet
  facet normal 1.324218e-18 -8.120138e-01 5.836383e-01
    outer loop
      vertex   -5.000000e+00 -3.794273e+01 3.235414e+01
      vertex   5.000000e+00 -3.700509e+01 3.365869e+01
      vertex   -5.000000e+00 -3.700509e+01 3.365869e+01
    endloop
  endfacet
  facet normal 0.000000e+00 -7.263297e-01 6.873464e-01
    outer loop
      vertex   -5.000000e+00 -3.700509e+01 3.365869e+01
      vertex   5.000000e+00 -3.700509e+01 3.365869e+01
      vertex   5.000000e+00 -3.591219e+01 3.481357e+01
    endloop
  endfacet
  facet normal 9.345728e-19 -7.263297e-01 6.873464e-01
    outer loop
      vertex   -5.000000e+00 -3.700509e+01 3.365869e+01
      vertex   5.000000e+00 -3.591219e+01 3.481357e+01
      vertex   -5.000000e+00 -3.591219e+01 3.481357e+01
    endloop
  endfacet
  facet normal 0.000000e+00 -6.270984e-01 7.789401e-01
    outer loop
      vertex   -5.000000e+00 -3.591219e+01 3.481357e+01
      vertex   5.000000e+00 -3.591219e+01 3.481357e+01
      vertex   5.000000e+00 -3.466963e+01 3.581391e+01
    endloop
  endfacet
  facet normal -3.396073e-18 -6.270984e-01 7.789401e-01
    outer loop
      vertex   -5.000000e+00 -3.591219e+01 3.481357e+01
      vertex   5.000000e+00 -3.466963e+01 3.581391e+01
      vertex   -5.000000e+00 -3.466963e+01 3.581391e+01
    endloop
  endfacet
  facet normal 0.000000e+00 -5.210391e-01 8.535328e-01
    outer loop
      vertex   -5.000000e+00 -3.466963e+01 3.581391e+01
      vertex   5.000000e+00 -3.466963e+01 3.581391e+01
      vertex   5.000000e+00 -3.330944e+01 3.664424e+01
    endloop
  endfacet
  facet normal 6.612311e-19 -5.210391e-01 8.535328e-01
    outer loop
      vertex   -5.000000e+00 -3.466963e+01 3.581391e+01
      vertex   5.000000e+00 -3.330944e+01 3.664424e+01
      vertex   -5.000000e+00 -3.330944e+01 3.664424e+01
    endloop
  endfacet
  facet normal 0.000000e+00 -4.076406e-01 9.131425e-01
    outer loop
      vertex   -5.000000e+00 -3.330944e+01 3.664424e+01
      vertex   5.000000e+00 -3.330944e+01 3.664424e+01
      vertex   5.000000e+00 -3.187940e+01 3.728263e+01
    endloop
  endfacet
  facet normal 3.071980e-20 -4.076406e-01 9.131425e-01
    outer loop
      vertex   -5.000000e+00 -3.330944e+01 3.664424e+01
      vertex   5.000000e+00 -3.187940e+01 3.728263e+01
      vertex   -5.000000e+00 -3.187940e+01 3.728263e+01
    endloop
  endfacet
  facet normal 0.000000e+00 -2.806100e-01 9.598219e-01
    outer loop
      vertex   -5.000000e+00 -3.187940e+01 3.728263e+01
      vertex   5.000000e+00 -3.187940e+01 3.728263e+01
      vertex   5.000000e+00 -3.042976e+01 3.770644e+01
    endloop
  endfacet
  facet normal -2.270850e-18 -2.806100e-01 9.598219e-01
    outer loop
      vertex   -5.000000e+00 -3.187940e+01 3.728263e+01
      vertex   5.000000e+00 -3.042976e+01 3.770644e+01
      vertex   -5.000000e+00 -3.042976e+01 3.770644e+01
    endloop
  endfacet
  facet normal 0.000000e+00 -1.328100e-01 9.911415e-01
    outer loop
      vertex   -5.000000e+00 -3.042976e+01 3.770644e+01
      vertex   5.000000e+00 -3.042976e+01 3.770644e+01
      vertex   5.000000e+00 -2.900000e+01 3.789803e+01
    endloop
  endfacet
  facet normal -1.664312e-18 -1.328100e-01 9.911415e-01
    outer loop
      vertex   -5.000000e+00 -3.042976e+01 3.770644e+01
      vertex   5.000000e+00 -2.900000e+01 3.789803e+01
      vertex   -5.000000e+00 -2.900000e+01 3.789803e+01
    endloop
  endfacet
  facet normal 1.000000e+00 -1.937631e-16 0.000000e+00
    outer loop
      vertex   5.000000e+00 -2.704163e+01 3.799788e+01
      vertex   5.000000e+00 -4.079314e+01 2.558411e+01
      vertex   5.000000e+00 -2.704163e+01 4.821917e-19
    endloop
  endfacet
  facet normal 1.000000e+00 -1.156858e-16 4.196671e-17
    outer loop
      vertex   5.000000e+00 -2.704163e+01 4.821917e-19
      vertex   5.000000e+00 -4.079314e+01 2.558411e+01
      vertex   5.000000e+00 -4.153338e+01 2.354357e+01
    endloop
  endfacet
  facet normal 1.000000e+00 -1.111718e-16 4.474520e-17
    outer loop
      vertex   5.000000e+00 -2.704163e+01 4.821917e-19
      vertex   5.000000e+00 -4.153338e+01 2.354357e+01
      vertex   5.000000e+00 -4.238118e+01 2.143715e+01
    endloop
  endfacet
  facet normal 1.000000e+00 8.758960e-17 -1.717855e-15
    outer loop
      vertex   5.000000e+00 -2.900000e+01 3.789803e+01
      vertex   5.000000e+00 -3.330944e+01 3.664424e+01
      vertex   5.000000e+00 -2.704163e+01 3.799788e+01
    endloop
  endfacet
  facet normal 1.000000e+00 -4.385674e-16 7.184331e-16
    outer loop
      vertex   5.000000e+00 -2.704163e+01 3.799788e+01
      vertex   5.000000e+00 -3.330944e+01 3.664424e+01
      vertex   5.000000e+00 -3.466963e+01 3.581391e+01
    endloop
  endfacet
  facet normal 1.000000e+00 -3.613996e-16 4.489066e-16
    outer loop
      vertex   5.000000e+00 -2.704163e+01 3.799788e+01
      vertex   5.000000e+00 -3.466963e+01 3.581391e+01
      vertex   5.000000e+00 -3.591219e+01 3.481357e+01
    endloop
  endfacet
  facet normal 1.000000e+00 -0.000000e+00 0.000000e+00
    outer loop
      vertex   5.000000e+00 -3.042976e+01 3.770644e+01
      vertex   5.000000e+00 -3.187940e+01 3.728263e+01
      vertex   5.000000e+00 -2.900000e+01 3.789803e+01
    endloop
  endfacet
  facet normal 1.000000e+00 1.140921e-15 -5.338308e-15
    outer loop
      vertex   5.000000e+00 -2.900000e+01 3.789803e+01
      vertex   5.000000e+00 -3.187940e+01 3.728263e+01
      vertex   5.000000e+00 -3.330944e+01 3.664424e+01
    endloop
  endfacet
  facet normal 1.000000e+00 -3.032800e-16 2.870025e-16
    outer loop
      vertex   5.000000e+00 -3.591219e+01 3.481357e+01
      vertex   5.000000e+00 -3.700509e+01 3.365869e+01
      vertex   5.000000e+00 -2.704163e+01 3.799788e+01
    endloop
  endfacet
  facet normal 1.000000e+00 -2.595253e-16 1.865349e-16
    outer loop
      vertex   5.000000e+00 -2.704163e+01 3.799788e+01
      vertex   5.000000e+00 -3.700509e+01 3.365869e+01
      vertex   5.000000e+00 -3.794273e+01 3.235414e+01
    endloop
  endfacet
  facet normal 1.000000e+00 -2.279622e-16 1.255695e-16
    outer loop
      vertex   5.000000e+00 -2.704163e+01 3.799788e+01
      vertex   5.000000e+00 -3.794273e+01 3.235414e+01
      vertex   5.000000e+00 -3.874559e+01 3.089661e+01
    endloop
  endfacet
  facet normal 1.000000e+00 2.475304e-16 -6.581142e-16
    outer loop
      vertex   5.000000e+00 -3.874559e+01 3.089661e+01
      vertex   5.000000e+00 -3.945334e+01 2.928083e+01
      vertex   5.000000e+00 -2.704163e+01 3.799788e+01
    endloop
  endfacet
  facet normal 1.000000e+00 -7.680426e-16 7.879029e-16
    outer loop
      vertex   5.000000e+00 -2.704163e+01 3.799788e+01
      vertex   5.000000e+00 -3.945334e+01 2.928083e+01
      vertex   5.000000e+00 -4.011731e+01 2.750633e+01
    endloop
  endfacet
  facet normal 1.000000e+00 3.271930e-16 -5.770958e-16
    outer loop
      vertex   5.000000e+00 -2.704163e+01 3.799788e+01
      vertex   5.000000e+00 -4.011731e+01 2.750633e+01
      vertex   5.000000e+00 -4.079314e+01 2.558411e+01
    endloop
  endfacet
  facet normal 1.000000e+00 -4.616525e-16 -2.060445e-16
    outer loop
      vertex   5.000000e+00 -4.238118e+01 2.143715e+01
      vertex   5.000000e+00 -4.336787e+01 1.933725e+01
      vertex   5.000000e+00 -2.704163e+01 4.821917e-19
    endloop
  endfacet
  facet normal 1.000000e+00 -1.299225e-16 7.403166e-17
    outer loop
      vertex   5.000000e+00 -2.704163e+01 4.821917e-19
      vertex   5.000000e+00 -4.336787e+01 1.933725e+01
      vertex   5.000000e+00 -4.451355e+01 1.732663e+01
    endloop
  endfacet
  facet normal 1.000000e+00 4.368833e-16 6.455903e-16
    outer loop
      vertex   5.000000e+00 -2.704163e+01 4.821917e-19
      vertex   5.000000e+00 -4.451355e+01 1.732663e+01
      vertex   5.000000e+00 -4.514940e+01 1.638116e+01
    endloop
  endfacet
  facet normal 1.000000e+00 -8.718413e-17 6.628506e-17
    outer loop
      vertex   5.000000e+00 -4.514940e+01 1.638116e+01
      vertex   5.000000e+00 -4.582779e+01 1.548887e+01
      vertex   5.000000e+00 -2.704163e+01 4.821917e-19
    endloop
  endfacet
  facet normal 1.000000e+00 -8.267029e-17 7.175980e-17
    outer loop
      vertex   5.000000e+00 -2.704163e+01 4.821917e-19
      vertex   5.000000e+00 -4.582779e+01 1.548887e+01
      vertex   5.000000e+00 -4.654837e+01 1.465874e+01
    endloop
  endfacet
  facet normal 1.000000e+00 -7.791731e-17 7.808471e-17
    outer loop
      vertex   5.000000e+00 -2.704163e+01 4.821917e-19
      vertex   5.000000e+00 -4.654837e+01 1.465874e+01
      vertex   5.000000e+00 -4.731020e+01 1.389854e+01
    endloop
  endfacet
  facet normal 1.000000e+00 -5.666068e-16 -6.345828e-16
    outer loop
      vertex   5.000000e+00 -4.731020e+01 1.389854e+01
      vertex   5.000000e+00 -4.811178e+01 1.321463e+01
      vertex   5.000000e+00 -2.704163e+01 4.821917e-19
    endloop
  endfacet
  facet normal 1.000000e+00 -9.003102e-17 1.252965e-16
    outer loop
      vertex   5.000000e+00 -2.704163e+01 4.821917e-19
      vertex   5.000000e+00 -4.811178e+01 1.321463e+01
      vertex   5.000000e+00 -4.895106e+01 1.261157e+01
    endloop
  endfacet
  facet normal 1.000000e+00 -5.820903e-16 -7.295321e-16
    outer loop
      vertex   5.000000e+00 -2.704163e+01 4.821917e-19
      vertex   5.000000e+00 -4.895106e+01 1.261157e+01
      vertex   5.000000e+00 -4.982542e+01 1.209176e+01
    endloop
  endfacet
  facet normal 1.000000e+00 -9.274616e-17 1.925099e-16
    outer loop
      vertex   5.000000e+00 -4.982542e+01 1.209176e+01
      vertex   5.000000e+00 -5.073173e+01 1.165512e+01
      vertex   5.000000e+00 -2.704163e+01 4.821917e-19
    endloop
  endfacet
  facet normal 1.000000e+00 -8.180587e-17 2.147471e-16
    outer loop
      vertex   5.000000e+00 -2.704163e+01 4.821917e-19
      vertex   5.000000e+00 -5.073173e+01 1.165512e+01
      vertex   5.000000e+00 -5.166635e+01 1.129909e+01
    endloop
  endfacet
  facet normal 1.000000e+00 -7.021472e-17 2.400083e-16
    outer loop
      vertex   5.000000e+00 -2.704163e+01 4.821917e-19
      vertex   5.000000e+00 -5.166635e+01 1.129909e+01
      vertex   5.000000e+00 -5.262523e+01 1.101857e+01
    endloop
  endfacet
  facet normal 1.000000e+00 -5.224519e-17 2.817311e-16
    outer loop
      vertex   5.000000e+00 -5.262523e+01 1.101857e+01
      vertex   5.000000e+00 -5.459762e+01 1.065280e+01
      vertex   5.000000e+00 -2.704163e+01 4.821917e-19
    endloop
  endfacet
  facet normal 1.000000e+00 -1.786655e-16 -4.528492e-17
    outer loop
      vertex   5.000000e+00 -2.704163e+01 4.821917e-19
      vertex   5.000000e+00 -5.459762e+01 1.065280e+01
      vertex   5.000000e+00 -7.178227e+01 0.000000e+00
    endloop
  endfacet
  facet normal 1.000000e+00 -4.793195e-16 4.397175e-16
    outer loop
      vertex   5.000000e+00 -7.178227e+01 0.000000e+00
      vertex   5.000000e+00 -5.459762e+01 1.065280e+01
      vertex   5.000000e+00 -5.661032e+01 1.047872e+01
    endloop
  endfacet
  facet normal 1.000000e+00 -2.211633e-16 6.593780e-17
    outer loop
      vertex   5.000000e+00 -7.178227e+01 0.000000e+00
      vertex   5.000000e+00 -5.661032e+01 1.047872e+01
      vertex   5.000000e+00 -7.138502e+01 1.332403e+00
    endloop
  endfacet
  facet normal 1.000000e+00 -2.313309e-16 8.236221e-17
    outer loop
      vertex   5.000000e+00 -7.138502e+01 1.332403e+00
      vertex   5.000000e+00 -5.661032e+01 1.047872e+01
      vertex   5.000000e+00 -7.094555e+01 2.566761e+00
    endloop
  endfacet
  facet normal 1.000000e+00 -4.681626e-16 5.114642e-16
    outer loop
      vertex   5.000000e+00 -7.094555e+01 2.566761e+00
      vertex   5.000000e+00 -5.661032e+01 1.047872e+01
      vertex   5.000000e+00 -6.059453e+01 1.030490e+01
    endloop
  endfacet
  facet normal 1.000000e+00 -9.810870e-16 1.197584e-15
    outer loop
      vertex   5.000000e+00 -7.094555e+01 2.566761e+00
      vertex   5.000000e+00 -6.059453e+01 1.030490e+01
      vertex   5.000000e+00 -7.046381e+01 3.703050e+00
    endloop
  endfacet
  facet normal 1.000000e+00 -2.717095e-16 1.371163e-16
    outer loop
      vertex   5.000000e+00 -7.046381e+01 3.703050e+00
      vertex   5.000000e+00 -6.059453e+01 1.030490e+01
      vertex   5.000000e+00 -6.993983e+01 4.741367e+00
    endloop
  endfacet
  facet normal 1.000000e+00 1.455655e-15 -2.764412e-15
    outer loop
      vertex   5.000000e+00 -6.993983e+01 4.741367e+00
      vertex   5.000000e+00 -6.059453e+01 1.030490e+01
      vertex   5.000000e+00 -6.937369e+01 5.682059e+00
    endloop
  endfacet
  facet normal 1.000000e+00 0.000000e+00 0.000000e+00
    outer loop
      vertex   5.000000e+00 -6.937369e+01 5.682059e+00
      vertex   5.000000e+00 -6.059453e+01 1.030490e+01
      vertex   5.000000e+00 -6.876560e+01 6.525839e+00
    endloop
  endfacet
  facet normal 1.000000e+00 0.000000e+00 0.000000e+00
    outer loop
      vertex   5.000000e+00 -6.876560e+01 6.525839e+00
      vertex   5.000000e+00 -6.059453e+01 1.030490e+01
      vertex   5.000000e+00 -6.248862e+01 1.009336e+01
    endloop
  endfacet
  facet normal 1.000000e+00 1.501760e-15 -2.642314e-15
    outer loop
      vertex   5.000000e+00 -6.876560e+01 6.525839e+00
      vertex   5.000000e+00 -6.248862e+01 1.009336e+01
      vertex   5.000000e+00 -6.339632e+01 9.913606e+00
    endloop
  endfacet
  facet normal 1.000000e+00 -3.659515e-16 3.178249e-16
    outer loop
      vertex   5.000000e+00 -6.876560e+01 6.525839e+00
      vertex   5.000000e+00 -6.339632e+01 9.913606e+00
      vertex   5.000000e+00 -6.811591e+01 7.273905e+00
    endloop
  endfacet
  facet normal 1.000000e+00 -1.819609e-15 2.916857e-15
    outer loop
      vertex   5.000000e+00 -6.811591e+01 7.273905e+00
      vertex   5.000000e+00 -6.339632e+01 9.913606e+00
      vertex   5.000000e+00 -6.427326e+01 9.671047e+00
    endloop
  endfacet
  facet normal 1.000000e+00 2.607238e-15 -4.179436e-15
    outer loop
      vertex   5.000000e+00 -6.811591e+01 7.273905e+00
      vertex   5.000000e+00 -6.427326e+01 9.671047e+00
      vertex   5.000000e+00 -6.511668e+01 9.357415e+00
    endloop
  endfacet
  facet normal 1.000000e+00 -5.136966e-15 8.327797e-15
    outer loop
      vertex   5.000000e+00 -6.592430e+01 8.965889e+00
      vertex   5.000000e+00 -6.669429e+01 8.490923e+00
      vertex   5.000000e+00 -6.511668e+01 9.357415e+00
    endloop
  endfacet
  facet normal 1.000000e+00 -1.963307e-15 2.549547e-15
    outer loop
      vertex   5.000000e+00 -6.511668e+01 9.357415e+00
      vertex   5.000000e+00 -6.669429e+01 8.490923e+00
      vertex   5.000000e+00 -6.742520e+01 7.928077e+00
    endloop
  endfacet
  facet normal 1.000000e+00 -1.111124e-15 1.173186e-15
    outer loop
      vertex   5.000000e+00 -6.511668e+01 9.357415e+00
      vertex   5.000000e+00 -6.742520e+01 7.928077e+00
      vertex   5.000000e+00 -6.811591e+01 7.273905e+00
    endloop
  endfacet
  facet normal 4.348714e-17 1.000000e+00 2.337442e-17
    outer loop
      vertex   -2.704163e+01 5.000000e+00 0.000000e+00
      vertex   -4.079314e+01 5.000000e+00 2.558411e+01
      vertex   -2.704163e+01 5.000000e+00 3.799788e+01
    endloop
  endfacet
  facet normal 9.461826e-17 1.000000e+00 -3.326673e-17
    outer loop
      vertex   -2.704163e+01 5.000000e+00 3.799788e+01
      vertex   -4.079314e+01 5.000000e+00 2.558411e+01
      vertex   -4.011731e+01 5.000000e+00 2.750633e+01
    endloop
  endfacet
  facet normal 9.706830e-17 1.000000e+00 -3.632023e-17
    outer loop
      vertex   -2.704163e+01 5.000000e+00 3.799788e+01
      vertex   -4.011731e+01 5.000000e+00 2.750633e+01
      vertex   -3.945334e+01 5.000000e+00 2.928083e+01
    endloop
  endfacet
  facet normal 9.925859e-17 1.000000e+00 6.630480e-18
    outer loop
      vertex   -7.178227e+01 5.000000e+00 0.000000e+00
      vertex   -5.459762e+01 5.000000e+00 1.065280e+01
      vertex   -2.704163e+01 5.000000e+00 0.000000e+00
    endloop
  endfacet
  facet normal 3.134712e-17 1.000000e+00 -1.690386e-16
    outer loop
      vertex   -2.704163e+01 5.000000e+00 0.000000e+00
      vertex   -5.459762e+01 5.000000e+00 1.065280e+01
      vertex   -5.262523e+01 5.000000e+00 1.101857e+01
    endloop
  endfacet
  facet normal 4.212883e-17 1.000000e+00 -1.440050e-16
    outer loop
      vertex   -2.704163e+01 5.000000e+00 0.000000e+00
      vertex   -5.262523e+01 5.000000e+00 1.101857e+01
      vertex   -5.166635e+01 5.000000e+00 1.129909e+01
    endloop
  endfacet
  facet normal -1.676084e-17 1.000000e+00 1.937881e-16
    outer loop
      vertex   -5.459762e+01 5.000000e+00 1.065280e+01
      vertex   -7.178227e+01 5.000000e+00 0.000000e+00
      vertex   -5.661032e+01 5.000000e+00 1.047872e+01
    endloop
  endfacet
  facet normal 1.474422e-16 1.000000e+00 -4.395853e-17
    outer loop
      vertex   -5.661032e+01 5.000000e+00 1.047872e+01
      vertex   -7.178227e+01 5.000000e+00 0.000000e+00
      vertex   -7.138502e+01 5.000000e+00 1.332403e+00
    endloop
  endfacet
  facet normal 1.542206e-16 1.000000e+00 -5.490814e-17
    outer loop
      vertex   -5.661032e+01 5.000000e+00 1.047872e+01
      vertex   -7.138502e+01 5.000000e+00 1.332403e+00
      vertex   -7.094555e+01 5.000000e+00 2.566761e+00
    endloop
  endfacet
  facet normal -1.063578e-17 1.000000e+00 2.437858e-16
    outer loop
      vertex   -5.661032e+01 5.000000e+00 1.047872e+01
      vertex   -7.094555e+01 5.000000e+00 2.566761e+00
      vertex   -6.059453e+01 5.000000e+00 1.030490e+01
    endloop
  endfacet
  facet normal 2.512383e-16 1.000000e+00 -1.065133e-16
    outer loop
      vertex   -6.059453e+01 5.000000e+00 1.030490e+01
      vertex   -7.094555e+01 5.000000e+00 2.566761e+00
      vertex   -7.046381e+01 5.000000e+00 3.703050e+00
    endloop
  endfacet
  facet normal 2.717095e-16 1.000000e+00 -1.371163e-16
    outer loop
      vertex   -6.059453e+01 5.000000e+00 1.030490e+01
      vertex   -7.046381e+01 5.000000e+00 3.703050e+00
      vertex   -6.993983e+01 5.000000e+00 4.741367e+00
    endloop
  endfacet
  facet normal 2.962083e-16 1.000000e+00 -1.782679e-16
    outer loop
      vertex   -6.993983e+01 5.000000e+00 4.741367e+00
      vertex   -6.937369e+01 5.000000e+00 5.682059e+00
      vertex   -6.059453e+01 5.000000e+00 1.030490e+01
    endloop
  endfacet
  facet normal 3.260824e-16 1.000000e+00 -2.350013e-16
    outer loop
      vertex   -6.059453e+01 5.000000e+00 1.030490e+01
      vertex   -6.937369e+01 5.000000e+00 5.682059e+00
      vertex   -6.876560e+01 5.000000e+00 6.525839e+00
    endloop
  endfacet
  facet normal 5.489958e-16 1.000000e+00 -7.169839e-16
    outer loop
      vertex   -6.059453e+01 5.000000e+00 1.030490e+01
      vertex   -6.876560e+01 5.000000e+00 6.525839e+00
      vertex   -6.248862e+01 5.000000e+00 1.009336e+01
    endloop
  endfacet
  facet normal 1.426091e-15 1.000000e+00 -2.260214e-15
    outer loop
      vertex   -6.248862e+01 5.000000e+00 1.009336e+01
      vertex   -6.876560e+01 5.000000e+00 6.525839e+00
      vertex   -6.339632e+01 5.000000e+00 9.913606e+00
    endloop
  endfacet
  facet normal 0.000000e+00 1.000000e+00 0.000000e+00
    outer loop
      vertex   -6.339632e+01 5.000000e+00 9.913606e+00
      vertex   -6.876560e+01 5.000000e+00 6.525839e+00
      vertex   -6.811591e+01 5.000000e+00 7.273905e+00
    endloop
  endfacet
  facet normal 0.000000e+00 1.000000e+00 0.000000e+00
    outer loop
      vertex   -6.339632e+01 5.000000e+00 9.913606e+00
      vertex   -6.811591e+01 5.000000e+00 7.273905e+00
      vertex   -6.427326e+01 5.000000e+00 9.671047e+00
    endloop
  endfacet
  facet normal 0.000000e+00 1.000000e+00 0.000000e+00
    outer loop
      vertex   -6.427326e+01 5.000000e+00 9.671047e+00
      vertex   -6.811591e+01 5.000000e+00 7.273905e+00
      vertex   -6.511668e+01 5.000000e+00 9.357415e+00
    endloop
  endfacet
  facet normal 0.000000e+00 1.000000e+00 0.000000e+00
    outer loop
      vertex   -6.511668e+01 5.000000e+00 9.357415e+00
      vertex   -6.811591e+01 5.000000e+00 7.273905e+00
      vertex   -6.742520e+01 5.000000e+00 7.928077e+00
    endloop
  endfacet
  facet normal 0.000000e+00 1.000000e+00 0.000000e+00
    outer loop
      vertex   -6.511668e+01 5.000000e+00 9.357415e+00
      vertex   -6.742520e+01 5.000000e+00 7.928077e+00
      vertex   -6.669429e+01 5.000000e+00 8.490923e+00
    endloop
  endfacet
  facet normal 0.000000e+00 1.000000e+00 0.000000e+00
    outer loop
      vertex   -6.669429e+01 5.000000e+00 8.490923e+00
      vertex   -6.592430e+01 5.000000e+00 8.965889e+00
      vertex   -6.511668e+01 5.000000e+00 9.357415e+00
    endloop
  endfacet
  facet normal 4.908352e-17 1.000000e+00 -1.288482e-16
    outer loop
      vertex   -5.166635e+01 5.000000e+00 1.129909e+01
      vertex   -5.073173e+01 5.000000e+00 1.165512e+01
      vertex   -2.704163e+01 5.000000e+00 0.000000e+00
    endloop
  endfacet
  facet normal 5.564770e-17 1.000000e+00 -1.155060e-16
    outer loop
      vertex   -2.704163e+01 5.000000e+00 0.000000e+00
      vertex   -5.073173e+01 5.000000e+00 1.165512e+01
      vertex   -4.982542e+01 5.000000e+00 1.209176e+01
    endloop
  endfacet
  facet normal 6.178940e-17 1.000000e+00 -1.039335e-16
    outer loop
      vertex   -2.704163e+01 5.000000e+00 0.000000e+00
      vertex   -4.982542e+01 5.000000e+00 1.209176e+01
      vertex   -4.895106e+01 5.000000e+00 1.261157e+01
    endloop
  endfacet
  facet normal 6.752327e-17 1.000000e+00 -9.397238e-17
    outer loop
      vertex   -4.895106e+01 5.000000e+00 1.261157e+01
      vertex   -4.811178e+01 5.000000e+00 1.321463e+01
      vertex   -2.704163e+01 5.000000e+00 0.000000e+00
    endloop
  endfacet
  facet normal 7.288413e-17 1.000000e+00 -8.542471e-17
    outer loop
      vertex   -2.704163e+01 5.000000e+00 0.000000e+00
      vertex   -4.811178e+01 5.000000e+00 1.321463e+01
      vertex   -4.731020e+01 5.000000e+00 1.389854e+01
    endloop
  endfacet
  facet normal 1.502461e-15 1.000000e+00 1.999360e-15
    outer loop
      vertex   -2.704163e+01 5.000000e+00 0.000000e+00
      vertex   -4.731020e+01 5.000000e+00 1.389854e+01
      vertex   -4.654837e+01 5.000000e+00 1.465874e+01
    endloop
  endfacet
  facet normal -0.000000e+00 1.000000e+00 0.000000e+00
    outer loop
      vertex   -4.654837e+01 5.000000e+00 1.465874e+01
      vertex   -4.582779e+01 5.000000e+00 1.548887e+01
      vertex   -2.704163e+01 5.000000e+00 0.000000e+00
    endloop
  endfacet
  facet normal 0.000000e+00 1.000000e+00 0.000000e+00
    outer loop
      vertex   -2.704163e+01 5.000000e+00 0.000000e+00
      vertex   -4.582779e+01 5.000000e+00 1.548887e+01
      vertex   -4.514940e+01 5.000000e+00 1.638116e+01
    endloop
  endfacet
  facet normal 0.000000e+00 1.000000e+00 0.000000e+00
    outer loop
      vertex   -2.704163e+01 5.000000e+00 0.000000e+00
      vertex   -4.514940e+01 5.000000e+00 1.638116e+01
      vertex   -4.451355e+01 5.000000e+00 1.732663e+01
    endloop
  endfacet
  facet normal -0.000000e+00 1.000000e+00 0.000000e+00
    outer loop
      vertex   -4.451355e+01 5.000000e+00 1.732663e+01
      vertex   -4.336787e+01 5.000000e+00 1.933725e+01
      vertex   -2.704163e+01 5.000000e+00 0.000000e+00
    endloop
  endfacet
  facet normal 0.000000e+00 1.000000e+00 0.000000e+00
    outer loop
      vertex   -2.704163e+01 5.000000e+00 0.000000e+00
      vertex   -4.336787e+01 5.000000e+00 1.933725e+01
      vertex   -4.238118e+01 5.000000e+00 2.143715e+01
    endloop
  endfacet
  facet normal 0.000000e+00 1.000000e+00 0.000000e+00
    outer loop
      vertex   -2.704163e+01 5.000000e+00 0.000000e+00
      vertex   -4.238118e+01 5.000000e+00 2.143715e+01
      vertex   -4.153338e+01 5.000000e+00 2.354357e+01
    endloop
  endfacet
  facet normal -0.000000e+00 1.000000e+00 0.000000e+00
    outer loop
      vertex   -4.153338e+01 5.000000e+00 2.354357e+01
      vertex   -4.079314e+01 5.000000e+00 2.558411e+01
      vertex   -2.704163e+01 5.000000e+00 0.000000e+00
    endloop
  endfacet
  facet normal 1.033556e-16 1.000000e+00 -4.527239e-17
    outer loop
      vertex   -3.945334e+01 5.000000e+00 2.928083e+01
      vertex   -3.874559e+01 5.000000e+00 3.089661e+01
      vertex   -2.704163e+01 5.000000e+00 3.799788e+01
    endloop
  endfacet
  facet normal 1.139811e-16 1.000000e+00 -6.278475e-17
    outer loop
      vertex   -2.704163e+01 5.000000e+00 3.799788e+01
      vertex   -3.874559e+01 5.000000e+00 3.089661e+01
      vertex   -3.794273e+01 5.000000e+00 3.235414e+01
    endloop
  endfacet
  facet normal 1.297626e-16 1.000000e+00 -9.326743e-17
    outer loop
      vertex   -2.704163e+01 5.000000e+00 3.799788e+01
      vertex   -3.794273e+01 5.000000e+00 3.235414e+01
      vertex   -3.700509e+01 5.000000e+00 3.365869e+01
    endloop
  endfacet
  facet normal 1.516400e-16 1.000000e+00 -1.435012e-16
    outer loop
      vertex   -3.700509e+01 5.000000e+00 3.365869e+01
      vertex   -3.591219e+01 5.000000e+00 3.481357e+01
      vertex   -2.704163e+01 5.000000e+00 3.799788e+01
    endloop
  endfacet
  facet normal 1.806998e-16 1.000000e+00 -2.244533e-16
    outer loop
      vertex   -2.704163e+01 5.000000e+00 3.799788e+01
      vertex   -3.591219e+01 5.000000e+00 3.481357e+01
      vertex   -3.466963e+01 5.000000e+00 3.581391e+01
    endloop
  endfacet
  facet normal 2.192837e-16 1.000000e+00 -3.592165e-16
    outer loop
      vertex   -2.704163e+01 5.000000e+00 3.799788e+01
      vertex   -3.466963e+01 5.000000e+00 3.581391e+01
      vertex   -3.330944e+01 5.000000e+00 3.664424e+01
    endloop
  endfacet
  facet normal 5.499021e-16 1.000000e+00 -1.890094e-15
    outer loop
      vertex   -2.704163e+01 5.000000e+00 3.799788e+01
      vertex   -3.330944e+01 5.000000e+00 3.664424e+01
      vertex   -2.900000e+01 5.000000e+00 3.789803e+01
    endloop
  endfacet
  facet normal 0.000000e+00 1.000000e+00 0.000000e+00
    outer loop
      vertex   -2.900000e+01 5.000000e+00 3.789803e+01
      vertex   -3.330944e+01 5.000000e+00 3.664424e+01
      vertex   -3.187940e+01 5.000000e+00 3.728263e+01
    endloop
  endfacet
  facet normal 0.000000e+00 1.000000e+00 0.000000e+00
    outer loop
      vertex   -2.900000e+01 5.000000e+00 3.789803e+01
      vertex   -3.187940e+01 5.000000e+00 3.728263e+01
      vertex   -3.042976e+01 5.000000e+00 3.770644e+01
    endloop
  endfacet
  facet normal -9.583153e-01 0.000000e+00 2.857128e-01
    outer loop
      vertex   -7.178227e+01 -5.000000e+00 0.000000e+00
      vertex   -7.138502e+01 -5.000000e+00 1.332403e+00
      vertex   -7.178227e+01 5.000000e+00 0.000000e+00
    endloop
  endfacet
  facet normal -9.583153e-01 6.123491e-19 2.857128e-01
    outer loop
      vertex   -7.178227e+01 5.000000e+00 0.000000e+00
      vertex   -7.138502e+01 -5.000000e+00 1.332403e+00
      vertex   -7.138502e+01 5.000000e+00 1.332403e+00
    endloop
  endfacet
  facet normal -9.420716e-01 0.000000e+00 3.354117e-01
    outer loop
      vertex   -7.138502e+01 5.000000e+00 1.332403e+00
      vertex   -7.138502e+01 -5.000000e+00 1.332403e+00
      vertex   -7.094555e+01 -5.000000e+00 2.566761e+00
    endloop
  endfacet
  facet normal -9.420716e-01 -1.998277e-18 3.354117e-01
    outer loop
      vertex   -7.138502e+01 5.000000e+00 1.332403e+00
      vertex   -7.094555e+01 -5.000000e+00 2.566761e+00
      vertex   -7.094555e+01 5.000000e+00 2.566761e+00
    endloop
  endfacet
  facet normal -9.206775e-01 0.000000e+00 3.903242e-01
    outer loop
      vertex   -7.094555e+01 5.000000e+00 2.566761e+00
      vertex   -7.094555e+01 -5.000000e+00 2.566761e+00
      vertex   -7.046381e+01 -5.000000e+00 3.703050e+00
    endloop
  endfacet
  facet normal -9.206775e-01 1.016378e-19 3.903242e-01
    outer loop
      vertex   -7.094555e+01 5.000000e+00 2.566761e+00
      vertex   -7.046381e+01 -5.000000e+00 3.703050e+00
      vertex   -7.046381e+01 5.000000e+00 3.703050e+00
    endloop
  endfacet
  facet normal -8.927630e-01 0.000000e+00 4.505266e-01
    outer loop
      vertex   -7.046381e+01 5.000000e+00 3.703050e+00
      vertex   -7.046381e+01 -5.000000e+00 3.703050e+00
      vertex   -6.993983e+01 -5.000000e+00 4.741367e+00
    endloop
  endfacet
  facet normal -8.927630e-01 1.947323e-19 4.505266e-01
    outer loop
      vertex   -7.046381e+01 5.000000e+00 3.703050e+00
      vertex   -6.993983e+01 -5.000000e+00 4.741367e+00
      vertex   -6.993983e+01 5.000000e+00 4.741367e+00
    endloop
  endfacet
  facet normal -8.567993e-01 0.000000e+00 5.156501e-01
    outer loop
      vertex   -6.993983e+01 5.000000e+00 4.741367e+00
      vertex   -6.993983e+01 -5.000000e+00 4.741367e+00
      vertex   -6.937369e+01 -5.000000e+00 5.682059e+00
    endloop
  endfacet
  facet normal -8.567993e-01 -3.542725e-18 5.156501e-01
    outer loop
      vertex   -6.993983e+01 5.000000e+00 4.741367e+00
      vertex   -6.937369e+01 -5.000000e+00 5.682059e+00
      vertex   -6.937369e+01 5.000000e+00 5.682059e+00
    endloop
  endfacet
  facet normal -8.112723e-01 0.000000e+00 5.846685e-01
    outer loop
      vertex   -6.937369e+01 5.000000e+00 5.682059e+00
      vertex   -6.937369e+01 -5.000000e+00 5.682059e+00
      vertex   -6.876560e+01 -5.000000e+00 6.525839e+00
    endloop
  endfacet
  facet normal -8.112723e-01 -4.745552e-18 5.846685e-01
    outer loop
      vertex   -6.937369e+01 5.000000e+00 5.682059e+00
      vertex   -6.876560e+01 -5.000000e+00 6.525839e+00
      vertex   -6.876560e+01 5.000000e+00 6.525839e+00
    endloop
  endfacet
  facet normal -7.550077e-01 0.000000e+00 6.557160e-01
    outer loop
      vertex   -6.876560e+01 5.000000e+00 6.525839e+00
      vertex   -6.876560e+01 -5.000000e+00 6.525839e+00
      vertex   -6.811591e+01 -5.000000e+00 7.273905e+00
    endloop
  endfacet
  facet normal -7.550077e-01 -1.262365e-18 6.557160e-01
    outer loop
      vertex   -6.876560e+01 5.000000e+00 6.525839e+00
      vertex   -6.811591e+01 -5.000000e+00 7.273905e+00
      vertex   -6.811591e+01 5.000000e+00 7.273905e+00
    endloop
  endfacet
  facet normal -6.876420e-01 0.000000e+00 7.260500e-01
    outer loop
      vertex   -6.811591e+01 5.000000e+00 7.273905e+00
      vertex   -6.811591e+01 -5.000000e+00 7.273905e+00
      vertex   -6.742520e+01 -5.000000e+00 7.928077e+00
    endloop
  endfacet
  facet normal -6.876420e-01 -3.509686e-20 7.260500e-01
    outer loop
      vertex   -6.811591e+01 5.000000e+00 7.273905e+00
      vertex   -6.742520e+01 -5.000000e+00 7.928077e+00
      vertex   -6.742520e+01 5.000000e+00 7.928077e+00
    endloop
  endfacet
  facet normal -6.101241e-01 0.000000e+00 7.923059e-01
    outer loop
      vertex   -6.742520e+01 5.000000e+00 7.928077e+00
      vertex   -6.742520e+01 -5.000000e+00 7.928077e+00
      vertex   -6.669429e+01 -5.000000e+00 8.490923e+00
    endloop
  endfacet
  facet normal -6.101241e-01 -1.355707e-18 7.923059e-01
    outer loop
      vertex   -6.742520e+01 5.000000e+00 7.928077e+00
      vertex   -6.669429e+01 -5.000000e+00 8.490923e+00
      vertex   -6.669429e+01 5.000000e+00 8.490923e+00
    endloop
  endfacet
  facet normal -5.249992e-01 0.000000e+00 8.511027e-01
    outer loop
      vertex   -6.669429e+01 5.000000e+00 8.490923e+00
      vertex   -6.669429e+01 -5.000000e+00 8.490923e+00
      vertex   -6.592430e+01 -5.000000e+00 8.965889e+00
    endloop
  endfacet
  facet normal -5.249992e-01 2.319859e-18 8.511027e-01
    outer loop
      vertex   -6.669429e+01 5.000000e+00 8.490923e+00
      vertex   -6.592430e+01 -5.000000e+00 8.965889e+00
      vertex   -6.592430e+01 5.000000e+00 8.965889e+00
    endloop
  endfacet
  facet normal -4.362298e-01 0.000000e+00 8.998353e-01
    outer loop
      vertex   -6.592430e+01 5.000000e+00 8.965889e+00
      vertex   -6.592430e+01 -5.000000e+00 8.965889e+00
      vertex   -6.511668e+01 -5.000000e+00 9.357415e+00
    endloop
  endfacet
  facet normal -4.362298e-01 1.220808e-18 8.998353e-01
    outer loop
      vertex   -6.592430e+01 5.000000e+00 8.965889e+00
      vertex   -6.511668e+01 -5.000000e+00 9.357415e+00
      vertex   -6.511668e+01 5.000000e+00 9.357415e+00
    endloop
  endfacet
  facet normal -3.485416e-01 0.000000e+00 9.372933e-01
    outer loop
      vertex   -6.511668e+01 5.000000e+00 9.357415e+00
      vertex   -6.511668e+01 -5.000000e+00 9.357415e+00
      vertex   -6.427326e+01 -5.000000e+00 9.671047e+00
    endloop
  endfacet
  facet normal -3.485416e-01 1.314086e-18 9.372933e-01
    outer loop
      vertex   -6.511668e+01 5.000000e+00 9.357415e+00
      vertex   -6.427326e+01 -5.000000e+00 9.671047e+00
      vertex   -6.427326e+01 5.000000e+00 9.671047e+00
    endloop
  endfacet
  facet normal -2.665871e-01 0.000000e+00 9.638108e-01
    outer loop
      vertex   -6.427326e+01 5.000000e+00 9.671047e+00
      vertex   -6.427326e+01 -5.000000e+00 9.671047e+00
      vertex   -6.339632e+01 -5.000000e+00 9.913606e+00
    endloop
  endfacet
  facet normal -2.665871e-01 -7.103742e-20 9.638108e-01
    outer loop
      vertex   -6.427326e+01 5.000000e+00 9.671047e+00
      vertex   -6.339632e+01 -5.000000e+00 9.913606e+00
      vertex   -6.339632e+01 5.000000e+00 9.913606e+00
    endloop
  endfacet
  facet normal -1.942621e-01 0.000000e+00 9.809497e-01
    outer loop
      vertex   -6.339632e+01 5.000000e+00 9.913606e+00
      vertex   -6.339632e+01 -5.000000e+00 9.913606e+00
      vertex   -6.248862e+01 -5.000000e+00 1.009336e+01
    endloop
  endfacet
  facet normal -1.942621e-01 4.882372e-19 9.809497e-01
    outer loop
      vertex   -6.339632e+01 5.000000e+00 9.913606e+00
      vertex   -6.248862e+01 -5.000000e+00 1.009336e+01
      vertex   -6.248862e+01 5.000000e+00 1.009336e+01
    endloop
  endfacet
  facet normal -1.109916e-01 0.000000e+00 9.938213e-01
    outer loop
      vertex   -6.248862e+01 5.000000e+00 1.009336e+01
      vertex   -6.248862e+01 -5.000000e+00 1.009336e+01
      vertex   -6.059453e+01 -5.000000e+00 1.030490e+01
    endloop
  endfacet
  facet normal -1.109916e-01 1.208603e-18 9.938213e-01
    outer loop
      vertex   -6.248862e+01 5.000000e+00 1.009336e+01
      vertex   -6.059453e+01 -5.000000e+00 1.030490e+01
      vertex   -6.059453e+01 5.000000e+00 1.030490e+01
    endloop
  endfacet
  facet normal -4.358608e-02 0.000000e+00 9.990497e-01
    outer loop
      vertex   -6.059453e+01 5.000000e+00 1.030490e+01
      vertex   -6.059453e+01 -5.000000e+00 1.030490e+01
      vertex   -5.661032e+01 -5.000000e+00 1.047872e+01
    endloop
  endfacet
  facet normal -4.358608e-02 -2.194689e-19 9.990497e-01
    outer loop
      vertex   -6.059453e+01 5.000000e+00 1.030490e+01
      vertex   -5.661032e+01 -5.000000e+00 1.047872e+01
      vertex   -5.661032e+01 5.000000e+00 1.047872e+01
    endloop
  endfacet
  facet normal -8.616883e-02 0.000000e+00 9.962805e-01
    outer loop
      vertex   -5.661032e+01 5.000000e+00 1.047872e+01
      vertex   -5.661032e+01 -5.000000e+00 1.047872e+01
      vertex   -5.459762e+01 -5.000000e+00 1.065280e+01
    endloop
  endfacet
  facet normal -8.616883e-02 1.685105e-19 9.962805e-01
    outer loop
      vertex   -5.661032e+01 5.000000e+00 1.047872e+01
      vertex   -5.459762e+01 -5.000000e+00 1.065280e+01
      vertex   -5.459762e+01 5.000000e+00 1.065280e+01
    endloop
  endfacet
  facet normal -1.823348e-01 0.000000e+00 9.832365e-01
    outer loop
      vertex   -5.459762e+01 5.000000e+00 1.065280e+01
      vertex   -5.459762e+01 -5.000000e+00 1.065280e+01
      vertex   -5.262523e+01 -5.000000e+00 1.101857e+01
    endloop
  endfacet
  facet normal -1.823348e-01 1.308536e-18 9.832365e-01
    outer loop
      vertex   -5.459762e+01 5.000000e+00 1.065280e+01
      vertex   -5.262523e+01 -5.000000e+00 1.101857e+01
      vertex   -5.262523e+01 5.000000e+00 1.101857e+01
    endloop
  endfacet
  facet normal -2.807823e-01 0.000000e+00 9.597715e-01
    outer loop
      vertex   -5.262523e+01 5.000000e+00 1.101857e+01
      vertex   -5.262523e+01 -5.000000e+00 1.101857e+01
      vertex   -5.166635e+01 -5.000000e+00 1.129909e+01
    endloop
  endfacet
  facet normal -2.807823e-01 2.544988e-18 9.597715e-01
    outer loop
      vertex   -5.262523e+01 5.000000e+00 1.101857e+01
      vertex   -5.166635e+01 -5.000000e+00 1.129909e+01
      vertex   -5.166635e+01 5.000000e+00 1.129909e+01
    endloop
  endfacet
  facet normal -3.559857e-01 0.000000e+00 9.344914e-01
    outer loop
      vertex   -5.166635e+01 5.000000e+00 1.129909e+01
      vertex   -5.166635e+01 -5.000000e+00 1.129909e+01
      vertex   -5.073173e+01 -5.000000e+00 1.165512e+01
    endloop
  endfacet
  facet normal -3.559857e-01 2.007211e-18 9.344914e-01
    outer loop
      vertex   -5.166635e+01 5.000000e+00 1.129909e+01
      vertex   -5.073173e+01 -5.000000e+00 1.165512e+01
      vertex   -5.073173e+01 5.000000e+00 1.165512e+01
    endloop
  endfacet
  facet normal -4.340290e-01 0.000000e+00 9.008989e-01
    outer loop
      vertex   -5.073173e+01 5.000000e+00 1.165512e+01
      vertex   -5.073173e+01 -5.000000e+00 1.165512e+01
      vertex   -4.982542e+01 -5.000000e+00 1.209176e+01
    endloop
  endfacet
  facet normal -4.340290e-01 2.670368e-18 9.008989e-01
    outer loop
      vertex   -5.073173e+01 5.000000e+00 1.165512e+01
      vertex   -4.982542e+01 -5.000000e+00 1.209176e+01
      vertex   -4.982542e+01 5.000000e+00 1.209176e+01
    endloop
  endfacet
  facet normal -5.110210e-01 0.000000e+00 8.595683e-01
    outer loop
      vertex   -4.982542e+01 5.000000e+00 1.209176e+01
      vertex   -4.982542e+01 -5.000000e+00 1.209176e+01
      vertex   -4.895106e+01 -5.000000e+00 1.261157e+01
    endloop
  endfacet
  facet normal -5.110210e-01 -2.696364e-18 8.595683e-01
    outer loop
      vertex   -4.982542e+01 5.000000e+00 1.209176e+01
      vertex   -4.895106e+01 -5.000000e+00 1.261157e+01
      vertex   -4.895106e+01 5.000000e+00 1.261157e+01
    endloop
  endfacet
  facet normal -5.835256e-01 0.000000e+00 8.120947e-01
    outer loop
      vertex   -4.895106e+01 5.000000e+00 1.261157e+01
      vertex   -4.895106e+01 -5.000000e+00 1.261157e+01
      vertex   -4.811178e+01 -5.000000e+00 1.321463e+01
    endloop
  endfacet
  facet normal -5.835256e-01 4.954422e-18 8.120947e-01
    outer loop
      vertex   -4.895106e+01 5.000000e+00 1.261157e+01
      vertex   -4.811178e+01 -5.000000e+00 1.321463e+01
      vertex   -4.811178e+01 5.000000e+00 1.321463e+01
    endloop
  endfacet
  facet normal -6.490594e-01 0.000000e+00 7.607378e-01
    outer loop
      vertex   -4.811178e+01 5.000000e+00 1.321463e+01
      vertex   -4.811178e+01 -5.000000e+00 1.321463e+01
      vertex   -4.731020e+01 -5.000000e+00 1.389854e+01
    endloop
  endfacet
  facet normal -6.490594e-01 2.044244e-18 7.607378e-01
    outer loop
      vertex   -4.811178e+01 5.000000e+00 1.321463e+01
      vertex   -4.731020e+01 -5.000000e+00 1.389854e+01
      vertex   -4.731020e+01 5.000000e+00 1.389854e+01
    endloop
  endfacet
  facet normal -7.063476e-01 0.000000e+00 7.078651e-01
    outer loop
      vertex   -4.731020e+01 5.000000e+00 1.389854e+01
      vertex   -4.731020e+01 -5.000000e+00 1.389854e+01
      vertex   -4.654837e+01 -5.000000e+00 1.465874e+01
    endloop
  endfacet
  facet normal -7.063476e-01 3.924413e-18 7.078651e-01
    outer loop
      vertex   -4.731020e+01 5.000000e+00 1.389854e+01
      vertex   -4.654837e+01 -5.000000e+00 1.465874e+01
      vertex   -4.654837e+01 5.000000e+00 1.465874e+01
    endloop
  endfacet
  facet normal -7.551815e-01 0.000000e+00 6.555157e-01
    outer loop
      vertex   -4.654837e+01 5.000000e+00 1.465874e+01
      vertex   -4.654837e+01 -5.000000e+00 1.465874e+01
      vertex   -4.582779e+01 -5.000000e+00 1.548887e+01
    endloop
  endfacet
  facet normal -7.551815e-01 -2.907698e-18 6.555157e-01
    outer loop
      vertex   -4.654837e+01 5.000000e+00 1.465874e+01
      vertex   -4.582779e+01 -5.000000e+00 1.548887e+01
      vertex   -4.582779e+01 5.000000e+00 1.548887e+01
    endloop
  endfacet
  facet normal -7.960517e-01 0.000000e+00 6.052286e-01
    outer loop
      vertex   -4.582779e+01 5.000000e+00 1.548887e+01
      vertex   -4.582779e+01 -5.000000e+00 1.548887e+01
      vertex   -4.514940e+01 -5.000000e+00 1.638116e+01
    endloop
  endfacet
  facet normal -7.960517e-01 3.573463e-18 6.052286e-01
    outer loop
      vertex   -4.582779e+01 5.000000e+00 1.548887e+01
      vertex   -4.514940e+01 -5.000000e+00 1.638116e+01
      vertex   -4.514940e+01 5.000000e+00 1.638116e+01
    endloop
  endfacet
  facet normal -8.298020e-01 0.000000e+00 5.580579e-01
    outer loop
      vertex   -4.514940e+01 5.000000e+00 1.638116e+01
      vertex   -4.514940e+01 -5.000000e+00 1.638116e+01
      vertex   -4.451355e+01 -5.000000e+00 1.732663e+01
    endloop
  endfacet
  facet normal -8.298020e-01 -2.121167e-18 5.580579e-01
    outer loop
      vertex   -4.514940e+01 5.000000e+00 1.638116e+01
      vertex   -4.451355e+01 -5.000000e+00 1.732663e+01
      vertex   -4.451355e+01 5.000000e+00 1.732663e+01
    endloop
  endfacet
  facet normal -8.688468e-01 0.000000e+00 4.950811e-01
    outer loop
      vertex   -4.451355e+01 5.000000e+00 1.732663e+01
      vertex   -4.451355e+01 -5.000000e+00 1.732663e+01
      vertex   -4.336787e+01 -5.000000e+00 1.933725e+01
    endloop
  endfacet
  facet normal -8.688468e-01 9.322099e-18 4.950811e-01
    outer loop
      vertex   -4.451355e+01 5.000000e+00 1.732663e+01
      vertex   -4.336787e+01 -5.000000e+00 1.933725e+01
      vertex   -4.336787e+01 5.000000e+00 1.933725e+01
    endloop
  endfacet
  facet normal -9.050686e-01 0.000000e+00 4.252656e-01
    outer loop
      vertex   -4.336787e+01 5.000000e+00 1.933725e+01
      vertex   -4.336787e+01 -5.000000e+00 1.933725e+01
      vertex   -4.238118e+01 -5.000000e+00 2.143715e+01
    endloop
  endfacet
  facet normal -9.050686e-01 2.995958e-20 4.252656e-01
    outer loop
      vertex   -4.336787e+01 5.000000e+00 1.933725e+01
      vertex   -4.238118e+01 -5.000000e+00 2.143715e+01
      vertex   -4.238118e+01 5.000000e+00 2.143715e+01
    endloop
  endfacet
  facet normal -9.276790e-01 0.000000e+00 3.733787e-01
    outer loop
      vertex   -4.238118e+01 5.000000e+00 2.143715e+01
      vertex   -4.238118e+01 -5.000000e+00 2.143715e+01
      vertex   -4.153338e+01 -5.000000e+00 2.354357e+01
    endloop
  endfacet
  facet normal -9.276790e-01 -2.850073e-18 3.733787e-01
    outer loop
      vertex   -4.238118e+01 5.000000e+00 2.143715e+01
      vertex   -4.153338e+01 -5.000000e+00 2.354357e+01
      vertex   -4.153338e+01 5.000000e+00 2.354357e+01
    endloop
  endfacet
  facet normal -9.400563e-01 0.000000e+00 3.410192e-01
    outer loop
      vertex   -4.153338e+01 5.000000e+00 2.354357e+01
      vertex   -4.153338e+01 -5.000000e+00 2.354357e+01
      vertex   -4.079314e+01 -5.000000e+00 2.558411e+01
    endloop
  endfacet
  facet normal -9.400563e-01 -3.107176e-18 3.410192e-01
    outer loop
      vertex   -4.153338e+01 5.000000e+00 2.354357e+01
      vertex   -4.079314e+01 -5.000000e+00 2.558411e+01
      vertex   -4.079314e+01 5.000000e+00 2.558411e+01
    endloop
  endfacet
  facet normal -9.433900e-01 0.000000e+00 3.316854e-01
    outer loop
      vertex   -4.079314e+01 5.000000e+00 2.558411e+01
      vertex   -4.079314e+01 -5.000000e+00 2.558411e+01
      vertex   -4.011731e+01 -5.000000e+00 2.750633e+01
    endloop
  endfacet
  facet normal -9.433900e-01 -2.609058e-18 3.316854e-01
    outer loop
      vertex   -4.079314e+01 5.000000e+00 2.558411e+01
      vertex   -4.011731e+01 -5.000000e+00 2.750633e+01
      vertex   -4.011731e+01 5.000000e+00 2.750633e+01
    endloop
  endfacet
  facet normal -9.365839e-01 0.000000e+00 3.504433e-01
    outer loop
      vertex   -4.011731e+01 5.000000e+00 2.750633e+01
      vertex   -4.011731e+01 -5.000000e+00 2.750633e+01
      vertex   -3.945334e+01 -5.000000e+00 2.928083e+01
    endloop
  endfacet
  facet normal -9.365839e-01 -3.808338e-19 3.504433e-01
    outer loop
      vertex   -4.011731e+01 5.000000e+00 2.750633e+01
      vertex   -3.945334e+01 -5.000000e+00 2.928083e+01
      vertex   -3.945334e+01 5.000000e+00 2.928083e+01
    endloop
  endfacet
  facet normal -9.159805e-01 0.000000e+00 4.012227e-01
    outer loop
      vertex   -3.945334e+01 5.000000e+00 2.928083e+01
      vertex   -3.945334e+01 -5.000000e+00 2.928083e+01
      vertex   -3.874559e+01 -5.000000e+00 3.089661e+01
    endloop
  endfacet
  facet normal -9.159805e-01 -2.931280e-18 4.012227e-01
    outer loop
      vertex   -3.945334e+01 5.000000e+00 2.928083e+01
      vertex   -3.874559e+01 -5.000000e+00 3.089661e+01
      vertex   -3.874559e+01 5.000000e+00 3.089661e+01
    endloop
  endfacet
  facet normal -8.759070e-01 0.000000e+00 4.824801e-01
    outer loop
      vertex   -3.874559e+01 5.000000e+00 3.089661e+01
      vertex   -3.874559e+01 -5.000000e+00 3.089661e+01
      vertex   -3.794273e+01 -5.000000e+00 3.235414e+01
    endloop
  endfacet
  facet normal -8.759070e-01 -5.519152e-18 4.824801e-01
    outer loop
      vertex   -3.874559e+01 5.000000e+00 3.089661e+01
      vertex   -3.794273e+01 -5.000000e+00 3.235414e+01
      vertex   -3.794273e+01 5.000000e+00 3.235414e+01
    endloop
  endfacet
  facet normal -8.120138e-01 0.000000e+00 5.836383e-01
    outer loop
      vertex   -3.794273e+01 5.000000e+00 3.235414e+01
      vertex   -3.794273e+01 -5.000000e+00 3.235414e+01
      vertex   -3.700509e+01 -5.000000e+00 3.365869e+01
    endloop
  endfacet
  facet normal -8.120138e-01 1.324218e-18 5.836383e-01
    outer loop
      vertex   -3.794273e+01 5.000000e+00 3.235414e+01
      vertex   -3.700509e+01 -5.000000e+00 3.365869e+01
      vertex   -3.700509e+01 5.000000e+00 3.365869e+01
    endloop
  endfacet
  facet normal -7.263297e-01 0.000000e+00 6.873464e-01
    outer loop
      vertex   -3.700509e+01 5.000000e+00 3.365869e+01
      vertex   -3.700509e+01 -5.000000e+00 3.365869e+01
      vertex   -3.591219e+01 -5.000000e+00 3.481357e+01
    endloop
  endfacet
  facet normal -7.263297e-01 9.345728e-19 6.873464e-01
    outer loop
      vertex   -3.700509e+01 5.000000e+00 3.365869e+01
      vertex   -3.591219e+01 -5.000000e+00 3.481357e+01
      vertex   -3.591219e+01 5.000000e+00 3.481357e+01
    endloop
  endfacet
  facet normal -6.270984e-01 0.000000e+00 7.789401e-01
    outer loop
      vertex   -3.591219e+01 5.000000e+00 3.481357e+01
      vertex   -3.591219e+01 -5.000000e+00 3.481357e+01
      vertex   -3.466963e+01 -5.000000e+00 3.581391e+01
    endloop
  endfacet
  facet normal -6.270984e-01 -3.396073e-18 7.789401e-01
    outer loop
      vertex   -3.591219e+01 5.000000e+00 3.481357e+01
      vertex   -3.466963e+01 -5.000000e+00 3.581391e+01
      vertex   -3.466963e+01 5.000000e+00 3.581391e+01
    endloop
  endfacet
  facet normal -5.210391e-01 0.000000e+00 8.535328e-01
    outer loop
      vertex   -3.466963e+01 5.000000e+00 3.581391e+01
      vertex   -3.466963e+01 -5.000000e+00 3.581391e+01
      vertex   -3.330944e+01 -5.000000e+00 3.664424e+01
    endloop
  endfacet
  facet normal -5.210391e-01 6.612311e-19 8.535328e-01
    outer loop
      vertex   -3.466963e+01 5.000000e+00 3.581391e+01
      vertex   -3.330944e+01 -5.000000e+00 3.664424e+01
      vertex   -3.330944e+01 5.000000e+00 3.664424e+01
    endloop
  endfacet
  facet normal -4.076406e-01 0.000000e+00 9.131425e-01
    outer loop
      vertex   -3.330944e+01 5.000000e+00 3.664424e+01
      vertex   -3.330944e+01 -5.000000e+00 3.664424e+01
      vertex   -3.187940e+01 -5.000000e+00 3.728263e+01
    endloop
  endfacet
  facet normal -4.076406e-01 3.071980e-20 9.131425e-01
    outer loop
      vertex   -3.330944e+01 5.000000e+00 3.664424e+01
      vertex   -3.187940e+01 -5.000000e+00 3.728263e+01
      vertex   -3.187940e+01 5.000000e+00 3.728263e+01
    endloop
  endfacet
  facet normal -2.806100e-01 0.000000e+00 9.598219e-01
    outer loop
      vertex   -3.187940e+01 5.000000e+00 3.728263e+01
      vertex   -3.187940e+01 -5.000000e+00 3.728263e+01
      vertex   -3.042976e+01 -5.000000e+00 3.770644e+01
    endloop
  endfacet
  facet normal -2.806100e-01 -2.270850e-18 9.598219e-01
    outer loop
      vertex   -3.187940e+01 5.000000e+00 3.728263e+01
      vertex   -3.042976e+01 -5.000000e+00 3.770644e+01
      vertex   -3.042976e+01 5.000000e+00 3.770644e+01
    endloop
  endfacet
  facet normal -1.328100e-01 0.000000e+00 9.911415e-01
    outer loop
      vertex   -3.042976e+01 5.000000e+00 3.770644e+01
      vertex   -3.042976e+01 -5.000000e+00 3.770644e+01
      vertex   -2.900000e+01 -5.000000e+00 3.789803e+01
    endloop
  endfacet
  facet normal -1.328100e-01 -1.664312e-18 9.911415e-01
    outer loop
      vertex   -3.042976e+01 5.000000e+00 3.770644e+01
      vertex   -2.900000e+01 -5.000000e+00 3.789803e+01
      vertex   -2.900000e+01 5.000000e+00 3.789803e+01
    endloop
  endfacet
  facet normal -1.291754e-16 -1.000000e+00 -0.000000e+00
    outer loop
      vertex   -2.704163e+01 -5.000000e+00 3.799788e+01
      vertex   -4.079314e+01 -5.000000e+00 2.558411e+01
      vertex   -2.704163e+01 -5.000000e+00 4.821917e-19
    endloop
  endfacet
  facet normal -7.712386e-17 -1.000000e+00 2.797781e-17
    outer loop
      vertex   -2.704163e+01 -5.000000e+00 4.821917e-19
      vertex   -4.079314e+01 -5.000000e+00 2.558411e+01
      vertex   -4.153338e+01 -5.000000e+00 2.354357e+01
    endloop
  endfacet
  facet normal -7.411454e-17 -1.000000e+00 2.983013e-17
    outer loop
      vertex   -2.704163e+01 -5.000000e+00 4.821917e-19
      vertex   -4.153338e+01 -5.000000e+00 2.354357e+01
      vertex   -4.238118e+01 -5.000000e+00 2.143715e+01
    endloop
  endfacet
  facet normal 4.379480e-17 -1.000000e+00 -8.589277e-16
    outer loop
      vertex   -2.900000e+01 -5.000000e+00 3.789803e+01
      vertex   -3.330944e+01 -5.000000e+00 3.664424e+01
      vertex   -2.704163e+01 -5.000000e+00 3.799788e+01
    endloop
  endfacet
  facet normal -2.192837e-16 -1.000000e+00 3.592165e-16
    outer loop
      vertex   -2.704163e+01 -5.000000e+00 3.799788e+01
      vertex   -3.330944e+01 -5.000000e+00 3.664424e+01
      vertex   -3.466963e+01 -5.000000e+00 3.581391e+01
    endloop
  endfacet
  facet normal -1.806998e-16 -1.000000e+00 2.244533e-16
    outer loop
      vertex   -2.704163e+01 -5.000000e+00 3.799788e+01
      vertex   -3.466963e+01 -5.000000e+00 3.581391e+01
      vertex   -3.591219e+01 -5.000000e+00 3.481357e+01
    endloop
  endfacet
  facet normal 0.000000e+00 -1.000000e+00 -0.000000e+00
    outer loop
      vertex   -3.042976e+01 -5.000000e+00 3.770644e+01
      vertex   -3.187940e+01 -5.000000e+00 3.728263e+01
      vertex   -2.900000e+01 -5.000000e+00 3.789803e+01
    endloop
  endfacet
  facet normal 5.704603e-16 -1.000000e+00 -2.669154e-15
    outer loop
      vertex   -2.900000e+01 -5.000000e+00 3.789803e+01
      vertex   -3.187940e+01 -5.000000e+00 3.728263e+01
      vertex   -3.330944e+01 -5.000000e+00 3.664424e+01
    endloop
  endfacet
  facet normal -5.697502e-16 -1.000000e+00 1.308234e-15
    outer loop
      vertex   -3.591219e+01 -5.000000e+00 3.481357e+01
      vertex   -3.700509e+01 -5.000000e+00 3.365869e+01
      vertex   -2.704163e+01 -5.000000e+00 3.799788e+01
    endloop
  endfacet
  facet normal 0.000000e+00 -1.000000e+00 0.000000e+00
    outer loop
      vertex   -2.704163e+01 -5.000000e+00 3.799788e+01
      vertex   -3.700509e+01 -5.000000e+00 3.365869e+01
      vertex   -3.794273e+01 -5.000000e+00 3.235414e+01
    endloop
  endfacet
  facet normal 4.413485e-16 -1.000000e+00 -8.524823e-16
    outer loop
      vertex   -2.704163e+01 -5.000000e+00 3.799788e+01
      vertex   -3.794273e+01 -5.000000e+00 3.235414e+01
      vertex   -3.874559e+01 -5.000000e+00 3.089661e+01
    endloop
  endfacet
  facet normal -1.033556e-16 -1.000000e+00 4.527239e-17
    outer loop
      vertex   -3.874559e+01 -5.000000e+00 3.089661e+01
      vertex   -3.945334e+01 -5.000000e+00 2.928083e+01
      vertex   -2.704163e+01 -5.000000e+00 3.799788e+01
    endloop
  endfacet
  facet normal -5.739060e-16 -1.000000e+00 7.152624e-16
    outer loop
      vertex   -2.704163e+01 -5.000000e+00 3.799788e+01
      vertex   -3.945334e+01 -5.000000e+00 2.928083e+01
      vertex   -4.011731e+01 -5.000000e+00 2.750633e+01
    endloop
  endfacet
  facet normal 1.032859e-15 -1.000000e+00 -1.287258e-15
    outer loop
      vertex   -2.704163e+01 -5.000000e+00 3.799788e+01
      vertex   -4.011731e+01 -5.000000e+00 2.750633e+01
      vertex   -4.079314e+01 -5.000000e+00 2.558411e+01
    endloop
  endfacet
  facet normal -6.990160e-17 -1.000000e+00 3.284474e-17
    outer loop
      vertex   -4.238118e+01 -5.000000e+00 2.143715e+01
      vertex   -4.336787e+01 -5.000000e+00 1.933725e+01
      vertex   -2.704163e+01 -5.000000e+00 4.821917e-19
    endloop
  endfacet
  facet normal -6.496125e-17 -1.000000e+00 3.701583e-17
    outer loop
      vertex   -2.704163e+01 -5.000000e+00 4.821917e-19
      vertex   -4.336787e+01 -5.000000e+00 1.933725e+01
      vertex   -4.451355e+01 -5.000000e+00 1.732663e+01
    endloop
  endfacet
  facet normal -6.099203e-17 -1.000000e+00 4.101833e-17
    outer loop
      vertex   -2.704163e+01 -5.000000e+00 4.821917e-19
      vertex   -4.451355e+01 -5.000000e+00 1.732663e+01
      vertex   -4.514940e+01 -5.000000e+00 1.638116e+01
    endloop
  endfacet
  facet normal -5.812275e-17 -1.000000e+00 4.419004e-17
    outer loop
      vertex   -4.514940e+01 -5.000000e+00 1.638116e+01
      vertex   -4.582779e+01 -5.000000e+00 1.548887e+01
      vertex   -2.704163e+01 -5.000000e+00 4.821917e-19
    endloop
  endfacet
  facet normal -5.692730e-16 -1.000000e+00 -5.757741e-16
    outer loop
      vertex   -2.704163e+01 -5.000000e+00 4.821917e-19
      vertex   -4.582779e+01 -5.000000e+00 1.548887e+01
      vertex   -4.654837e+01 -5.000000e+00 1.465874e+01
    endloop
  endfacet
  facet normal 4.229029e-16 -1.000000e+00 7.445381e-16
    outer loop
      vertex   -2.704163e+01 -5.000000e+00 4.821917e-19
      vertex   -4.654837e+01 -5.000000e+00 1.465874e+01
      vertex   -4.731020e+01 -5.000000e+00 1.389854e+01
    endloop
  endfacet
  facet normal -4.858942e-17 -1.000000e+00 5.694981e-17
    outer loop
      vertex   -4.731020e+01 -5.000000e+00 1.389854e+01
      vertex   -4.811178e+01 -5.000000e+00 1.321463e+01
      vertex   -2.704163e+01 -5.000000e+00 4.821917e-19
    endloop
  endfacet
  facet normal -4.501551e-17 -1.000000e+00 6.264825e-17
    outer loop
      vertex   -2.704163e+01 -5.000000e+00 4.821917e-19
      vertex   -4.811178e+01 -5.000000e+00 1.321463e+01
      vertex   -4.895106e+01 -5.000000e+00 1.261157e+01
    endloop
  endfacet
  facet normal -1.040602e-15 -1.000000e+00 -1.666931e-15
    outer loop
      vertex   -2.704163e+01 -5.000000e+00 4.821917e-19
      vertex   -4.895106e+01 -5.000000e+00 1.261157e+01
      vertex   -4.982542e+01 -5.000000e+00 1.209176e+01
    endloop
  endfacet
  facet normal -7.419693e-17 -1.000000e+00 1.540080e-16
    outer loop
      vertex   -4.982542e+01 -5.000000e+00 1.209176e+01
      vertex   -5.073173e+01 -5.000000e+00 1.165512e+01
      vertex   -2.704163e+01 -5.000000e+00 4.821917e-19
    endloop
  endfacet
  facet normal -6.544470e-17 -1.000000e+00 1.717977e-16
    outer loop
      vertex   -2.704163e+01 -5.000000e+00 4.821917e-19
      vertex   -5.073173e+01 -5.000000e+00 1.165512e+01
      vertex   -5.166635e+01 -5.000000e+00 1.129909e+01
    endloop
  endfacet
  facet normal -5.617178e-17 -1.000000e+00 1.920066e-16
    outer loop
      vertex   -2.704163e+01 -5.000000e+00 4.821917e-19
      vertex   -5.166635e+01 -5.000000e+00 1.129909e+01
      vertex   -5.262523e+01 -5.000000e+00 1.101857e+01
    endloop
  endfacet
  facet normal -4.179615e-17 -1.000000e+00 2.253849e-16
    outer loop
      vertex   -5.262523e+01 -5.000000e+00 1.101857e+01
      vertex   -5.459762e+01 -5.000000e+00 1.065280e+01
      vertex   -2.704163e+01 -5.000000e+00 4.821917e-19
    endloop
  endfacet
  facet normal -1.191103e-16 -1.000000e+00 2.539348e-17
    outer loop
      vertex   -2.704163e+01 -5.000000e+00 4.821917e-19
      vertex   -5.459762e+01 -5.000000e+00 1.065280e+01
      vertex   -7.178227e+01 -5.000000e+00 0.000000e+00
    endloop
  endfacet
  facet normal 1.676084e-17 -1.000000e+00 -1.937881e-16
    outer loop
      vertex   -7.178227e+01 -5.000000e+00 0.000000e+00
      vertex   -5.459762e+01 -5.000000e+00 1.065280e+01
      vertex   -5.661032e+01 -5.000000e+00 1.047872e+01
    endloop
  endfacet
  facet normal -1.474422e-16 -1.000000e+00 4.395853e-17
    outer loop
      vertex   -7.178227e+01 -5.000000e+00 0.000000e+00
      vertex   -5.661032e+01 -5.000000e+00 1.047872e+01
      vertex   -7.138502e+01 -5.000000e+00 1.332403e+00
    endloop
  endfacet
  facet normal -7.255904e-16 -1.000000e+00 9.778831e-16
    outer loop
      vertex   -7.138502e+01 -5.000000e+00 1.332403e+00
      vertex   -5.661032e+01 -5.000000e+00 1.047872e+01
      vertex   -7.094555e+01 -5.000000e+00 2.566761e+00
    endloop
  endfacet
  facet normal -2.261045e-16 -1.000000e+00 7.289272e-17
    outer loop
      vertex   -7.094555e+01 -5.000000e+00 2.566761e+00
      vertex   -5.661032e+01 -5.000000e+00 1.047872e+01
      vertex   -6.059453e+01 -5.000000e+00 1.030490e+01
    endloop
  endfacet
  facet normal 6.042296e-16 -1.000000e+00 -1.037814e-15
    outer loop
      vertex   -7.094555e+01 -5.000000e+00 2.566761e+00
      vertex   -6.059453e+01 -5.000000e+00 1.030490e+01
      vertex   -7.046381e+01 -5.000000e+00 3.703050e+00
    endloop
  endfacet
  facet normal 7.279396e-16 -1.000000e+00 -1.222752e-15
    outer loop
      vertex   -7.046381e+01 -5.000000e+00 3.703050e+00
      vertex   -6.059453e+01 -5.000000e+00 1.030490e+01
      vertex   -6.993983e+01 -5.000000e+00 4.741367e+00
    endloop
  endfacet
  facet normal -8.759314e-16 -1.000000e+00 1.471340e-15
    outer loop
      vertex   -6.993983e+01 -5.000000e+00 4.741367e+00
      vertex   -6.059453e+01 -5.000000e+00 1.030490e+01
      vertex   -6.937369e+01 -5.000000e+00 5.682059e+00
    endloop
  endfacet
  facet normal 7.302169e-16 -1.000000e+00 -1.578872e-15
    outer loop
      vertex   -6.937369e+01 -5.000000e+00 5.682059e+00
      vertex   -6.059453e+01 -5.000000e+00 1.030490e+01
      vertex   -6.876560e+01 -5.000000e+00 6.525839e+00
    endloop
  endfacet
  facet normal 0.000000e+00 -1.000000e+00 0.000000e+00
    outer loop
      vertex   -6.876560e+01 -5.000000e+00 6.525839e+00
      vertex   -6.059453e+01 -5.000000e+00 1.030490e+01
      vertex   -6.248862e+01 -5.000000e+00 1.009336e+01
    endloop
  endfacet
  facet normal 0.000000e+00 -1.000000e+00 0.000000e+00
    outer loop
      vertex   -6.876560e+01 -5.000000e+00 6.525839e+00
      vertex   -6.248862e+01 -5.000000e+00 1.009336e+01
      vertex   -6.339632e+01 -5.000000e+00 9.913606e+00
    endloop
  endfacet
  facet normal 0.000000e+00 -1.000000e+00 0.000000e+00
    outer loop
      vertex   -6.876560e+01 -5.000000e+00 6.525839e+00
      vertex   -6.339632e+01 -5.000000e+00 9.913606e+00
      vertex   -6.811591e+01 -5.000000e+00 7.273905e+00
    endloop
  endfacet
  facet normal 0.000000e+00 -1.000000e+00 0.000000e+00
    outer loop
      vertex   -6.811591e+01 -5.000000e+00 7.273905e+00
      vertex   -6.339632e+01 -5.000000e+00 9.913606e+00
      vertex   -6.427326e+01 -5.000000e+00 9.671047e+00
    endloop
  endfacet
  facet normal 0.000000e+00 -1.000000e+00 0.000000e+00
    outer loop
      vertex   -6.811591e+01 -5.000000e+00 7.273905e+00
      vertex   -6.427326e+01 -5.000000e+00 9.671047e+00
      vertex   -6.511668e+01 -5.000000e+00 9.357415e+00
    endloop
  endfacet
  facet normal 0.000000e+00 -1.000000e+00 -0.000000e+00
    outer loop
      vertex   -6.592430e+01 -5.000000e+00 8.965889e+00
      vertex   -6.669429e+01 -5.000000e+00 8.490923e+00
      vertex   -6.511668e+01 -5.000000e+00 9.357415e+00
    endloop
  endfacet
  facet normal 0.000000e+00 -1.000000e+00 0.000000e+00
    outer loop
      vertex   -6.511668e+01 -5.000000e+00 9.357415e+00
      vertex   -6.669429e+01 -5.000000e+00 8.490923e+00
      vertex   -6.742520e+01 -5.000000e+00 7.928077e+00
    endloop
  endfacet
  facet normal 0.000000e+00 -1.000000e+00 0.000000e+00
    outer loop
      vertex   -6.511668e+01 -5.000000e+00 9.357415e+00
      vertex   -6.742520e+01 -5.000000e+00 7.928077e+00
      vertex   -6.811591e+01 -5.000000e+00 7.273905e+00
    endloop
  endfacet
  facet normal 8.786177e-16 5.092161e-02 9.987027e-01
    outer loop
      vertex   -5.000000e+00 2.704163e+01 3.799788e+01
      vertex   -2.510483e+00 2.738517e+01 3.798036e+01
      vertex   -5.000000e+00 2.900000e+01 3.789803e+01
    endloop
  endfacet
  facet normal -2.012803e-15 5.092161e-02 9.987027e-01
    outer loop
      vertex   -5.000000e+00 2.900000e+01 3.789803e+01
      vertex   -2.510483e+00 2.738517e+01 3.798036e+01
      vertex   7.632783e-16 2.750000e+01 3.797451e+01
    endloop
  endfacet
  facet normal -0.000000e+00 5.092161e-02 9.987027e-01
    outer loop
      vertex   -5.000000e+00 2.900000e+01 3.789803e+01
      vertex   7.632783e-16 2.750000e+01 3.797451e+01
      vertex   5.000000e+00 2.900000e+01 3.789803e+01
    endloop
  endfacet
  facet normal 2.011960e-15 5.092161e-02 9.987027e-01
    outer loop
      vertex   5.000000e+00 2.900000e+01 3.789803e+01
      vertex   7.632783e-16 2.750000e+01 3.797451e+01
      vertex   2.510483e+00 2.738517e+01 3.798036e+01
    endloop
  endfacet
  facet normal -8.791319e-16 5.092161e-02 9.987027e-01
    outer loop
      vertex   5.000000e+00 2.900000e+01 3.789803e+01
      vertex   2.510483e+00 2.738517e+01 3.798036e+01
      vertex   5.000000e+00 2.704163e+01 3.799788e+01
    endloop
  endfacet
  facet normal 1.000000e+00 -4.348714e-17 2.337442e-17
    outer loop
      vertex   5.000000e+00 2.704163e+01 0.000000e+00
      vertex   5.000000e+00 4.079314e+01 2.558411e+01
      vertex   5.000000e+00 2.704163e+01 3.799788e+01
    endloop
  endfacet
  facet normal 1.000000e+00 -9.461826e-17 -3.326673e-17
    outer loop
      vertex   5.000000e+00 2.704163e+01 3.799788e+01
      vertex   5.000000e+00 4.079314e+01 2.558411e+01
      vertex   5.000000e+00 4.011731e+01 2.750633e+01
    endloop
  endfacet
  facet normal 1.000000e+00 -9.706830e-17 -3.632023e-17
    outer loop
      vertex   5.000000e+00 2.704163e+01 3.799788e+01
      vertex   5.000000e+00 4.011731e+01 2.750633e+01
      vertex   5.000000e+00 3.945334e+01 2.928083e+01
    endloop
  endfacet
  facet normal 1.000000e+00 -5.955516e-17 -1.269674e-17
    outer loop
      vertex   5.000000e+00 7.178227e+01 0.000000e+00
      vertex   5.000000e+00 5.459762e+01 1.065280e+01
      vertex   5.000000e+00 2.704163e+01 0.000000e+00
    endloop
  endfacet
  facet normal 1.000000e+00 -2.089808e-17 -1.126924e-16
    outer loop
      vertex   5.000000e+00 2.704163e+01 0.000000e+00
      vertex   5.000000e+00 5.459762e+01 1.065280e+01
      vertex   5.000000e+00 5.262523e+01 1.101857e+01
    endloop
  endfacet
  facet normal 1.000000e+00 -1.131274e-15 2.465449e-15
    outer loop
      vertex   5.000000e+00 2.704163e+01 0.000000e+00
      vertex   5.000000e+00 5.262523e+01 1.101857e+01
      vertex   5.000000e+00 5.166635e+01 1.129909e+01
    endloop
  endfacet
  facet normal 1.000000e+00 1.034063e-15 1.751482e-15
    outer loop
      vertex   5.000000e+00 5.459762e+01 1.065280e+01
      vertex   5.000000e+00 7.178227e+01 0.000000e+00
      vertex   5.000000e+00 5.661032e+01 1.047872e+01
    endloop
  endfacet
  facet normal 1.000000e+00 -2.211633e-16 -6.593780e-17
    outer loop
      vertex   5.000000e+00 5.661032e+01 1.047872e+01
      vertex   5.000000e+00 7.178227e+01 0.000000e+00
      vertex   5.000000e+00 7.138502e+01 1.332403e+00
    endloop
  endfacet
  facet normal 1.000000e+00 -2.313309e-16 -8.236221e-17
    outer loop
      vertex   5.000000e+00 5.661032e+01 1.047872e+01
      vertex   5.000000e+00 7.138502e+01 1.332403e+00
      vertex   5.000000e+00 7.094555e+01 2.566761e+00
    endloop
  endfacet
  facet normal 1.000000e+00 1.595367e-17 3.656788e-16
    outer loop
      vertex   5.000000e+00 5.661032e+01 1.047872e+01
      vertex   5.000000e+00 7.094555e+01 2.566761e+00
      vertex   5.000000e+00 6.059453e+01 1.030490e+01
    endloop
  endfacet
  facet normal 1.000000e+00 -3.768574e-16 -1.597699e-16
    outer loop
      vertex   5.000000e+00 6.059453e+01 1.030490e+01
      vertex   5.000000e+00 7.094555e+01 2.566761e+00
      vertex   5.000000e+00 7.046381e+01 3.703050e+00
    endloop
  endfacet
  facet normal 1.000000e+00 -4.075643e-16 -2.056745e-16
    outer loop
      vertex   5.000000e+00 6.059453e+01 1.030490e+01
      vertex   5.000000e+00 7.046381e+01 3.703050e+00
      vertex   5.000000e+00 6.993983e+01 4.741367e+00
    endloop
  endfacet
  facet normal 1.000000e+00 -4.443124e-16 -2.674019e-16
    outer loop
      vertex   5.000000e+00 6.993983e+01 4.741367e+00
      vertex   5.000000e+00 6.937369e+01 5.682059e+00
      vertex   5.000000e+00 6.059453e+01 1.030490e+01
    endloop
  endfacet
  facet normal 1.000000e+00 -4.891235e-16 -3.525020e-16
    outer loop
      vertex   5.000000e+00 6.059453e+01 1.030490e+01
      vertex   5.000000e+00 6.937369e+01 5.682059e+00
      vertex   5.000000e+00 6.876560e+01 6.525839e+00
    endloop
  endfacet
  facet normal 1.000000e+00 -1.750800e-15 -3.080495e-15
    outer loop
      vertex   5.000000e+00 6.059453e+01 1.030490e+01
      vertex   5.000000e+00 6.876560e+01 6.525839e+00
      vertex   5.000000e+00 6.248862e+01 1.009336e+01
    endloop
  endfacet
  facet normal 1.000000e+00 0.000000e+00 0.000000e+00
    outer loop
      vertex   5.000000e+00 6.248862e+01 1.009336e+01
      vertex   5.000000e+00 6.876560e+01 6.525839e+00
      vertex   5.000000e+00 6.339632e+01 9.913606e+00
    endloop
  endfacet
  facet normal 1.000000e+00 0.000000e+00 0.000000e+00
    outer loop
      vertex   5.000000e+00 6.339632e+01 9.913606e+00
      vertex   5.000000e+00 6.876560e+01 6.525839e+00
      vertex   5.000000e+00 6.811591e+01 7.273905e+00
    endloop
  endfacet
  facet normal 1.000000e+00 0.000000e+00 0.000000e+00
    outer loop
      vertex   5.000000e+00 6.339632e+01 9.913606e+00
      vertex   5.000000e+00 6.811591e+01 7.273905e+00
      vertex   5.000000e+00 6.427326e+01 9.671047e+00
    endloop
  endfacet
  facet normal 1.000000e+00 0.000000e+00 0.000000e+00
    outer loop
      vertex   5.000000e+00 6.427326e+01 9.671047e+00
      vertex   5.000000e+00 6.811591e+01 7.273905e+00
      vertex   5.000000e+00 6.511668e+01 9.357415e+00
    endloop
  endfacet
  facet normal 1.000000e+00 0.000000e+00 0.000000e+00
    outer loop
      vertex   5.000000e+00 6.511668e+01 9.357415e+00
      vertex   5.000000e+00 6.811591e+01 7.273905e+00
      vertex   5.000000e+00 6.742520e+01 7.928077e+00
    endloop
  endfacet
  facet normal 1.000000e+00 0.000000e+00 0.000000e+00
    outer loop
      vertex   5.000000e+00 6.511668e+01 9.357415e+00
      vertex   5.000000e+00 6.742520e+01 7.928077e+00
      vertex   5.000000e+00 6.669429e+01 8.490923e+00
    endloop
  endfacet
  facet normal 1.000000e+00 0.000000e+00 0.000000e+00
    outer loop
      vertex   5.000000e+00 6.669429e+01 8.490923e+00
      vertex   5.000000e+00 6.592430e+01 8.965889e+00
      vertex   5.000000e+00 6.511668e+01 9.357415e+00
    endloop
  endfacet
  facet normal 1.000000e+00 0.000000e+00 0.000000e+00
    outer loop
      vertex   5.000000e+00 5.166635e+01 1.129909e+01
      vertex   5.000000e+00 5.073173e+01 1.165512e+01
      vertex   5.000000e+00 2.704163e+01 0.000000e+00
    endloop
  endfacet
  facet normal 1.000000e+00 0.000000e+00 0.000000e+00
    outer loop
      vertex   5.000000e+00 2.704163e+01 0.000000e+00
      vertex   5.000000e+00 5.073173e+01 1.165512e+01
      vertex   5.000000e+00 4.982542e+01 1.209176e+01
    endloop
  endfacet
  facet normal 1.000000e+00 9.582159e-16 -1.805509e-15
    outer loop
      vertex   5.000000e+00 2.704163e+01 0.000000e+00
      vertex   5.000000e+00 4.982542e+01 1.209176e+01
      vertex   5.000000e+00 4.895106e+01 1.261157e+01
    endloop
  endfacet
  facet normal 1.000000e+00 -9.864154e-16 1.572796e-15
    outer loop
      vertex   5.000000e+00 4.895106e+01 1.261157e+01
      vertex   5.000000e+00 4.811178e+01 1.321463e+01
      vertex   5.000000e+00 2.704163e+01 0.000000e+00
    endloop
  endfacet
  facet normal 1.000000e+00 9.388560e-16 -1.496965e-15
    outer loop
      vertex   5.000000e+00 2.704163e+01 0.000000e+00
      vertex   5.000000e+00 4.811178e+01 1.321463e+01
      vertex   5.000000e+00 4.731020e+01 1.389854e+01
    endloop
  endfacet
  facet normal 1.000000e+00 -1.001640e-15 1.332907e-15
    outer loop
      vertex   5.000000e+00 2.704163e+01 0.000000e+00
      vertex   5.000000e+00 4.731020e+01 1.389854e+01
      vertex   5.000000e+00 4.654837e+01 1.465874e+01
    endloop
  endfacet
  facet normal 1.000000e+00 0.000000e+00 0.000000e+00
    outer loop
      vertex   5.000000e+00 4.654837e+01 1.465874e+01
      vertex   5.000000e+00 4.582779e+01 1.548887e+01
      vertex   5.000000e+00 2.704163e+01 0.000000e+00
    endloop
  endfacet
  facet normal 1.000000e+00 0.000000e+00 0.000000e+00
    outer loop
      vertex   5.000000e+00 2.704163e+01 0.000000e+00
      vertex   5.000000e+00 4.582779e+01 1.548887e+01
      vertex   5.000000e+00 4.514940e+01 1.638116e+01
    endloop
  endfacet
  facet normal 1.000000e+00 0.000000e+00 0.000000e+00
    outer loop
      vertex   5.000000e+00 2.704163e+01 0.000000e+00
      vertex   5.000000e+00 4.514940e+01 1.638116e+01
      vertex   5.000000e+00 4.451355e+01 1.732663e+01
    endloop
  endfacet
  facet normal 1.000000e+00 0.000000e+00 0.000000e+00
    outer loop
      vertex   5.000000e+00 4.451355e+01 1.732663e+01
      vertex   5.000000e+00 4.336787e+01 1.933725e+01
      vertex   5.000000e+00 2.704163e+01 0.000000e+00
    endloop
  endfacet
  facet normal 1.000000e+00 0.000000e+00 0.000000e+00
    outer loop
      vertex   5.000000e+00 2.704163e+01 0.000000e+00
      vertex   5.000000e+00 4.336787e+01 1.933725e+01
      vertex   5.000000e+00 4.238118e+01 2.143715e+01
    endloop
  endfacet
  facet normal 1.000000e+00 0.000000e+00 0.000000e+00
    outer loop
      vertex   5.000000e+00 2.704163e+01 0.000000e+00
      vertex   5.000000e+00 4.238118e+01 2.143715e+01
      vertex   5.000000e+00 4.153338e+01 2.354357e+01
    endloop
  endfacet
  facet normal 1.000000e+00 0.000000e+00 0.000000e+00
    outer loop
      vertex   5.000000e+00 4.153338e+01 2.354357e+01
      vertex   5.000000e+00 4.079314e+01 2.558411e+01
      vertex   5.000000e+00 2.704163e+01 0.000000e+00
    endloop
  endfacet
  facet normal 1.000000e+00 -1.033556e-16 -4.527239e-17
    outer loop
      vertex   5.000000e+00 3.945334e+01 2.928083e+01
      vertex   5.000000e+00 3.874559e+01 3.089661e+01
      vertex   5.000000e+00 2.704163e+01 3.799788e+01
    endloop
  endfacet
  facet normal 1.000000e+00 -1.139811e-16 -6.278475e-17
    outer loop
      vertex   5.000000e+00 2.704163e+01 3.799788e+01
      vertex   5.000000e+00 3.874559e+01 3.089661e+01
      vertex   5.000000e+00 3.794273e+01 3.235414e+01
    endloop
  endfacet
  facet normal 1.000000e+00 -1.297626e-16 -9.326743e-17
    outer loop
      vertex   5.000000e+00 2.704163e+01 3.799788e+01
      vertex   5.000000e+00 3.794273e+01 3.235414e+01
      vertex   5.000000e+00 3.700509e+01 3.365869e+01
    endloop
  endfacet
  facet normal 1.000000e+00 -1.516400e-16 -1.435012e-16
    outer loop
      vertex   5.000000e+00 3.700509e+01 3.365869e+01
      vertex   5.000000e+00 3.591219e+01 3.481357e+01
      vertex   5.000000e+00 2.704163e+01 3.799788e+01
    endloop
  endfacet
  facet normal 1.000000e+00 -1.806998e-16 -2.244533e-16
    outer loop
      vertex   5.000000e+00 2.704163e+01 3.799788e+01
      vertex   5.000000e+00 3.591219e+01 3.481357e+01
      vertex   5.000000e+00 3.466963e+01 3.581391e+01
    endloop
  endfacet
  facet normal 1.000000e+00 -2.192837e-16 -3.592165e-16
    outer loop
      vertex   5.000000e+00 2.704163e+01 3.799788e+01
      vertex   5.000000e+00 3.466963e+01 3.581391e+01
      vertex   5.000000e+00 3.330944e+01 3.664424e+01
    endloop
  endfacet
  facet normal 1.000000e+00 -5.499021e-16 -1.890094e-15
    outer loop
      vertex   5.000000e+00 2.704163e+01 3.799788e+01
      vertex   5.000000e+00 3.330944e+01 3.664424e+01
      vertex   5.000000e+00 2.900000e+01 3.789803e+01
    endloop
  endfacet
  facet normal 1.000000e+00 0.000000e+00 0.000000e+00
    outer loop
      vertex   5.000000e+00 2.900000e+01 3.789803e+01
      vertex   5.000000e+00 3.330944e+01 3.664424e+01
      vertex   5.000000e+00 3.187940e+01 3.728263e+01
    endloop
  endfacet
  facet normal 1.000000e+00 0.000000e+00 0.000000e+00
    outer loop
      vertex   5.000000e+00 2.900000e+01 3.789803e+01
      vertex   5.000000e+00 3.187940e+01 3.728263e+01
      vertex   5.000000e+00 3.042976e+01 3.770644e+01
    endloop
  endfacet
  facet normal -0.000000e+00 9.583153e-01 2.857128e-01
    outer loop
      vertex   -5.000000e+00 7.178227e+01 0.000000e+00
      vertex   -5.000000e+00 7.138502e+01 1.332403e+00
      vertex   5.000000e+00 7.178227e+01 0.000000e+00
    endloop
  endfacet
  facet normal -6.123491e-19 9.583153e-01 2.857128e-01
    outer loop
      vertex   5.000000e+00 7.178227e+01 0.000000e+00
      vertex   -5.000000e+00 7.138502e+01 1.332403e+00
      vertex   5.000000e+00 7.138502e+01 1.332403e+00
    endloop
  endfacet
  facet normal 0.000000e+00 9.420716e-01 3.354117e-01
    outer loop
      vertex   5.000000e+00 7.138502e+01 1.332403e+00
      vertex   -5.000000e+00 7.138502e+01 1.332403e+00
      vertex   -5.000000e+00 7.094555e+01 2.566761e+00
    endloop
  endfacet
  facet normal 1.998277e-18 9.420716e-01 3.354117e-01
    outer loop
      vertex   5.000000e+00 7.138502e+01 1.332403e+00
      vertex   -5.000000e+00 7.094555e+01 2.566761e+00
      vertex   5.000000e+00 7.094555e+01 2.566761e+00
    endloop
  endfacet
  facet normal 0.000000e+00 9.206775e-01 3.903242e-01
    outer loop
      vertex   5.000000e+00 7.094555e+01 2.566761e+00
      vertex   -5.000000e+00 7.094555e+01 2.566761e+00
      vertex   -5.000000e+00 7.046381e+01 3.703050e+00
    endloop
  endfacet
  facet normal -1.016378e-19 9.206775e-01 3.903242e-01
    outer loop
      vertex   5.000000e+00 7.094555e+01 2.566761e+00
      vertex   -5.000000e+00 7.046381e+01 3.703050e+00
      vertex   5.000000e+00 7.046381e+01 3.703050e+00
    endloop
  endfacet
  facet normal 0.000000e+00 8.927630e-01 4.505266e-01
    outer loop
      vertex   5.000000e+00 7.046381e+01 3.703050e+00
      vertex   -5.000000e+00 7.046381e+01 3.703050e+00
      vertex   -5.000000e+00 6.993983e+01 4.741367e+00
    endloop
  endfacet
  facet normal -1.947323e-19 8.927630e-01 4.505266e-01
    outer loop
      vertex   5.000000e+00 7.046381e+01 3.703050e+00
      vertex   -5.000000e+00 6.993983e+01 4.741367e+00
      vertex   5.000000e+00 6.993983e+01 4.741367e+00
    endloop
  endfacet
  facet normal 0.000000e+00 8.567993e-01 5.156501e-01
    outer loop
      vertex   5.000000e+00 6.993983e+01 4.741367e+00
      vertex   -5.000000e+00 6.993983e+01 4.741367e+00
      vertex   -5.000000e+00 6.937369e+01 5.682059e+00
    endloop
  endfacet
  facet normal 3.542725e-18 8.567993e-01 5.156501e-01
    outer loop
      vertex   5.000000e+00 6.993983e+01 4.741367e+00
      vertex   -5.000000e+00 6.937369e+01 5.682059e+00
      vertex   5.000000e+00 6.937369e+01 5.682059e+00
    endloop
  endfacet
  facet normal 0.000000e+00 8.112723e-01 5.846685e-01
    outer loop
      vertex   5.000000e+00 6.937369e+01 5.682059e+00
      vertex   -5.000000e+00 6.937369e+01 5.682059e+00
      vertex   -5.000000e+00 6.876560e+01 6.525839e+00
    endloop
  endfacet
  facet normal 4.745552e-18 8.112723e-01 5.846685e-01
    outer loop
      vertex   5.000000e+00 6.937369e+01 5.682059e+00
      vertex   -5.000000e+00 6.876560e+01 6.525839e+00
      vertex   5.000000e+00 6.876560e+01 6.525839e+00
    endloop
  endfacet
  facet normal 0.000000e+00 7.550077e-01 6.557160e-01
    outer loop
      vertex   5.000000e+00 6.876560e+01 6.525839e+00
      vertex   -5.000000e+00 6.876560e+01 6.525839e+00
      vertex   -5.000000e+00 6.811591e+01 7.273905e+00
    endloop
  endfacet
  facet normal 1.262365e-18 7.550077e-01 6.557160e-01
    outer loop
      vertex   5.000000e+00 6.876560e+01 6.525839e+00
      vertex   -5.000000e+00 6.811591e+01 7.273905e+00
      vertex   5.000000e+00 6.811591e+01 7.273905e+00
    endloop
  endfacet
  facet normal 0.000000e+00 6.876420e-01 7.260500e-01
    outer loop
      vertex   5.000000e+00 6.811591e+01 7.273905e+00
      vertex   -5.000000e+00 6.811591e+01 7.273905e+00
      vertex   -5.000000e+00 6.742520e+01 7.928077e+00
    endloop
  endfacet
  facet normal 3.509686e-20 6.876420e-01 7.260500e-01
    outer loop
      vertex   5.000000e+00 6.811591e+01 7.273905e+00
      vertex   -5.000000e+00 6.742520e+01 7.928077e+00
      vertex   5.000000e+00 6.742520e+01 7.928077e+00
    endloop
  endfacet
  facet normal 0.000000e+00 6.101241e-01 7.923059e-01
    outer loop
      vertex   5.000000e+00 6.742520e+01 7.928077e+00
      vertex   -5.000000e+00 6.742520e+01 7.928077e+00
      vertex   -5.000000e+00 6.669429e+01 8.490923e+00
    endloop
  endfacet
  facet normal 1.355707e-18 6.101241e-01 7.923059e-01
    outer loop
      vertex   5.000000e+00 6.742520e+01 7.928077e+00
      vertex   -5.000000e+00 6.669429e+01 8.490923e+00
      vertex   5.000000e+00 6.669429e+01 8.490923e+00
    endloop
  endfacet
  facet normal 0.000000e+00 5.249992e-01 8.511027e-01
    outer loop
      vertex   5.000000e+00 6.669429e+01 8.490923e+00
      vertex   -5.000000e+00 6.669429e+01 8.490923e+00
      vertex   -5.000000e+00 6.592430e+01 8.965889e+00
    endloop
  endfacet
  facet normal -2.319859e-18 5.249992e-01 8.511027e-01
    outer loop
      vertex   5.000000e+00 6.669429e+01 8.490923e+00
      vertex   -5.000000e+00 6.592430e+01 8.965889e+00
      vertex   5.000000e+00 6.592430e+01 8.965889e+00
    endloop
  endfacet
  facet normal 0.000000e+00 4.362298e-01 8.998353e-01
    outer loop
      vertex   5.000000e+00 6.592430e+01 8.965889e+00
      vertex   -5.000000e+00 6.592430e+01 8.965889e+00
      vertex   -5.000000e+00 6.511668e+01 9.357415e+00
    endloop
  endfacet
  facet normal -1.220808e-18 4.362298e-01 8.998353e-01
    outer loop
      vertex   5.000000e+00 6.592430e+01 8.965889e+00
      vertex   -5.000000e+00 6.511668e+01 9.357415e+00
      vertex   5.000000e+00 6.511668e+01 9.357415e+00
    endloop
  endfacet
  facet normal 0.000000e+00 3.485416e-01 9.372933e-01
    outer loop
      vertex   5.000000e+00 6.511668e+01 9.357415e+00
      vertex   -5.000000e+00 6.511668e+01 9.357415e+00
      vertex   -5.000000e+00 6.427326e+01 9.671047e+00
    endloop
  endfacet
  facet normal -1.314086e-18 3.485416e-01 9.372933e-01
    outer loop
      vertex   5.000000e+00 6.511668e+01 9.357415e+00
      vertex   -5.000000e+00 6.427326e+01 9.671047e+00
      vertex   5.000000e+00 6.427326e+01 9.671047e+00
    endloop
  endfacet
  facet normal 0.000000e+00 2.665871e-01 9.638108e-01
    outer loop
      vertex   5.000000e+00 6.427326e+01 9.671047e+00
      vertex   -5.000000e+00 6.427326e+01 9.671047e+00
      vertex   -5.000000e+00 6.339632e+01 9.913606e+00
    endloop
  endfacet
  facet normal 7.103742e-20 2.665871e-01 9.638108e-01
    outer loop
      vertex   5.000000e+00 6.427326e+01 9.671047e+00
      vertex   -5.000000e+00 6.339632e+01 9.913606e+00
      vertex   5.000000e+00 6.339632e+01 9.913606e+00
    endloop
  endfacet
  facet normal 0.000000e+00 1.942621e-01 9.809497e-01
    outer loop
      vertex   5.000000e+00 6.339632e+01 9.913606e+00
      vertex   -5.000000e+00 6.339632e+01 9.913606e+00
      vertex   -5.000000e+00 6.248862e+01 1.009336e+01
    endloop
  endfacet
  facet normal -4.882372e-19 1.942621e-01 9.809497e-01
    outer loop
      vertex   5.000000e+00 6.339632e+01 9.913606e+00
      vertex   -5.000000e+00 6.248862e+01 1.009336e+01
      vertex   5.000000e+00 6.248862e+01 1.009336e+01
    endloop
  endfacet
  facet normal 0.000000e+00 1.109916e-01 9.938213e-01
    outer loop
      vertex   5.000000e+00 6.248862e+01 1.009336e+01
      vertex   -5.000000e+00 6.248862e+01 1.009336e+01
      vertex   -5.000000e+00 6.059453e+01 1.030490e+01
    endloop
  endfacet
  facet normal -1.208603e-18 1.109916e-01 9.938213e-01
    outer loop
      vertex   5.000000e+00 6.248862e+01 1.009336e+01
      vertex   -5.000000e+00 6.059453e+01 1.030490e+01
      vertex   5.000000e+00 6.059453e+01 1.030490e+01
    endloop
  endfacet
  facet normal 0.000000e+00 4.358608e-02 9.990497e-01
    outer loop
      vertex   5.000000e+00 6.059453e+01 1.030490e+01
      vertex   -5.000000e+00 6.059453e+01 1.030490e+01
      vertex   -5.000000e+00 5.661032e+01 1.047872e+01
    endloop
  endfacet
  facet normal 2.194689e-19 4.358608e-02 9.990497e-01
    outer loop
      vertex   5.000000e+00 6.059453e+01 1.030490e+01
      vertex   -5.000000e+00 5.661032e+01 1.047872e+01
      vertex   5.000000e+00 5.661032e+01 1.047872e+01
    endloop
  endfacet
  facet normal 0.000000e+00 8.616883e-02 9.962805e-01
    outer loop
      vertex   5.000000e+00 5.661032e+01 1.047872e+01
      vertex   -5.000000e+00 5.661032e+01 1.047872e+01
      vertex   -5.000000e+00 5.459762e+01 1.065280e+01
    endloop
  endfacet
  facet normal -1.685105e-19 8.616883e-02 9.962805e-01
    outer loop
      vertex   5.000000e+00 5.661032e+01 1.047872e+01
      vertex   -5.000000e+00 5.459762e+01 1.065280e+01
      vertex   5.000000e+00 5.459762e+01 1.065280e+01
    endloop
  endfacet
  facet normal 0.000000e+00 1.823348e-01 9.832365e-01
    outer loop
      vertex   5.000000e+00 5.459762e+01 1.065280e+01
      vertex   -5.000000e+00 5.459762e+01 1.065280e+01
      vertex   -5.000000e+00 5.262523e+01 1.101857e+01
    endloop
  endfacet
  facet normal -1.308536e-18 1.823348e-01 9.832365e-01
    outer loop
      vertex   5.000000e+00 5.459762e+01 1.065280e+01
      vertex   -5.000000e+00 5.262523e+01 1.101857e+01
      vertex   5.000000e+00 5.262523e+01 1.101857e+01
    endloop
  endfacet
  facet normal 0.000000e+00 2.807823e-01 9.597715e-01
    outer loop
      vertex   5.000000e+00 5.262523e+01 1.101857e+01
      vertex   -5.000000e+00 5.262523e+01 1.101857e+01
      vertex   -5.000000e+00 5.166635e+01 1.129909e+01
    endloop
  endfacet
  facet normal -2.544988e-18 2.807823e-01 9.597715e-01
    outer loop
      vertex   5.000000e+00 5.262523e+01 1.101857e+01
      vertex   -5.000000e+00 5.166635e+01 1.129909e+01
      vertex   5.000000e+00 5.166635e+01 1.129909e+01
    endloop
  endfacet
  facet normal 0.000000e+00 3.559857e-01 9.344914e-01
    outer loop
      vertex   5.000000e+00 5.166635e+01 1.129909e+01
      vertex   -5.000000e+00 5.166635e+01 1.129909e+01
      vertex   -5.000000e+00 5.073173e+01 1.165512e+01
    endloop
  endfacet
  facet normal -2.007211e-18 3.559857e-01 9.344914e-01
    outer loop
      vertex   5.000000e+00 5.166635e+01 1.129909e+01
      vertex   -5.000000e+00 5.073173e+01 1.165512e+01
      vertex   5.000000e+00 5.073173e+01 1.165512e+01
    endloop
  endfacet
  facet normal 0.000000e+00 4.340290e-01 9.008989e-01
    outer loop
      vertex   5.000000e+00 5.073173e+01 1.165512e+01
      vertex   -5.000000e+00 5.073173e+01 1.165512e+01
      vertex   -5.000000e+00 4.982542e+01 1.209176e+01
    endloop
  endfacet
  facet normal -2.670368e-18 4.340290e-01 9.008989e-01
    outer loop
      vertex   5.000000e+00 5.073173e+01 1.165512e+01
      vertex   -5.000000e+00 4.982542e+01 1.209176e+01
      vertex   5.000000e+00 4.982542e+01 1.209176e+01
    endloop
  endfacet
  facet normal 0.000000e+00 5.110210e-01 8.595683e-01
    outer loop
      vertex   5.000000e+00 4.982542e+01 1.209176e+01
      vertex   -5.000000e+00 4.982542e+01 1.209176e+01
      vertex   -5.000000e+00 4.895106e+01 1.261157e+01
    endloop
  endfacet
  facet normal 2.696364e-18 5.110210e-01 8.595683e-01
    outer loop
      vertex   5.000000e+00 4.982542e+01 1.209176e+01
      vertex   -5.000000e+00 4.895106e+01 1.261157e+01
      vertex   5.000000e+00 4.895106e+01 1.261157e+01
    endloop
  endfacet
  facet normal 0.000000e+00 5.835256e-01 8.120947e-01
    outer loop
      vertex   5.000000e+00 4.895106e+01 1.261157e+01
      vertex   -5.000000e+00 4.895106e+01 1.261157e+01
      vertex   -5.000000e+00 4.811178e+01 1.321463e+01
    endloop
  endfacet
  facet normal -4.954422e-18 5.835256e-01 8.120947e-01
    outer loop
      vertex   5.000000e+00 4.895106e+01 1.261157e+01
      vertex   -5.000000e+00 4.811178e+01 1.321463e+01
      vertex   5.000000e+00 4.811178e+01 1.321463e+01
    endloop
  endfacet
  facet normal 0.000000e+00 6.490594e-01 7.607378e-01
    outer loop
      vertex   5.000000e+00 4.811178e+01 1.321463e+01
      vertex   -5.000000e+00 4.811178e+01 1.321463e+01
      vertex   -5.000000e+00 4.731020e+01 1.389854e+01
    endloop
  endfacet
  facet normal -2.044244e-18 6.490594e-01 7.607378e-01
    outer loop
      vertex   5.000000e+00 4.811178e+01 1.321463e+01
      vertex   -5.000000e+00 4.731020e+01 1.389854e+01
      vertex   5.000000e+00 4.731020e+01 1.389854e+01
    endloop
  endfacet
  facet normal 0.000000e+00 7.063476e-01 7.078651e-01
    outer loop
      vertex   5.000000e+00 4.731020e+01 1.389854e+01
      vertex   -5.000000e+00 4.731020e+01 1.389854e+01
      vertex   -5.000000e+00 4.654837e+01 1.465874e+01
    endloop
  endfacet
  facet normal -3.924413e-18 7.063476e-01 7.078651e-01
    outer loop
      vertex   5.000000e+00 4.731020e+01 1.389854e+01
      vertex   -5.000000e+00 4.654837e+01 1.465874e+01
      vertex   5.000000e+00 4.654837e+01 1.465874e+01
    endloop
  endfacet
  facet normal 0.000000e+00 7.551815e-01 6.555157e-01
    outer loop
      vertex   5.000000e+00 4.654837e+01 1.465874e+01
      vertex   -5.000000e+00 4.654837e+01 1.465874e+01
      vertex   -5.000000e+00 4.582779e+01 1.548887e+01
    endloop
  endfacet
  facet normal 2.907698e-18 7.551815e-01 6.555157e-01
    outer loop
      vertex   5.000000e+00 4.654837e+01 1.465874e+01
      vertex   -5.000000e+00 4.582779e+01 1.548887e+01
      vertex   5.000000e+00 4.582779e+01 1.548887e+01
    endloop
  endfacet
  facet normal 0.000000e+00 7.960517e-01 6.052286e-01
    outer loop
      vertex   5.000000e+00 4.582779e+01 1.548887e+01
      vertex   -5.000000e+00 4.582779e+01 1.548887e+01
      vertex   -5.000000e+00 4.514940e+01 1.638116e+01
    endloop
  endfacet
  facet normal -3.573463e-18 7.960517e-01 6.052286e-01
    outer loop
      vertex   5.000000e+00 4.582779e+01 1.548887e+01
      vertex   -5.000000e+00 4.514940e+01 1.638116e+01
      vertex   5.000000e+00 4.514940e+01 1.638116e+01
    endloop
  endfacet
  facet normal 0.000000e+00 8.298020e-01 5.580579e-01
    outer loop
      vertex   5.000000e+00 4.514940e+01 1.638116e+01
      vertex   -5.000000e+00 4.514940e+01 1.638116e+01
      vertex   -5.000000e+00 4.451355e+01 1.732663e+01
    endloop
  endfacet
  facet normal 2.121167e-18 8.298020e-01 5.580579e-01
    outer loop
      vertex   5.000000e+00 4.514940e+01 1.638116e+01
      vertex   -5.000000e+00 4.451355e+01 1.732663e+01
      vertex   5.000000e+00 4.451355e+01 1.732663e+01
    endloop
  endfacet
  facet normal 0.000000e+00 8.688468e-01 4.950811e-01
    outer loop
      vertex   5.000000e+00 4.451355e+01 1.732663e+01
      vertex   -5.000000e+00 4.451355e+01 1.732663e+01
      vertex   -5.000000e+00 4.336787e+01 1.933725e+01
    endloop
  endfacet
  facet normal -9.322099e-18 8.688468e-01 4.950811e-01
    outer loop
      vertex   5.000000e+00 4.451355e+01 1.732663e+01
      vertex   -5.000000e+00 4.336787e+01 1.933725e+01
      vertex   5.000000e+00 4.336787e+01 1.933725e+01
    endloop
  endfacet
  facet normal 0.000000e+00 9.050686e-01 4.252656e-01
    outer loop
      vertex   5.000000e+00 4.336787e+01 1.933725e+01
      vertex   -5.000000e+00 4.336787e+01 1.933725e+01
      vertex   -5.000000e+00 4.238118e+01 2.143715e+01
    endloop
  endfacet
  facet normal -2.995958e-20 9.050686e-01 4.252656e-01
    outer loop
      vertex   5.000000e+00 4.336787e+01 1.933725e+01
      vertex   -5.000000e+00 4.238118e+01 2.143715e+01
      vertex   5.000000e+00 4.238118e+01 2.143715e+01
    endloop
  endfacet
  facet normal 0.000000e+00 9.276790e-01 3.733787e-01
    outer loop
      vertex   5.000000e+00 4.238118e+01 2.143715e+01
      vertex   -5.000000e+00 4.238118e+01 2.143715e+01
      vertex   -5.000000e+00 4.153338e+01 2.354357e+01
    endloop
  endfacet
  facet normal 2.850073e-18 9.276790e-01 3.733787e-01
    outer loop
      vertex   5.000000e+00 4.238118e+01 2.143715e+01
      vertex   -5.000000e+00 4.153338e+01 2.354357e+01
      vertex   5.000000e+00 4.153338e+01 2.354357e+01
    endloop
  endfacet
  facet normal 0.000000e+00 9.400563e-01 3.410192e-01
    outer loop
      vertex   5.000000e+00 4.153338e+01 2.354357e+01
      vertex   -5.000000e+00 4.153338e+01 2.354357e+01
      vertex   -5.000000e+00 4.079314e+01 2.558411e+01
    endloop
  endfacet
  facet normal 3.107176e-18 9.400563e-01 3.410192e-01
    outer loop
      vertex   5.000000e+00 4.153338e+01 2.354357e+01
      vertex   -5.000000e+00 4.079314e+01 2.558411e+01
      vertex   5.000000e+00 4.079314e+01 2.558411e+01
    endloop
  endfacet
  facet normal 0.000000e+00 9.433900e-01 3.316854e-01
    outer loop
      vertex   5.000000e+00 4.079314e+01 2.558411e+01
      vertex   -5.000000e+00 4.079314e+01 2.558411e+01
      vertex   -5.000000e+00 4.011731e+01 2.750633e+01
    endloop
  endfacet
  facet normal 2.609058e-18 9.433900e-01 3.316854e-01
    outer loop
      vertex   5.000000e+00 4.079314e+01 2.558411e+01
      vertex   -5.000000e+00 4.011731e+01 2.750633e+01
      vertex   5.000000e+00 4.011731e+01 2.750633e+01
    endloop
  endfacet
  facet normal 0.000000e+00 9.365839e-01 3.504433e-01
    outer loop
      vertex   5.000000e+00 4.011731e+01 2.750633e+01
      vertex   -5.000000e+00 4.011731e+01 2.750633e+01
      vertex   -5.000000e+00 3.945334e+01 2.928083e+01
    endloop
  endfacet
  facet normal 3.808338e-19 9.365839e-01 3.504433e-01
    outer loop
      vertex   5.000000e+00 4.011731e+01 2.750633e+01
      vertex   -5.000000e+00 3.945334e+01 2.928083e+01
      vertex   5.000000e+00 3.945334e+01 2.928083e+01
    endloop
  endfacet
  facet normal 0.000000e+00 9.159805e-01 4.012227e-01
    outer loop
      vertex   5.000000e+00 3.945334e+01 2.928083e+01
      vertex   -5.000000e+00 3.945334e+01 2.928083e+01
      vertex   -5.000000e+00 3.874559e+01 3.089661e+01
    endloop
  endfacet
  facet normal 2.931280e-18 9.159805e-01 4.012227e-01
    outer loop
      vertex   5.000000e+00 3.945334e+01 2.928083e+01
      vertex   -5.000000e+00 3.874559e+01 3.089661e+01
      vertex   5.000000e+00 3.874559e+01 3.089661e+01
    endloop
  endfacet
  facet normal 0.000000e+00 8.759070e-01 4.824801e-01
    outer loop
      vertex   5.000000e+00 3.874559e+01 3.089661e+01
      vertex   -5.000000e+00 3.874559e+01 3.089661e+01
      vertex   -5.000000e+00 3.794273e+01 3.235414e+01
    endloop
  endfacet
  facet normal 5.519152e-18 8.759070e-01 4.824801e-01
    outer loop
      vertex   5.000000e+00 3.874559e+01 3.089661e+01
      vertex   -5.000000e+00 3.794273e+01 3.235414e+01
      vertex   5.000000e+00 3.794273e+01 3.235414e+01
    endloop
  endfacet
  facet normal 0.000000e+00 8.120138e-01 5.836383e-01
    outer loop
      vertex   5.000000e+00 3.794273e+01 3.235414e+01
      vertex   -5.000000e+00 3.794273e+01 3.235414e+01
      vertex   -5.000000e+00 3.700509e+01 3.365869e+01
    endloop
  endfacet
  facet normal -1.324218e-18 8.120138e-01 5.836383e-01
    outer loop
      vertex   5.000000e+00 3.794273e+01 3.235414e+01
      vertex   -5.000000e+00 3.700509e+01 3.365869e+01
      vertex   5.000000e+00 3.700509e+01 3.365869e+01
    endloop
  endfacet
  facet normal 0.000000e+00 7.263297e-01 6.873464e-01
    outer loop
      vertex   5.000000e+00 3.700509e+01 3.365869e+01
      vertex   -5.000000e+00 3.700509e+01 3.365869e+01
      vertex   -5.000000e+00 3.591219e+01 3.481357e+01
    endloop
  endfacet
  facet normal -9.345728e-19 7.263297e-01 6.873464e-01
    outer loop
      vertex   5.000000e+00 3.700509e+01 3.365869e+01
      vertex   -5.000000e+00 3.591219e+01 3.481357e+01
      vertex   5.000000e+00 3.591219e+01 3.481357e+01
    endloop
  endfacet
  facet normal 0.000000e+00 6.270984e-01 7.789401e-01
    outer loop
      vertex   5.000000e+00 3.591219e+01 3.481357e+01
      vertex   -5.000000e+00 3.591219e+01 3.481357e+01
      vertex   -5.000000e+00 3.466963e+01 3.581391e+01
    endloop
  endfacet
  facet normal 3.396073e-18 6.270984e-01 7.789401e-01
    outer loop
      vertex   5.000000e+00 3.591219e+01 3.481357e+01
      vertex   -5.000000e+00 3.466963e+01 3.581391e+01
      vertex   5.000000e+00 3.466963e+01 3.581391e+01
    endloop
  endfacet
  facet normal 0.000000e+00 5.210391e-01 8.535328e-01
    outer loop
      vertex   5.000000e+00 3.466963e+01 3.581391e+01
      vertex   -5.000000e+00 3.466963e+01 3.581391e+01
      vertex   -5.000000e+00 3.330944e+01 3.664424e+01
    endloop
  endfacet
  facet normal -6.612311e-19 5.210391e-01 8.535328e-01
    outer loop
      vertex   5.000000e+00 3.466963e+01 3.581391e+01
      vertex   -5.000000e+00 3.330944e+01 3.664424e+01
      vertex   5.000000e+00 3.330944e+01 3.664424e+01
    endloop
  endfacet
  facet normal 0.000000e+00 4.076406e-01 9.131425e-01
    outer loop
      vertex   5.000000e+00 3.330944e+01 3.664424e+01
      vertex   -5.000000e+00 3.330944e+01 3.664424e+01
      vertex   -5.000000e+00 3.187940e+01 3.728263e+01
    endloop
  endfacet
  facet normal -3.071980e-20 4.076406e-01 9.131425e-01
    outer loop
      vertex   5.000000e+00 3.330944e+01 3.664424e+01
      vertex   -5.000000e+00 3.187940e+01 3.728263e+01
      vertex   5.000000e+00 3.187940e+01 3.728263e+01
    endloop
  endfacet
  facet normal 0.000000e+00 2.806100e-01 9.598219e-01
    outer loop
      vertex   5.000000e+00 3.187940e+01 3.728263e+01
      vertex   -5.000000e+00 3.187940e+01 3.728263e+01
      vertex   -5.000000e+00 3.042976e+01 3.770644e+01
    endloop
  endfacet
  facet normal 2.270850e-18 2.806100e-01 9.598219e-01
    outer loop
      vertex   5.000000e+00 3.187940e+01 3.728263e+01
      vertex   -5.000000e+00 3.042976e+01 3.770644e+01
      vertex   5.000000e+00 3.042976e+01 3.770644e+01
    endloop
  endfacet
  facet normal 0.000000e+00 1.328100e-01 9.911415e-01
    outer loop
      vertex   5.000000e+00 3.042976e+01 3.770644e+01
      vertex   -5.000000e+00 3.042976e+01 3.770644e+01
      vertex   -5.000000e+00 2.900000e+01 3.789803e+01
    endloop
  endfacet
  facet normal 1.664312e-18 1.328100e-01 9.911415e-01
    outer loop
      vertex   5.000000e+00 3.042976e+01 3.770644e+01
      vertex   -5.000000e+00 2.900000e+01 3.789803e+01
      vertex   5.000000e+00 2.900000e+01 3.789803e+01
    endloop
  endfacet
  facet normal -1.000000e+00 1.291754e-16 0.000000e+00
    outer loop
      vertex   -5.000000e+00 2.704163e+01 3.799788e+01
      vertex   -5.000000e+00 4.079314e+01 2.558411e+01
      vertex   -5.000000e+00 2.704163e+01 4.821917e-19
    endloop
  endfacet
  facet normal -1.000000e+00 7.712386e-17 2.797781e-17
    outer loop
      vertex   -5.000000e+00 2.704163e+01 4.821917e-19
      vertex   -5.000000e+00 4.079314e+01 2.558411e+01
      vertex   -5.000000e+00 4.153338e+01 2.354357e+01
    endloop
  endfacet
  facet normal -1.000000e+00 -7.542694e-16 5.397244e-16
    outer loop
      vertex   -5.000000e+00 2.704163e+01 4.821917e-19
      vertex   -5.000000e+00 4.153338e+01 2.354357e+01
      vertex   -5.000000e+00 4.238118e+01 2.143715e+01
    endloop
  endfacet
  facet normal -1.000000e+00 -0.000000e+00 -0.000000e+00
    outer loop
      vertex   -5.000000e+00 2.900000e+01 3.789803e+01
      vertex   -5.000000e+00 3.330944e+01 3.664424e+01
      vertex   -5.000000e+00 2.704163e+01 3.799788e+01
    endloop
  endfacet
  facet normal -1.000000e+00 0.000000e+00 0.000000e+00
    outer loop
      vertex   -5.000000e+00 2.704163e+01 3.799788e+01
      vertex   -5.000000e+00 3.330944e+01 3.664424e+01
      vertex   -5.000000e+00 3.466963e+01 3.581391e+01
    endloop
  endfacet
  facet normal -1.000000e+00 -3.945055e-16 -1.377900e-15
    outer loop
      vertex   -5.000000e+00 2.704163e+01 3.799788e+01
      vertex   -5.000000e+00 3.466963e+01 3.581391e+01
      vertex   -5.000000e+00 3.591219e+01 3.481357e+01
    endloop
  endfacet
  facet normal -1.000000e+00 -1.665277e-15 -7.791745e-15
    outer loop
      vertex   -5.000000e+00 3.042976e+01 3.770644e+01
      vertex   -5.000000e+00 3.187940e+01 3.728263e+01
      vertex   -5.000000e+00 2.900000e+01 3.789803e+01
    endloop
  endfacet
  facet normal -1.000000e+00 0.000000e+00 0.000000e+00
    outer loop
      vertex   -5.000000e+00 2.900000e+01 3.789803e+01
      vertex   -5.000000e+00 3.187940e+01 3.728263e+01
      vertex   -5.000000e+00 3.330944e+01 3.664424e+01
    endloop
  endfacet
  facet normal -1.000000e+00 5.697502e-16 1.308234e-15
    outer loop
      vertex   -5.000000e+00 3.591219e+01 3.481357e+01
      vertex   -5.000000e+00 3.700509e+01 3.365869e+01
      vertex   -5.000000e+00 2.704163e+01 3.799788e+01
    endloop
  endfacet
  facet normal -1.000000e+00 -4.316192e-16 -9.910641e-16
    outer loop
      vertex   -5.000000e+00 2.704163e+01 3.799788e+01
      vertex   -5.000000e+00 3.700509e+01 3.365869e+01
      vertex   -5.000000e+00 3.794273e+01 3.235414e+01
    endloop
  endfacet
  facet normal -1.000000e+00 5.553296e-16 9.152670e-16
    outer loop
      vertex   -5.000000e+00 2.704163e+01 3.799788e+01
      vertex   -5.000000e+00 3.794273e+01 3.235414e+01
      vertex   -5.000000e+00 3.874559e+01 3.089661e+01
    endloop
  endfacet
  facet normal -1.000000e+00 -4.542417e-16 -7.486589e-16
    outer loop
      vertex   -5.000000e+00 3.874559e+01 3.089661e+01
      vertex   -5.000000e+00 3.945334e+01 2.928083e+01
      vertex   -5.000000e+00 2.704163e+01 3.799788e+01
    endloop
  endfacet
  facet normal -1.000000e+00 5.739060e-16 7.152624e-16
    outer loop
      vertex   -5.000000e+00 2.704163e+01 3.799788e+01
      vertex   -5.000000e+00 3.945334e+01 2.928083e+01
      vertex   -5.000000e+00 4.011731e+01 2.750633e+01
    endloop
  endfacet
  facet normal -1.000000e+00 -1.032859e-15 -1.287258e-15
    outer loop
      vertex   -5.000000e+00 2.704163e+01 3.799788e+01
      vertex   -5.000000e+00 4.011731e+01 2.750633e+01
      vertex   -5.000000e+00 4.079314e+01 2.558411e+01
    endloop
  endfacet
  facet normal -1.000000e+00 7.136003e-16 -5.106232e-16
    outer loop
      vertex   -5.000000e+00 4.238118e+01 2.143715e+01
      vertex   -5.000000e+00 4.336787e+01 1.933725e+01
      vertex   -5.000000e+00 2.704163e+01 4.821917e-19
    endloop
  endfacet
  facet normal -1.000000e+00 -5.598067e-16 5.645008e-16
    outer loop
      vertex   -5.000000e+00 2.704163e+01 4.821917e-19
      vertex   -5.000000e+00 4.336787e+01 1.933725e+01
      vertex   -5.000000e+00 4.451355e+01 1.732663e+01
    endloop
  endfacet
  facet normal -1.000000e+00 1.117735e-15 -1.127107e-15
    outer loop
      vertex   -5.000000e+00 2.704163e+01 4.821917e-19
      vertex   -5.000000e+00 4.451355e+01 1.732663e+01
      vertex   -5.000000e+00 4.514940e+01 1.638116e+01
    endloop
  endfacet
  facet normal -1.000000e+00 5.812275e-17 4.419004e-17
    outer loop
      vertex   -5.000000e+00 4.514940e+01 1.638116e+01
      vertex   -5.000000e+00 4.582779e+01 1.548887e+01
      vertex   -5.000000e+00 2.704163e+01 4.821917e-19
    endloop
  endfacet
  facet normal -1.000000e+00 5.511353e-17 4.783987e-17
    outer loop
      vertex   -5.000000e+00 2.704163e+01 4.821917e-19
      vertex   -5.000000e+00 4.582779e+01 1.548887e+01
      vertex   -5.000000e+00 4.654837e+01 1.465874e+01
    endloop
  endfacet
  facet normal -1.000000e+00 -9.496955e-16 1.384963e-15
    outer loop
      vertex   -5.000000e+00 2.704163e+01 4.821917e-19
      vertex   -5.000000e+00 4.654837e+01 1.465874e+01
      vertex   -5.000000e+00 4.731020e+01 1.389854e+01
    endloop
  endfacet
  facet normal -1.000000e+00 9.874454e-16 -1.440015e-15
    outer loop
      vertex   -5.000000e+00 4.731020e+01 1.389854e+01
      vertex   -5.000000e+00 4.811178e+01 1.321463e+01
      vertex   -5.000000e+00 2.704163e+01 4.821917e-19
    endloop
  endfacet
  facet normal -1.000000e+00 4.501551e-17 6.264825e-17
    outer loop
      vertex   -5.000000e+00 2.704163e+01 4.821917e-19
      vertex   -5.000000e+00 4.811178e+01 1.321463e+01
      vertex   -5.000000e+00 4.895106e+01 1.261157e+01
    endloop
  endfacet
  facet normal -1.000000e+00 4.119293e-17 6.928901e-17
    outer loop
      vertex   -5.000000e+00 2.704163e+01 4.821917e-19
      vertex   -5.000000e+00 4.895106e+01 1.261157e+01
      vertex   -5.000000e+00 4.982542e+01 1.209176e+01
    endloop
  endfacet
  facet normal -1.000000e+00 3.709846e-17 7.700398e-17
    outer loop
      vertex   -5.000000e+00 4.982542e+01 1.209176e+01
      vertex   -5.000000e+00 5.073173e+01 1.165512e+01
      vertex   -5.000000e+00 2.704163e+01 4.821917e-19
    endloop
  endfacet
  facet normal -1.000000e+00 3.272235e-17 8.589883e-17
    outer loop
      vertex   -5.000000e+00 2.704163e+01 4.821917e-19
      vertex   -5.000000e+00 5.073173e+01 1.165512e+01
      vertex   -5.000000e+00 5.166635e+01 1.129909e+01
    endloop
  endfacet
  facet normal -1.000000e+00 -5.375513e-16 1.328728e-15
    outer loop
      vertex   -5.000000e+00 2.704163e+01 4.821917e-19
      vertex   -5.000000e+00 5.166635e+01 1.129909e+01
      vertex   -5.000000e+00 5.262523e+01 1.101857e+01
    endloop
  endfacet
  facet normal -1.000000e+00 3.252213e-16 -6.745118e-16
    outer loop
      vertex   -5.000000e+00 5.262523e+01 1.101857e+01
      vertex   -5.000000e+00 5.459762e+01 1.065280e+01
      vertex   -5.000000e+00 2.704163e+01 4.821917e-19
    endloop
  endfacet
  facet normal -1.000000e+00 5.955516e-17 1.269674e-17
    outer loop
      vertex   -5.000000e+00 2.704163e+01 4.821917e-19
      vertex   -5.000000e+00 5.459762e+01 1.065280e+01
      vertex   -5.000000e+00 7.178227e+01 0.000000e+00
    endloop
  endfacet
  facet normal -1.000000e+00 -8.380419e-18 -9.689407e-17
    outer loop
      vertex   -5.000000e+00 7.178227e+01 0.000000e+00
      vertex   -5.000000e+00 5.459762e+01 1.065280e+01
      vertex   -5.000000e+00 5.661032e+01 1.047872e+01
    endloop
  endfacet
  facet normal -1.000000e+00 7.372111e-17 2.197927e-17
    outer loop
      vertex   -5.000000e+00 7.178227e+01 0.000000e+00
      vertex   -5.000000e+00 5.661032e+01 1.047872e+01
      vertex   -5.000000e+00 7.138502e+01 1.332403e+00
    endloop
  endfacet
  facet normal -1.000000e+00 7.711030e-17 2.745407e-17
    outer loop
      vertex   -5.000000e+00 7.138502e+01 1.332403e+00
      vertex   -5.000000e+00 5.661032e+01 1.047872e+01
      vertex   -5.000000e+00 7.094555e+01 2.566761e+00
    endloop
  endfacet
  facet normal -1.000000e+00 2.367402e-16 3.166786e-16
    outer loop
      vertex   -5.000000e+00 7.094555e+01 2.566761e+00
      vertex   -5.000000e+00 5.661032e+01 1.047872e+01
      vertex   -5.000000e+00 6.059453e+01 1.030490e+01
    endloop
  endfacet
  facet normal -1.000000e+00 8.554678e-16 1.144327e-15
    outer loop
      vertex   -5.000000e+00 7.094555e+01 2.566761e+00
      vertex   -5.000000e+00 6.059453e+01 1.030490e+01
      vertex   -5.000000e+00 7.046381e+01 3.703050e+00
    endloop
  endfacet
  facet normal -1.000000e+00 1.358548e-16 6.855816e-17
    outer loop
      vertex   -5.000000e+00 7.046381e+01 3.703050e+00
      vertex   -5.000000e+00 6.059453e+01 1.030490e+01
      vertex   -5.000000e+00 6.993983e+01 4.741367e+00
    endloop
  endfacet
  facet normal -1.000000e+00 1.481041e-16 8.913397e-17
    outer loop
      vertex   -5.000000e+00 6.993983e+01 4.741367e+00
      vertex   -5.000000e+00 6.059453e+01 1.030490e+01
      vertex   -5.000000e+00 6.937369e+01 5.682059e+00
    endloop
  endfacet
  facet normal -1.000000e+00 -7.302169e-16 -1.578872e-15
    outer loop
      vertex   -5.000000e+00 6.937369e+01 5.682059e+00
      vertex   -5.000000e+00 6.059453e+01 1.030490e+01
      vertex   -5.000000e+00 6.876560e+01 6.525839e+00
    endloop
  endfacet
  facet normal -1.000000e+00 0.000000e+00 0.000000e+00
    outer loop
      vertex   -5.000000e+00 6.876560e+01 6.525839e+00
      vertex   -5.000000e+00 6.059453e+01 1.030490e+01
      vertex   -5.000000e+00 6.248862e+01 1.009336e+01
    endloop
  endfacet
  facet normal -1.000000e+00 -1.501760e-15 -2.642314e-15
    outer loop
      vertex   -5.000000e+00 6.876560e+01 6.525839e+00
      vertex   -5.000000e+00 6.248862e+01 1.009336e+01
      vertex   -5.000000e+00 6.339632e+01 9.913606e+00
    endloop
  endfacet
  facet normal -1.000000e+00 -1.291332e-15 -2.308806e-15
    outer loop
      vertex   -5.000000e+00 6.876560e+01 6.525839e+00
      vertex   -5.000000e+00 6.339632e+01 9.913606e+00
      vertex   -5.000000e+00 6.811591e+01 7.273905e+00
    endloop
  endfacet
  facet normal -1.000000e+00 2.003729e-15 3.582520e-15
    outer loop
      vertex   -5.000000e+00 6.811591e+01 7.273905e+00
      vertex   -5.000000e+00 6.339632e+01 9.913606e+00
      vertex   -5.000000e+00 6.427326e+01 9.671047e+00
    endloop
  endfacet
  facet normal -1.000000e+00 3.411202e-16 9.173358e-16
    outer loop
      vertex   -5.000000e+00 6.811591e+01 7.273905e+00
      vertex   -5.000000e+00 6.427326e+01 9.671047e+00
      vertex   -5.000000e+00 6.511668e+01 9.357415e+00
    endloop
  endfacet
  facet normal -1.000000e+00 -9.371479e-15 -1.706256e-14
    outer loop
      vertex   -5.000000e+00 6.592430e+01 8.965889e+00
      vertex   -5.000000e+00 6.669429e+01 8.490923e+00
      vertex   -5.000000e+00 6.511668e+01 9.357415e+00
    endloop
  endfacet
  facet normal -1.000000e+00 0.000000e+00 0.000000e+00
    outer loop
      vertex   -5.000000e+00 6.511668e+01 9.357415e+00
      vertex   -5.000000e+00 6.669429e+01 8.490923e+00
      vertex   -5.000000e+00 6.742520e+01 7.928077e+00
    endloop
  endfacet
  facet normal -1.000000e+00 2.427762e-15 3.921078e-15
    outer loop
      vertex   -5.000000e+00 6.511668e+01 9.357415e+00
      vertex   -5.000000e+00 6.742520e+01 7.928077e+00
      vertex   -5.000000e+00 6.811591e+01 7.273905e+00
    endloop
  endfacet
  facet normal 0.000000e+00 0.000000e+00 -1.000000e+00
    outer loop
      vertex   -7.481756e+00 -2.646268e+01 0.000000e+00
      vertex   7.481756e+00 -2.646268e+01 0.000000e+00
      vertex   -5.000000e+00 -2.704163e+01 0.000000e+00
    endloop
  endfacet
  facet normal 4.821917e-20 -1.039560e-18 -1.000000e+00
    outer loop
      vertex   -5.000000e+00 -2.704163e+01 0.000000e+00
      vertex   7.481756e+00 -2.646268e+01 0.000000e+00
      vertex   5.000000e+00 -2.704163e+01 4.821917e-19
    endloop
  endfacet
  facet normal 4.821917e-20 -9.572333e-36 -1.000000e+00
    outer loop
      vertex   -5.000000e+00 -2.704163e+01 0.000000e+00
      vertex   5.000000e+00 -2.704163e+01 4.821917e-19
      vertex   -5.000000e+00 -7.178227e+01 0.000000e+00
    endloop
  endfacet
  facet normal 0.000000e+00 1.077749e-20 -1.000000e+00
    outer loop
      vertex   -5.000000e+00 -7.178227e+01 0.000000e+00
      vertex   5.000000e+00 -2.704163e+01 4.821917e-19
      vertex   5.000000e+00 -7.178227e+01 0.000000e+00
    endloop
  endfacet
  facet normal 0.000000e+00 0.000000e+00 -1.000000e+00
    outer loop
      vertex   7.481756e+00 -2.646268e+01 0.000000e+00
      vertex   -7.481756e+00 -2.646268e+01 0.000000e+00
      vertex   9.899262e+00 -2.565647e+01 0.000000e+00
    endloop
  endfacet
  facet normal -0.000000e+00 0.000000e+00 -1.000000e+00
    outer loop
      vertex   9.899262e+00 -2.565647e+01 0.000000e+00
      vertex   -7.481756e+00 -2.646268e+01 0.000000e+00
      vertex   -9.899262e+00 -2.565647e+01 0.000000e+00
    endloop
  endfacet
  facet normal 0.000000e+00 0.000000e+00 -1.000000e+00
    outer loop
      vertex   9.899262e+00 -2.565647e+01 0.000000e+00
      vertex   -9.899262e+00 -2.565647e+01 0.000000e+00
      vertex   1.223176e+01 -2.462994e+01 0.000000e+00
    endloop
  endfacet
  facet normal -0.000000e+00 0.000000e+00 -1.000000e+00
    outer loop
      vertex   1.223176e+01 -2.462994e+01 0.000000e+00
      vertex   -9.899262e+00 -2.565647e+01 0.000000e+00
      vertex   -1.223176e+01 -2.462994e+01 0.000000e+00
    endloop
  endfacet
  facet normal 0.000000e+00 0.000000e+00 -1.000000e+00
    outer loop
      vertex   1.223176e+01 -2.462994e+01 0.000000e+00
      vertex   -1.223176e+01 -2.462994e+01 0.000000e+00
      vertex   1.445921e+01 -2.339190e+01 0.000000e+00
    endloop
  endfacet
  facet normal -0.000000e+00 0.000000e+00 -1.000000e+00
    outer loop
      vertex   1.445921e+01 -2.339190e+01 0.000000e+00
      vertex   -1.223176e+01 -2.462994e+01 0.000000e+00
      vertex   -1.445921e+01 -2.339190e+01 0.000000e+00
    endloop
  endfacet
  facet normal 0.000000e+00 0.000000e+00 -1.000000e+00
    outer loop
      vertex   1.445921e+01 -2.339190e+01 0.000000e+00
      vertex   -1.445921e+01 -2.339190e+01 0.000000e+00
      vertex   1.656250e+01 -2.195298e+01 0.000000e+00
    endloop
  endfacet
  facet normal -0.000000e+00 0.000000e+00 -1.000000e+00
    outer loop
      vertex   1.656250e+01 -2.195298e+01 0.000000e+00
      vertex   -1.445921e+01 -2.339190e+01 0.000000e+00
      vertex   -1.656250e+01 -2.195298e+01 0.000000e+00
    endloop
  endfacet
  facet normal 0.000000e+00 0.000000e+00 -1.000000e+00
    outer loop
      vertex   1.656250e+01 -2.195298e+01 0.000000e+00
      vertex   -1.656250e+01 -2.195298e+01 0.000000e+00
      vertex   1.852356e+01 -2.032554e+01 0.000000e+00
    endloop
  endfacet
  facet normal -0.000000e+00 0.000000e+00 -1.000000e+00
    outer loop
      vertex   1.852356e+01 -2.032554e+01 0.000000e+00
      vertex   -1.656250e+01 -2.195298e+01 0.000000e+00
      vertex   -1.852356e+01 -2.032554e+01 0.000000e+00
    endloop
  endfacet
  facet normal 0.000000e+00 0.000000e+00 -1.000000e+00
    outer loop
      vertex   1.852356e+01 -2.032554e+01 0.000000e+00
      vertex   -1.852356e+01 -2.032554e+01 0.000000e+00
      vertex   2.032554e+01 -1.852356e+01 0.000000e+00
    endloop
  endfacet
  facet normal -0.000000e+00 0.000000e+00 -1.000000e+00
    outer loop
      vertex   2.032554e+01 -1.852356e+01 0.000000e+00
      vertex   -1.852356e+01 -2.032554e+01 0.000000e+00
      vertex   -2.032554e+01 -1.852356e+01 0.000000e+00
    endloop
  endfacet
  facet normal 0.000000e+00 0.000000e+00 -1.000000e+00
    outer loop
      vertex   2.032554e+01 -1.852356e+01 0.000000e+00
      vertex   -2.032554e+01 -1.852356e+01 0.000000e+00
      vertex   2.195298e+01 -1.656250e+01 0.000000e+00
    endloop
  endfacet
  facet normal -0.000000e+00 0.000000e+00 -1.000000e+00
    outer loop
      vertex   2.195298e+01 -1.656250e+01 0.000000e+00
      vertex   -2.032554e+01 -1.852356e+01 0.000000e+00
      vertex   -2.195298e+01 -1.656250e+01 0.000000e+00
    endloop
  endfacet
  facet normal 0.000000e+00 0.000000e+00 -1.000000e+00
    outer loop
      vertex   2.195298e+01 -1.656250e+01 0.000000e+00
      vertex   -2.195298e+01 -1.656250e+01 0.000000e+00
      vertex   2.339190e+01 -1.445921e+01 0.000000e+00
    endloop
  endfacet
  facet normal -0.000000e+00 0.000000e+00 -1.000000e+00
    outer loop
      vertex   2.339190e+01 -1.445921e+01 0.000000e+00
      vertex   -2.195298e+01 -1.656250e+01 0.000000e+00
      vertex   -2.339190e+01 -1.445921e+01 0.000000e+00
    endloop
  endfacet
  facet normal 0.000000e+00 0.000000e+00 -1.000000e+00
    outer loop
      vertex   2.339190e+01 -1.445921e+01 0.000000e+00
      vertex   -2.339190e+01 -1.445921e+01 0.000000e+00
      vertex   2.462994e+01 -1.223176e+01 0.000000e+00
    endloop
  endfacet
  facet normal -0.000000e+00 0.000000e+00 -1.000000e+00
    outer loop
      vertex   2.462994e+01 -1.223176e+01 0.000000e+00
      vertex   -2.339190e+01 -1.445921e+01 0.000000e+00
      vertex   -2.462994e+01 -1.223176e+01 0.000000e+00
    endloop
  endfacet
  facet normal 0.000000e+00 0.000000e+00 -1.000000e+00
    outer loop
      vertex   2.462994e+01 -1.223176e+01 0.000000e+00
      vertex   -2.462994e+01 -1.223176e+01 0.000000e+00
      vertex   2.565647e+01 -9.899262e+00 0.000000e+00
    endloop
  endfacet
  facet normal -0.000000e+00 0.000000e+00 -1.000000e+00
    outer loop
      vertex   2.565647e+01 -9.899262e+00 0.000000e+00
      vertex   -2.462994e+01 -1.223176e+01 0.000000e+00
      vertex   -2.565647e+01 -9.899262e+00 0.000000e+00
    endloop
  endfacet
  facet normal 0.000000e+00 0.000000e+00 -1.000000e+00
    outer loop
      vertex   2.565647e+01 -9.899262e+00 0.000000e+00
      vertex   -2.565647e+01 -9.899262e+00 0.000000e+00
      vertex   2.646268e+01 -7.481756e+00 0.000000e+00
    endloop
  endfacet
  facet normal -0.000000e+00 0.000000e+00 -1.000000e+00
    outer loop
      vertex   2.646268e+01 -7.481756e+00 0.000000e+00
      vertex   -2.565647e+01 -9.899262e+00 0.000000e+00
      vertex   -2.646268e+01 -7.481756e+00 0.000000e+00
    endloop
  endfacet
  facet normal 6.521193e-36 1.942945e-19 -1.000000e+00
    outer loop
      vertex   2.646268e+01 -7.481756e+00 0.000000e+00
      vertex   -2.646268e+01 -7.481756e+00 0.000000e+00
      vertex   2.704163e+01 -5.000000e+00 4.821917e-19
    endloop
  endfacet
  facet normal 9.012202e-21 0.000000e+00 -1.000000e+00
    outer loop
      vertex   2.704163e+01 -5.000000e+00 4.821917e-19
      vertex   -2.646268e+01 -7.481756e+00 0.000000e+00
      vertex   2.704163e+01 5.000000e+00 4.821917e-19
    endloop
  endfacet
  facet normal -1.077749e-20 0.000000e+00 -1.000000e+00
    outer loop
      vertex   2.704163e+01 -5.000000e+00 4.821917e-19
      vertex   2.704163e+01 5.000000e+00 4.821917e-19
      vertex   7.178227e+01 5.000000e+00 0.000000e+00
    endloop
  endfacet
  facet normal -3.443954e-20 1.862603e-19 -1.000000e+00
    outer loop
      vertex   -2.646268e+01 -7.481756e+00 0.000000e+00
      vertex   -2.704163e+01 -5.000000e+00 4.821917e-19
      vertex   2.704163e+01 5.000000e+00 4.821917e-19
    endloop
  endfacet
  facet normal 3.443954e-20 -1.862603e-19 -1.000000e+00
    outer loop
      vertex   2.704163e+01 5.000000e+00 4.821917e-19
      vertex   -2.704163e+01 -5.000000e+00 4.821917e-19
      vertex   2.646268e+01 7.481756e+00 0.000000e+00
    endloop
  endfacet
  facet normal 2.236609e-21 -4.821917e-20 -1.000000e+00
    outer loop
      vertex   2.646268e+01 7.481756e+00 0.000000e+00
      vertex   -2.704163e+01 -5.000000e+00 4.821917e-19
      vertex   -2.704163e+01 5.000000e+00 0.000000e+00
    endloop
  endfacet
  facet normal -0.000000e+00 0.000000e+00 -1.000000e+00
    outer loop
      vertex   2.646268e+01 7.481756e+00 0.000000e+00
      vertex   -2.704163e+01 5.000000e+00 0.000000e+00
      vertex   -2.646268e+01 7.481756e+00 0.000000e+00
    endloop
  endfacet
  facet normal 1.077749e-20 -4.821917e-20 -1.000000e+00
    outer loop
      vertex   -2.704163e+01 -5.000000e+00 4.821917e-19
      vertex   -7.178227e+01 -5.000000e+00 0.000000e+00
      vertex   -2.704163e+01 5.000000e+00 0.000000e+00
    endloop
  endfacet
  facet normal -0.000000e+00 0.000000e+00 -1.000000e+00
    outer loop
      vertex   -2.704163e+01 5.000000e+00 0.000000e+00
      vertex   -7.178227e+01 -5.000000e+00 0.000000e+00
      vertex   -7.178227e+01 5.000000e+00 0.000000e+00
    endloop
  endfacet
  facet normal 0.000000e+00 0.000000e+00 -1.000000e+00
    outer loop
      vertex   2.646268e+01 7.481756e+00 0.000000e+00
      vertex   -2.646268e+01 7.481756e+00 0.000000e+00
      vertex   2.565647e+01 9.899262e+00 0.000000e+00
    endloop
  endfacet
  facet normal -0.000000e+00 0.000000e+00 -1.000000e+00
    outer loop
      vertex   2.565647e+01 9.899262e+00 0.000000e+00
      vertex   -2.646268e+01 7.481756e+00 0.000000e+00
      vertex   -2.565647e+01 9.899262e+00 0.000000e+00
    endloop
  endfacet
  facet normal 0.000000e+00 0.000000e+00 -1.000000e+00
    outer loop
      vertex   2.565647e+01 9.899262e+00 0.000000e+00
      vertex   -2.565647e+01 9.899262e+00 0.000000e+00
      vertex   2.462994e+01 1.223176e+01 0.000000e+00
    endloop
  endfacet
  facet normal -0.000000e+00 0.000000e+00 -1.000000e+00
    outer loop
      vertex   2.462994e+01 1.223176e+01 0.000000e+00
      vertex   -2.565647e+01 9.899262e+00 0.000000e+00
      vertex   -2.462994e+01 1.223176e+01 0.000000e+00
    endloop
  endfacet
  facet normal 0.000000e+00 0.000000e+00 -1.000000e+00
    outer loop
      vertex   2.462994e+01 1.223176e+01 0.000000e+00
      vertex   -2.462994e+01 1.223176e+01 0.000000e+00
      vertex   2.339190e+01 1.445921e+01 0.000000e+00
    endloop
  endfacet
  facet normal -0.000000e+00 0.000000e+00 -1.000000e+00
    outer loop
      vertex   2.339190e+01 1.445921e+01 0.000000e+00
      vertex   -2.462994e+01 1.223176e+01 0.000000e+00
      vertex   -2.339190e+01 1.445921e+01 0.000000e+00
    endloop
  endfacet
  facet normal 0.000000e+00 0.000000e+00 -1.000000e+00
    outer loop
      vertex   2.339190e+01 1.445921e+01 0.000000e+00
      vertex   -2.339190e+01 1.445921e+01 0.000000e+00
      vertex   2.195298e+01 1.656250e+01 0.000000e+00
    endloop
  endfacet
  facet normal -0.000000e+00 0.000000e+00 -1.000000e+00
    outer loop
      vertex   2.195298e+01 1.656250e+01 0.000000e+00
      vertex   -2.339190e+01 1.445921e+01 0.000000e+00
      vertex   -2.195298e+01 1.656250e+01 0.000000e+00
    endloop
  endfacet
  facet normal 0.000000e+00 0.000000e+00 -1.000000e+00
    outer loop
      vertex   2.195298e+01 1.656250e+01 0.000000e+00
      vertex   -2.195298e+01 1.656250e+01 0.000000e+00
      vertex   2.032554e+01 1.852356e+01 0.000000e+00
    endloop
  endfacet
  facet normal -0.000000e+00 0.000000e+00 -1.000000e+00
    outer loop
      vertex   2.032554e+01 1.852356e+01 0.000000e+00
      vertex   -2.195298e+01 1.656250e+01 0.000000e+00
      vertex   -2.032554e+01 1.852356e+01 0.000000e+00
    endloop
  endfacet
  facet normal 0.000000e+00 0.000000e+00 -1.000000e+00
    outer loop
      vertex   2.032554e+01 1.852356e+01 0.000000e+00
      vertex   -2.032554e+01 1.852356e+01 0.000000e+00
      vertex   1.852356e+01 2.032554e+01 0.000000e+00
    endloop
  endfacet
  facet normal 0.000000e+00 0.000000e+00 -1.000000e+00
    outer loop
      vertex   1.852356e+01 2.032554e+01 0.000000e+00
      vertex   -2.032554e+01 1.852356e+01 0.000000e+00
      vertex   -1.852356e+01 2.032554e+01 0.000000e+00
    endloop
  endfacet
  facet normal -0.000000e+00 0.000000e+00 -1.000000e+00
    outer loop
      vertex   1.852356e+01 2.032554e+01 0.000000e+00
      vertex   -1.852356e+01 2.032554e+01 0.000000e+00
      vertex   1.656250e+01 2.195298e+01 0.000000e+00
    endloop
  endfacet
  facet normal 0.000000e+00 0.000000e+00 -1.000000e+00
    outer loop
      vertex   1.656250e+01 2.195298e+01 0.000000e+00
      vertex   -1.852356e+01 2.032554e+01 0.000000e+00
      vertex   -1.656250e+01 2.195298e+01 0.000000e+00
    endloop
  endfacet
  facet normal -0.000000e+00 0.000000e+00 -1.000000e+00
    outer loop
      vertex   1.656250e+01 2.195298e+01 0.000000e+00
      vertex   -1.656250e+01 2.195298e+01 0.000000e+00
      vertex   1.445921e+01 2.339190e+01 0.000000e+00
    endloop
  endfacet
  facet normal 0.000000e+00 0.000000e+00 -1.000000e+00
    outer loop
      vertex   1.445921e+01 2.339190e+01 0.000000e+00
      vertex   -1.656250e+01 2.195298e+01 0.000000e+00
      vertex   -1.445921e+01 2.339190e+01 0.000000e+00
    endloop
  endfacet
  facet normal -0.000000e+00 0.000000e+00 -1.000000e+00
    outer loop
      vertex   1.445921e+01 2.339190e+01 0.000000e+00
      vertex   -1.445921e+01 2.339190e+01 0.000000e+00
      vertex   1.223176e+01 2.462994e+01 0.000000e+00
    endloop
  endfacet
  facet normal 0.000000e+00 0.000000e+00 -1.000000e+00
    outer loop
      vertex   1.223176e+01 2.462994e+01 0.000000e+00
      vertex   -1.445921e+01 2.339190e+01 0.000000e+00
      vertex   -1.223176e+01 2.462994e+01 0.000000e+00
    endloop
  endfacet
  facet normal -0.000000e+00 0.000000e+00 -1.000000e+00
    outer loop
      vertex   1.223176e+01 2.462994e+01 0.000000e+00
      vertex   -1.223176e+01 2.462994e+01 0.000000e+00
      vertex   9.899262e+00 2.565647e+01 0.000000e+00
    endloop
  endfacet
  facet normal 0.000000e+00 0.000000e+00 -1.000000e+00
    outer loop
      vertex   9.899262e+00 2.565647e+01 0.000000e+00
      vertex   -1.223176e+01 2.462994e+01 0.000000e+00
      vertex   -9.899262e+00 2.565647e+01 0.000000e+00
    endloop
  endfacet
  facet normal -0.000000e+00 0.000000e+00 -1.000000e+00
    outer loop
      vertex   9.899262e+00 2.565647e+01 0.000000e+00
      vertex   -9.899262e+00 2.565647e+01 0.000000e+00
      vertex   7.481756e+00 2.646268e+01 0.000000e+00
    endloop
  endfacet
  facet normal 0.000000e+00 0.000000e+00 -1.000000e+00
    outer loop
      vertex   7.481756e+00 2.646268e+01 0.000000e+00
      vertex   -9.899262e+00 2.565647e+01 0.000000e+00
      vertex   -7.481756e+00 2.646268e+01 0.000000e+00
    endloop
  endfacet
  facet normal -0.000000e+00 0.000000e+00 -1.000000e+00
    outer loop
      vertex   7.481756e+00 2.646268e+01 0.000000e+00
      vertex   -7.481756e+00 2.646268e+01 0.000000e+00
      vertex   5.000000e+00 2.704163e+01 0.000000e+00
    endloop
  endfacet
  facet normal -4.821917e-20 1.039560e-18 -1.000000e+00
    outer loop
      vertex   5.000000e+00 2.704163e+01 0.000000e+00
      vertex   -7.481756e+00 2.646268e+01 0.000000e+00
      vertex   -5.000000e+00 2.704163e+01 4.821917e-19
    endloop
  endfacet
  facet normal -4.821917e-20 2.871700e-36 -1.000000e+00
    outer loop
      vertex   5.000000e+00 2.704163e+01 0.000000e+00
      vertex   -5.000000e+00 2.704163e+01 4.821917e-19
      vertex   5.000000e+00 7.178227e+01 0.000000e+00
    endloop
  endfacet
  facet normal -0.000000e+00 -1.077749e-20 -1.000000e+00
    outer loop
      vertex   5.000000e+00 7.178227e+01 0.000000e+00
      vertex   -5.000000e+00 2.704163e+01 4.821917e-19
      vertex   -5.000000e+00 7.178227e+01 0.000000e+00
    endloop
  endfacet
  facet normal -1.077749e-20 -0.000000e+00 -1.000000e+00
    outer loop
      vertex   7.178227e+01 5.000000e+00 0.000000e+00
      vertex   7.178227e+01 -5.000000e+00 0.000000e+00
      vertex   2.704163e+01 -5.000000e+00 4.821917e-19
    endloop
  endfacet
  facet normal 0.000000e+00 1.000000e+00 0.000000e+00
    outer loop
      vertex   2.704163e+01 5.000000e+00 3.799788e+01
      vertex   4.079314e+01 5.000000e+00 2.558411e+01
      vertex   2.704163e+01 5.000000e+00 4.821917e-19
    endloop
  endfacet
  facet normal 0.000000e+00 1.000000e+00 0.000000e+00
    outer loop
      vertex   2.704163e+01 5.000000e+00 4.821917e-19
      vertex   4.079314e+01 5.000000e+00 2.558411e+01
      vertex   4.153338e+01 5.000000e+00 2.354357e+01
    endloop
  endfacet
  facet normal 0.000000e+00 1.000000e+00 0.000000e+00
    outer loop
      vertex   2.704163e+01 5.000000e+00 4.821917e-19
      vertex   4.153338e+01 5.000000e+00 2.354357e+01
      vertex   4.238118e+01 5.000000e+00 2.143715e+01
    endloop
  endfacet
  facet normal 0.000000e+00 1.000000e+00 0.000000e+00
    outer loop
      vertex   2.900000e+01 5.000000e+00 3.789803e+01
      vertex   3.330944e+01 5.000000e+00 3.664424e+01
      vertex   2.704163e+01 5.000000e+00 3.799788e+01
    endloop
  endfacet
  facet normal 0.000000e+00 1.000000e+00 0.000000e+00
    outer loop
      vertex   2.704163e+01 5.000000e+00 3.799788e+01
      vertex   3.330944e+01 5.000000e+00 3.664424e+01
      vertex   3.466963e+01 5.000000e+00 3.581391e+01
    endloop
  endfacet
  facet normal 0.000000e+00 1.000000e+00 0.000000e+00
    outer loop
      vertex   2.704163e+01 5.000000e+00 3.799788e+01
      vertex   3.466963e+01 5.000000e+00 3.581391e+01
      vertex   3.591219e+01 5.000000e+00 3.481357e+01
    endloop
  endfacet
  facet normal 0.000000e+00 1.000000e+00 0.000000e+00
    outer loop
      vertex   3.042976e+01 5.000000e+00 3.770644e+01
      vertex   3.187940e+01 5.000000e+00 3.728263e+01
      vertex   2.900000e+01 5.000000e+00 3.789803e+01
    endloop
  endfacet
  facet normal 0.000000e+00 1.000000e+00 0.000000e+00
    outer loop
      vertex   2.900000e+01 5.000000e+00 3.789803e+01
      vertex   3.187940e+01 5.000000e+00 3.728263e+01
      vertex   3.330944e+01 5.000000e+00 3.664424e+01
    endloop
  endfacet
  facet normal 0.000000e+00 1.000000e+00 0.000000e+00
    outer loop
      vertex   3.591219e+01 5.000000e+00 3.481357e+01
      vertex   3.700509e+01 5.000000e+00 3.365869e+01
      vertex   2.704163e+01 5.000000e+00 3.799788e+01
    endloop
  endfacet
  facet normal 0.000000e+00 1.000000e+00 0.000000e+00
    outer loop
      vertex   2.704163e+01 5.000000e+00 3.799788e+01
      vertex   3.700509e+01 5.000000e+00 3.365869e+01
      vertex   3.794273e+01 5.000000e+00 3.235414e+01
    endloop
  endfacet
  facet normal 0.000000e+00 1.000000e+00 0.000000e+00
    outer loop
      vertex   2.704163e+01 5.000000e+00 3.799788e+01
      vertex   3.794273e+01 5.000000e+00 3.235414e+01
      vertex   3.874559e+01 5.000000e+00 3.089661e+01
    endloop
  endfacet
  facet normal 0.000000e+00 1.000000e+00 0.000000e+00
    outer loop
      vertex   3.874559e+01 5.000000e+00 3.089661e+01
      vertex   3.945334e+01 5.000000e+00 2.928083e+01
      vertex   2.704163e+01 5.000000e+00 3.799788e+01
    endloop
  endfacet
  facet normal 0.000000e+00 1.000000e+00 0.000000e+00
    outer loop
      vertex   2.704163e+01 5.000000e+00 3.799788e+01
      vertex   3.945334e+01 5.000000e+00 2.928083e+01
      vertex   4.011731e+01 5.000000e+00 2.750633e+01
    endloop
  endfacet
  facet normal 0.000000e+00 1.000000e+00 0.000000e+00
    outer loop
      vertex   2.704163e+01 5.000000e+00 3.799788e+01
      vertex   4.011731e+01 5.000000e+00 2.750633e+01
      vertex   4.079314e+01 5.000000e+00 2.558411e+01
    endloop
  endfacet
  facet normal 0.000000e+00 1.000000e+00 0.000000e+00
    outer loop
      vertex   4.238118e+01 5.000000e+00 2.143715e+01
      vertex   4.336787e+01 5.000000e+00 1.933725e+01
      vertex   2.704163e+01 5.000000e+00 4.821917e-19
    endloop
  endfacet
  facet normal 0.000000e+00 1.000000e+00 0.000000e+00
    outer loop
      vertex   2.704163e+01 5.000000e+00 4.821917e-19
      vertex   4.336787e+01 5.000000e+00 1.933725e+01
      vertex   4.451355e+01 5.000000e+00 1.732663e+01
    endloop
  endfacet
  facet normal 0.000000e+00 1.000000e+00 0.000000e+00
    outer loop
      vertex   2.704163e+01 5.000000e+00 4.821917e-19
      vertex   4.451355e+01 5.000000e+00 1.732663e+01
      vertex   4.514940e+01 5.000000e+00 1.638116e+01
    endloop
  endfacet
  facet normal 0.000000e+00 1.000000e+00 0.000000e+00
    outer loop
      vertex   4.514940e+01 5.000000e+00 1.638116e+01
      vertex   4.582779e+01 5.000000e+00 1.548887e+01
      vertex   2.704163e+01 5.000000e+00 4.821917e-19
    endloop
  endfacet
  facet normal 0.000000e+00 1.000000e+00 0.000000e+00
    outer loop
      vertex   2.704163e+01 5.000000e+00 4.821917e-19
      vertex   4.582779e+01 5.000000e+00 1.548887e+01
      vertex   4.654837e+01 5.000000e+00 1.465874e+01
    endloop
  endfacet
  facet normal 0.000000e+00 1.000000e+00 0.000000e+00
    outer loop
      vertex   2.704163e+01 5.000000e+00 4.821917e-19
      vertex   4.654837e+01 5.000000e+00 1.465874e+01
      vertex   4.731020e+01 5.000000e+00 1.389854e+01
    endloop
  endfacet
  facet normal 0.000000e+00 1.000000e+00 0.000000e+00
    outer loop
      vertex   4.731020e+01 5.000000e+00 1.389854e+01
      vertex   4.811178e+01 5.000000e+00 1.321463e+01
      vertex   2.704163e+01 5.000000e+00 4.821917e-19
    endloop
  endfacet
  facet normal 0.000000e+00 1.000000e+00 0.000000e+00
    outer loop
      vertex   2.704163e+01 5.000000e+00 4.821917e-19
      vertex   4.811178e+01 5.000000e+00 1.321463e+01
      vertex   4.895106e+01 5.000000e+00 1.261157e+01
    endloop
  endfacet
  facet normal 0.000000e+00 1.000000e+00 0.000000e+00
    outer loop
      vertex   2.704163e+01 5.000000e+00 4.821917e-19
      vertex   4.895106e+01 5.000000e+00 1.261157e+01
      vertex   4.982542e+01 5.000000e+00 1.209176e+01
    endloop
  endfacet
  facet normal 0.000000e+00 1.000000e+00 0.000000e+00
    outer loop
      vertex   4.982542e+01 5.000000e+00 1.209176e+01
      vertex   5.073173e+01 5.000000e+00 1.165512e+01
      vertex   2.704163e+01 5.000000e+00 4.821917e-19
    endloop
  endfacet
  facet normal 0.000000e+00 1.000000e+00 0.000000e+00
    outer loop
      vertex   2.704163e+01 5.000000e+00 4.821917e-19
      vertex   5.073173e+01 5.000000e+00 1.165512e+01
      vertex   5.166635e+01 5.000000e+00 1.129909e+01
    endloop
  endfacet
  facet normal 0.000000e+00 1.000000e+00 0.000000e+00
    outer loop
      vertex   2.704163e+01 5.000000e+00 4.821917e-19
      vertex   5.166635e+01 5.000000e+00 1.129909e+01
      vertex   5.262523e+01 5.000000e+00 1.101857e+01
    endloop
  endfacet
  facet normal 0.000000e+00 1.000000e+00 0.000000e+00
    outer loop
      vertex   5.262523e+01 5.000000e+00 1.101857e+01
      vertex   5.459762e+01 5.000000e+00 1.065280e+01
      vertex   2.704163e+01 5.000000e+00 4.821917e-19
    endloop
  endfacet
  facet normal -0.000000e+00 1.000000e+00 0.000000e+00
    outer loop
      vertex   2.704163e+01 5.000000e+00 4.821917e-19
      vertex   5.459762e+01 5.000000e+00 1.065280e+01
      vertex   7.178227e+01 5.000000e+00 0.000000e+00
    endloop
  endfacet
  facet normal 0.000000e+00 1.000000e+00 0.000000e+00
    outer loop
      vertex   7.178227e+01 5.000000e+00 0.000000e+00
      vertex   5.459762e+01 5.000000e+00 1.065280e+01
      vertex   5.661032e+01 5.000000e+00 1.047872e+01
    endloop
  endfacet
  facet normal 0.000000e+00 1.000000e+00 0.000000e+00
    outer loop
      vertex   7.178227e+01 5.000000e+00 0.000000e+00
      vertex   5.661032e+01 5.000000e+00 1.047872e+01
      vertex   7.138502e+01 5.000000e+00 1.332403e+00
    endloop
  endfacet
  facet normal 0.000000e+00 1.000000e+00 0.000000e+00
    outer loop
      vertex   7.138502e+01 5.000000e+00 1.332403e+00
      vertex   5.661032e+01 5.000000e+00 1.047872e+01
      vertex   7.094555e+01 5.000000e+00 2.566761e+00
    endloop
  endfacet
  facet normal 0.000000e+00 1.000000e+00 0.000000e+00
    outer loop
      vertex   7.094555e+01 5.000000e+00 2.566761e+00
      vertex   5.661032e+01 5.000000e+00 1.047872e+01
      vertex   6.059453e+01 5.000000e+00 1.030490e+01
    endloop
  endfacet
  facet normal 0.000000e+00 1.000000e+00 0.000000e+00
    outer loop
      vertex   7.094555e+01 5.000000e+00 2.566761e+00
      vertex   6.059453e+01 5.000000e+00 1.030490e+01
      vertex   7.046381e+01 5.000000e+00 3.703050e+00
    endloop
  endfacet
  facet normal 0.000000e+00 1.000000e+00 0.000000e+00
    outer loop
      vertex   7.046381e+01 5.000000e+00 3.703050e+00
      vertex   6.059453e+01 5.000000e+00 1.030490e+01
      vertex   6.993983e+01 5.000000e+00 4.741367e+00
    endloop
  endfacet
  facet normal 0.000000e+00 1.000000e+00 0.000000e+00
    outer loop
      vertex   6.993983e+01 5.000000e+00 4.741367e+00
      vertex   6.059453e+01 5.000000e+00 1.030490e+01
      vertex   6.937369e+01 5.000000e+00 5.682059e+00
    endloop
  endfacet
  facet normal 0.000000e+00 1.000000e+00 0.000000e+00
    outer loop
      vertex   6.937369e+01 5.000000e+00 5.682059e+00
      vertex   6.059453e+01 5.000000e+00 1.030490e+01
      vertex   6.876560e+01 5.000000e+00 6.525839e+00
    endloop
  endfacet
  facet normal 0.000000e+00 1.000000e+00 0.000000e+00
    outer loop
      vertex   6.876560e+01 5.000000e+00 6.525839e+00
      vertex   6.059453e+01 5.000000e+00 1.030490e+01
      vertex   6.248862e+01 5.000000e+00 1.009336e+01
    endloop
  endfacet
  facet normal 0.000000e+00 1.000000e+00 0.000000e+00
    outer loop
      vertex   6.876560e+01 5.000000e+00 6.525839e+00
      vertex   6.248862e+01 5.000000e+00 1.009336e+01
      vertex   6.339632e+01 5.000000e+00 9.913606e+00
    endloop
  endfacet
  facet normal 0.000000e+00 1.000000e+00 0.000000e+00
    outer loop
      vertex   6.876560e+01 5.000000e+00 6.525839e+00
      vertex   6.339632e+01 5.000000e+00 9.913606e+00
      vertex   6.811591e+01 5.000000e+00 7.273905e+00
    endloop
  endfacet
  facet normal 0.000000e+00 1.000000e+00 0.000000e+00
    outer loop
      vertex   6.811591e+01 5.000000e+00 7.273905e+00
      vertex   6.339632e+01 5.000000e+00 9.913606e+00
      vertex   6.427326e+01 5.000000e+00 9.671047e+00
    endloop
  endfacet
  facet normal 0.000000e+00 1.000000e+00 0.000000e+00
    outer loop
      vertex   6.811591e+01 5.000000e+00 7.273905e+00
      vertex   6.427326e+01 5.000000e+00 9.671047e+00
      vertex   6.511668e+01 5.000000e+00 9.357415e+00
    endloop
  endfacet
  facet normal 0.000000e+00 1.000000e+00 0.000000e+00
    outer loop
      vertex   6.592430e+01 5.000000e+00 8.965889e+00
      vertex   6.669429e+01 5.000000e+00 8.490923e+00
      vertex   6.511668e+01 5.000000e+00 9.357415e+00
    endloop
  endfacet
  facet normal 0.000000e+00 1.000000e+00 0.000000e+00
    outer loop
      vertex   6.511668e+01 5.000000e+00 9.357415e+00
      vertex   6.669429e+01 5.000000e+00 8.490923e+00
      vertex   6.742520e+01 5.000000e+00 7.928077e+00
    endloop
  endfacet
  facet normal 0.000000e+00 1.000000e+00 0.000000e+00
    outer loop
      vertex   6.511668e+01 5.000000e+00 9.357415e+00
      vertex   6.742520e+01 5.000000e+00 7.928077e+00
      vertex   6.811591e+01 5.000000e+00 7.273905e+00
    endloop
  endfacet
  facet normal 5.092161e-02 -8.786997e-16 9.987027e-01
    outer loop
      vertex   2.704163e+01 5.000000e+00 3.799788e+01
      vertex   2.738517e+01 2.510483e+00 3.798036e+01
      vertex   2.900000e+01 5.000000e+00 3.789803e+01
    endloop
  endfacet
  facet normal 5.092161e-02 2.011960e-15 9.987027e-01
    outer loop
      vertex   2.900000e+01 5.000000e+00 3.789803e+01
      vertex   2.738517e+01 2.510483e+00 3.798036e+01
      vertex   2.750000e+01 0.000000e+00 3.797451e+01
    endloop
  endfacet
  facet normal 5.092161e-02 0.000000e+00 9.987027e-01
    outer loop
      vertex   2.900000e+01 5.000000e+00 3.789803e+01
      vertex   2.750000e+01 0.000000e+00 3.797451e+01
      vertex   2.900000e+01 -5.000000e+00 3.789803e+01
    endloop
  endfacet
  facet normal 5.092161e-02 -2.012803e-15 9.987027e-01
    outer loop
      vertex   2.900000e+01 -5.000000e+00 3.789803e+01
      vertex   2.750000e+01 0.000000e+00 3.797451e+01
      vertex   2.738517e+01 -2.510483e+00 3.798036e+01
    endloop
  endfacet
  facet normal 5.092161e-02 8.810283e-16 9.987027e-01
    outer loop
      vertex   2.900000e+01 -5.000000e+00 3.789803e+01
      vertex   2.738517e+01 -2.510483e+00 3.798036e+01
      vertex   2.704163e+01 -5.000000e+00 3.799788e+01
    endloop
  endfacet
  facet normal 0.000000e+00 -1.000000e+00 0.000000e+00
    outer loop
      vertex   2.704163e+01 -5.000000e+00 4.821917e-19
      vertex   4.079314e+01 -5.000000e+00 2.558411e+01
      vertex   2.704163e+01 -5.000000e+00 3.799788e+01
    endloop
  endfacet
  facet normal 0.000000e+00 -1.000000e+00 0.000000e+00
    outer loop
      vertex   2.704163e+01 -5.000000e+00 3.799788e+01
      vertex   4.079314e+01 -5.000000e+00 2.558411e+01
      vertex   4.011731e+01 -5.000000e+00 2.750633e+01
    endloop
  endfacet
  facet normal 0.000000e+00 -1.000000e+00 0.000000e+00
    outer loop
      vertex   2.704163e+01 -5.000000e+00 3.799788e+01
      vertex   4.011731e+01 -5.000000e+00 2.750633e+01
      vertex   3.945334e+01 -5.000000e+00 2.928083e+01
    endloop
  endfacet
  facet normal 0.000000e+00 -1.000000e+00 0.000000e+00
    outer loop
      vertex   7.178227e+01 -5.000000e+00 0.000000e+00
      vertex   5.459762e+01 -5.000000e+00 1.065280e+01
      vertex   2.704163e+01 -5.000000e+00 4.821917e-19
    endloop
  endfacet
  facet normal 0.000000e+00 -1.000000e+00 0.000000e+00
    outer loop
      vertex   2.704163e+01 -5.000000e+00 4.821917e-19
      vertex   5.459762e+01 -5.000000e+00 1.065280e+01
      vertex   5.262523e+01 -5.000000e+00 1.101857e+01
    endloop
  endfacet
  facet normal 0.000000e+00 -1.000000e+00 0.000000e+00
    outer loop
      vertex   2.704163e+01 -5.000000e+00 4.821917e-19
      vertex   5.262523e+01 -5.000000e+00 1.101857e+01
      vertex   5.166635e+01 -5.000000e+00 1.129909e+01
    endloop
  endfacet
  facet normal 0.000000e+00 -1.000000e+00 0.000000e+00
    outer loop
      vertex   5.459762e+01 -5.000000e+00 1.065280e+01
      vertex   7.178227e+01 -5.000000e+00 0.000000e+00
      vertex   5.661032e+01 -5.000000e+00 1.047872e+01
    endloop
  endfacet
  facet normal 0.000000e+00 -1.000000e+00 0.000000e+00
    outer loop
      vertex   5.661032e+01 -5.000000e+00 1.047872e+01
      vertex   7.178227e+01 -5.000000e+00 0.000000e+00
      vertex   7.138502e+01 -5.000000e+00 1.332403e+00
    endloop
  endfacet
  facet normal 0.000000e+00 -1.000000e+00 0.000000e+00
    outer loop
      vertex   5.661032e+01 -5.000000e+00 1.047872e+01
      vertex   7.138502e+01 -5.000000e+00 1.332403e+00
      vertex   7.094555e+01 -5.000000e+00 2.566761e+00
    endloop
  endfacet
  facet normal 0.000000e+00 -1.000000e+00 0.000000e+00
    outer loop
      vertex   5.661032e+01 -5.000000e+00 1.047872e+01
      vertex   7.094555e+01 -5.000000e+00 2.566761e+00
      vertex   6.059453e+01 -5.000000e+00 1.030490e+01
    endloop
  endfacet
  facet normal 0.000000e+00 -1.000000e+00 0.000000e+00
    outer loop
      vertex   6.059453e+01 -5.000000e+00 1.030490e+01
      vertex   7.094555e+01 -5.000000e+00 2.566761e+00
      vertex   7.046381e+01 -5.000000e+00 3.703050e+00
    endloop
  endfacet
  facet normal 0.000000e+00 -1.000000e+00 0.000000e+00
    outer loop
      vertex   6.059453e+01 -5.000000e+00 1.030490e+01
      vertex   7.046381e+01 -5.000000e+00 3.703050e+00
      vertex   6.993983e+01 -5.000000e+00 4.741367e+00
    endloop
  endfacet
  facet normal 0.000000e+00 -1.000000e+00 0.000000e+00
    outer loop
      vertex   6.993983e+01 -5.000000e+00 4.741367e+00
      vertex   6.937369e+01 -5.000000e+00 5.682059e+00
      vertex   6.059453e+01 -5.000000e+00 1.030490e+01
    endloop
  endfacet
  facet normal 0.000000e+00 -1.000000e+00 0.000000e+00
    outer loop
      vertex   6.059453e+01 -5.000000e+00 1.030490e+01
      vertex   6.937369e+01 -5.000000e+00 5.682059e+00
      vertex   6.876560e+01 -5.000000e+00 6.525839e+00
    endloop
  endfacet
  facet normal 0.000000e+00 -1.000000e+00 0.000000e+00
    outer loop
      vertex   6.059453e+01 -5.000000e+00 1.030490e+01
      vertex   6.876560e+01 -5.000000e+00 6.525839e+00
      vertex   6.248862e+01 -5.000000e+00 1.009336e+01
    endloop
  endfacet
  facet normal 0.000000e+00 -1.000000e+00 0.000000e+00
    outer loop
      vertex   6.248862e+01 -5.000000e+00 1.009336e+01
      vertex   6.876560e+01 -5.000000e+00 6.525839e+00
      vertex   6.339632e+01 -5.000000e+00 9.913606e+00
    endloop
  endfacet
  facet normal 0.000000e+00 -1.000000e+00 0.000000e+00
    outer loop
      vertex   6.339632e+01 -5.000000e+00 9.913606e+00
      vertex   6.876560e+01 -5.000000e+00 6.525839e+00
      vertex   6.811591e+01 -5.000000e+00 7.273905e+00
    endloop
  endfacet
  facet normal 0.000000e+00 -1.000000e+00 0.000000e+00
    outer loop
      vertex   6.339632e+01 -5.000000e+00 9.913606e+00
      vertex   6.811591e+01 -5.000000e+00 7.273905e+00
      vertex   6.427326e+01 -5.000000e+00 9.671047e+00
    endloop
  endfacet
  facet normal 0.000000e+00 -1.000000e+00 0.000000e+00
    outer loop
      vertex   6.427326e+01 -5.000000e+00 9.671047e+00
      vertex   6.811591e+01 -5.000000e+00 7.273905e+00
      vertex   6.511668e+01 -5.000000e+00 9.357415e+00
    endloop
  endfacet
  facet normal 0.000000e+00 -1.000000e+00 0.000000e+00
    outer loop
      vertex   6.511668e+01 -5.000000e+00 9.357415e+00
      vertex   6.811591e+01 -5.000000e+00 7.273905e+00
      vertex   6.742520e+01 -5.000000e+00 7.928077e+00
    endloop
  endfacet
  facet normal 0.000000e+00 -1.000000e+00 0.000000e+00
    outer loop
      vertex   6.511668e+01 -5.000000e+00 9.357415e+00
      vertex   6.742520e+01 -5.000000e+00 7.928077e+00
      vertex   6.669429e+01 -5.000000e+00 8.490923e+00
    endloop
  endfacet
  facet normal 0.000000e+00 -1.000000e+00 0.000000e+00
    outer loop
      vertex   6.669429e+01 -5.000000e+00 8.490923e+00
      vertex   6.592430e+01 -5.000000e+00 8.965889e+00
      vertex   6.511668e+01 -5.000000e+00 9.357415e+00
    endloop
  endfacet
  facet normal -0.000000e+00 -1.000000e+00 0.000000e+00
    outer loop
      vertex   5.166635e+01 -5.000000e+00 1.129909e+01
      vertex   5.073173e+01 -5.000000e+00 1.165512e+01
      vertex   2.704163e+01 -5.000000e+00 4.821917e-19
    endloop
  endfacet
  facet normal 0.000000e+00 -1.000000e+00 0.000000e+00
    outer loop
      vertex   2.704163e+01 -5.000000e+00 4.821917e-19
      vertex   5.073173e+01 -5.000000e+00 1.165512e+01
      vertex   4.982542e+01 -5.000000e+00 1.209176e+01
    endloop
  endfacet
  facet normal 0.000000e+00 -1.000000e+00 0.000000e+00
    outer loop
      vertex   2.704163e+01 -5.000000e+00 4.821917e-19
      vertex   4.982542e+01 -5.000000e+00 1.209176e+01
      vertex   4.895106e+01 -5.000000e+00 1.261157e+01
    endloop
  endfacet
  facet normal -0.000000e+00 -1.000000e+00 0.000000e+00
    outer loop
      vertex   4.895106e+01 -5.000000e+00 1.261157e+01
      vertex   4.811178e+01 -5.000000e+00 1.321463e+01
      vertex   2.704163e+01 -5.000000e+00 4.821917e-19
    endloop
  endfacet
  facet normal 0.000000e+00 -1.000000e+00 0.000000e+00
    outer loop
      vertex   2.704163e+01 -5.000000e+00 4.821917e-19
      vertex   4.811178e+01 -5.000000e+00 1.321463e+01
      vertex   4.731020e+01 -5.000000e+00 1.389854e+01
    endloop
  endfacet
  facet normal 0.000000e+00 -1.000000e+00 0.000000e+00
    outer loop
      vertex   2.704163e+01 -5.000000e+00 4.821917e-19
      vertex   4.731020e+01 -5.000000e+00 1.389854e+01
      vertex   4.654837e+01 -5.000000e+00 1.465874e+01
    endloop
  endfacet
  facet normal -0.000000e+00 -1.000000e+00 0.000000e+00
    outer loop
      vertex   4.654837e+01 -5.000000e+00 1.465874e+01
      vertex   4.582779e+01 -5.000000e+00 1.548887e+01
      vertex   2.704163e+01 -5.000000e+00 4.821917e-19
    endloop
  endfacet
  facet normal 0.000000e+00 -1.000000e+00 0.000000e+00
    outer loop
      vertex   2.704163e+01 -5.000000e+00 4.821917e-19
      vertex   4.582779e+01 -5.000000e+00 1.548887e+01
      vertex   4.514940e+01 -5.000000e+00 1.638116e+01
    endloop
  endfacet
  facet normal 0.000000e+00 -1.000000e+00 0.000000e+00
    outer loop
      vertex   2.704163e+01 -5.000000e+00 4.821917e-19
      vertex   4.514940e+01 -5.000000e+00 1.638116e+01
      vertex   4.451355e+01 -5.000000e+00 1.732663e+01
    endloop
  endfacet
  facet normal -0.000000e+00 -1.000000e+00 0.000000e+00
    outer loop
      vertex   4.451355e+01 -5.000000e+00 1.732663e+01
      vertex   4.336787e+01 -5.000000e+00 1.933725e+01
      vertex   2.704163e+01 -5.000000e+00 4.821917e-19
    endloop
  endfacet
  facet normal 0.000000e+00 -1.000000e+00 0.000000e+00
    outer loop
      vertex   2.704163e+01 -5.000000e+00 4.821917e-19
      vertex   4.336787e+01 -5.000000e+00 1.933725e+01
      vertex   4.238118e+01 -5.000000e+00 2.143715e+01
    endloop
  endfacet
  facet normal 0.000000e+00 -1.000000e+00 0.000000e+00
    outer loop
      vertex   2.704163e+01 -5.000000e+00 4.821917e-19
      vertex   4.238118e+01 -5.000000e+00 2.143715e+01
      vertex   4.153338e+01 -5.000000e+00 2.354357e+01
    endloop
  endfacet
  facet normal -0.000000e+00 -1.000000e+00 0.000000e+00
    outer loop
      vertex   4.153338e+01 -5.000000e+00 2.354357e+01
      vertex   4.079314e+01 -5.000000e+00 2.558411e+01
      vertex   2.704163e+01 -5.000000e+00 4.821917e-19
    endloop
  endfacet
  facet normal 0.000000e+00 -1.000000e+00 0.000000e+00
    outer loop
      vertex   3.945334e+01 -5.000000e+00 2.928083e+01
      vertex   3.874559e+01 -5.000000e+00 3.089661e+01
      vertex   2.704163e+01 -5.000000e+00 3.799788e+01
    endloop
  endfacet
  facet normal 0.000000e+00 -1.000000e+00 0.000000e+00
    outer loop
      vertex   2.704163e+01 -5.000000e+00 3.799788e+01
      vertex   3.874559e+01 -5.000000e+00 3.089661e+01
      vertex   3.794273e+01 -5.000000e+00 3.235414e+01
    endloop
  endfacet
  facet normal 0.000000e+00 -1.000000e+00 0.000000e+00
    outer loop
      vertex   2.704163e+01 -5.000000e+00 3.799788e+01
      vertex   3.794273e+01 -5.000000e+00 3.235414e+01
      vertex   3.700509e+01 -5.000000e+00 3.365869e+01
    endloop
  endfacet
  facet normal 0.000000e+00 -1.000000e+00 0.000000e+00
    outer loop
      vertex   3.700509e+01 -5.000000e+00 3.365869e+01
      vertex   3.591219e+01 -5.000000e+00 3.481357e+01
      vertex   2.704163e+01 -5.000000e+00 3.799788e+01
    endloop
  endfacet
  facet normal 0.000000e+00 -1.000000e+00 0.000000e+00
    outer loop
      vertex   2.704163e+01 -5.000000e+00 3.799788e+01
      vertex   3.591219e+01 -5.000000e+00 3.481357e+01
      vertex   3.466963e+01 -5.000000e+00 3.581391e+01
    endloop
  endfacet
  facet normal 0.000000e+00 -1.000000e+00 0.000000e+00
    outer loop
      vertex   2.704163e+01 -5.000000e+00 3.799788e+01
      vertex   3.466963e+01 -5.000000e+00 3.581391e+01
      vertex   3.330944e+01 -5.000000e+00 3.664424e+01
    endloop
  endfacet
  facet normal 0.000000e+00 -1.000000e+00 0.000000e+00
    outer loop
      vertex   2.704163e+01 -5.000000e+00 3.799788e+01
      vertex   3.330944e+01 -5.000000e+00 3.664424e+01
      vertex   2.900000e+01 -5.000000e+00 3.789803e+01
    endloop
  endfacet
  facet normal 0.000000e+00 -1.000000e+00 0.000000e+00
    outer loop
      vertex   2.900000e+01 -5.000000e+00 3.789803e+01
      vertex   3.330944e+01 -5.000000e+00 3.664424e+01
      vertex   3.187940e+01 -5.000000e+00 3.728263e+01
    endloop
  endfacet
  facet normal 0.000000e+00 -1.000000e+00 0.000000e+00
    outer loop
      vertex   2.900000e+01 -5.000000e+00 3.789803e+01
      vertex   3.187940e+01 -5.000000e+00 3.728263e+01
      vertex   3.042976e+01 -5.000000e+00 3.770644e+01
    endloop
  endfacet
  facet normal 9.583153e-01 0.000000e+00 2.857128e-01
    outer loop
      vertex   7.178227e+01 5.000000e+00 0.000000e+00
      vertex   7.138502e+01 5.000000e+00 1.332403e+00
      vertex   7.178227e+01 -5.000000e+00 0.000000e+00
    endloop
  endfacet
  facet normal 9.583153e-01 -6.123491e-19 2.857128e-01
    outer loop
      vertex   7.178227e+01 -5.000000e+00 0.000000e+00
      vertex   7.138502e+01 5.000000e+00 1.332403e+00
      vertex   7.138502e+01 -5.000000e+00 1.332403e+00
    endloop
  endfacet
  facet normal 9.420716e-01 -0.000000e+00 3.354117e-01
    outer loop
      vertex   7.138502e+01 -5.000000e+00 1.332403e+00
      vertex   7.138502e+01 5.000000e+00 1.332403e+00
      vertex   7.094555e+01 5.000000e+00 2.566761e+00
    endloop
  endfacet
  facet normal 9.420716e-01 1.998277e-18 3.354117e-01
    outer loop
      vertex   7.138502e+01 -5.000000e+00 1.332403e+00
      vertex   7.094555e+01 5.000000e+00 2.566761e+00
      vertex   7.094555e+01 -5.000000e+00 2.566761e+00
    endloop
  endfacet
  facet normal 9.206775e-01 -0.000000e+00 3.903242e-01
    outer loop
      vertex   7.094555e+01 -5.000000e+00 2.566761e+00
      vertex   7.094555e+01 5.000000e+00 2.566761e+00
      vertex   7.046381e+01 5.000000e+00 3.703050e+00
    endloop
  endfacet
  facet normal 9.206775e-01 -1.016378e-19 3.903242e-01
    outer loop
      vertex   7.094555e+01 -5.000000e+00 2.566761e+00
      vertex   7.046381e+01 5.000000e+00 3.703050e+00
      vertex   7.046381e+01 -5.000000e+00 3.703050e+00
    endloop
  endfacet
  facet normal 8.927630e-01 -0.000000e+00 4.505266e-01
    outer loop
      vertex   7.046381e+01 -5.000000e+00 3.703050e+00
      vertex   7.046381e+01 5.000000e+00 3.703050e+00
      vertex   6.993983e+01 5.000000e+00 4.741367e+00
    endloop
  endfacet
  facet normal 8.927630e-01 -1.947323e-19 4.505266e-01
    outer loop
      vertex   7.046381e+01 -5.000000e+00 3.703050e+00
      vertex   6.993983e+01 5.000000e+00 4.741367e+00
      vertex   6.993983e+01 -5.000000e+00 4.741367e+00
    endloop
  endfacet
  facet normal 8.567993e-01 -0.000000e+00 5.156501e-01
    outer loop
      vertex   6.993983e+01 -5.000000e+00 4.741367e+00
      vertex   6.993983e+01 5.000000e+00 4.741367e+00
      vertex   6.937369e+01 5.000000e+00 5.682059e+00
    endloop
  endfacet
  facet normal 8.567993e-01 3.542725e-18 5.156501e-01
    outer loop
      vertex   6.993983e+01 -5.000000e+00 4.741367e+00
      vertex   6.937369e+01 5.000000e+00 5.682059e+00
      vertex   6.937369e+01 -5.000000e+00 5.682059e+00
    endloop
  endfacet
  facet normal 8.112723e-01 -0.000000e+00 5.846685e-01
    outer loop
      vertex   6.937369e+01 -5.000000e+00 5.682059e+00
      vertex   6.937369e+01 5.000000e+00 5.682059e+00
      vertex   6.876560e+01 5.000000e+00 6.525839e+00
    endloop
  endfacet
  facet normal 8.112723e-01 4.745552e-18 5.846685e-01
    outer loop
      vertex   6.937369e+01 -5.000000e+00 5.682059e+00
      vertex   6.876560e+01 5.000000e+00 6.525839e+00
      vertex   6.876560e+01 -5.000000e+00 6.525839e+00
    endloop
  endfacet
  facet normal 7.550077e-01 -0.000000e+00 6.557160e-01
    outer loop
      vertex   6.876560e+01 -5.000000e+00 6.525839e+00
      vertex   6.876560e+01 5.000000e+00 6.525839e+00
      vertex   6.811591e+01 5.000000e+00 7.273905e+00
    endloop
  endfacet
  facet normal 7.550077e-01 1.262365e-18 6.557160e-01
    outer loop
      vertex   6.876560e+01 -5.000000e+00 6.525839e+00
      vertex   6.811591e+01 5.000000e+00 7.273905e+00
      vertex   6.811591e+01 -5.000000e+00 7.273905e+00
    endloop
  endfacet
  facet normal 6.876420e-01 -0.000000e+00 7.260500e-01
    outer loop
      vertex   6.811591e+01 -5.000000e+00 7.273905e+00
      vertex   6.811591e+01 5.000000e+00 7.273905e+00
      vertex   6.742520e+01 5.000000e+00 7.928077e+00
    endloop
  endfacet
  facet normal 6.876420e-01 3.509686e-20 7.260500e-01
    outer loop
      vertex   6.811591e+01 -5.000000e+00 7.273905e+00
      vertex   6.742520e+01 5.000000e+00 7.928077e+00
      vertex   6.742520e+01 -5.000000e+00 7.928077e+00
    endloop
  endfacet
  facet normal 6.101241e-01 -0.000000e+00 7.923059e-01
    outer loop
      vertex   6.742520e+01 -5.000000e+00 7.928077e+00
      vertex   6.742520e+01 5.000000e+00 7.928077e+00
      vertex   6.669429e+01 5.000000e+00 8.490923e+00
    endloop
  endfacet
  facet normal 6.101241e-01 1.355707e-18 7.923059e-01
    outer loop
      vertex   6.742520e+01 -5.000000e+00 7.928077e+00
      vertex   6.669429e+01 5.000000e+00 8.490923e+00
      vertex   6.669429e+01 -5.000000e+00 8.490923e+00
    endloop
  endfacet
  facet normal 5.249992e-01 -0.000000e+00 8.511027e-01
    outer loop
      vertex   6.669429e+01 -5.000000e+00 8.490923e+00
      vertex   6.669429e+01 5.000000e+00 8.490923e+00
      vertex   6.592430e+01 5.000000e+00 8.965889e+00
    endloop
  endfacet
  facet normal 5.249992e-01 -2.319859e-18 8.511027e-01
    outer loop
      vertex   6.669429e+01 -5.000000e+00 8.490923e+00
      vertex   6.592430e+01 5.000000e+00 8.965889e+00
      vertex   6.592430e+01 -5.000000e+00 8.965889e+00
    endloop
  endfacet
  facet normal 4.362298e-01 -0.000000e+00 8.998353e-01
    outer loop
      vertex   6.592430e+01 -5.000000e+00 8.965889e+00
      vertex   6.592430e+01 5.000000e+00 8.965889e+00
      vertex   6.511668e+01 5.000000e+00 9.357415e+00
    endloop
  endfacet
  facet normal 4.362298e-01 -1.220808e-18 8.998353e-01
    outer loop
      vertex   6.592430e+01 -5.000000e+00 8.965889e+00
      vertex   6.511668e+01 5.000000e+00 9.357415e+00
      vertex   6.511668e+01 -5.000000e+00 9.357415e+00
    endloop
  endfacet
  facet normal 3.485416e-01 -0.000000e+00 9.372933e-01
    outer loop
      vertex   6.511668e+01 -5.000000e+00 9.357415e+00
      vertex   6.511668e+01 5.000000e+00 9.357415e+00
      vertex   6.427326e+01 5.000000e+00 9.671047e+00
    endloop
  endfacet
  facet normal 3.485416e-01 -1.314086e-18 9.372933e-01
    outer loop
      vertex   6.511668e+01 -5.000000e+00 9.357415e+00
      vertex   6.427326e+01 5.000000e+00 9.671047e+00
      vertex   6.427326e+01 -5.000000e+00 9.671047e+00
    endloop
  endfacet
  facet normal 2.665871e-01 -0.000000e+00 9.638108e-01
    outer loop
      vertex   6.427326e+01 -5.000000e+00 9.671047e+00
      vertex   6.427326e+01 5.000000e+00 9.671047e+00
      vertex   6.339632e+01 5.000000e+00 9.913606e+00
    endloop
  endfacet
  facet normal 2.665871e-01 7.103742e-20 9.638108e-01
    outer loop
      vertex   6.427326e+01 -5.000000e+00 9.671047e+00
      vertex   6.339632e+01 5.000000e+00 9.913606e+00
      vertex   6.339632e+01 -5.000000e+00 9.913606e+00
    endloop
  endfacet
  facet normal 1.942621e-01 -0.000000e+00 9.809497e-01
    outer loop
      vertex   6.339632e+01 -5.000000e+00 9.913606e+00
      vertex   6.339632e+01 5.000000e+00 9.913606e+00
      vertex   6.248862e+01 5.000000e+00 1.009336e+01
    endloop
  endfacet
  facet normal 1.942621e-01 -4.882372e-19 9.809497e-01
    outer loop
      vertex   6.339632e+01 -5.000000e+00 9.913606e+00
      vertex   6.248862e+01 5.000000e+00 1.009336e+01
      vertex   6.248862e+01 -5.000000e+00 1.009336e+01
    endloop
  endfacet
  facet normal 1.109916e-01 -0.000000e+00 9.938213e-01
    outer loop
      vertex   6.248862e+01 -5.000000e+00 1.009336e+01
      vertex   6.248862e+01 5.000000e+00 1.009336e+01
      vertex   6.059453e+01 5.000000e+00 1.030490e+01
    endloop
  endfacet
  facet normal 1.109916e-01 -1.208603e-18 9.938213e-01
    outer loop
      vertex   6.248862e+01 -5.000000e+00 1.009336e+01
      vertex   6.059453e+01 5.000000e+00 1.030490e+01
      vertex   6.059453e+01 -5.000000e+00 1.030490e+01
    endloop
  endfacet
  facet normal 4.358608e-02 -0.000000e+00 9.990497e-01
    outer loop
      vertex   6.059453e+01 -5.000000e+00 1.030490e+01
      vertex   6.059453e+01 5.000000e+00 1.030490e+01
      vertex   5.661032e+01 5.000000e+00 1.047872e+01
    endloop
  endfacet
  facet normal 4.358608e-02 2.194689e-19 9.990497e-01
    outer loop
      vertex   6.059453e+01 -5.000000e+00 1.030490e+01
      vertex   5.661032e+01 5.000000e+00 1.047872e+01
      vertex   5.661032e+01 -5.000000e+00 1.047872e+01
    endloop
  endfacet
  facet normal 8.616883e-02 -0.000000e+00 9.962805e-01
    outer loop
      vertex   5.661032e+01 -5.000000e+00 1.047872e+01
      vertex   5.661032e+01 5.000000e+00 1.047872e+01
      vertex   5.459762e+01 5.000000e+00 1.065280e+01
    endloop
  endfacet
  facet normal 8.616883e-02 -1.685105e-19 9.962805e-01
    outer loop
      vertex   5.661032e+01 -5.000000e+00 1.047872e+01
      vertex   5.459762e+01 5.000000e+00 1.065280e+01
      vertex   5.459762e+01 -5.000000e+00 1.065280e+01
    endloop
  endfacet
  facet normal 1.823348e-01 -0.000000e+00 9.832365e-01
    outer loop
      vertex   5.459762e+01 -5.000000e+00 1.065280e+01
      vertex   5.459762e+01 5.000000e+00 1.065280e+01
      vertex   5.262523e+01 5.000000e+00 1.101857e+01
    endloop
  endfacet
  facet normal 1.823348e-01 -1.308536e-18 9.832365e-01
    outer loop
      vertex   5.459762e+01 -5.000000e+00 1.065280e+01
      vertex   5.262523e+01 5.000000e+00 1.101857e+01
      vertex   5.262523e+01 -5.000000e+00 1.101857e+01
    endloop
  endfacet
  facet normal 2.807823e-01 -0.000000e+00 9.597715e-01
    outer loop
      vertex   5.262523e+01 -5.000000e+00 1.101857e+01
      vertex   5.262523e+01 5.000000e+00 1.101857e+01
      vertex   5.166635e+01 5.000000e+00 1.129909e+01
    endloop
  endfacet
  facet normal 2.807823e-01 -2.544988e-18 9.597715e-01
    outer loop
      vertex   5.262523e+01 -5.000000e+00 1.101857e+01
      vertex   5.166635e+01 5.000000e+00 1.129909e+01
      vertex   5.166635e+01 -5.000000e+00 1.129909e+01
    endloop
  endfacet
  facet normal 3.559857e-01 -0.000000e+00 9.344914e-01
    outer loop
      vertex   5.166635e+01 -5.000000e+00 1.129909e+01
      vertex   5.166635e+01 5.000000e+00 1.129909e+01
      vertex   5.073173e+01 5.000000e+00 1.165512e+01
    endloop
  endfacet
  facet normal 3.559857e-01 -2.007211e-18 9.344914e-01
    outer loop
      vertex   5.166635e+01 -5.000000e+00 1.129909e+01
      vertex   5.073173e+01 5.000000e+00 1.165512e+01
      vertex   5.073173e+01 -5.000000e+00 1.165512e+01
    endloop
  endfacet
  facet normal 4.340290e-01 -0.000000e+00 9.008989e-01
    outer loop
      vertex   5.073173e+01 -5.000000e+00 1.165512e+01
      vertex   5.073173e+01 5.000000e+00 1.165512e+01
      vertex   4.982542e+01 5.000000e+00 1.209176e+01
    endloop
  endfacet
  facet normal 4.340290e-01 -2.670368e-18 9.008989e-01
    outer loop
      vertex   5.073173e+01 -5.000000e+00 1.165512e+01
      vertex   4.982542e+01 5.000000e+00 1.209176e+01
      vertex   4.982542e+01 -5.000000e+00 1.209176e+01
    endloop
  endfacet
  facet normal 5.110210e-01 -0.000000e+00 8.595683e-01
    outer loop
      vertex   4.982542e+01 -5.000000e+00 1.209176e+01
      vertex   4.982542e+01 5.000000e+00 1.209176e+01
      vertex   4.895106e+01 5.000000e+00 1.261157e+01
    endloop
  endfacet
  facet normal 5.110210e-01 2.696364e-18 8.595683e-01
    outer loop
      vertex   4.982542e+01 -5.000000e+00 1.209176e+01
      vertex   4.895106e+01 5.000000e+00 1.261157e+01
      vertex   4.895106e+01 -5.000000e+00 1.261157e+01
    endloop
  endfacet
  facet normal 5.835256e-01 -0.000000e+00 8.120947e-01
    outer loop
      vertex   4.895106e+01 -5.000000e+00 1.261157e+01
      vertex   4.895106e+01 5.000000e+00 1.261157e+01
      vertex   4.811178e+01 5.000000e+00 1.321463e+01
    endloop
  endfacet
  facet normal 5.835256e-01 -4.954422e-18 8.120947e-01
    outer loop
      vertex   4.895106e+01 -5.000000e+00 1.261157e+01
      vertex   4.811178e+01 5.000000e+00 1.321463e+01
      vertex   4.811178e+01 -5.000000e+00 1.321463e+01
    endloop
  endfacet
  facet normal 6.490594e-01 -0.000000e+00 7.607378e-01
    outer loop
      vertex   4.811178e+01 -5.000000e+00 1.321463e+01
      vertex   4.811178e+01 5.000000e+00 1.321463e+01
      vertex   4.731020e+01 5.000000e+00 1.389854e+01
    endloop
  endfacet
  facet normal 6.490594e-01 -2.044244e-18 7.607378e-01
    outer loop
      vertex   4.811178e+01 -5.000000e+00 1.321463e+01
      vertex   4.731020e+01 5.000000e+00 1.389854e+01
      vertex   4.731020e+01 -5.000000e+00 1.389854e+01
    endloop
  endfacet
  facet normal 7.063476e-01 -0.000000e+00 7.078651e-01
    outer loop
      vertex   4.731020e+01 -5.000000e+00 1.389854e+01
      vertex   4.731020e+01 5.000000e+00 1.389854e+01
      vertex   4.654837e+01 5.000000e+00 1.465874e+01
    endloop
  endfacet
  facet normal 7.063476e-01 -3.924413e-18 7.078651e-01
    outer loop
      vertex   4.731020e+01 -5.000000e+00 1.389854e+01
      vertex   4.654837e+01 5.000000e+00 1.465874e+01
      vertex   4.654837e+01 -5.000000e+00 1.465874e+01
    endloop
  endfacet
  facet normal 7.551815e-01 -0.000000e+00 6.555157e-01
    outer loop
      vertex   4.654837e+01 -5.000000e+00 1.465874e+01
      vertex   4.654837e+01 5.000000e+00 1.465874e+01
      vertex   4.582779e+01 5.000000e+00 1.548887e+01
    endloop
  endfacet
  facet normal 7.551815e-01 2.907698e-18 6.555157e-01
    outer loop
      vertex   4.654837e+01 -5.000000e+00 1.465874e+01
      vertex   4.582779e+01 5.000000e+00 1.548887e+01
      vertex   4.582779e+01 -5.000000e+00 1.548887e+01
    endloop
  endfacet
  facet normal 7.960517e-01 -0.000000e+00 6.052286e-01
    outer loop
      vertex   4.582779e+01 -5.000000e+00 1.548887e+01
      vertex   4.582779e+01 5.000000e+00 1.548887e+01
      vertex   4.514940e+01 5.000000e+00 1.638116e+01
    endloop
  endfacet
  facet normal 7.960517e-01 -3.573463e-18 6.052286e-01
    outer loop
      vertex   4.582779e+01 -5.000000e+00 1.548887e+01
      vertex   4.514940e+01 5.000000e+00 1.638116e+01
      vertex   4.514940e+01 -5.000000e+00 1.638116e+01
    endloop
  endfacet
  facet normal 8.298020e-01 -0.000000e+00 5.580579e-01
    outer loop
      vertex   4.514940e+01 -5.000000e+00 1.638116e+01
      vertex   4.514940e+01 5.000000e+00 1.638116e+01
      vertex   4.451355e+01 5.000000e+00 1.732663e+01
    endloop
  endfacet
  facet normal 8.298020e-01 2.121167e-18 5.580579e-01
    outer loop
      vertex   4.514940e+01 -5.000000e+00 1.638116e+01
      vertex   4.451355e+01 5.000000e+00 1.732663e+01
      vertex   4.451355e+01 -5.000000e+00 1.732663e+01
    endloop
  endfacet
  facet normal 8.688468e-01 -0.000000e+00 4.950811e-01
    outer loop
      vertex   4.451355e+01 -5.000000e+00 1.732663e+01
      vertex   4.451355e+01 5.000000e+00 1.732663e+01
      vertex   4.336787e+01 5.000000e+00 1.933725e+01
    endloop
  endfacet
  facet normal 8.688468e-01 -9.322099e-18 4.950811e-01
    outer loop
      vertex   4.451355e+01 -5.000000e+00 1.732663e+01
      vertex   4.336787e+01 5.000000e+00 1.933725e+01
      vertex   4.336787e+01 -5.000000e+00 1.933725e+01
    endloop
  endfacet
  facet normal 9.050686e-01 -0.000000e+00 4.252656e-01
    outer loop
      vertex   4.336787e+01 -5.000000e+00 1.933725e+01
      vertex   4.336787e+01 5.000000e+00 1.933725e+01
      vertex   4.238118e+01 5.000000e+00 2.143715e+01
    endloop
  endfacet
  facet normal 9.050686e-01 -2.995958e-20 4.252656e-01
    outer loop
      vertex   4.336787e+01 -5.000000e+00 1.933725e+01
      vertex   4.238118e+01 5.000000e+00 2.143715e+01
      vertex   4.238118e+01 -5.000000e+00 2.143715e+01
    endloop
  endfacet
  facet normal 9.276790e-01 -0.000000e+00 3.733787e-01
    outer loop
      vertex   4.238118e+01 -5.000000e+00 2.143715e+01
      vertex   4.238118e+01 5.000000e+00 2.143715e+01
      vertex   4.153338e+01 5.000000e+00 2.354357e+01
    endloop
  endfacet
  facet normal 9.276790e-01 2.850073e-18 3.733787e-01
    outer loop
      vertex   4.238118e+01 -5.000000e+00 2.143715e+01
      vertex   4.153338e+01 5.000000e+00 2.354357e+01
      vertex   4.153338e+01 -5.000000e+00 2.354357e+01
    endloop
  endfacet
  facet normal 9.400563e-01 -0.000000e+00 3.410192e-01
    outer loop
      vertex   4.153338e+01 -5.000000e+00 2.354357e+01
      vertex   4.153338e+01 5.000000e+00 2.354357e+01
      vertex   4.079314e+01 5.000000e+00 2.558411e+01
    endloop
  endfacet
  facet normal 9.400563e-01 3.107176e-18 3.410192e-01
    outer loop
      vertex   4.153338e+01 -5.000000e+00 2.354357e+01
      vertex   4.079314e+01 5.000000e+00 2.558411e+01
      vertex   4.079314e+01 -5.000000e+00 2.558411e+01
    endloop
  endfacet
  facet normal 9.433900e-01 -0.000000e+00 3.316854e-01
    outer loop
      vertex   4.079314e+01 -5.000000e+00 2.558411e+01
      vertex   4.079314e+01 5.000000e+00 2.558411e+01
      vertex   4.011731e+01 5.000000e+00 2.750633e+01
    endloop
  endfacet
  facet normal 9.433900e-01 2.609058e-18 3.316854e-01
    outer loop
      vertex   4.079314e+01 -5.000000e+00 2.558411e+01
      vertex   4.011731e+01 5.000000e+00 2.750633e+01
      vertex   4.011731e+01 -5.000000e+00 2.750633e+01
    endloop
  endfacet
  facet normal 9.365839e-01 -0.000000e+00 3.504433e-01
    outer loop
      vertex   4.011731e+01 -5.000000e+00 2.750633e+01
      vertex   4.011731e+01 5.000000e+00 2.750633e+01
      vertex   3.945334e+01 5.000000e+00 2.928083e+01
    endloop
  endfacet
  facet normal 9.365839e-01 3.808338e-19 3.504433e-01
    outer loop
      vertex   4.011731e+01 -5.000000e+00 2.750633e+01
      vertex   3.945334e+01 5.000000e+00 2.928083e+01
      vertex   3.945334e+01 -5.000000e+00 2.928083e+01
    endloop
  endfacet
  facet normal 9.159805e-01 -0.000000e+00 4.012227e-01
    outer loop
      vertex   3.945334e+01 -5.000000e+00 2.928083e+01
      vertex   3.945334e+01 5.000000e+00 2.928083e+01
      vertex   3.874559e+01 5.000000e+00 3.089661e+01
    endloop
  endfacet
  facet normal 9.159805e-01 2.931280e-18 4.012227e-01
    outer loop
      vertex   3.945334e+01 -5.000000e+00 2.928083e+01
      vertex   3.874559e+01 5.000000e+00 3.089661e+01
      vertex   3.874559e+01 -5.000000e+00 3.089661e+01
    endloop
  endfacet
  facet normal 8.759070e-01 -0.000000e+00 4.824801e-01
    outer loop
      vertex   3.874559e+01 -5.000000e+00 3.089661e+01
      vertex   3.874559e+01 5.000000e+00 3.089661e+01
      vertex   3.794273e+01 5.000000e+00 3.235414e+01
    endloop
  endfacet
  facet normal 8.759070e-01 5.519152e-18 4.824801e-01
    outer loop
      vertex   3.874559e+01 -5.000000e+00 3.089661e+01
      vertex   3.794273e+01 5.000000e+00 3.235414e+01
      vertex   3.794273e+01 -5.000000e+00 3.235414e+01
    endloop
  endfacet
  facet normal 8.120138e-01 -0.000000e+00 5.836383e-01
    outer loop
      vertex   3.794273e+01 -5.000000e+00 3.235414e+01
      vertex   3.794273e+01 5.000000e+00 3.235414e+01
      vertex   3.700509e+01 5.000000e+00 3.365869e+01
    endloop
  endfacet
  facet normal 8.120138e-01 -1.324218e-18 5.836383e-01
    outer loop
      vertex   3.794273e+01 -5.000000e+00 3.235414e+01
      vertex   3.700509e+01 5.000000e+00 3.365869e+01
      vertex   3.700509e+01 -5.000000e+00 3.365869e+01
    endloop
  endfacet
  facet normal 7.263297e-01 -0.000000e+00 6.873464e-01
    outer loop
      vertex   3.700509e+01 -5.000000e+00 3.365869e+01
      vertex   3.700509e+01 5.000000e+00 3.365869e+01
      vertex   3.591219e+01 5.000000e+00 3.481357e+01
    endloop
  endfacet
  facet normal 7.263297e-01 -9.345728e-19 6.873464e-01
    outer loop
      vertex   3.700509e+01 -5.000000e+00 3.365869e+01
      vertex   3.591219e+01 5.000000e+00 3.481357e+01
      vertex   3.591219e+01 -5.000000e+00 3.481357e+01
    endloop
  endfacet
  facet normal 6.270984e-01 -0.000000e+00 7.789401e-01
    outer loop
      vertex   3.591219e+01 -5.000000e+00 3.481357e+01
      vertex   3.591219e+01 5.000000e+00 3.481357e+01
      vertex   3.466963e+01 5.000000e+00 3.581391e+01
    endloop
  endfacet
  facet normal 6.270984e-01 3.396073e-18 7.789401e-01
    outer loop
      vertex   3.591219e+01 -5.000000e+00 3.481357e+01
      vertex   3.466963e+01 5.000000e+00 3.581391e+01
      vertex   3.466963e+01 -5.000000e+00 3.581391e+01
    endloop
  endfacet
  facet normal 5.210391e-01 -0.000000e+00 8.535328e-01
    outer loop
      vertex   3.466963e+01 -5.000000e+00 3.581391e+01
      vertex   3.466963e+01 5.000000e+00 3.581391e+01
      vertex   3.330944e+01 5.000000e+00 3.664424e+01
    endloop
  endfacet
  facet normal 5.210391e-01 -6.612311e-19 8.535328e-01
    outer loop
      vertex   3.466963e+01 -5.000000e+00 3.581391e+01
      vertex   3.330944e+01 5.000000e+00 3.664424e+01
      vertex   3.330944e+01 -5.000000e+00 3.664424e+01
    endloop
  endfacet
  facet normal 4.076406e-01 -0.000000e+00 9.131425e-01
    outer loop
      vertex   3.330944e+01 -5.000000e+00 3.664424e+01
      vertex   3.330944e+01 5.000000e+00 3.664424e+01
      vertex   3.187940e+01 5.000000e+00 3.728263e+01
    endloop
  endfacet
  facet normal 4.076406e-01 -3.071980e-20 9.131425e-01
    outer loop
      vertex   3.330944e+01 -5.000000e+00 3.664424e+01
      vertex   3.187940e+01 5.000000e+00 3.728263e+01
      vertex   3.187940e+01 -5.000000e+00 3.728263e+01
    endloop
  endfacet
  facet normal 2.806100e-01 -0.000000e+00 9.598219e-01
    outer loop
      vertex   3.187940e+01 -5.000000e+00 3.728263e+01
      vertex   3.187940e+01 5.000000e+00 3.728263e+01
      vertex   3.042976e+01 5.000000e+00 3.770644e+01
    endloop
  endfacet
  facet normal 2.806100e-01 2.270850e-18 9.598219e-01
    outer loop
      vertex   3.187940e+01 -5.000000e+00 3.728263e+01
      vertex   3.042976e+01 5.000000e+00 3.770644e+01
      vertex   3.042976e+01 -5.000000e+00 3.770644e+01
    endloop
  endfacet
  facet normal 1.328100e-01 -0.000000e+00 9.911415e-01
    outer loop
      vertex   3.042976e+01 -5.000000e+00 3.770644e+01
      vertex   3.042976e+01 5.000000e+00 3.770644e+01
      vertex   2.900000e+01 5.000000e+00 3.789803e+01
    endloop
  endfacet
  facet normal 1.328100e-01 1.664312e-18 9.911415e-01
    outer loop
      vertex   3.042976e+01 -5.000000e+00 3.770644e+01
      vertex   2.900000e+01 5.000000e+00 3.789803e+01
      vertex   2.900000e+01 -5.000000e+00 3.789803e+01
    endloop
  endfacet
  facet normal 0.000000e+00 0.000000e+00 1.000000e+00
    outer loop
      vertex   2.386853e+01 2.508683e+00 5.000000e+01
      vertex   2.041603e+01 5.000000e-01 5.000000e+01
      vertex   2.400000e+01 2.939152e-15 5.000000e+01
    endloop
  endfacet
  facet normal 0.000000e+00 0.000000e+00 1.000000e+00
    outer loop
      vertex   2.400000e+01 2.939152e-15 5.000000e+01
      vertex   2.041603e+01 5.000000e-01 5.000000e+01
      vertex   2.051593e+01 2.588190e-01 5.000000e+01
    endloop
  endfacet
  facet normal 0.000000e+00 0.000000e+00 1.000000e+00
    outer loop
      vertex   2.400000e+01 2.939152e-15 5.000000e+01
      vertex   2.051593e+01 2.588190e-01 5.000000e+01
      vertex   2.055000e+01 1.232688e-15 5.000000e+01
    endloop
  endfacet
  facet normal 0.000000e+00 0.000000e+00 1.000000e+00
    outer loop
      vertex   2.347554e+01 4.989881e+00 5.000000e+01
      vertex   2.005000e+01 8.660254e-01 5.000000e+01
      vertex   2.386853e+01 2.508683e+00 5.000000e+01
    endloop
  endfacet
  facet normal 0.000000e+00 0.000000e+00 1.000000e+00
    outer loop
      vertex   2.386853e+01 2.508683e+00 5.000000e+01
      vertex   2.005000e+01 8.660254e-01 5.000000e+01
      vertex   2.025711e+01 7.071068e-01 5.000000e+01
    endloop
  endfacet
  facet normal 0.000000e+00 0.000000e+00 1.000000e+00
    outer loop
      vertex   2.386853e+01 2.508683e+00 5.000000e+01
      vertex   2.025711e+01 7.071068e-01 5.000000e+01
      vertex   2.041603e+01 5.000000e-01 5.000000e+01
    endloop
  endfacet
  facet normal 0.000000e+00 0.000000e+00 1.000000e+00
    outer loop
      vertex   2.282536e+01 7.416408e+00 5.000000e+01
      vertex   1.710000e+01 6.500000e+00 5.000000e+01
      vertex   2.347554e+01 4.989881e+00 5.000000e+01
    endloop
  endfacet
  facet normal 0.000000e+00 0.000000e+00 1.000000e+00
    outer loop
      vertex   2.347554e+01 4.989881e+00 5.000000e+01
      vertex   1.710000e+01 6.500000e+00 5.000000e+01
      vertex   1.955000e+01 1.000000e+00 5.000000e+01
    endloop
  endfacet
  facet normal 0.000000e+00 0.000000e+00 1.000000e+00
    outer loop
      vertex   2.347554e+01 4.989881e+00 5.000000e+01
      vertex   1.955000e+01 1.000000e+00 5.000000e+01
      vertex   1.980882e+01 9.659258e-01 5.000000e+01
    endloop
  endfacet
  facet normal 0.000000e+00 0.000000e+00 1.000000e+00
    outer loop
      vertex   2.282536e+01 7.416408e+00 5.000000e+01
      vertex   2.192509e+01 9.761679e+00 5.000000e+01
      vertex   1.710000e+01 6.500000e+00 5.000000e+01
    endloop
  endfacet
  facet normal 0.000000e+00 0.000000e+00 1.000000e+00
    outer loop
      vertex   1.710000e+01 6.500000e+00 5.000000e+01
      vertex   2.192509e+01 9.761679e+00 5.000000e+01
      vertex   2.078461e+01 1.200000e+01 5.000000e+01
    endloop
  endfacet
  facet normal 0.000000e+00 0.000000e+00 1.000000e+00
    outer loop
      vertex   1.710000e+01 6.500000e+00 5.000000e+01
      vertex   2.078461e+01 1.200000e+01 5.000000e+01
      vertex   1.941641e+01 1.410685e+01 5.000000e+01
    endloop
  endfacet
  facet normal 0.000000e+00 0.000000e+00 1.000000e+00
    outer loop
      vertex   1.941641e+01 1.410685e+01 5.000000e+01
      vertex   1.783548e+01 1.605913e+01 5.000000e+01
      vertex   1.710000e+01 6.500000e+00 5.000000e+01
    endloop
  endfacet
  facet normal 0.000000e+00 -0.000000e+00 1.000000e+00
    outer loop
      vertex   1.710000e+01 6.500000e+00 5.000000e+01
      vertex   1.783548e+01 1.605913e+01 5.000000e+01
      vertex   1.605913e+01 1.783548e+01 5.000000e+01
    endloop
  endfacet
  facet normal 0.000000e+00 0.000000e+00 1.000000e+00
    outer loop
      vertex   1.710000e+01 6.500000e+00 5.000000e+01
      vertex   1.605913e+01 1.783548e+01 5.000000e+01
      vertex   1.410685e+01 1.941641e+01 5.000000e+01
    endloop
  endfacet
  facet normal 0.000000e+00 0.000000e+00 1.000000e+00
    outer loop
      vertex   1.410685e+01 1.941641e+01 5.000000e+01
      vertex   1.200000e+01 2.078461e+01 5.000000e+01
      vertex   1.710000e+01 6.500000e+00 5.000000e+01
    endloop
  endfacet
  facet normal 0.000000e+00 0.000000e+00 1.000000e+00
    outer loop
      vertex   1.710000e+01 6.500000e+00 5.000000e+01
      vertex   1.200000e+01 2.078461e+01 5.000000e+01
      vertex   -6.100000e+00 6.500000e+00 5.000000e+01
    endloop
  endfacet
  facet normal 0.000000e+00 0.000000e+00 1.000000e+00
    outer loop
      vertex   -6.100000e+00 6.500000e+00 5.000000e+01
      vertex   1.200000e+01 2.078461e+01 5.000000e+01
      vertex   9.761679e+00 2.192509e+01 5.000000e+01
    endloop
  endfacet
  facet normal 0.000000e+00 0.000000e+00 1.000000e+00
    outer loop
      vertex   -6.100000e+00 6.500000e+00 5.000000e+01
      vertex   9.761679e+00 2.192509e+01 5.000000e+01
      vertex   7.416408e+00 2.282536e+01 5.000000e+01
    endloop
  endfacet
  facet normal 0.000000e+00 0.000000e+00 1.000000e+00
    outer loop
      vertex   7.416408e+00 2.282536e+01 5.000000e+01
      vertex   4.989881e+00 2.347554e+01 5.000000e+01
      vertex   -6.100000e+00 6.500000e+00 5.000000e+01
    endloop
  endfacet
  facet normal 0.000000e+00 0.000000e+00 1.000000e+00
    outer loop
      vertex   -6.100000e+00 6.500000e+00 5.000000e+01
      vertex   4.989881e+00 2.347554e+01 5.000000e+01
      vertex   2.508683e+00 2.386853e+01 5.000000e+01
    endloop
  endfacet
  facet normal 0.000000e+00 0.000000e+00 1.000000e+00
    outer loop
      vertex   -6.100000e+00 6.500000e+00 5.000000e+01
      vertex   2.508683e+00 2.386853e+01 5.000000e+01
      vertex   -1.469576e-15 2.400000e+01 5.000000e+01
    endloop
  endfacet
  facet normal 0.000000e+00 0.000000e+00 1.000000e+00
    outer loop
      vertex   -1.469576e-15 2.400000e+01 5.000000e+01
      vertex   -2.508683e+00 2.386853e+01 5.000000e+01
      vertex   -6.100000e+00 6.500000e+00 5.000000e+01
    endloop
  endfacet
  facet normal 0.000000e+00 0.000000e+00 1.000000e+00
    outer loop
      vertex   -6.100000e+00 6.500000e+00 5.000000e+01
      vertex   -2.508683e+00 2.386853e+01 5.000000e+01
      vertex   -4.989881e+00 2.347554e+01 5.000000e+01
    endloop
  endfacet
  facet normal 0.000000e+00 -0.000000e+00 1.000000e+00
    outer loop
      vertex   -6.100000e+00 6.500000e+00 5.000000e+01
      vertex   -4.989881e+00 2.347554e+01 5.000000e+01
      vertex   -7.416408e+00 2.282536e+01 5.000000e+01
    endloop
  endfacet
  facet normal 0.000000e+00 0.000000e+00 1.000000e+00
    outer loop
      vertex   -7.416408e+00 2.282536e+01 5.000000e+01
      vertex   -9.761679e+00 2.192509e+01 5.000000e+01
      vertex   -6.100000e+00 6.500000e+00 5.000000e+01
    endloop
  endfacet
  facet normal 0.000000e+00 0.000000e+00 1.000000e+00
    outer loop
      vertex   -6.100000e+00 6.500000e+00 5.000000e+01
      vertex   -9.761679e+00 2.192509e+01 5.000000e+01
      vertex   -1.200000e+01 2.078461e+01 5.000000e+01
    endloop
  endfacet
  facet normal 0.000000e+00 0.000000e+00 1.000000e+00
    outer loop
      vertex   -6.100000e+00 6.500000e+00 5.000000e+01
      vertex   -1.200000e+01 2.078461e+01 5.000000e+01
      vertex   -1.410685e+01 1.941641e+01 5.000000e+01
    endloop
  endfacet
  facet normal 0.000000e+00 0.000000e+00 1.000000e+00
    outer loop
      vertex   -1.410685e+01 1.941641e+01 5.000000e+01
      vertex   -1.605913e+01 1.783548e+01 5.000000e+01
      vertex   -6.100000e+00 6.500000e+00 5.000000e+01
    endloop
  endfacet
  facet normal 0.000000e+00 0.000000e+00 1.000000e+00
    outer loop
      vertex   -6.100000e+00 6.500000e+00 5.000000e+01
      vertex   -1.605913e+01 1.783548e+01 5.000000e+01
      vertex   -1.783548e+01 1.605913e+01 5.000000e+01
    endloop
  endfacet
  facet normal 0.000000e+00 0.000000e+00 1.000000e+00
    outer loop
      vertex   -6.100000e+00 6.500000e+00 5.000000e+01
      vertex   -1.783548e+01 1.605913e+01 5.000000e+01
      vertex   -1.941641e+01 1.410685e+01 5.000000e+01
    endloop
  endfacet
  facet normal 0.000000e+00 0.000000e+00 1.000000e+00
    outer loop
      vertex   -1.941641e+01 1.410685e+01 5.000000e+01
      vertex   -2.078461e+01 1.200000e+01 5.000000e+01
      vertex   -6.100000e+00 6.500000e+00 5.000000e+01
    endloop
  endfacet
  facet normal 0.000000e+00 0.000000e+00 1.000000e+00
    outer loop
      vertex   -6.100000e+00 6.500000e+00 5.000000e+01
      vertex   -2.078461e+01 1.200000e+01 5.000000e+01
      vertex   -2.192509e+01 9.761679e+00 5.000000e+01
    endloop
  endfacet
  facet normal 0.000000e+00 0.000000e+00 1.000000e+00
    outer loop
      vertex   -6.100000e+00 6.500000e+00 5.000000e+01
      vertex   -2.192509e+01 9.761679e+00 5.000000e+01
      vertex   -9.257107e+00 7.071068e-01 5.000000e+01
    endloop
  endfacet
  facet normal 0.000000e+00 0.000000e+00 1.000000e+00
    outer loop
      vertex   -9.257107e+00 7.071068e-01 5.000000e+01
      vertex   -2.192509e+01 9.761679e+00 5.000000e+01
      vertex   -2.282536e+01 7.416408e+00 5.000000e+01
    endloop
  endfacet
  facet normal 0.000000e+00 0.000000e+00 1.000000e+00
    outer loop
      vertex   -9.257107e+00 7.071068e-01 5.000000e+01
      vertex   -2.282536e+01 7.416408e+00 5.000000e+01
      vertex   -9.416025e+00 5.000000e-01 5.000000e+01
    endloop
  endfacet
  facet normal 0.000000e+00 0.000000e+00 1.000000e+00
    outer loop
      vertex   -9.416025e+00 5.000000e-01 5.000000e+01
      vertex   -2.282536e+01 7.416408e+00 5.000000e+01
      vertex   -2.347554e+01 4.989881e+00 5.000000e+01
    endloop
  endfacet
  facet normal 0.000000e+00 0.000000e+00 1.000000e+00
    outer loop
      vertex   -9.416025e+00 5.000000e-01 5.000000e+01
      vertex   -2.347554e+01 4.989881e+00 5.000000e+01
      vertex   -9.515926e+00 2.588190e-01 5.000000e+01
    endloop
  endfacet
  facet normal 0.000000e+00 0.000000e+00 1.000000e+00
    outer loop
      vertex   -9.515926e+00 2.588190e-01 5.000000e+01
      vertex   -2.347554e+01 4.989881e+00 5.000000e+01
      vertex   -2.386853e+01 2.508683e+00 5.000000e+01
    endloop
  endfacet
  facet normal 0.000000e+00 0.000000e+00 1.000000e+00
    outer loop
      vertex   -9.515926e+00 2.588190e-01 5.000000e+01
      vertex   -2.386853e+01 2.508683e+00 5.000000e+01
      vertex   -9.550000e+00 0.000000e+00 5.000000e+01
    endloop
  endfacet
  facet normal 0.000000e+00 0.000000e+00 1.000000e+00
    outer loop
      vertex   -9.550000e+00 0.000000e+00 5.000000e+01
      vertex   -2.386853e+01 2.508683e+00 5.000000e+01
      vertex   -2.400000e+01 0.000000e+00 5.000000e+01
    endloop
  endfacet
  facet normal 0.000000e+00 0.000000e+00 1.000000e+00
    outer loop
      vertex   -9.550000e+00 0.000000e+00 5.000000e+01
      vertex   -2.400000e+01 0.000000e+00 5.000000e+01
      vertex   -2.386853e+01 -2.508683e+00 5.000000e+01
    endloop
  endfacet
  facet normal 0.000000e+00 0.000000e+00 1.000000e+00
    outer loop
      vertex   -9.550000e+00 0.000000e+00 5.000000e+01
      vertex   -2.386853e+01 -2.508683e+00 5.000000e+01
      vertex   -9.515926e+00 -2.588190e-01 5.000000e+01
    endloop
  endfacet
  facet normal 0.000000e+00 0.000000e+00 1.000000e+00
    outer loop
      vertex   -9.515926e+00 -2.588190e-01 5.000000e+01
      vertex   -2.386853e+01 -2.508683e+00 5.000000e+01
      vertex   -2.347554e+01 -4.989881e+00 5.000000e+01
    endloop
  endfacet
  facet normal 0.000000e+00 0.000000e+00 1.000000e+00
    outer loop
      vertex   -9.515926e+00 -2.588190e-01 5.000000e+01
      vertex   -2.347554e+01 -4.989881e+00 5.000000e+01
      vertex   -9.416025e+00 -5.000000e-01 5.000000e+01
    endloop
  endfacet
  facet normal 0.000000e+00 0.000000e+00 1.000000e+00
    outer loop
      vertex   -9.416025e+00 -5.000000e-01 5.000000e+01
      vertex   -2.347554e+01 -4.989881e+00 5.000000e+01
      vertex   -2.282536e+01 -7.416408e+00 5.000000e+01
    endloop
  endfacet
  facet normal 0.000000e+00 0.000000e+00 1.000000e+00
    outer loop
      vertex   -9.416025e+00 -5.000000e-01 5.000000e+01
      vertex   -2.282536e+01 -7.416408e+00 5.000000e+01
      vertex   -9.257107e+00 -7.071068e-01 5.000000e+01
    endloop
  endfacet
  facet normal 0.000000e+00 0.000000e+00 1.000000e+00
    outer loop
      vertex   -9.257107e+00 -7.071068e-01 5.000000e+01
      vertex   -2.282536e+01 -7.416408e+00 5.000000e+01
      vertex   -2.192509e+01 -9.761679e+00 5.000000e+01
    endloop
  endfacet
  facet normal 0.000000e+00 0.000000e+00 1.000000e+00
    outer loop
      vertex   -9.257107e+00 -7.071068e-01 5.000000e+01
      vertex   -2.192509e+01 -9.761679e+00 5.000000e+01
      vertex   -6.100000e+00 -6.500000e+00 5.000000e+01
    endloop
  endfacet
  facet normal 0.000000e+00 0.000000e+00 1.000000e+00
    outer loop
      vertex   -6.100000e+00 -6.500000e+00 5.000000e+01
      vertex   -2.192509e+01 -9.761679e+00 5.000000e+01
      vertex   -2.078461e+01 -1.200000e+01 5.000000e+01
    endloop
  endfacet
  facet normal 0.000000e+00 0.000000e+00 1.000000e+00
    outer loop
      vertex   -6.100000e+00 -6.500000e+00 5.000000e+01
      vertex   -2.078461e+01 -1.200000e+01 5.000000e+01
      vertex   -1.941641e+01 -1.410685e+01 5.000000e+01
    endloop
  endfacet
  facet normal -0.000000e+00 0.000000e+00 1.000000e+00
    outer loop
      vertex   -1.941641e+01 -1.410685e+01 5.000000e+01
      vertex   -1.783548e+01 -1.605913e+01 5.000000e+01
      vertex   -6.100000e+00 -6.500000e+00 5.000000e+01
    endloop
  endfacet
  facet normal 0.000000e+00 0.000000e+00 1.000000e+00
    outer loop
      vertex   -6.100000e+00 -6.500000e+00 5.000000e+01
      vertex   -1.783548e+01 -1.605913e+01 5.000000e+01
      vertex   -1.605913e+01 -1.783548e+01 5.000000e+01
    endloop
  endfacet
  facet normal 0.000000e+00 0.000000e+00 1.000000e+00
    outer loop
      vertex   -6.100000e+00 -6.500000e+00 5.000000e+01
      vertex   -1.605913e+01 -1.783548e+01 5.000000e+01
      vertex   -1.410685e+01 -1.941641e+01 5.000000e+01
    endloop
  endfacet
  facet normal -0.000000e+00 0.000000e+00 1.000000e+00
    outer loop
      vertex   -1.410685e+01 -1.941641e+01 5.000000e+01
      vertex   -1.200000e+01 -2.078461e+01 5.000000e+01
      vertex   -6.100000e+00 -6.500000e+00 5.000000e+01
    endloop
  endfacet
  facet normal 0.000000e+00 0.000000e+00 1.000000e+00
    outer loop
      vertex   -6.100000e+00 -6.500000e+00 5.000000e+01
      vertex   -1.200000e+01 -2.078461e+01 5.000000e+01
      vertex   -9.761679e+00 -2.192509e+01 5.000000e+01
    endloop
  endfacet
  facet normal 0.000000e+00 0.000000e+00 1.000000e+00
    outer loop
      vertex   -6.100000e+00 -6.500000e+00 5.000000e+01
      vertex   -9.761679e+00 -2.192509e+01 5.000000e+01
      vertex   -7.416408e+00 -2.282536e+01 5.000000e+01
    endloop
  endfacet
  facet normal -0.000000e+00 0.000000e+00 1.000000e+00
    outer loop
      vertex   -7.416408e+00 -2.282536e+01 5.000000e+01
      vertex   -4.989881e+00 -2.347554e+01 5.000000e+01
      vertex   -6.100000e+00 -6.500000e+00 5.000000e+01
    endloop
  endfacet
  facet normal 0.000000e+00 0.000000e+00 1.000000e+00
    outer loop
      vertex   -6.100000e+00 -6.500000e+00 5.000000e+01
      vertex   -4.989881e+00 -2.347554e+01 5.000000e+01
      vertex   -2.508683e+00 -2.386853e+01 5.000000e+01
    endloop
  endfacet
  facet normal 0.000000e+00 0.000000e+00 1.000000e+00
    outer loop
      vertex   -6.100000e+00 -6.500000e+00 5.000000e+01
      vertex   -2.508683e+00 -2.386853e+01 5.000000e+01
      vertex   -1.469576e-15 -2.400000e+01 5.000000e+01
    endloop
  endfacet
  facet normal 0.000000e+00 -0.000000e+00 1.000000e+00
    outer loop
      vertex   -1.469576e-15 -2.400000e+01 5.000000e+01
      vertex   2.508683e+00 -2.386853e+01 5.000000e+01
      vertex   -6.100000e+00 -6.500000e+00 5.000000e+01
    endloop
  endfacet
  facet normal 0.000000e+00 0.000000e+00 1.000000e+00
    outer loop
      vertex   -6.100000e+00 -6.500000e+00 5.000000e+01
      vertex   2.508683e+00 -2.386853e+01 5.000000e+01
      vertex   4.989881e+00 -2.347554e+01 5.000000e+01
    endloop
  endfacet
  facet normal 0.000000e+00 0.000000e+00 1.000000e+00
    outer loop
      vertex   -6.100000e+00 -6.500000e+00 5.000000e+01
      vertex   4.989881e+00 -2.347554e+01 5.000000e+01
      vertex   7.416408e+00 -2.282536e+01 5.000000e+01
    endloop
  endfacet
  facet normal 0.000000e+00 -0.000000e+00 1.000000e+00
    outer loop
      vertex   7.416408e+00 -2.282536e+01 5.000000e+01
      vertex   9.761679e+00 -2.192509e+01 5.000000e+01
      vertex   -6.100000e+00 -6.500000e+00 5.000000e+01
    endloop
  endfacet
  facet normal 0.000000e+00 0.000000e+00 1.000000e+00
    outer loop
      vertex   -6.100000e+00 -6.500000e+00 5.000000e+01
      vertex   9.761679e+00 -2.192509e+01 5.000000e+01
      vertex   1.200000e+01 -2.078461e+01 5.000000e+01
    endloop
  endfacet
  facet normal -0.000000e+00 0.000000e+00 1.000000e+00
    outer loop
      vertex   -6.100000e+00 -6.500000e+00 5.000000e+01
      vertex   1.200000e+01 -2.078461e+01 5.000000e+01
      vertex   1.710000e+01 -6.500000e+00 5.000000e+01
    endloop
  endfacet
  facet normal 0.000000e+00 0.000000e+00 1.000000e+00
    outer loop
      vertex   1.710000e+01 -6.500000e+00 5.000000e+01
      vertex   1.200000e+01 -2.078461e+01 5.000000e+01
      vertex   1.410685e+01 -1.941641e+01 5.000000e+01
    endloop
  endfacet
  facet normal 0.000000e+00 0.000000e+00 1.000000e+00
    outer loop
      vertex   1.710000e+01 -6.500000e+00 5.000000e+01
      vertex   1.410685e+01 -1.941641e+01 5.000000e+01
      vertex   1.605913e+01 -1.783548e+01 5.000000e+01
    endloop
  endfacet
  facet normal 0.000000e+00 0.000000e+00 1.000000e+00
    outer loop
      vertex   1.605913e+01 -1.783548e+01 5.000000e+01
      vertex   1.783548e+01 -1.605913e+01 5.000000e+01
      vertex   1.710000e+01 -6.500000e+00 5.000000e+01
    endloop
  endfacet
  facet normal 0.000000e+00 0.000000e+00 1.000000e+00
    outer loop
      vertex   1.710000e+01 -6.500000e+00 5.000000e+01
      vertex   1.783548e+01 -1.605913e+01 5.000000e+01
      vertex   1.941641e+01 -1.410685e+01 5.000000e+01
    endloop
  endfacet
  facet normal 0.000000e+00 0.000000e+00 1.000000e+00
    outer loop
      vertex   1.710000e+01 -6.500000e+00 5.000000e+01
      vertex   1.941641e+01 -1.410685e+01 5.000000e+01
      vertex   2.078461e+01 -1.200000e+01 5.000000e+01
    endloop
  endfacet
  facet normal 0.000000e+00 -0.000000e+00 1.000000e+00
    outer loop
      vertex   2.078461e+01 -1.200000e+01 5.000000e+01
      vertex   2.192509e+01 -9.761679e+00 5.000000e+01
      vertex   1.710000e+01 -6.500000e+00 5.000000e+01
    endloop
  endfacet
  facet normal 0.000000e+00 0.000000e+00 1.000000e+00
    outer loop
      vertex   1.710000e+01 -6.500000e+00 5.000000e+01
      vertex   2.192509e+01 -9.761679e+00 5.000000e+01
      vertex   2.282536e+01 -7.416408e+00 5.000000e+01
    endloop
  endfacet
  facet normal -0.000000e+00 0.000000e+00 1.000000e+00
    outer loop
      vertex   1.710000e+01 -6.500000e+00 5.000000e+01
      vertex   2.282536e+01 -7.416408e+00 5.000000e+01
      vertex   2.347554e+01 -4.989881e+00 5.000000e+01
    endloop
  endfacet
  facet normal 0.000000e+00 0.000000e+00 1.000000e+00
    outer loop
      vertex   2.386853e+01 -2.508683e+00 5.000000e+01
      vertex   2.005000e+01 -8.660254e-01 5.000000e+01
      vertex   2.347554e+01 -4.989881e+00 5.000000e+01
    endloop
  endfacet
  facet normal 0.000000e+00 0.000000e+00 1.000000e+00
    outer loop
      vertex   2.347554e+01 -4.989881e+00 5.000000e+01
      vertex   2.005000e+01 -8.660254e-01 5.000000e+01
      vertex   1.980882e+01 -9.659258e-01 5.000000e+01
    endloop
  endfacet
  facet normal 0.000000e+00 0.000000e+00 1.000000e+00
    outer loop
      vertex   2.347554e+01 -4.989881e+00 5.000000e+01
      vertex   1.980882e+01 -9.659258e-01 5.000000e+01
      vertex   1.955000e+01 -1.000000e+00 5.000000e+01
    endloop
  endfacet
  facet normal 0.000000e+00 0.000000e+00 1.000000e+00
    outer loop
      vertex   2.400000e+01 2.939152e-15 5.000000e+01
      vertex   2.041603e+01 -5.000000e-01 5.000000e+01
      vertex   2.386853e+01 -2.508683e+00 5.000000e+01
    endloop
  endfacet
  facet normal 0.000000e+00 0.000000e+00 1.000000e+00
    outer loop
      vertex   2.386853e+01 -2.508683e+00 5.000000e+01
      vertex   2.041603e+01 -5.000000e-01 5.000000e+01
      vertex   2.025711e+01 -7.071068e-01 5.000000e+01
    endloop
  endfacet
  facet normal 0.000000e+00 0.000000e+00 1.000000e+00
    outer loop
      vertex   2.386853e+01 -2.508683e+00 5.000000e+01
      vertex   2.025711e+01 -7.071068e-01 5.000000e+01
      vertex   2.005000e+01 -8.660254e-01 5.000000e+01
    endloop
  endfacet
  facet normal -0.000000e+00 0.000000e+00 1.000000e+00
    outer loop
      vertex   -7.584074e+00 -2.588190e-01 5.000000e+01
      vertex   -6.100000e+00 -6.500000e+00 5.000000e+01
      vertex   -7.550000e+00 1.224647e-16 5.000000e+01
    endloop
  endfacet
  facet normal -0.000000e+00 0.000000e+00 1.000000e+00
    outer loop
      vertex   -7.550000e+00 1.224647e-16 5.000000e+01
      vertex   -6.100000e+00 -6.500000e+00 5.000000e+01
      vertex   -6.100000e+00 6.500000e+00 5.000000e+01
    endloop
  endfacet
  facet normal 0.000000e+00 -0.000000e+00 1.000000e+00
    outer loop
      vertex   -7.550000e+00 1.224647e-16 5.000000e+01
      vertex   -6.100000e+00 6.500000e+00 5.000000e+01
      vertex   -7.584074e+00 2.588190e-01 5.000000e+01
    endloop
  endfacet
  facet normal 0.000000e+00 -0.000000e+00 1.000000e+00
    outer loop
      vertex   -7.584074e+00 2.588190e-01 5.000000e+01
      vertex   -6.100000e+00 6.500000e+00 5.000000e+01
      vertex   -7.683975e+00 5.000000e-01 5.000000e+01
    endloop
  endfacet
  facet normal 0.000000e+00 -0.000000e+00 1.000000e+00
    outer loop
      vertex   -7.683975e+00 5.000000e-01 5.000000e+01
      vertex   -6.100000e+00 6.500000e+00 5.000000e+01
      vertex   -7.842893e+00 7.071068e-01 5.000000e+01
    endloop
  endfacet
  facet normal 0.000000e+00 -0.000000e+00 1.000000e+00
    outer loop
      vertex   -7.842893e+00 7.071068e-01 5.000000e+01
      vertex   -6.100000e+00 6.500000e+00 5.000000e+01
      vertex   -8.050000e+00 8.660254e-01 5.000000e+01
    endloop
  endfacet
  facet normal 0.000000e+00 -0.000000e+00 1.000000e+00
    outer loop
      vertex   -8.050000e+00 8.660254e-01 5.000000e+01
      vertex   -6.100000e+00 6.500000e+00 5.000000e+01
      vertex   -8.291181e+00 9.659258e-01 5.000000e+01
    endloop
  endfacet
  facet normal 0.000000e+00 -0.000000e+00 1.000000e+00
    outer loop
      vertex   -8.291181e+00 9.659258e-01 5.000000e+01
      vertex   -6.100000e+00 6.500000e+00 5.000000e+01
      vertex   -8.550000e+00 1.000000e+00 5.000000e+01
    endloop
  endfacet
  facet normal 0.000000e+00 -0.000000e+00 1.000000e+00
    outer loop
      vertex   -8.550000e+00 1.000000e+00 5.000000e+01
      vertex   -6.100000e+00 6.500000e+00 5.000000e+01
      vertex   -8.808819e+00 9.659258e-01 5.000000e+01
    endloop
  endfacet
  facet normal 0.000000e+00 -0.000000e+00 1.000000e+00
    outer loop
      vertex   -8.808819e+00 9.659258e-01 5.000000e+01
      vertex   -6.100000e+00 6.500000e+00 5.000000e+01
      vertex   -9.050000e+00 8.660254e-01 5.000000e+01
    endloop
  endfacet
  facet normal 0.000000e+00 -0.000000e+00 1.000000e+00
    outer loop
      vertex   -9.050000e+00 8.660254e-01 5.000000e+01
      vertex   -6.100000e+00 6.500000e+00 5.000000e+01
      vertex   -9.257107e+00 7.071068e-01 5.000000e+01
    endloop
  endfacet
  facet normal 0.000000e+00 0.000000e+00 1.000000e+00
    outer loop
      vertex   -7.584074e+00 -2.588190e-01 5.000000e+01
      vertex   -7.683975e+00 -5.000000e-01 5.000000e+01
      vertex   -6.100000e+00 -6.500000e+00 5.000000e+01
    endloop
  endfacet
  facet normal 0.000000e+00 0.000000e+00 1.000000e+00
    outer loop
      vertex   -6.100000e+00 -6.500000e+00 5.000000e+01
      vertex   -7.683975e+00 -5.000000e-01 5.000000e+01
      vertex   -7.842893e+00 -7.071068e-01 5.000000e+01
    endloop
  endfacet
  facet normal 0.000000e+00 0.000000e+00 1.000000e+00
    outer loop
      vertex   -6.100000e+00 -6.500000e+00 5.000000e+01
      vertex   -7.842893e+00 -7.071068e-01 5.000000e+01
      vertex   -8.050000e+00 -8.660254e-01 5.000000e+01
    endloop
  endfacet
  facet normal 0.000000e+00 0.000000e+00 1.000000e+00
    outer loop
      vertex   -8.050000e+00 -8.660254e-01 5.000000e+01
      vertex   -8.291181e+00 -9.659258e-01 5.000000e+01
      vertex   -6.100000e+00 -6.500000e+00 5.000000e+01
    endloop
  endfacet
  facet normal 0.000000e+00 0.000000e+00 1.000000e+00
    outer loop
      vertex   -6.100000e+00 -6.500000e+00 5.000000e+01
      vertex   -8.291181e+00 -9.659258e-01 5.000000e+01
      vertex   -8.550000e+00 -1.000000e+00 5.000000e+01
    endloop
  endfacet
  facet normal 0.000000e+00 0.000000e+00 1.000000e+00
    outer loop
      vertex   -6.100000e+00 -6.500000e+00 5.000000e+01
      vertex   -8.550000e+00 -1.000000e+00 5.000000e+01
      vertex   -8.808819e+00 -9.659258e-01 5.000000e+01
    endloop
  endfacet
  facet normal 0.000000e+00 0.000000e+00 1.000000e+00
    outer loop
      vertex   -8.808819e+00 -9.659258e-01 5.000000e+01
      vertex   -9.050000e+00 -8.660254e-01 5.000000e+01
      vertex   -6.100000e+00 -6.500000e+00 5.000000e+01
    endloop
  endfacet
  facet normal 0.000000e+00 0.000000e+00 1.000000e+00
    outer loop
      vertex   -6.100000e+00 -6.500000e+00 5.000000e+01
      vertex   -9.050000e+00 -8.660254e-01 5.000000e+01
      vertex   -9.257107e+00 -7.071068e-01 5.000000e+01
    endloop
  endfacet
  facet normal -0.000000e+00 0.000000e+00 1.000000e+00
    outer loop
      vertex   2.055000e+01 1.232688e-15 5.000000e+01
      vertex   2.051593e+01 -2.588190e-01 5.000000e+01
      vertex   2.400000e+01 2.939152e-15 5.000000e+01
    endloop
  endfacet
  facet normal 0.000000e+00 0.000000e+00 1.000000e+00
    outer loop
      vertex   2.400000e+01 2.939152e-15 5.000000e+01
      vertex   2.051593e+01 -2.588190e-01 5.000000e+01
      vertex   2.041603e+01 -5.000000e-01 5.000000e+01
    endloop
  endfacet
  facet normal 0.000000e+00 0.000000e+00 1.000000e+00
    outer loop
      vertex   2.347554e+01 -4.989881e+00 5.000000e+01
      vertex   1.955000e+01 -1.000000e+00 5.000000e+01
      vertex   1.710000e+01 -6.500000e+00 5.000000e+01
    endloop
  endfacet
  facet normal 0.000000e+00 0.000000e+00 1.000000e+00
    outer loop
      vertex   1.710000e+01 -6.500000e+00 5.000000e+01
      vertex   1.955000e+01 -1.000000e+00 5.000000e+01
      vertex   1.929118e+01 -9.659258e-01 5.000000e+01
    endloop
  endfacet
  facet normal 0.000000e+00 0.000000e+00 1.000000e+00
    outer loop
      vertex   1.710000e+01 -6.500000e+00 5.000000e+01
      vertex   1.929118e+01 -9.659258e-01 5.000000e+01
      vertex   1.905000e+01 -8.660254e-01 5.000000e+01
    endloop
  endfacet
  facet normal 0.000000e+00 0.000000e+00 1.000000e+00
    outer loop
      vertex   1.905000e+01 -8.660254e-01 5.000000e+01
      vertex   1.884289e+01 -7.071068e-01 5.000000e+01
      vertex   1.710000e+01 -6.500000e+00 5.000000e+01
    endloop
  endfacet
  facet normal 0.000000e+00 0.000000e+00 1.000000e+00
    outer loop
      vertex   1.710000e+01 -6.500000e+00 5.000000e+01
      vertex   1.884289e+01 -7.071068e-01 5.000000e+01
      vertex   1.868397e+01 -5.000000e-01 5.000000e+01
    endloop
  endfacet
  facet normal 0.000000e+00 0.000000e+00 1.000000e+00
    outer loop
      vertex   1.710000e+01 -6.500000e+00 5.000000e+01
      vertex   1.868397e+01 -5.000000e-01 5.000000e+01
      vertex   1.858407e+01 -2.588190e-01 5.000000e+01
    endloop
  endfacet
  facet normal 0.000000e+00 0.000000e+00 1.000000e+00
    outer loop
      vertex   1.858407e+01 -2.588190e-01 5.000000e+01
      vertex   1.855000e+01 1.110223e-15 5.000000e+01
      vertex   1.710000e+01 -6.500000e+00 5.000000e+01
    endloop
  endfacet
  facet normal 0.000000e+00 0.000000e+00 1.000000e+00
    outer loop
      vertex   1.710000e+01 -6.500000e+00 5.000000e+01
      vertex   1.855000e+01 1.110223e-15 5.000000e+01
      vertex   1.710000e+01 6.500000e+00 5.000000e+01
    endloop
  endfacet
  facet normal 0.000000e+00 0.000000e+00 1.000000e+00
    outer loop
      vertex   1.710000e+01 6.500000e+00 5.000000e+01
      vertex   1.855000e+01 1.110223e-15 5.000000e+01
      vertex   1.858407e+01 2.588190e-01 5.000000e+01
    endloop
  endfacet
  facet normal 0.000000e+00 0.000000e+00 1.000000e+00
    outer loop
      vertex   1.710000e+01 6.500000e+00 5.000000e+01
      vertex   1.858407e+01 2.588190e-01 5.000000e+01
      vertex   1.868397e+01 5.000000e-01 5.000000e+01
    endloop
  endfacet
  facet normal 0.000000e+00 -0.000000e+00 1.000000e+00
    outer loop
      vertex   1.868397e+01 5.000000e-01 5.000000e+01
      vertex   1.884289e+01 7.071068e-01 5.000000e+01
      vertex   1.710000e+01 6.500000e+00 5.000000e+01
    endloop
  endfacet
  facet normal 0.000000e+00 0.000000e+00 1.000000e+00
    outer loop
      vertex   1.710000e+01 6.500000e+00 5.000000e+01
      vertex   1.884289e+01 7.071068e-01 5.000000e+01
      vertex   1.905000e+01 8.660254e-01 5.000000e+01
    endloop
  endfacet
  facet normal 0.000000e+00 0.000000e+00 1.000000e+00
    outer loop
      vertex   1.710000e+01 6.500000e+00 5.000000e+01
      vertex   1.905000e+01 8.660254e-01 5.000000e+01
      vertex   1.929118e+01 9.659258e-01 5.000000e+01
    endloop
  endfacet
  facet normal 0.000000e+00 -0.000000e+00 1.000000e+00
    outer loop
      vertex   1.929118e+01 9.659258e-01 5.000000e+01
      vertex   1.955000e+01 1.000000e+00 5.000000e+01
      vertex   1.710000e+01 6.500000e+00 5.000000e+01
    endloop
  endfacet
  facet normal -0.000000e+00 0.000000e+00 1.000000e+00
    outer loop
      vertex   1.980882e+01 9.659258e-01 5.000000e+01
      vertex   2.005000e+01 8.660254e-01 5.000000e+01
      vertex   2.347554e+01 4.989881e+00 5.000000e+01
    endloop
  endfacet
endsolid
