solid ASCII
  facet normal -9.914449e-01 0.000000e+00 -1.305262e-01
    outer loop
      vertex   -1.335907e+01 6.264781e+01 8.758819e+00
      vertex   -1.335907e+01 6.764781e+01 8.758819e+00
      vertex   -1.332500e+01 6.264781e+01 8.500000e+00
    endloop
  endfacet
  facet normal -9.914449e-01 0.000000e+00 -1.305262e-01
    outer loop
      vertex   -1.332500e+01 6.264781e+01 8.500000e+00
      vertex   -1.335907e+01 6.764781e+01 8.758819e+00
      vertex   -1.332500e+01 6.764781e+01 8.500000e+00
    endloop
  endfacet
  facet normal -9.914449e-01 0.000000e+00 1.305262e-01
    outer loop
      vertex   -1.332500e+01 6.264781e+01 8.500000e+00
      vertex   -1.332500e+01 6.764781e+01 8.500000e+00
      vertex   -1.335907e+01 6.264781e+01 8.241181e+00
    endloop
  endfacet
  facet normal -9.914449e-01 0.000000e+00 1.305262e-01
    outer loop
      vertex   -1.335907e+01 6.264781e+01 8.241181e+00
      vertex   -1.332500e+01 6.764781e+01 8.500000e+00
      vertex   -1.335907e+01 6.764781e+01 8.241181e+00
    endloop
  endfacet
  facet normal -9.238795e-01 0.000000e+00 3.826834e-01
    outer loop
      vertex   -1.335907e+01 6.264781e+01 8.241181e+00
      vertex   -1.335907e+01 6.764781e+01 8.241181e+00
      vertex   -1.345897e+01 6.264781e+01 8.000000e+00
    endloop
  endfacet
  facet normal -9.238795e-01 0.000000e+00 3.826834e-01
    outer loop
      vertex   -1.345897e+01 6.264781e+01 8.000000e+00
      vertex   -1.335907e+01 6.764781e+01 8.241181e+00
      vertex   -1.345897e+01 6.764781e+01 8.000000e+00
    endloop
  endfacet
  facet normal -7.933533e-01 0.000000e+00 6.087614e-01
    outer loop
      vertex   -1.345897e+01 6.264781e+01 8.000000e+00
      vertex   -1.345897e+01 6.764781e+01 8.000000e+00
      vertex   -1.361789e+01 6.264781e+01 7.792893e+00
    endloop
  endfacet
  facet normal -7.933533e-01 0.000000e+00 6.087614e-01
    outer loop
      vertex   -1.361789e+01 6.264781e+01 7.792893e+00
      vertex   -1.345897e+01 6.764781e+01 8.000000e+00
      vertex   -1.361789e+01 6.764781e+01 7.792893e+00
    endloop
  endfacet
  facet normal -6.087614e-01 0.000000e+00 7.933533e-01
    outer loop
      vertex   -1.361789e+01 6.264781e+01 7.792893e+00
      vertex   -1.361789e+01 6.764781e+01 7.792893e+00
      vertex   -1.382500e+01 6.264781e+01 7.633975e+00
    endloop
  endfacet
  facet normal -6.087614e-01 0.000000e+00 7.933533e-01
    outer loop
      vertex   -1.382500e+01 6.264781e+01 7.633975e+00
      vertex   -1.361789e+01 6.764781e+01 7.792893e+00
      vertex   -1.382500e+01 6.764781e+01 7.633975e+00
    endloop
  endfacet
  facet normal -3.826834e-01 0.000000e+00 9.238795e-01
    outer loop
      vertex   -1.382500e+01 6.264781e+01 7.633975e+00
      vertex   -1.382500e+01 6.764781e+01 7.633975e+00
      vertex   -1.406618e+01 6.264781e+01 7.534074e+00
    endloop
  endfacet
  facet normal -3.826834e-01 0.000000e+00 9.238795e-01
    outer loop
      vertex   -1.406618e+01 6.264781e+01 7.534074e+00
      vertex   -1.382500e+01 6.764781e+01 7.633975e+00
      vertex   -1.406618e+01 6.764781e+01 7.534074e+00
    endloop
  endfacet
  facet normal -1.305262e-01 0.000000e+00 9.914449e-01
    outer loop
      vertex   -1.406618e+01 6.264781e+01 7.534074e+00
      vertex   -1.406618e+01 6.764781e+01 7.534074e+00
      vertex   -1.432500e+01 6.264781e+01 7.500000e+00
    endloop
  endfacet
  facet normal -1.305262e-01 0.000000e+00 9.914449e-01
    outer loop
      vertex   -1.432500e+01 6.264781e+01 7.500000e+00
      vertex   -1.406618e+01 6.764781e+01 7.534074e+00
      vertex   -1.432500e+01 6.764781e+01 7.500000e+00
    endloop
  endfacet
  facet normal 1.305262e-01 -0.000000e+00 9.914449e-01
    outer loop
      vertex   -1.432500e+01 6.264781e+01 7.500000e+00
      vertex   -1.432500e+01 6.764781e+01 7.500000e+00
      vertex   -1.458382e+01 6.264781e+01 7.534074e+00
    endloop
  endfacet
  facet normal 1.305262e-01 -0.000000e+00 9.914449e-01
    outer loop
      vertex   -1.458382e+01 6.264781e+01 7.534074e+00
      vertex   -1.432500e+01 6.764781e+01 7.500000e+00
      vertex   -1.458382e+01 6.764781e+01 7.534074e+00
    endloop
  endfacet
  facet normal 3.826834e-01 -0.000000e+00 9.238795e-01
    outer loop
      vertex   -1.458382e+01 6.264781e+01 7.534074e+00
      vertex   -1.458382e+01 6.764781e+01 7.534074e+00
      vertex   -1.482500e+01 6.264781e+01 7.633975e+00
    endloop
  endfacet
  facet normal 3.826834e-01 -0.000000e+00 9.238795e-01
    outer loop
      vertex   -1.482500e+01 6.264781e+01 7.633975e+00
      vertex   -1.458382e+01 6.764781e+01 7.534074e+00
      vertex   -1.482500e+01 6.764781e+01 7.633975e+00
    endloop
  endfacet
  facet normal 6.087614e-01 -0.000000e+00 7.933533e-01
    outer loop
      vertex   -1.482500e+01 6.264781e+01 7.633975e+00
      vertex   -1.482500e+01 6.764781e+01 7.633975e+00
      vertex   -1.503211e+01 6.264781e+01 7.792893e+00
    endloop
  endfacet
  facet normal 6.087614e-01 -0.000000e+00 7.933533e-01
    outer loop
      vertex   -1.503211e+01 6.264781e+01 7.792893e+00
      vertex   -1.482500e+01 6.764781e+01 7.633975e+00
      vertex   -1.503211e+01 6.764781e+01 7.792893e+00
    endloop
  endfacet
  facet normal 7.933533e-01 -0.000000e+00 6.087614e-01
    outer loop
      vertex   -1.503211e+01 6.264781e+01 7.792893e+00
      vertex   -1.503211e+01 6.764781e+01 7.792893e+00
      vertex   -1.519103e+01 6.264781e+01 8.000000e+00
    endloop
  endfacet
  facet normal 7.933533e-01 -0.000000e+00 6.087614e-01
    outer loop
      vertex   -1.519103e+01 6.264781e+01 8.000000e+00
      vertex   -1.503211e+01 6.764781e+01 7.792893e+00
      vertex   -1.519103e+01 6.764781e+01 8.000000e+00
    endloop
  endfacet
  facet normal 9.238795e-01 -0.000000e+00 3.826834e-01
    outer loop
      vertex   -1.519103e+01 6.264781e+01 8.000000e+00
      vertex   -1.519103e+01 6.764781e+01 8.000000e+00
      vertex   -1.529093e+01 6.264781e+01 8.241181e+00
    endloop
  endfacet
  facet normal 9.238795e-01 -0.000000e+00 3.826834e-01
    outer loop
      vertex   -1.529093e+01 6.264781e+01 8.241181e+00
      vertex   -1.519103e+01 6.764781e+01 8.000000e+00
      vertex   -1.529093e+01 6.764781e+01 8.241181e+00
    endloop
  endfacet
  facet normal 9.914449e-01 -0.000000e+00 1.305262e-01
    outer loop
      vertex   -1.529093e+01 6.264781e+01 8.241181e+00
      vertex   -1.529093e+01 6.764781e+01 8.241181e+00
      vertex   -1.532500e+01 6.264781e+01 8.500000e+00
    endloop
  endfacet
  facet normal 9.914449e-01 -0.000000e+00 1.305262e-01
    outer loop
      vertex   -1.532500e+01 6.264781e+01 8.500000e+00
      vertex   -1.529093e+01 6.764781e+01 8.241181e+00
      vertex   -1.532500e+01 6.764781e+01 8.500000e+00
    endloop
  endfacet
  facet normal 9.914449e-01 0.000000e+00 -1.305262e-01
    outer loop
      vertex   -1.532500e+01 6.264781e+01 8.500000e+00
      vertex   -1.532500e+01 6.764781e+01 8.500000e+00
      vertex   -1.529093e+01 6.264781e+01 8.758819e+00
    endloop
  endfacet
  facet normal 9.914449e-01 0.000000e+00 -1.305262e-01
    outer loop
      vertex   -1.529093e+01 6.264781e+01 8.758819e+00
      vertex   -1.532500e+01 6.764781e+01 8.500000e+00
      vertex   -1.529093e+01 6.764781e+01 8.758819e+00
    endloop
  endfacet
  facet normal 9.238795e-01 0.000000e+00 -3.826834e-01
    outer loop
      vertex   -1.529093e+01 6.264781e+01 8.758819e+00
      vertex   -1.529093e+01 6.764781e+01 8.758819e+00
      vertex   -1.519103e+01 6.264781e+01 9.000000e+00
    endloop
  endfacet
  facet normal 9.238795e-01 0.000000e+00 -3.826834e-01
    outer loop
      vertex   -1.519103e+01 6.264781e+01 9.000000e+00
      vertex   -1.529093e+01 6.764781e+01 8.758819e+00
      vertex   -1.519103e+01 6.764781e+01 9.000000e+00
    endloop
  endfacet
  facet normal 7.933533e-01 0.000000e+00 -6.087614e-01
    outer loop
      vertex   -1.519103e+01 6.264781e+01 9.000000e+00
      vertex   -1.519103e+01 6.764781e+01 9.000000e+00
      vertex   -1.503211e+01 6.264781e+01 9.207107e+00
    endloop
  endfacet
  facet normal 7.933533e-01 0.000000e+00 -6.087614e-01
    outer loop
      vertex   -1.503211e+01 6.264781e+01 9.207107e+00
      vertex   -1.519103e+01 6.764781e+01 9.000000e+00
      vertex   -1.503211e+01 6.764781e+01 9.207107e+00
    endloop
  endfacet
  facet normal 6.087614e-01 0.000000e+00 -7.933533e-01
    outer loop
      vertex   -1.503211e+01 6.264781e+01 9.207107e+00
      vertex   -1.503211e+01 6.764781e+01 9.207107e+00
      vertex   -1.482500e+01 6.264781e+01 9.366025e+00
    endloop
  endfacet
  facet normal 6.087614e-01 0.000000e+00 -7.933533e-01
    outer loop
      vertex   -1.482500e+01 6.264781e+01 9.366025e+00
      vertex   -1.503211e+01 6.764781e+01 9.207107e+00
      vertex   -1.482500e+01 6.764781e+01 9.366025e+00
    endloop
  endfacet
  facet normal 3.826834e-01 0.000000e+00 -9.238795e-01
    outer loop
      vertex   -1.482500e+01 6.264781e+01 9.366025e+00
      vertex   -1.482500e+01 6.764781e+01 9.366025e+00
      vertex   -1.458382e+01 6.264781e+01 9.465926e+00
    endloop
  endfacet
  facet normal 3.826834e-01 0.000000e+00 -9.238795e-01
    outer loop
      vertex   -1.458382e+01 6.264781e+01 9.465926e+00
      vertex   -1.482500e+01 6.764781e+01 9.366025e+00
      vertex   -1.458382e+01 6.764781e+01 9.465926e+00
    endloop
  endfacet
  facet normal 1.305262e-01 0.000000e+00 -9.914449e-01
    outer loop
      vertex   -1.458382e+01 6.264781e+01 9.465926e+00
      vertex   -1.458382e+01 6.764781e+01 9.465926e+00
      vertex   -1.432500e+01 6.264781e+01 9.500000e+00
    endloop
  endfacet
  facet normal 1.305262e-01 0.000000e+00 -9.914449e-01
    outer loop
      vertex   -1.432500e+01 6.264781e+01 9.500000e+00
      vertex   -1.458382e+01 6.764781e+01 9.465926e+00
      vertex   -1.432500e+01 6.764781e+01 9.500000e+00
    endloop
  endfacet
  facet normal -1.305262e-01 0.000000e+00 -9.914449e-01
    outer loop
      vertex   -1.432500e+01 6.264781e+01 9.500000e+00
      vertex   -1.432500e+01 6.764781e+01 9.500000e+00
      vertex   -1.406618e+01 6.264781e+01 9.465926e+00
    endloop
  endfacet
  facet normal -1.305262e-01 0.000000e+00 -9.914449e-01
    outer loop
      vertex   -1.406618e+01 6.264781e+01 9.465926e+00
      vertex   -1.432500e+01 6.764781e+01 9.500000e+00
      vertex   -1.406618e+01 6.764781e+01 9.465926e+00
    endloop
  endfacet
  facet normal -3.826834e-01 0.000000e+00 -9.238795e-01
    outer loop
      vertex   -1.406618e+01 6.264781e+01 9.465926e+00
      vertex   -1.406618e+01 6.764781e+01 9.465926e+00
      vertex   -1.382500e+01 6.264781e+01 9.366025e+00
    endloop
  endfacet
  facet normal -3.826834e-01 0.000000e+00 -9.238795e-01
    outer loop
      vertex   -1.382500e+01 6.264781e+01 9.366025e+00
      vertex   -1.406618e+01 6.764781e+01 9.465926e+00
      vertex   -1.382500e+01 6.764781e+01 9.366025e+00
    endloop
  endfacet
  facet normal -6.087614e-01 0.000000e+00 -7.933533e-01
    outer loop
      vertex   -1.382500e+01 6.264781e+01 9.366025e+00
      vertex   -1.382500e+01 6.764781e+01 9.366025e+00
      vertex   -1.361789e+01 6.264781e+01 9.207107e+00
    endloop
  endfacet
  facet normal -6.087614e-01 0.000000e+00 -7.933533e-01
    outer loop
      vertex   -1.361789e+01 6.264781e+01 9.207107e+00
      vertex   -1.382500e+01 6.764781e+01 9.366025e+00
      vertex   -1.361789e+01 6.764781e+01 9.207107e+00
    endloop
  endfacet
  facet normal -7.933533e-01 0.000000e+00 -6.087614e-01
    outer loop
      vertex   -1.361789e+01 6.264781e+01 9.207107e+00
      vertex   -1.361789e+01 6.764781e+01 9.207107e+00
      vertex   -1.345897e+01 6.264781e+01 9.000000e+00
    endloop
  endfacet
  facet normal -7.933533e-01 0.000000e+00 -6.087614e-01
    outer loop
      vertex   -1.345897e+01 6.264781e+01 9.000000e+00
      vertex   -1.361789e+01 6.764781e+01 9.207107e+00
      vertex   -1.345897e+01 6.764781e+01 9.000000e+00
    endloop
  endfacet
  facet normal -9.238795e-01 0.000000e+00 -3.826834e-01
    outer loop
      vertex   -1.345897e+01 6.264781e+01 9.000000e+00
      vertex   -1.345897e+01 6.764781e+01 9.000000e+00
      vertex   -1.335907e+01 6.264781e+01 8.758819e+00
    endloop
  endfacet
  facet normal -9.238795e-01 0.000000e+00 -3.826834e-01
    outer loop
      vertex   -1.335907e+01 6.264781e+01 8.758819e+00
      vertex   -1.345897e+01 6.764781e+01 9.000000e+00
      vertex   -1.335907e+01 6.764781e+01 8.758819e+00
    endloop
  endfacet
  facet normal -9.914449e-01 0.000000e+00 1.305262e-01
    outer loop
      vertex   -1.335907e+01 7.264781e+01 8.241181e+00
      vertex   -1.335907e+01 6.764781e+01 8.241181e+00
      vertex   -1.332500e+01 7.264781e+01 8.500000e+00
    endloop
  endfacet
  facet normal -9.914449e-01 0.000000e+00 1.305262e-01
    outer loop
      vertex   -1.332500e+01 7.264781e+01 8.500000e+00
      vertex   -1.335907e+01 6.764781e+01 8.241181e+00
      vertex   -1.332500e+01 6.764781e+01 8.500000e+00
    endloop
  endfacet
  facet normal -9.914449e-01 -0.000000e+00 -1.305262e-01
    outer loop
      vertex   -1.332500e+01 7.264781e+01 8.500000e+00
      vertex   -1.332500e+01 6.764781e+01 8.500000e+00
      vertex   -1.335907e+01 7.264781e+01 8.758819e+00
    endloop
  endfacet
  facet normal -9.914449e-01 -0.000000e+00 -1.305262e-01
    outer loop
      vertex   -1.335907e+01 7.264781e+01 8.758819e+00
      vertex   -1.332500e+01 6.764781e+01 8.500000e+00
      vertex   -1.335907e+01 6.764781e+01 8.758819e+00
    endloop
  endfacet
  facet normal -9.238795e-01 -0.000000e+00 -3.826834e-01
    outer loop
      vertex   -1.335907e+01 7.264781e+01 8.758819e+00
      vertex   -1.335907e+01 6.764781e+01 8.758819e+00
      vertex   -1.345897e+01 7.264781e+01 9.000000e+00
    endloop
  endfacet
  facet normal -9.238795e-01 -0.000000e+00 -3.826834e-01
    outer loop
      vertex   -1.345897e+01 7.264781e+01 9.000000e+00
      vertex   -1.335907e+01 6.764781e+01 8.758819e+00
      vertex   -1.345897e+01 6.764781e+01 9.000000e+00
    endloop
  endfacet
  facet normal -7.933533e-01 -0.000000e+00 -6.087614e-01
    outer loop
      vertex   -1.345897e+01 7.264781e+01 9.000000e+00
      vertex   -1.345897e+01 6.764781e+01 9.000000e+00
      vertex   -1.361789e+01 7.264781e+01 9.207107e+00
    endloop
  endfacet
  facet normal -7.933533e-01 -0.000000e+00 -6.087614e-01
    outer loop
      vertex   -1.361789e+01 7.264781e+01 9.207107e+00
      vertex   -1.345897e+01 6.764781e+01 9.000000e+00
      vertex   -1.361789e+01 6.764781e+01 9.207107e+00
    endloop
  endfacet
  facet normal -6.087614e-01 -0.000000e+00 -7.933533e-01
    outer loop
      vertex   -1.361789e+01 7.264781e+01 9.207107e+00
      vertex   -1.361789e+01 6.764781e+01 9.207107e+00
      vertex   -1.382500e+01 7.264781e+01 9.366025e+00
    endloop
  endfacet
  facet normal -6.087614e-01 -0.000000e+00 -7.933533e-01
    outer loop
      vertex   -1.382500e+01 7.264781e+01 9.366025e+00
      vertex   -1.361789e+01 6.764781e+01 9.207107e+00
      vertex   -1.382500e+01 6.764781e+01 9.366025e+00
    endloop
  endfacet
  facet normal -3.826834e-01 -0.000000e+00 -9.238795e-01
    outer loop
      vertex   -1.382500e+01 7.264781e+01 9.366025e+00
      vertex   -1.382500e+01 6.764781e+01 9.366025e+00
      vertex   -1.406618e+01 7.264781e+01 9.465926e+00
    endloop
  endfacet
  facet normal -3.826834e-01 -0.000000e+00 -9.238795e-01
    outer loop
      vertex   -1.406618e+01 7.264781e+01 9.465926e+00
      vertex   -1.382500e+01 6.764781e+01 9.366025e+00
      vertex   -1.406618e+01 6.764781e+01 9.465926e+00
    endloop
  endfacet
  facet normal -1.305262e-01 -0.000000e+00 -9.914449e-01
    outer loop
      vertex   -1.406618e+01 7.264781e+01 9.465926e+00
      vertex   -1.406618e+01 6.764781e+01 9.465926e+00
      vertex   -1.432500e+01 7.264781e+01 9.500000e+00
    endloop
  endfacet
  facet normal -1.305262e-01 -0.000000e+00 -9.914449e-01
    outer loop
      vertex   -1.432500e+01 7.264781e+01 9.500000e+00
      vertex   -1.406618e+01 6.764781e+01 9.465926e+00
      vertex   -1.432500e+01 6.764781e+01 9.500000e+00
    endloop
  endfacet
  facet normal 1.305262e-01 0.000000e+00 -9.914449e-01
    outer loop
      vertex   -1.432500e+01 7.264781e+01 9.500000e+00
      vertex   -1.432500e+01 6.764781e+01 9.500000e+00
      vertex   -1.458382e+01 7.264781e+01 9.465926e+00
    endloop
  endfacet
  facet normal 1.305262e-01 0.000000e+00 -9.914449e-01
    outer loop
      vertex   -1.458382e+01 7.264781e+01 9.465926e+00
      vertex   -1.432500e+01 6.764781e+01 9.500000e+00
      vertex   -1.458382e+01 6.764781e+01 9.465926e+00
    endloop
  endfacet
  facet normal 3.826834e-01 0.000000e+00 -9.238795e-01
    outer loop
      vertex   -1.458382e+01 7.264781e+01 9.465926e+00
      vertex   -1.458382e+01 6.764781e+01 9.465926e+00
      vertex   -1.482500e+01 7.264781e+01 9.366025e+00
    endloop
  endfacet
  facet normal 3.826834e-01 0.000000e+00 -9.238795e-01
    outer loop
      vertex   -1.482500e+01 7.264781e+01 9.366025e+00
      vertex   -1.458382e+01 6.764781e+01 9.465926e+00
      vertex   -1.482500e+01 6.764781e+01 9.366025e+00
    endloop
  endfacet
  facet normal 6.087614e-01 0.000000e+00 -7.933533e-01
    outer loop
      vertex   -1.482500e+01 7.264781e+01 9.366025e+00
      vertex   -1.482500e+01 6.764781e+01 9.366025e+00
      vertex   -1.503211e+01 7.264781e+01 9.207107e+00
    endloop
  endfacet
  facet normal 6.087614e-01 0.000000e+00 -7.933533e-01
    outer loop
      vertex   -1.503211e+01 7.264781e+01 9.207107e+00
      vertex   -1.482500e+01 6.764781e+01 9.366025e+00
      vertex   -1.503211e+01 6.764781e+01 9.207107e+00
    endloop
  endfacet
  facet normal 7.933533e-01 0.000000e+00 -6.087614e-01
    outer loop
      vertex   -1.503211e+01 7.264781e+01 9.207107e+00
      vertex   -1.503211e+01 6.764781e+01 9.207107e+00
      vertex   -1.519103e+01 7.264781e+01 9.000000e+00
    endloop
  endfacet
  facet normal 7.933533e-01 0.000000e+00 -6.087614e-01
    outer loop
      vertex   -1.519103e+01 7.264781e+01 9.000000e+00
      vertex   -1.503211e+01 6.764781e+01 9.207107e+00
      vertex   -1.519103e+01 6.764781e+01 9.000000e+00
    endloop
  endfacet
  facet normal 9.238795e-01 0.000000e+00 -3.826834e-01
    outer loop
      vertex   -1.519103e+01 7.264781e+01 9.000000e+00
      vertex   -1.519103e+01 6.764781e+01 9.000000e+00
      vertex   -1.529093e+01 7.264781e+01 8.758819e+00
    endloop
  endfacet
  facet normal 9.238795e-01 0.000000e+00 -3.826834e-01
    outer loop
      vertex   -1.529093e+01 7.264781e+01 8.758819e+00
      vertex   -1.519103e+01 6.764781e+01 9.000000e+00
      vertex   -1.529093e+01 6.764781e+01 8.758819e+00
    endloop
  endfacet
  facet normal 9.914449e-01 0.000000e+00 -1.305262e-01
    outer loop
      vertex   -1.529093e+01 7.264781e+01 8.758819e+00
      vertex   -1.529093e+01 6.764781e+01 8.758819e+00
      vertex   -1.532500e+01 7.264781e+01 8.500000e+00
    endloop
  endfacet
  facet normal 9.914449e-01 0.000000e+00 -1.305262e-01
    outer loop
      vertex   -1.532500e+01 7.264781e+01 8.500000e+00
      vertex   -1.529093e+01 6.764781e+01 8.758819e+00
      vertex   -1.532500e+01 6.764781e+01 8.500000e+00
    endloop
  endfacet
  facet normal 9.914449e-01 0.000000e+00 1.305262e-01
    outer loop
      vertex   -1.532500e+01 7.264781e+01 8.500000e+00
      vertex   -1.532500e+01 6.764781e+01 8.500000e+00
      vertex   -1.529093e+01 7.264781e+01 8.241181e+00
    endloop
  endfacet
  facet normal 9.914449e-01 0.000000e+00 1.305262e-01
    outer loop
      vertex   -1.529093e+01 7.264781e+01 8.241181e+00
      vertex   -1.532500e+01 6.764781e+01 8.500000e+00
      vertex   -1.529093e+01 6.764781e+01 8.241181e+00
    endloop
  endfacet
  facet normal 9.238795e-01 0.000000e+00 3.826834e-01
    outer loop
      vertex   -1.529093e+01 7.264781e+01 8.241181e+00
      vertex   -1.529093e+01 6.764781e+01 8.241181e+00
      vertex   -1.519103e+01 7.264781e+01 8.000000e+00
    endloop
  endfacet
  facet normal 9.238795e-01 0.000000e+00 3.826834e-01
    outer loop
      vertex   -1.519103e+01 7.264781e+01 8.000000e+00
      vertex   -1.529093e+01 6.764781e+01 8.241181e+00
      vertex   -1.519103e+01 6.764781e+01 8.000000e+00
    endloop
  endfacet
  facet normal 7.933533e-01 0.000000e+00 6.087614e-01
    outer loop
      vertex   -1.519103e+01 7.264781e+01 8.000000e+00
      vertex   -1.519103e+01 6.764781e+01 8.000000e+00
      vertex   -1.503211e+01 7.264781e+01 7.792893e+00
    endloop
  endfacet
  facet normal 7.933533e-01 0.000000e+00 6.087614e-01
    outer loop
      vertex   -1.503211e+01 7.264781e+01 7.792893e+00
      vertex   -1.519103e+01 6.764781e+01 8.000000e+00
      vertex   -1.503211e+01 6.764781e+01 7.792893e+00
    endloop
  endfacet
  facet normal 6.087614e-01 0.000000e+00 7.933533e-01
    outer loop
      vertex   -1.503211e+01 7.264781e+01 7.792893e+00
      vertex   -1.503211e+01 6.764781e+01 7.792893e+00
      vertex   -1.482500e+01 7.264781e+01 7.633975e+00
    endloop
  endfacet
  facet normal 6.087614e-01 0.000000e+00 7.933533e-01
    outer loop
      vertex   -1.482500e+01 7.264781e+01 7.633975e+00
      vertex   -1.503211e+01 6.764781e+01 7.792893e+00
      vertex   -1.482500e+01 6.764781e+01 7.633975e+00
    endloop
  endfacet
  facet normal 3.826834e-01 0.000000e+00 9.238795e-01
    outer loop
      vertex   -1.482500e+01 7.264781e+01 7.633975e+00
      vertex   -1.482500e+01 6.764781e+01 7.633975e+00
      vertex   -1.458382e+01 7.264781e+01 7.534074e+00
    endloop
  endfacet
  facet normal 3.826834e-01 0.000000e+00 9.238795e-01
    outer loop
      vertex   -1.458382e+01 7.264781e+01 7.534074e+00
      vertex   -1.482500e+01 6.764781e+01 7.633975e+00
      vertex   -1.458382e+01 6.764781e+01 7.534074e+00
    endloop
  endfacet
  facet normal 1.305262e-01 0.000000e+00 9.914449e-01
    outer loop
      vertex   -1.458382e+01 7.264781e+01 7.534074e+00
      vertex   -1.458382e+01 6.764781e+01 7.534074e+00
      vertex   -1.432500e+01 7.264781e+01 7.500000e+00
    endloop
  endfacet
  facet normal 1.305262e-01 0.000000e+00 9.914449e-01
    outer loop
      vertex   -1.432500e+01 7.264781e+01 7.500000e+00
      vertex   -1.458382e+01 6.764781e+01 7.534074e+00
      vertex   -1.432500e+01 6.764781e+01 7.500000e+00
    endloop
  endfacet
  facet normal -1.305262e-01 0.000000e+00 9.914449e-01
    outer loop
      vertex   -1.432500e+01 7.264781e+01 7.500000e+00
      vertex   -1.432500e+01 6.764781e+01 7.500000e+00
      vertex   -1.406618e+01 7.264781e+01 7.534074e+00
    endloop
  endfacet
  facet normal -1.305262e-01 0.000000e+00 9.914449e-01
    outer loop
      vertex   -1.406618e+01 7.264781e+01 7.534074e+00
      vertex   -1.432500e+01 6.764781e+01 7.500000e+00
      vertex   -1.406618e+01 6.764781e+01 7.534074e+00
    endloop
  endfacet
  facet normal -3.826834e-01 0.000000e+00 9.238795e-01
    outer loop
      vertex   -1.406618e+01 7.264781e+01 7.534074e+00
      vertex   -1.406618e+01 6.764781e+01 7.534074e+00
      vertex   -1.382500e+01 7.264781e+01 7.633975e+00
    endloop
  endfacet
  facet normal -3.826834e-01 0.000000e+00 9.238795e-01
    outer loop
      vertex   -1.382500e+01 7.264781e+01 7.633975e+00
      vertex   -1.406618e+01 6.764781e+01 7.534074e+00
      vertex   -1.382500e+01 6.764781e+01 7.633975e+00
    endloop
  endfacet
  facet normal -6.087614e-01 0.000000e+00 7.933533e-01
    outer loop
      vertex   -1.382500e+01 7.264781e+01 7.633975e+00
      vertex   -1.382500e+01 6.764781e+01 7.633975e+00
      vertex   -1.361789e+01 7.264781e+01 7.792893e+00
    endloop
  endfacet
  facet normal -6.087614e-01 0.000000e+00 7.933533e-01
    outer loop
      vertex   -1.361789e+01 7.264781e+01 7.792893e+00
      vertex   -1.382500e+01 6.764781e+01 7.633975e+00
      vertex   -1.361789e+01 6.764781e+01 7.792893e+00
    endloop
  endfacet
  facet normal -7.933533e-01 0.000000e+00 6.087614e-01
    outer loop
      vertex   -1.361789e+01 7.264781e+01 7.792893e+00
      vertex   -1.361789e+01 6.764781e+01 7.792893e+00
      vertex   -1.345897e+01 7.264781e+01 8.000000e+00
    endloop
  endfacet
  facet normal -7.933533e-01 0.000000e+00 6.087614e-01
    outer loop
      vertex   -1.345897e+01 7.264781e+01 8.000000e+00
      vertex   -1.361789e+01 6.764781e+01 7.792893e+00
      vertex   -1.345897e+01 6.764781e+01 8.000000e+00
    endloop
  endfacet
  facet normal -9.238795e-01 0.000000e+00 3.826834e-01
    outer loop
      vertex   -1.345897e+01 7.264781e+01 8.000000e+00
      vertex   -1.345897e+01 6.764781e+01 8.000000e+00
      vertex   -1.335907e+01 7.264781e+01 8.241181e+00
    endloop
  endfacet
  facet normal -9.238795e-01 0.000000e+00 3.826834e-01
    outer loop
      vertex   -1.335907e+01 7.264781e+01 8.241181e+00
      vertex   -1.345897e+01 6.764781e+01 8.000000e+00
      vertex   -1.335907e+01 6.764781e+01 8.241181e+00
    endloop
  endfacet
  facet normal 0.000000e+00 1.000000e+00 -0.000000e+00
    outer loop
      vertex   -1.335907e+01 6.264781e+01 8.241181e+00
      vertex   -1.529093e+01 6.264781e+01 8.241181e+00
      vertex   -1.332500e+01 6.264781e+01 8.500000e+00
    endloop
  endfacet
  facet normal 0.000000e+00 1.000000e+00 0.000000e+00
    outer loop
      vertex   -1.332500e+01 6.264781e+01 8.500000e+00
      vertex   -1.529093e+01 6.264781e+01 8.241181e+00
      vertex   -1.532500e+01 6.264781e+01 8.500000e+00
    endloop
  endfacet
  facet normal 0.000000e+00 1.000000e+00 0.000000e+00
    outer loop
      vertex   -1.332500e+01 6.264781e+01 8.500000e+00
      vertex   -1.532500e+01 6.264781e+01 8.500000e+00
      vertex   -1.335907e+01 6.264781e+01 8.758819e+00
    endloop
  endfacet
  facet normal 0.000000e+00 1.000000e+00 0.000000e+00
    outer loop
      vertex   -1.335907e+01 6.264781e+01 8.758819e+00
      vertex   -1.532500e+01 6.264781e+01 8.500000e+00
      vertex   -1.529093e+01 6.264781e+01 8.758819e+00
    endloop
  endfacet
  facet normal 0.000000e+00 1.000000e+00 0.000000e+00
    outer loop
      vertex   -1.335907e+01 6.264781e+01 8.758819e+00
      vertex   -1.529093e+01 6.264781e+01 8.758819e+00
      vertex   -1.345897e+01 6.264781e+01 9.000000e+00
    endloop
  endfacet
  facet normal 0.000000e+00 1.000000e+00 0.000000e+00
    outer loop
      vertex   -1.345897e+01 6.264781e+01 9.000000e+00
      vertex   -1.529093e+01 6.264781e+01 8.758819e+00
      vertex   -1.519103e+01 6.264781e+01 9.000000e+00
    endloop
  endfacet
  facet normal 0.000000e+00 1.000000e+00 0.000000e+00
    outer loop
      vertex   -1.345897e+01 6.264781e+01 9.000000e+00
      vertex   -1.519103e+01 6.264781e+01 9.000000e+00
      vertex   -1.361789e+01 6.264781e+01 9.207107e+00
    endloop
  endfacet
  facet normal 0.000000e+00 1.000000e+00 0.000000e+00
    outer loop
      vertex   -1.361789e+01 6.264781e+01 9.207107e+00
      vertex   -1.519103e+01 6.264781e+01 9.000000e+00
      vertex   -1.503211e+01 6.264781e+01 9.207107e+00
    endloop
  endfacet
  facet normal 0.000000e+00 1.000000e+00 0.000000e+00
    outer loop
      vertex   -1.361789e+01 6.264781e+01 9.207107e+00
      vertex   -1.503211e+01 6.264781e+01 9.207107e+00
      vertex   -1.382500e+01 6.264781e+01 9.366025e+00
    endloop
  endfacet
  facet normal 0.000000e+00 1.000000e+00 0.000000e+00
    outer loop
      vertex   -1.382500e+01 6.264781e+01 9.366025e+00
      vertex   -1.503211e+01 6.264781e+01 9.207107e+00
      vertex   -1.482500e+01 6.264781e+01 9.366025e+00
    endloop
  endfacet
  facet normal 0.000000e+00 1.000000e+00 0.000000e+00
    outer loop
      vertex   -1.382500e+01 6.264781e+01 9.366025e+00
      vertex   -1.482500e+01 6.264781e+01 9.366025e+00
      vertex   -1.406618e+01 6.264781e+01 9.465926e+00
    endloop
  endfacet
  facet normal 0.000000e+00 1.000000e+00 0.000000e+00
    outer loop
      vertex   -1.406618e+01 6.264781e+01 9.465926e+00
      vertex   -1.482500e+01 6.264781e+01 9.366025e+00
      vertex   -1.458382e+01 6.264781e+01 9.465926e+00
    endloop
  endfacet
  facet normal 0.000000e+00 1.000000e+00 0.000000e+00
    outer loop
      vertex   -1.406618e+01 6.264781e+01 9.465926e+00
      vertex   -1.458382e+01 6.264781e+01 9.465926e+00
      vertex   -1.432500e+01 6.264781e+01 9.500000e+00
    endloop
  endfacet
  facet normal 0.000000e+00 1.000000e+00 0.000000e+00
    outer loop
      vertex   -1.529093e+01 6.264781e+01 8.241181e+00
      vertex   -1.335907e+01 6.264781e+01 8.241181e+00
      vertex   -1.519103e+01 6.264781e+01 8.000000e+00
    endloop
  endfacet
  facet normal 0.000000e+00 1.000000e+00 0.000000e+00
    outer loop
      vertex   -1.519103e+01 6.264781e+01 8.000000e+00
      vertex   -1.335907e+01 6.264781e+01 8.241181e+00
      vertex   -1.345897e+01 6.264781e+01 8.000000e+00
    endloop
  endfacet
  facet normal -0.000000e+00 1.000000e+00 0.000000e+00
    outer loop
      vertex   -1.519103e+01 6.264781e+01 8.000000e+00
      vertex   -1.345897e+01 6.264781e+01 8.000000e+00
      vertex   -1.503211e+01 6.264781e+01 7.792893e+00
    endloop
  endfacet
  facet normal 0.000000e+00 1.000000e+00 0.000000e+00
    outer loop
      vertex   -1.503211e+01 6.264781e+01 7.792893e+00
      vertex   -1.345897e+01 6.264781e+01 8.000000e+00
      vertex   -1.361789e+01 6.264781e+01 7.792893e+00
    endloop
  endfacet
  facet normal -0.000000e+00 1.000000e+00 0.000000e+00
    outer loop
      vertex   -1.503211e+01 6.264781e+01 7.792893e+00
      vertex   -1.361789e+01 6.264781e+01 7.792893e+00
      vertex   -1.482500e+01 6.264781e+01 7.633975e+00
    endloop
  endfacet
  facet normal 0.000000e+00 1.000000e+00 0.000000e+00
    outer loop
      vertex   -1.482500e+01 6.264781e+01 7.633975e+00
      vertex   -1.361789e+01 6.264781e+01 7.792893e+00
      vertex   -1.382500e+01 6.264781e+01 7.633975e+00
    endloop
  endfacet
  facet normal -0.000000e+00 1.000000e+00 0.000000e+00
    outer loop
      vertex   -1.482500e+01 6.264781e+01 7.633975e+00
      vertex   -1.382500e+01 6.264781e+01 7.633975e+00
      vertex   -1.458382e+01 6.264781e+01 7.534074e+00
    endloop
  endfacet
  facet normal 0.000000e+00 1.000000e+00 0.000000e+00
    outer loop
      vertex   -1.458382e+01 6.264781e+01 7.534074e+00
      vertex   -1.382500e+01 6.264781e+01 7.633975e+00
      vertex   -1.406618e+01 6.264781e+01 7.534074e+00
    endloop
  endfacet
  facet normal -0.000000e+00 1.000000e+00 0.000000e+00
    outer loop
      vertex   -1.458382e+01 6.264781e+01 7.534074e+00
      vertex   -1.406618e+01 6.264781e+01 7.534074e+00
      vertex   -1.432500e+01 6.264781e+01 7.500000e+00
    endloop
  endfacet
  facet normal -9.914449e-01 0.000000e+00 -1.305262e-01
    outer loop
      vertex   1.529093e+01 6.264781e+01 8.758819e+00
      vertex   1.529093e+01 6.764781e+01 8.758819e+00
      vertex   1.532500e+01 6.264781e+01 8.500000e+00
    endloop
  endfacet
  facet normal -9.914449e-01 0.000000e+00 -1.305262e-01
    outer loop
      vertex   1.532500e+01 6.264781e+01 8.500000e+00
      vertex   1.529093e+01 6.764781e+01 8.758819e+00
      vertex   1.532500e+01 6.764781e+01 8.500000e+00
    endloop
  endfacet
  facet normal -9.914449e-01 0.000000e+00 1.305262e-01
    outer loop
      vertex   1.532500e+01 6.264781e+01 8.500000e+00
      vertex   1.532500e+01 6.764781e+01 8.500000e+00
      vertex   1.529093e+01 6.264781e+01 8.241181e+00
    endloop
  endfacet
  facet normal -9.914449e-01 0.000000e+00 1.305262e-01
    outer loop
      vertex   1.529093e+01 6.264781e+01 8.241181e+00
      vertex   1.532500e+01 6.764781e+01 8.500000e+00
      vertex   1.529093e+01 6.764781e+01 8.241181e+00
    endloop
  endfacet
  facet normal -9.238795e-01 0.000000e+00 3.826834e-01
    outer loop
      vertex   1.529093e+01 6.264781e+01 8.241181e+00
      vertex   1.529093e+01 6.764781e+01 8.241181e+00
      vertex   1.519103e+01 6.264781e+01 8.000000e+00
    endloop
  endfacet
  facet normal -9.238795e-01 0.000000e+00 3.826834e-01
    outer loop
      vertex   1.519103e+01 6.264781e+01 8.000000e+00
      vertex   1.529093e+01 6.764781e+01 8.241181e+00
      vertex   1.519103e+01 6.764781e+01 8.000000e+00
    endloop
  endfacet
  facet normal -7.933533e-01 0.000000e+00 6.087614e-01
    outer loop
      vertex   1.519103e+01 6.264781e+01 8.000000e+00
      vertex   1.519103e+01 6.764781e+01 8.000000e+00
      vertex   1.503211e+01 6.264781e+01 7.792893e+00
    endloop
  endfacet
  facet normal -7.933533e-01 0.000000e+00 6.087614e-01
    outer loop
      vertex   1.503211e+01 6.264781e+01 7.792893e+00
      vertex   1.519103e+01 6.764781e+01 8.000000e+00
      vertex   1.503211e+01 6.764781e+01 7.792893e+00
    endloop
  endfacet
  facet normal -6.087614e-01 0.000000e+00 7.933533e-01
    outer loop
      vertex   1.503211e+01 6.264781e+01 7.792893e+00
      vertex   1.503211e+01 6.764781e+01 7.792893e+00
      vertex   1.482500e+01 6.264781e+01 7.633975e+00
    endloop
  endfacet
  facet normal -6.087614e-01 0.000000e+00 7.933533e-01
    outer loop
      vertex   1.482500e+01 6.264781e+01 7.633975e+00
      vertex   1.503211e+01 6.764781e+01 7.792893e+00
      vertex   1.482500e+01 6.764781e+01 7.633975e+00
    endloop
  endfacet
  facet normal -3.826834e-01 0.000000e+00 9.238795e-01
    outer loop
      vertex   1.482500e+01 6.264781e+01 7.633975e+00
      vertex   1.482500e+01 6.764781e+01 7.633975e+00
      vertex   1.458382e+01 6.264781e+01 7.534074e+00
    endloop
  endfacet
  facet normal -3.826834e-01 0.000000e+00 9.238795e-01
    outer loop
      vertex   1.458382e+01 6.264781e+01 7.534074e+00
      vertex   1.482500e+01 6.764781e+01 7.633975e+00
      vertex   1.458382e+01 6.764781e+01 7.534074e+00
    endloop
  endfacet
  facet normal -1.305262e-01 0.000000e+00 9.914449e-01
    outer loop
      vertex   1.458382e+01 6.264781e+01 7.534074e+00
      vertex   1.458382e+01 6.764781e+01 7.534074e+00
      vertex   1.432500e+01 6.264781e+01 7.500000e+00
    endloop
  endfacet
  facet normal -1.305262e-01 0.000000e+00 9.914449e-01
    outer loop
      vertex   1.432500e+01 6.264781e+01 7.500000e+00
      vertex   1.458382e+01 6.764781e+01 7.534074e+00
      vertex   1.432500e+01 6.764781e+01 7.500000e+00
    endloop
  endfacet
  facet normal 1.305262e-01 -0.000000e+00 9.914449e-01
    outer loop
      vertex   1.432500e+01 6.264781e+01 7.500000e+00
      vertex   1.432500e+01 6.764781e+01 7.500000e+00
      vertex   1.406618e+01 6.264781e+01 7.534074e+00
    endloop
  endfacet
  facet normal 1.305262e-01 -0.000000e+00 9.914449e-01
    outer loop
      vertex   1.406618e+01 6.264781e+01 7.534074e+00
      vertex   1.432500e+01 6.764781e+01 7.500000e+00
      vertex   1.406618e+01 6.764781e+01 7.534074e+00
    endloop
  endfacet
  facet normal 3.826834e-01 -0.000000e+00 9.238795e-01
    outer loop
      vertex   1.406618e+01 6.264781e+01 7.534074e+00
      vertex   1.406618e+01 6.764781e+01 7.534074e+00
      vertex   1.382500e+01 6.264781e+01 7.633975e+00
    endloop
  endfacet
  facet normal 3.826834e-01 -0.000000e+00 9.238795e-01
    outer loop
      vertex   1.382500e+01 6.264781e+01 7.633975e+00
      vertex   1.406618e+01 6.764781e+01 7.534074e+00
      vertex   1.382500e+01 6.764781e+01 7.633975e+00
    endloop
  endfacet
  facet normal 6.087614e-01 -0.000000e+00 7.933533e-01
    outer loop
      vertex   1.382500e+01 6.264781e+01 7.633975e+00
      vertex   1.382500e+01 6.764781e+01 7.633975e+00
      vertex   1.361789e+01 6.264781e+01 7.792893e+00
    endloop
  endfacet
  facet normal 6.087614e-01 -0.000000e+00 7.933533e-01
    outer loop
      vertex   1.361789e+01 6.264781e+01 7.792893e+00
      vertex   1.382500e+01 6.764781e+01 7.633975e+00
      vertex   1.361789e+01 6.764781e+01 7.792893e+00
    endloop
  endfacet
  facet normal 7.933533e-01 -0.000000e+00 6.087614e-01
    outer loop
      vertex   1.361789e+01 6.264781e+01 7.792893e+00
      vertex   1.361789e+01 6.764781e+01 7.792893e+00
      vertex   1.345897e+01 6.264781e+01 8.000000e+00
    endloop
  endfacet
  facet normal 7.933533e-01 -0.000000e+00 6.087614e-01
    outer loop
      vertex   1.345897e+01 6.264781e+01 8.000000e+00
      vertex   1.361789e+01 6.764781e+01 7.792893e+00
      vertex   1.345897e+01 6.764781e+01 8.000000e+00
    endloop
  endfacet
  facet normal 9.238795e-01 -0.000000e+00 3.826834e-01
    outer loop
      vertex   1.345897e+01 6.264781e+01 8.000000e+00
      vertex   1.345897e+01 6.764781e+01 8.000000e+00
      vertex   1.335907e+01 6.264781e+01 8.241181e+00
    endloop
  endfacet
  facet normal 9.238795e-01 -0.000000e+00 3.826834e-01
    outer loop
      vertex   1.335907e+01 6.264781e+01 8.241181e+00
      vertex   1.345897e+01 6.764781e+01 8.000000e+00
      vertex   1.335907e+01 6.764781e+01 8.241181e+00
    endloop
  endfacet
  facet normal 9.914449e-01 -0.000000e+00 1.305262e-01
    outer loop
      vertex   1.335907e+01 6.264781e+01 8.241181e+00
      vertex   1.335907e+01 6.764781e+01 8.241181e+00
      vertex   1.332500e+01 6.264781e+01 8.500000e+00
    endloop
  endfacet
  facet normal 9.914449e-01 -0.000000e+00 1.305262e-01
    outer loop
      vertex   1.332500e+01 6.264781e+01 8.500000e+00
      vertex   1.335907e+01 6.764781e+01 8.241181e+00
      vertex   1.332500e+01 6.764781e+01 8.500000e+00
    endloop
  endfacet
  facet normal 9.914449e-01 0.000000e+00 -1.305262e-01
    outer loop
      vertex   1.332500e+01 6.264781e+01 8.500000e+00
      vertex   1.332500e+01 6.764781e+01 8.500000e+00
      vertex   1.335907e+01 6.264781e+01 8.758819e+00
    endloop
  endfacet
  facet normal 9.914449e-01 0.000000e+00 -1.305262e-01
    outer loop
      vertex   1.335907e+01 6.264781e+01 8.758819e+00
      vertex   1.332500e+01 6.764781e+01 8.500000e+00
      vertex   1.335907e+01 6.764781e+01 8.758819e+00
    endloop
  endfacet
  facet normal 9.238795e-01 0.000000e+00 -3.826834e-01
    outer loop
      vertex   1.335907e+01 6.264781e+01 8.758819e+00
      vertex   1.335907e+01 6.764781e+01 8.758819e+00
      vertex   1.345897e+01 6.264781e+01 9.000000e+00
    endloop
  endfacet
  facet normal 9.238795e-01 0.000000e+00 -3.826834e-01
    outer loop
      vertex   1.345897e+01 6.264781e+01 9.000000e+00
      vertex   1.335907e+01 6.764781e+01 8.758819e+00
      vertex   1.345897e+01 6.764781e+01 9.000000e+00
    endloop
  endfacet
  facet normal 7.933533e-01 0.000000e+00 -6.087614e-01
    outer loop
      vertex   1.345897e+01 6.264781e+01 9.000000e+00
      vertex   1.345897e+01 6.764781e+01 9.000000e+00
      vertex   1.361789e+01 6.264781e+01 9.207107e+00
    endloop
  endfacet
  facet normal 7.933533e-01 0.000000e+00 -6.087614e-01
    outer loop
      vertex   1.361789e+01 6.264781e+01 9.207107e+00
      vertex   1.345897e+01 6.764781e+01 9.000000e+00
      vertex   1.361789e+01 6.764781e+01 9.207107e+00
    endloop
  endfacet
  facet normal 6.087614e-01 0.000000e+00 -7.933533e-01
    outer loop
      vertex   1.361789e+01 6.264781e+01 9.207107e+00
      vertex   1.361789e+01 6.764781e+01 9.207107e+00
      vertex   1.382500e+01 6.264781e+01 9.366025e+00
    endloop
  endfacet
  facet normal 6.087614e-01 0.000000e+00 -7.933533e-01
    outer loop
      vertex   1.382500e+01 6.264781e+01 9.366025e+00
      vertex   1.361789e+01 6.764781e+01 9.207107e+00
      vertex   1.382500e+01 6.764781e+01 9.366025e+00
    endloop
  endfacet
  facet normal 3.826834e-01 0.000000e+00 -9.238795e-01
    outer loop
      vertex   1.382500e+01 6.264781e+01 9.366025e+00
      vertex   1.382500e+01 6.764781e+01 9.366025e+00
      vertex   1.406618e+01 6.264781e+01 9.465926e+00
    endloop
  endfacet
  facet normal 3.826834e-01 0.000000e+00 -9.238795e-01
    outer loop
      vertex   1.406618e+01 6.264781e+01 9.465926e+00
      vertex   1.382500e+01 6.764781e+01 9.366025e+00
      vertex   1.406618e+01 6.764781e+01 9.465926e+00
    endloop
  endfacet
  facet normal 1.305262e-01 0.000000e+00 -9.914449e-01
    outer loop
      vertex   1.406618e+01 6.264781e+01 9.465926e+00
      vertex   1.406618e+01 6.764781e+01 9.465926e+00
      vertex   1.432500e+01 6.264781e+01 9.500000e+00
    endloop
  endfacet
  facet normal 1.305262e-01 0.000000e+00 -9.914449e-01
    outer loop
      vertex   1.432500e+01 6.264781e+01 9.500000e+00
      vertex   1.406618e+01 6.764781e+01 9.465926e+00
      vertex   1.432500e+01 6.764781e+01 9.500000e+00
    endloop
  endfacet
  facet normal -1.305262e-01 0.000000e+00 -9.914449e-01
    outer loop
      vertex   1.432500e+01 6.264781e+01 9.500000e+00
      vertex   1.432500e+01 6.764781e+01 9.500000e+00
      vertex   1.458382e+01 6.264781e+01 9.465926e+00
    endloop
  endfacet
  facet normal -1.305262e-01 0.000000e+00 -9.914449e-01
    outer loop
      vertex   1.458382e+01 6.264781e+01 9.465926e+00
      vertex   1.432500e+01 6.764781e+01 9.500000e+00
      vertex   1.458382e+01 6.764781e+01 9.465926e+00
    endloop
  endfacet
  facet normal -3.826834e-01 0.000000e+00 -9.238795e-01
    outer loop
      vertex   1.458382e+01 6.264781e+01 9.465926e+00
      vertex   1.458382e+01 6.764781e+01 9.465926e+00
      vertex   1.482500e+01 6.264781e+01 9.366025e+00
    endloop
  endfacet
  facet normal -3.826834e-01 0.000000e+00 -9.238795e-01
    outer loop
      vertex   1.482500e+01 6.264781e+01 9.366025e+00
      vertex   1.458382e+01 6.764781e+01 9.465926e+00
      vertex   1.482500e+01 6.764781e+01 9.366025e+00
    endloop
  endfacet
  facet normal -6.087614e-01 0.000000e+00 -7.933533e-01
    outer loop
      vertex   1.482500e+01 6.264781e+01 9.366025e+00
      vertex   1.482500e+01 6.764781e+01 9.366025e+00
      vertex   1.503211e+01 6.264781e+01 9.207107e+00
    endloop
  endfacet
  facet normal -6.087614e-01 0.000000e+00 -7.933533e-01
    outer loop
      vertex   1.503211e+01 6.264781e+01 9.207107e+00
      vertex   1.482500e+01 6.764781e+01 9.366025e+00
      vertex   1.503211e+01 6.764781e+01 9.207107e+00
    endloop
  endfacet
  facet normal -7.933533e-01 0.000000e+00 -6.087614e-01
    outer loop
      vertex   1.503211e+01 6.264781e+01 9.207107e+00
      vertex   1.503211e+01 6.764781e+01 9.207107e+00
      vertex   1.519103e+01 6.264781e+01 9.000000e+00
    endloop
  endfacet
  facet normal -7.933533e-01 0.000000e+00 -6.087614e-01
    outer loop
      vertex   1.519103e+01 6.264781e+01 9.000000e+00
      vertex   1.503211e+01 6.764781e+01 9.207107e+00
      vertex   1.519103e+01 6.764781e+01 9.000000e+00
    endloop
  endfacet
  facet normal -9.238795e-01 0.000000e+00 -3.826834e-01
    outer loop
      vertex   1.519103e+01 6.264781e+01 9.000000e+00
      vertex   1.519103e+01 6.764781e+01 9.000000e+00
      vertex   1.529093e+01 6.264781e+01 8.758819e+00
    endloop
  endfacet
  facet normal -9.238795e-01 0.000000e+00 -3.826834e-01
    outer loop
      vertex   1.529093e+01 6.264781e+01 8.758819e+00
      vertex   1.519103e+01 6.764781e+01 9.000000e+00
      vertex   1.529093e+01 6.764781e+01 8.758819e+00
    endloop
  endfacet
  facet normal -9.914449e-01 0.000000e+00 1.305262e-01
    outer loop
      vertex   1.529093e+01 7.264781e+01 8.241181e+00
      vertex   1.529093e+01 6.764781e+01 8.241181e+00
      vertex   1.532500e+01 7.264781e+01 8.500000e+00
    endloop
  endfacet
  facet normal -9.914449e-01 0.000000e+00 1.305262e-01
    outer loop
      vertex   1.532500e+01 7.264781e+01 8.500000e+00
      vertex   1.529093e+01 6.764781e+01 8.241181e+00
      vertex   1.532500e+01 6.764781e+01 8.500000e+00
    endloop
  endfacet
  facet normal -9.914449e-01 -0.000000e+00 -1.305262e-01
    outer loop
      vertex   1.532500e+01 7.264781e+01 8.500000e+00
      vertex   1.532500e+01 6.764781e+01 8.500000e+00
      vertex   1.529093e+01 7.264781e+01 8.758819e+00
    endloop
  endfacet
  facet normal -9.914449e-01 -0.000000e+00 -1.305262e-01
    outer loop
      vertex   1.529093e+01 7.264781e+01 8.758819e+00
      vertex   1.532500e+01 6.764781e+01 8.500000e+00
      vertex   1.529093e+01 6.764781e+01 8.758819e+00
    endloop
  endfacet
  facet normal -9.238795e-01 -0.000000e+00 -3.826834e-01
    outer loop
      vertex   1.529093e+01 7.264781e+01 8.758819e+00
      vertex   1.529093e+01 6.764781e+01 8.758819e+00
      vertex   1.519103e+01 7.264781e+01 9.000000e+00
    endloop
  endfacet
  facet normal -9.238795e-01 -0.000000e+00 -3.826834e-01
    outer loop
      vertex   1.519103e+01 7.264781e+01 9.000000e+00
      vertex   1.529093e+01 6.764781e+01 8.758819e+00
      vertex   1.519103e+01 6.764781e+01 9.000000e+00
    endloop
  endfacet
  facet normal -7.933533e-01 -0.000000e+00 -6.087614e-01
    outer loop
      vertex   1.519103e+01 7.264781e+01 9.000000e+00
      vertex   1.519103e+01 6.764781e+01 9.000000e+00
      vertex   1.503211e+01 7.264781e+01 9.207107e+00
    endloop
  endfacet
  facet normal -7.933533e-01 -0.000000e+00 -6.087614e-01
    outer loop
      vertex   1.503211e+01 7.264781e+01 9.207107e+00
      vertex   1.519103e+01 6.764781e+01 9.000000e+00
      vertex   1.503211e+01 6.764781e+01 9.207107e+00
    endloop
  endfacet
  facet normal -6.087614e-01 -0.000000e+00 -7.933533e-01
    outer loop
      vertex   1.503211e+01 7.264781e+01 9.207107e+00
      vertex   1.503211e+01 6.764781e+01 9.207107e+00
      vertex   1.482500e+01 7.264781e+01 9.366025e+00
    endloop
  endfacet
  facet normal -6.087614e-01 -0.000000e+00 -7.933533e-01
    outer loop
      vertex   1.482500e+01 7.264781e+01 9.366025e+00
      vertex   1.503211e+01 6.764781e+01 9.207107e+00
      vertex   1.482500e+01 6.764781e+01 9.366025e+00
    endloop
  endfacet
  facet normal -3.826834e-01 -0.000000e+00 -9.238795e-01
    outer loop
      vertex   1.482500e+01 7.264781e+01 9.366025e+00
      vertex   1.482500e+01 6.764781e+01 9.366025e+00
      vertex   1.458382e+01 7.264781e+01 9.465926e+00
    endloop
  endfacet
  facet normal -3.826834e-01 -0.000000e+00 -9.238795e-01
    outer loop
      vertex   1.458382e+01 7.264781e+01 9.465926e+00
      vertex   1.482500e+01 6.764781e+01 9.366025e+00
      vertex   1.458382e+01 6.764781e+01 9.465926e+00
    endloop
  endfacet
  facet normal -1.305262e-01 -0.000000e+00 -9.914449e-01
    outer loop
      vertex   1.458382e+01 7.264781e+01 9.465926e+00
      vertex   1.458382e+01 6.764781e+01 9.465926e+00
      vertex   1.432500e+01 7.264781e+01 9.500000e+00
    endloop
  endfacet
  facet normal -1.305262e-01 -0.000000e+00 -9.914449e-01
    outer loop
      vertex   1.432500e+01 7.264781e+01 9.500000e+00
      vertex   1.458382e+01 6.764781e+01 9.465926e+00
      vertex   1.432500e+01 6.764781e+01 9.500000e+00
    endloop
  endfacet
  facet normal 1.305262e-01 0.000000e+00 -9.914449e-01
    outer loop
      vertex   1.432500e+01 7.264781e+01 9.500000e+00
      vertex   1.432500e+01 6.764781e+01 9.500000e+00
      vertex   1.406618e+01 7.264781e+01 9.465926e+00
    endloop
  endfacet
  facet normal 1.305262e-01 0.000000e+00 -9.914449e-01
    outer loop
      vertex   1.406618e+01 7.264781e+01 9.465926e+00
      vertex   1.432500e+01 6.764781e+01 9.500000e+00
      vertex   1.406618e+01 6.764781e+01 9.465926e+00
    endloop
  endfacet
  facet normal 3.826834e-01 0.000000e+00 -9.238795e-01
    outer loop
      vertex   1.406618e+01 7.264781e+01 9.465926e+00
      vertex   1.406618e+01 6.764781e+01 9.465926e+00
      vertex   1.382500e+01 7.264781e+01 9.366025e+00
    endloop
  endfacet
  facet normal 3.826834e-01 0.000000e+00 -9.238795e-01
    outer loop
      vertex   1.382500e+01 7.264781e+01 9.366025e+00
      vertex   1.406618e+01 6.764781e+01 9.465926e+00
      vertex   1.382500e+01 6.764781e+01 9.366025e+00
    endloop
  endfacet
  facet normal 6.087614e-01 0.000000e+00 -7.933533e-01
    outer loop
      vertex   1.382500e+01 7.264781e+01 9.366025e+00
      vertex   1.382500e+01 6.764781e+01 9.366025e+00
      vertex   1.361789e+01 7.264781e+01 9.207107e+00
    endloop
  endfacet
  facet normal 6.087614e-01 0.000000e+00 -7.933533e-01
    outer loop
      vertex   1.361789e+01 7.264781e+01 9.207107e+00
      vertex   1.382500e+01 6.764781e+01 9.366025e+00
      vertex   1.361789e+01 6.764781e+01 9.207107e+00
    endloop
  endfacet
  facet normal 7.933533e-01 0.000000e+00 -6.087614e-01
    outer loop
      vertex   1.361789e+01 7.264781e+01 9.207107e+00
      vertex   1.361789e+01 6.764781e+01 9.207107e+00
      vertex   1.345897e+01 7.264781e+01 9.000000e+00
    endloop
  endfacet
  facet normal 7.933533e-01 0.000000e+00 -6.087614e-01
    outer loop
      vertex   1.345897e+01 7.264781e+01 9.000000e+00
      vertex   1.361789e+01 6.764781e+01 9.207107e+00
      vertex   1.345897e+01 6.764781e+01 9.000000e+00
    endloop
  endfacet
  facet normal 9.238795e-01 0.000000e+00 -3.826834e-01
    outer loop
      vertex   1.345897e+01 7.264781e+01 9.000000e+00
      vertex   1.345897e+01 6.764781e+01 9.000000e+00
      vertex   1.335907e+01 7.264781e+01 8.758819e+00
    endloop
  endfacet
  facet normal 9.238795e-01 0.000000e+00 -3.826834e-01
    outer loop
      vertex   1.335907e+01 7.264781e+01 8.758819e+00
      vertex   1.345897e+01 6.764781e+01 9.000000e+00
      vertex   1.335907e+01 6.764781e+01 8.758819e+00
    endloop
  endfacet
  facet normal 9.914449e-01 0.000000e+00 -1.305262e-01
    outer loop
      vertex   1.335907e+01 7.264781e+01 8.758819e+00
      vertex   1.335907e+01 6.764781e+01 8.758819e+00
      vertex   1.332500e+01 7.264781e+01 8.500000e+00
    endloop
  endfacet
  facet normal 9.914449e-01 0.000000e+00 -1.305262e-01
    outer loop
      vertex   1.332500e+01 7.264781e+01 8.500000e+00
      vertex   1.335907e+01 6.764781e+01 8.758819e+00
      vertex   1.332500e+01 6.764781e+01 8.500000e+00
    endloop
  endfacet
  facet normal 9.914449e-01 0.000000e+00 1.305262e-01
    outer loop
      vertex   1.332500e+01 7.264781e+01 8.500000e+00
      vertex   1.332500e+01 6.764781e+01 8.500000e+00
      vertex   1.335907e+01 7.264781e+01 8.241181e+00
    endloop
  endfacet
  facet normal 9.914449e-01 0.000000e+00 1.305262e-01
    outer loop
      vertex   1.335907e+01 7.264781e+01 8.241181e+00
      vertex   1.332500e+01 6.764781e+01 8.500000e+00
      vertex   1.335907e+01 6.764781e+01 8.241181e+00
    endloop
  endfacet
  facet normal 9.238795e-01 0.000000e+00 3.826834e-01
    outer loop
      vertex   1.335907e+01 7.264781e+01 8.241181e+00
      vertex   1.335907e+01 6.764781e+01 8.241181e+00
      vertex   1.345897e+01 7.264781e+01 8.000000e+00
    endloop
  endfacet
  facet normal 9.238795e-01 0.000000e+00 3.826834e-01
    outer loop
      vertex   1.345897e+01 7.264781e+01 8.000000e+00
      vertex   1.335907e+01 6.764781e+01 8.241181e+00
      vertex   1.345897e+01 6.764781e+01 8.000000e+00
    endloop
  endfacet
  facet normal 7.933533e-01 0.000000e+00 6.087614e-01
    outer loop
      vertex   1.345897e+01 7.264781e+01 8.000000e+00
      vertex   1.345897e+01 6.764781e+01 8.000000e+00
      vertex   1.361789e+01 7.264781e+01 7.792893e+00
    endloop
  endfacet
  facet normal 7.933533e-01 0.000000e+00 6.087614e-01
    outer loop
      vertex   1.361789e+01 7.264781e+01 7.792893e+00
      vertex   1.345897e+01 6.764781e+01 8.000000e+00
      vertex   1.361789e+01 6.764781e+01 7.792893e+00
    endloop
  endfacet
  facet normal 6.087614e-01 0.000000e+00 7.933533e-01
    outer loop
      vertex   1.361789e+01 7.264781e+01 7.792893e+00
      vertex   1.361789e+01 6.764781e+01 7.792893e+00
      vertex   1.382500e+01 7.264781e+01 7.633975e+00
    endloop
  endfacet
  facet normal 6.087614e-01 0.000000e+00 7.933533e-01
    outer loop
      vertex   1.382500e+01 7.264781e+01 7.633975e+00
      vertex   1.361789e+01 6.764781e+01 7.792893e+00
      vertex   1.382500e+01 6.764781e+01 7.633975e+00
    endloop
  endfacet
  facet normal 3.826834e-01 0.000000e+00 9.238795e-01
    outer loop
      vertex   1.382500e+01 7.264781e+01 7.633975e+00
      vertex   1.382500e+01 6.764781e+01 7.633975e+00
      vertex   1.406618e+01 7.264781e+01 7.534074e+00
    endloop
  endfacet
  facet normal 3.826834e-01 0.000000e+00 9.238795e-01
    outer loop
      vertex   1.406618e+01 7.264781e+01 7.534074e+00
      vertex   1.382500e+01 6.764781e+01 7.633975e+00
      vertex   1.406618e+01 6.764781e+01 7.534074e+00
    endloop
  endfacet
  facet normal 1.305262e-01 0.000000e+00 9.914449e-01
    outer loop
      vertex   1.406618e+01 7.264781e+01 7.534074e+00
      vertex   1.406618e+01 6.764781e+01 7.534074e+00
      vertex   1.432500e+01 7.264781e+01 7.500000e+00
    endloop
  endfacet
  facet normal 1.305262e-01 0.000000e+00 9.914449e-01
    outer loop
      vertex   1.432500e+01 7.264781e+01 7.500000e+00
      vertex   1.406618e+01 6.764781e+01 7.534074e+00
      vertex   1.432500e+01 6.764781e+01 7.500000e+00
    endloop
  endfacet
  facet normal -1.305262e-01 0.000000e+00 9.914449e-01
    outer loop
      vertex   1.432500e+01 7.264781e+01 7.500000e+00
      vertex   1.432500e+01 6.764781e+01 7.500000e+00
      vertex   1.458382e+01 7.264781e+01 7.534074e+00
    endloop
  endfacet
  facet normal -1.305262e-01 0.000000e+00 9.914449e-01
    outer loop
      vertex   1.458382e+01 7.264781e+01 7.534074e+00
      vertex   1.432500e+01 6.764781e+01 7.500000e+00
      vertex   1.458382e+01 6.764781e+01 7.534074e+00
    endloop
  endfacet
  facet normal -3.826834e-01 0.000000e+00 9.238795e-01
    outer loop
      vertex   1.458382e+01 7.264781e+01 7.534074e+00
      vertex   1.458382e+01 6.764781e+01 7.534074e+00
      vertex   1.482500e+01 7.264781e+01 7.633975e+00
    endloop
  endfacet
  facet normal -3.826834e-01 0.000000e+00 9.238795e-01
    outer loop
      vertex   1.482500e+01 7.264781e+01 7.633975e+00
      vertex   1.458382e+01 6.764781e+01 7.534074e+00
      vertex   1.482500e+01 6.764781e+01 7.633975e+00
    endloop
  endfacet
  facet normal -6.087614e-01 0.000000e+00 7.933533e-01
    outer loop
      vertex   1.482500e+01 7.264781e+01 7.633975e+00
      vertex   1.482500e+01 6.764781e+01 7.633975e+00
      vertex   1.503211e+01 7.264781e+01 7.792893e+00
    endloop
  endfacet
  facet normal -6.087614e-01 0.000000e+00 7.933533e-01
    outer loop
      vertex   1.503211e+01 7.264781e+01 7.792893e+00
      vertex   1.482500e+01 6.764781e+01 7.633975e+00
      vertex   1.503211e+01 6.764781e+01 7.792893e+00
    endloop
  endfacet
  facet normal -7.933533e-01 0.000000e+00 6.087614e-01
    outer loop
      vertex   1.503211e+01 7.264781e+01 7.792893e+00
      vertex   1.503211e+01 6.764781e+01 7.792893e+00
      vertex   1.519103e+01 7.264781e+01 8.000000e+00
    endloop
  endfacet
  facet normal -7.933533e-01 0.000000e+00 6.087614e-01
    outer loop
      vertex   1.519103e+01 7.264781e+01 8.000000e+00
      vertex   1.503211e+01 6.764781e+01 7.792893e+00
      vertex   1.519103e+01 6.764781e+01 8.000000e+00
    endloop
  endfacet
  facet normal -9.238795e-01 0.000000e+00 3.826834e-01
    outer loop
      vertex   1.519103e+01 7.264781e+01 8.000000e+00
      vertex   1.519103e+01 6.764781e+01 8.000000e+00
      vertex   1.529093e+01 7.264781e+01 8.241181e+00
    endloop
  endfacet
  facet normal -9.238795e-01 0.000000e+00 3.826834e-01
    outer loop
      vertex   1.529093e+01 7.264781e+01 8.241181e+00
      vertex   1.519103e+01 6.764781e+01 8.000000e+00
      vertex   1.529093e+01 6.764781e+01 8.241181e+00
    endloop
  endfacet
  facet normal 0.000000e+00 1.000000e+00 -0.000000e+00
    outer loop
      vertex   1.529093e+01 6.264781e+01 8.241181e+00
      vertex   1.335907e+01 6.264781e+01 8.241181e+00
      vertex   1.532500e+01 6.264781e+01 8.500000e+00
    endloop
  endfacet
  facet normal 0.000000e+00 1.000000e+00 0.000000e+00
    outer loop
      vertex   1.532500e+01 6.264781e+01 8.500000e+00
      vertex   1.335907e+01 6.264781e+01 8.241181e+00
      vertex   1.332500e+01 6.264781e+01 8.500000e+00
    endloop
  endfacet
  facet normal 0.000000e+00 1.000000e+00 0.000000e+00
    outer loop
      vertex   1.532500e+01 6.264781e+01 8.500000e+00
      vertex   1.332500e+01 6.264781e+01 8.500000e+00
      vertex   1.529093e+01 6.264781e+01 8.758819e+00
    endloop
  endfacet
  facet normal 0.000000e+00 1.000000e+00 0.000000e+00
    outer loop
      vertex   1.529093e+01 6.264781e+01 8.758819e+00
      vertex   1.332500e+01 6.264781e+01 8.500000e+00
      vertex   1.335907e+01 6.264781e+01 8.758819e+00
    endloop
  endfacet
  facet normal 0.000000e+00 1.000000e+00 0.000000e+00
    outer loop
      vertex   1.529093e+01 6.264781e+01 8.758819e+00
      vertex   1.335907e+01 6.264781e+01 8.758819e+00
      vertex   1.519103e+01 6.264781e+01 9.000000e+00
    endloop
  endfacet
  facet normal 0.000000e+00 1.000000e+00 0.000000e+00
    outer loop
      vertex   1.519103e+01 6.264781e+01 9.000000e+00
      vertex   1.335907e+01 6.264781e+01 8.758819e+00
      vertex   1.345897e+01 6.264781e+01 9.000000e+00
    endloop
  endfacet
  facet normal 0.000000e+00 1.000000e+00 0.000000e+00
    outer loop
      vertex   1.519103e+01 6.264781e+01 9.000000e+00
      vertex   1.345897e+01 6.264781e+01 9.000000e+00
      vertex   1.503211e+01 6.264781e+01 9.207107e+00
    endloop
  endfacet
  facet normal 0.000000e+00 1.000000e+00 0.000000e+00
    outer loop
      vertex   1.503211e+01 6.264781e+01 9.207107e+00
      vertex   1.345897e+01 6.264781e+01 9.000000e+00
      vertex   1.361789e+01 6.264781e+01 9.207107e+00
    endloop
  endfacet
  facet normal 0.000000e+00 1.000000e+00 0.000000e+00
    outer loop
      vertex   1.503211e+01 6.264781e+01 9.207107e+00
      vertex   1.361789e+01 6.264781e+01 9.207107e+00
      vertex   1.482500e+01 6.264781e+01 9.366025e+00
    endloop
  endfacet
  facet normal 0.000000e+00 1.000000e+00 0.000000e+00
    outer loop
      vertex   1.482500e+01 6.264781e+01 9.366025e+00
      vertex   1.361789e+01 6.264781e+01 9.207107e+00
      vertex   1.382500e+01 6.264781e+01 9.366025e+00
    endloop
  endfacet
  facet normal 0.000000e+00 1.000000e+00 0.000000e+00
    outer loop
      vertex   1.482500e+01 6.264781e+01 9.366025e+00
      vertex   1.382500e+01 6.264781e+01 9.366025e+00
      vertex   1.458382e+01 6.264781e+01 9.465926e+00
    endloop
  endfacet
  facet normal 0.000000e+00 1.000000e+00 0.000000e+00
    outer loop
      vertex   1.458382e+01 6.264781e+01 9.465926e+00
      vertex   1.382500e+01 6.264781e+01 9.366025e+00
      vertex   1.406618e+01 6.264781e+01 9.465926e+00
    endloop
  endfacet
  facet normal 0.000000e+00 1.000000e+00 0.000000e+00
    outer loop
      vertex   1.458382e+01 6.264781e+01 9.465926e+00
      vertex   1.406618e+01 6.264781e+01 9.465926e+00
      vertex   1.432500e+01 6.264781e+01 9.500000e+00
    endloop
  endfacet
  facet normal 0.000000e+00 1.000000e+00 0.000000e+00
    outer loop
      vertex   1.335907e+01 6.264781e+01 8.241181e+00
      vertex   1.529093e+01 6.264781e+01 8.241181e+00
      vertex   1.345897e+01 6.264781e+01 8.000000e+00
    endloop
  endfacet
  facet normal 0.000000e+00 1.000000e+00 0.000000e+00
    outer loop
      vertex   1.345897e+01 6.264781e+01 8.000000e+00
      vertex   1.529093e+01 6.264781e+01 8.241181e+00
      vertex   1.519103e+01 6.264781e+01 8.000000e+00
    endloop
  endfacet
  facet normal -0.000000e+00 1.000000e+00 0.000000e+00
    outer loop
      vertex   1.345897e+01 6.264781e+01 8.000000e+00
      vertex   1.519103e+01 6.264781e+01 8.000000e+00
      vertex   1.361789e+01 6.264781e+01 7.792893e+00
    endloop
  endfacet
  facet normal 0.000000e+00 1.000000e+00 0.000000e+00
    outer loop
      vertex   1.361789e+01 6.264781e+01 7.792893e+00
      vertex   1.519103e+01 6.264781e+01 8.000000e+00
      vertex   1.503211e+01 6.264781e+01 7.792893e+00
    endloop
  endfacet
  facet normal -0.000000e+00 1.000000e+00 0.000000e+00
    outer loop
      vertex   1.361789e+01 6.264781e+01 7.792893e+00
      vertex   1.503211e+01 6.264781e+01 7.792893e+00
      vertex   1.382500e+01 6.264781e+01 7.633975e+00
    endloop
  endfacet
  facet normal 0.000000e+00 1.000000e+00 0.000000e+00
    outer loop
      vertex   1.382500e+01 6.264781e+01 7.633975e+00
      vertex   1.503211e+01 6.264781e+01 7.792893e+00
      vertex   1.482500e+01 6.264781e+01 7.633975e+00
    endloop
  endfacet
  facet normal -0.000000e+00 1.000000e+00 0.000000e+00
    outer loop
      vertex   1.382500e+01 6.264781e+01 7.633975e+00
      vertex   1.482500e+01 6.264781e+01 7.633975e+00
      vertex   1.406618e+01 6.264781e+01 7.534074e+00
    endloop
  endfacet
  facet normal 0.000000e+00 1.000000e+00 0.000000e+00
    outer loop
      vertex   1.406618e+01 6.264781e+01 7.534074e+00
      vertex   1.482500e+01 6.264781e+01 7.633975e+00
      vertex   1.458382e+01 6.264781e+01 7.534074e+00
    endloop
  endfacet
  facet normal -0.000000e+00 1.000000e+00 0.000000e+00
    outer loop
      vertex   1.406618e+01 6.264781e+01 7.534074e+00
      vertex   1.458382e+01 6.264781e+01 7.534074e+00
      vertex   1.432500e+01 6.264781e+01 7.500000e+00
    endloop
  endfacet
  facet normal 1.000000e+00 -0.000000e+00 0.000000e+00
    outer loop
      vertex   -1.187500e+01 5.064781e+01 1.467500e+01
      vertex   -1.187500e+01 5.064781e+01 2.325000e+00
      vertex   -1.187500e+01 7.264781e+01 1.467500e+01
    endloop
  endfacet
  facet normal 1.000000e+00 0.000000e+00 0.000000e+00
    outer loop
      vertex   -1.187500e+01 7.264781e+01 1.467500e+01
      vertex   -1.187500e+01 5.064781e+01 2.325000e+00
      vertex   -1.187500e+01 7.264781e+01 2.325000e+00
    endloop
  endfacet
  facet normal 0.000000e+00 0.000000e+00 -1.000000e+00
    outer loop
      vertex   1.187500e+01 5.064781e+01 1.467500e+01
      vertex   -1.187500e+01 5.064781e+01 1.467500e+01
      vertex   1.187500e+01 7.264781e+01 1.467500e+01
    endloop
  endfacet
  facet normal -0.000000e+00 0.000000e+00 -1.000000e+00
    outer loop
      vertex   1.187500e+01 7.264781e+01 1.467500e+01
      vertex   -1.187500e+01 5.064781e+01 1.467500e+01
      vertex   -1.187500e+01 7.264781e+01 1.467500e+01
    endloop
  endfacet
  facet normal -1.000000e+00 0.000000e+00 0.000000e+00
    outer loop
      vertex   1.187500e+01 5.064781e+01 2.325000e+00
      vertex   1.187500e+01 5.064781e+01 1.467500e+01
      vertex   1.187500e+01 7.264781e+01 2.325000e+00
    endloop
  endfacet
  facet normal -1.000000e+00 0.000000e+00 0.000000e+00
    outer loop
      vertex   1.187500e+01 7.264781e+01 2.325000e+00
      vertex   1.187500e+01 5.064781e+01 1.467500e+01
      vertex   1.187500e+01 7.264781e+01 1.467500e+01
    endloop
  endfacet
  facet normal 1.869849e-17 -0.000000e+00 1.000000e+00
    outer loop
      vertex   -1.187500e+01 5.064781e+01 2.325000e+00
      vertex   1.187500e+01 5.064781e+01 2.325000e+00
      vertex   -1.187500e+01 7.264781e+01 2.325000e+00
    endloop
  endfacet
  facet normal 1.869849e-17 0.000000e+00 1.000000e+00
    outer loop
      vertex   -1.187500e+01 7.264781e+01 2.325000e+00
      vertex   1.187500e+01 5.064781e+01 2.325000e+00
      vertex   1.187500e+01 7.264781e+01 2.325000e+00
    endloop
  endfacet
  facet normal -0.000000e+00 1.000000e+00 0.000000e+00
    outer loop
      vertex   -1.335907e+01 7.264781e+01 8.758819e+00
      vertex   -1.187500e+01 7.264781e+01 1.467500e+01
      vertex   -1.332500e+01 7.264781e+01 8.500000e+00
    endloop
  endfacet
  facet normal -0.000000e+00 1.000000e+00 0.000000e+00
    outer loop
      vertex   -1.332500e+01 7.264781e+01 8.500000e+00
      vertex   -1.187500e+01 7.264781e+01 1.467500e+01
      vertex   -1.187500e+01 7.264781e+01 2.325000e+00
    endloop
  endfacet
  facet normal 0.000000e+00 1.000000e+00 0.000000e+00
    outer loop
      vertex   -1.332500e+01 7.264781e+01 8.500000e+00
      vertex   -1.187500e+01 7.264781e+01 2.325000e+00
      vertex   -1.335907e+01 7.264781e+01 8.241181e+00
    endloop
  endfacet
  facet normal 0.000000e+00 1.000000e+00 0.000000e+00
    outer loop
      vertex   -1.335907e+01 7.264781e+01 8.241181e+00
      vertex   -1.187500e+01 7.264781e+01 2.325000e+00
      vertex   -1.345897e+01 7.264781e+01 8.000000e+00
    endloop
  endfacet
  facet normal 0.000000e+00 1.000000e+00 0.000000e+00
    outer loop
      vertex   -1.345897e+01 7.264781e+01 8.000000e+00
      vertex   -1.187500e+01 7.264781e+01 2.325000e+00
      vertex   -1.361789e+01 7.264781e+01 7.792893e+00
    endloop
  endfacet
  facet normal 0.000000e+00 1.000000e+00 0.000000e+00
    outer loop
      vertex   -1.361789e+01 7.264781e+01 7.792893e+00
      vertex   -1.187500e+01 7.264781e+01 2.325000e+00
      vertex   -1.382500e+01 7.264781e+01 7.633975e+00
    endloop
  endfacet
  facet normal 0.000000e+00 1.000000e+00 0.000000e+00
    outer loop
      vertex   -1.382500e+01 7.264781e+01 7.633975e+00
      vertex   -1.187500e+01 7.264781e+01 2.325000e+00
      vertex   -1.406618e+01 7.264781e+01 7.534074e+00
    endloop
  endfacet
  facet normal 0.000000e+00 1.000000e+00 0.000000e+00
    outer loop
      vertex   -1.406618e+01 7.264781e+01 7.534074e+00
      vertex   -1.187500e+01 7.264781e+01 2.325000e+00
      vertex   -1.432500e+01 7.264781e+01 7.500000e+00
    endloop
  endfacet
  facet normal 0.000000e+00 1.000000e+00 0.000000e+00
    outer loop
      vertex   -1.432500e+01 7.264781e+01 7.500000e+00
      vertex   -1.187500e+01 7.264781e+01 2.325000e+00
      vertex   -1.458382e+01 7.264781e+01 7.534074e+00
    endloop
  endfacet
  facet normal 0.000000e+00 1.000000e+00 0.000000e+00
    outer loop
      vertex   -1.458382e+01 7.264781e+01 7.534074e+00
      vertex   -1.187500e+01 7.264781e+01 2.325000e+00
      vertex   -1.787486e+01 7.264781e+01 0.000000e+00
    endloop
  endfacet
  facet normal 0.000000e+00 1.000000e+00 0.000000e+00
    outer loop
      vertex   -1.458382e+01 7.264781e+01 7.534074e+00
      vertex   -1.787486e+01 7.264781e+01 0.000000e+00
      vertex   -1.482500e+01 7.264781e+01 7.633975e+00
    endloop
  endfacet
  facet normal 0.000000e+00 1.000000e+00 0.000000e+00
    outer loop
      vertex   -1.482500e+01 7.264781e+01 7.633975e+00
      vertex   -1.787486e+01 7.264781e+01 0.000000e+00
      vertex   -1.503211e+01 7.264781e+01 7.792893e+00
    endloop
  endfacet
  facet normal 0.000000e+00 1.000000e+00 0.000000e+00
    outer loop
      vertex   -1.503211e+01 7.264781e+01 7.792893e+00
      vertex   -1.787486e+01 7.264781e+01 0.000000e+00
      vertex   -1.519103e+01 7.264781e+01 8.000000e+00
    endloop
  endfacet
  facet normal 0.000000e+00 1.000000e+00 0.000000e+00
    outer loop
      vertex   -1.519103e+01 7.264781e+01 8.000000e+00
      vertex   -1.787486e+01 7.264781e+01 0.000000e+00
      vertex   -1.529093e+01 7.264781e+01 8.241181e+00
    endloop
  endfacet
  facet normal 0.000000e+00 1.000000e+00 0.000000e+00
    outer loop
      vertex   -1.529093e+01 7.264781e+01 8.241181e+00
      vertex   -1.787486e+01 7.264781e+01 0.000000e+00
      vertex   -1.532500e+01 7.264781e+01 8.500000e+00
    endloop
  endfacet
  facet normal 0.000000e+00 1.000000e+00 0.000000e+00
    outer loop
      vertex   -1.532500e+01 7.264781e+01 8.500000e+00
      vertex   -1.787486e+01 7.264781e+01 0.000000e+00
      vertex   -1.787486e+01 7.264781e+01 1.700000e+01
    endloop
  endfacet
  facet normal 0.000000e+00 1.000000e+00 -0.000000e+00
    outer loop
      vertex   -1.532500e+01 7.264781e+01 8.500000e+00
      vertex   -1.787486e+01 7.264781e+01 1.700000e+01
      vertex   -1.529093e+01 7.264781e+01 8.758819e+00
    endloop
  endfacet
  facet normal 0.000000e+00 1.000000e+00 -0.000000e+00
    outer loop
      vertex   -1.529093e+01 7.264781e+01 8.758819e+00
      vertex   -1.787486e+01 7.264781e+01 1.700000e+01
      vertex   -1.519103e+01 7.264781e+01 9.000000e+00
    endloop
  endfacet
  facet normal 0.000000e+00 1.000000e+00 -0.000000e+00
    outer loop
      vertex   -1.519103e+01 7.264781e+01 9.000000e+00
      vertex   -1.787486e+01 7.264781e+01 1.700000e+01
      vertex   -1.503211e+01 7.264781e+01 9.207107e+00
    endloop
  endfacet
  facet normal 0.000000e+00 1.000000e+00 -0.000000e+00
    outer loop
      vertex   -1.503211e+01 7.264781e+01 9.207107e+00
      vertex   -1.787486e+01 7.264781e+01 1.700000e+01
      vertex   -1.482500e+01 7.264781e+01 9.366025e+00
    endloop
  endfacet
  facet normal 0.000000e+00 1.000000e+00 -0.000000e+00
    outer loop
      vertex   -1.482500e+01 7.264781e+01 9.366025e+00
      vertex   -1.787486e+01 7.264781e+01 1.700000e+01
      vertex   -1.458382e+01 7.264781e+01 9.465926e+00
    endloop
  endfacet
  facet normal 0.000000e+00 1.000000e+00 -0.000000e+00
    outer loop
      vertex   -1.458382e+01 7.264781e+01 9.465926e+00
      vertex   -1.787486e+01 7.264781e+01 1.700000e+01
      vertex   -1.187500e+01 7.264781e+01 1.467500e+01
    endloop
  endfacet
  facet normal 0.000000e+00 1.000000e+00 0.000000e+00
    outer loop
      vertex   -1.458382e+01 7.264781e+01 9.465926e+00
      vertex   -1.187500e+01 7.264781e+01 1.467500e+01
      vertex   -1.432500e+01 7.264781e+01 9.500000e+00
    endloop
  endfacet
  facet normal -0.000000e+00 1.000000e+00 0.000000e+00
    outer loop
      vertex   -1.432500e+01 7.264781e+01 9.500000e+00
      vertex   -1.187500e+01 7.264781e+01 1.467500e+01
      vertex   -1.406618e+01 7.264781e+01 9.465926e+00
    endloop
  endfacet
  facet normal -0.000000e+00 1.000000e+00 0.000000e+00
    outer loop
      vertex   -1.406618e+01 7.264781e+01 9.465926e+00
      vertex   -1.187500e+01 7.264781e+01 1.467500e+01
      vertex   -1.382500e+01 7.264781e+01 9.366025e+00
    endloop
  endfacet
  facet normal -0.000000e+00 1.000000e+00 0.000000e+00
    outer loop
      vertex   -1.382500e+01 7.264781e+01 9.366025e+00
      vertex   -1.187500e+01 7.264781e+01 1.467500e+01
      vertex   -1.361789e+01 7.264781e+01 9.207107e+00
    endloop
  endfacet
  facet normal -0.000000e+00 1.000000e+00 0.000000e+00
    outer loop
      vertex   -1.361789e+01 7.264781e+01 9.207107e+00
      vertex   -1.187500e+01 7.264781e+01 1.467500e+01
      vertex   -1.345897e+01 7.264781e+01 9.000000e+00
    endloop
  endfacet
  facet normal -0.000000e+00 1.000000e+00 0.000000e+00
    outer loop
      vertex   -1.345897e+01 7.264781e+01 9.000000e+00
      vertex   -1.187500e+01 7.264781e+01 1.467500e+01
      vertex   -1.335907e+01 7.264781e+01 8.758819e+00
    endloop
  endfacet
  facet normal -0.000000e+00 1.000000e+00 0.000000e+00
    outer loop
      vertex   1.529093e+01 7.264781e+01 8.758819e+00
      vertex   1.787486e+01 7.264781e+01 1.700000e+01
      vertex   1.532500e+01 7.264781e+01 8.500000e+00
    endloop
  endfacet
  facet normal -0.000000e+00 1.000000e+00 0.000000e+00
    outer loop
      vertex   1.532500e+01 7.264781e+01 8.500000e+00
      vertex   1.787486e+01 7.264781e+01 1.700000e+01
      vertex   1.787486e+01 7.264781e+01 0.000000e+00
    endloop
  endfacet
  facet normal 0.000000e+00 1.000000e+00 0.000000e+00
    outer loop
      vertex   1.532500e+01 7.264781e+01 8.500000e+00
      vertex   1.787486e+01 7.264781e+01 0.000000e+00
      vertex   1.529093e+01 7.264781e+01 8.241181e+00
    endloop
  endfacet
  facet normal 0.000000e+00 1.000000e+00 0.000000e+00
    outer loop
      vertex   1.529093e+01 7.264781e+01 8.241181e+00
      vertex   1.787486e+01 7.264781e+01 0.000000e+00
      vertex   1.519103e+01 7.264781e+01 8.000000e+00
    endloop
  endfacet
  facet normal 0.000000e+00 1.000000e+00 0.000000e+00
    outer loop
      vertex   1.519103e+01 7.264781e+01 8.000000e+00
      vertex   1.787486e+01 7.264781e+01 0.000000e+00
      vertex   1.503211e+01 7.264781e+01 7.792893e+00
    endloop
  endfacet
  facet normal 0.000000e+00 1.000000e+00 0.000000e+00
    outer loop
      vertex   1.503211e+01 7.264781e+01 7.792893e+00
      vertex   1.787486e+01 7.264781e+01 0.000000e+00
      vertex   1.482500e+01 7.264781e+01 7.633975e+00
    endloop
  endfacet
  facet normal 0.000000e+00 1.000000e+00 0.000000e+00
    outer loop
      vertex   1.482500e+01 7.264781e+01 7.633975e+00
      vertex   1.787486e+01 7.264781e+01 0.000000e+00
      vertex   1.458382e+01 7.264781e+01 7.534074e+00
    endloop
  endfacet
  facet normal 0.000000e+00 1.000000e+00 0.000000e+00
    outer loop
      vertex   1.458382e+01 7.264781e+01 7.534074e+00
      vertex   1.787486e+01 7.264781e+01 0.000000e+00
      vertex   1.187500e+01 7.264781e+01 2.325000e+00
    endloop
  endfacet
  facet normal 0.000000e+00 1.000000e+00 0.000000e+00
    outer loop
      vertex   1.458382e+01 7.264781e+01 7.534074e+00
      vertex   1.187500e+01 7.264781e+01 2.325000e+00
      vertex   1.432500e+01 7.264781e+01 7.500000e+00
    endloop
  endfacet
  facet normal 0.000000e+00 1.000000e+00 0.000000e+00
    outer loop
      vertex   1.432500e+01 7.264781e+01 7.500000e+00
      vertex   1.187500e+01 7.264781e+01 2.325000e+00
      vertex   1.406618e+01 7.264781e+01 7.534074e+00
    endloop
  endfacet
  facet normal 0.000000e+00 1.000000e+00 0.000000e+00
    outer loop
      vertex   1.406618e+01 7.264781e+01 7.534074e+00
      vertex   1.187500e+01 7.264781e+01 2.325000e+00
      vertex   1.382500e+01 7.264781e+01 7.633975e+00
    endloop
  endfacet
  facet normal 0.000000e+00 1.000000e+00 0.000000e+00
    outer loop
      vertex   1.382500e+01 7.264781e+01 7.633975e+00
      vertex   1.187500e+01 7.264781e+01 2.325000e+00
      vertex   1.361789e+01 7.264781e+01 7.792893e+00
    endloop
  endfacet
  facet normal 0.000000e+00 1.000000e+00 0.000000e+00
    outer loop
      vertex   1.361789e+01 7.264781e+01 7.792893e+00
      vertex   1.187500e+01 7.264781e+01 2.325000e+00
      vertex   1.345897e+01 7.264781e+01 8.000000e+00
    endloop
  endfacet
  facet normal 0.000000e+00 1.000000e+00 0.000000e+00
    outer loop
      vertex   1.345897e+01 7.264781e+01 8.000000e+00
      vertex   1.187500e+01 7.264781e+01 2.325000e+00
      vertex   1.335907e+01 7.264781e+01 8.241181e+00
    endloop
  endfacet
  facet normal 0.000000e+00 1.000000e+00 0.000000e+00
    outer loop
      vertex   1.335907e+01 7.264781e+01 8.241181e+00
      vertex   1.187500e+01 7.264781e+01 2.325000e+00
      vertex   1.332500e+01 7.264781e+01 8.500000e+00
    endloop
  endfacet
  facet normal 0.000000e+00 1.000000e+00 0.000000e+00
    outer loop
      vertex   1.332500e+01 7.264781e+01 8.500000e+00
      vertex   1.187500e+01 7.264781e+01 2.325000e+00
      vertex   1.187500e+01 7.264781e+01 1.467500e+01
    endloop
  endfacet
  facet normal 0.000000e+00 1.000000e+00 -0.000000e+00
    outer loop
      vertex   1.332500e+01 7.264781e+01 8.500000e+00
      vertex   1.187500e+01 7.264781e+01 1.467500e+01
      vertex   1.335907e+01 7.264781e+01 8.758819e+00
    endloop
  endfacet
  facet normal 0.000000e+00 1.000000e+00 -0.000000e+00
    outer loop
      vertex   1.335907e+01 7.264781e+01 8.758819e+00
      vertex   1.187500e+01 7.264781e+01 1.467500e+01
      vertex   1.345897e+01 7.264781e+01 9.000000e+00
    endloop
  endfacet
  facet normal 0.000000e+00 1.000000e+00 -0.000000e+00
    outer loop
      vertex   1.345897e+01 7.264781e+01 9.000000e+00
      vertex   1.187500e+01 7.264781e+01 1.467500e+01
      vertex   1.361789e+01 7.264781e+01 9.207107e+00
    endloop
  endfacet
  facet normal 0.000000e+00 1.000000e+00 -0.000000e+00
    outer loop
      vertex   1.361789e+01 7.264781e+01 9.207107e+00
      vertex   1.187500e+01 7.264781e+01 1.467500e+01
      vertex   1.382500e+01 7.264781e+01 9.366025e+00
    endloop
  endfacet
  facet normal 0.000000e+00 1.000000e+00 -0.000000e+00
    outer loop
      vertex   1.382500e+01 7.264781e+01 9.366025e+00
      vertex   1.187500e+01 7.264781e+01 1.467500e+01
      vertex   1.406618e+01 7.264781e+01 9.465926e+00
    endloop
  endfacet
  facet normal 0.000000e+00 1.000000e+00 -0.000000e+00
    outer loop
      vertex   1.406618e+01 7.264781e+01 9.465926e+00
      vertex   1.187500e+01 7.264781e+01 1.467500e+01
      vertex   1.432500e+01 7.264781e+01 9.500000e+00
    endloop
  endfacet
  facet normal -0.000000e+00 1.000000e+00 -0.000000e+00
    outer loop
      vertex   1.432500e+01 7.264781e+01 9.500000e+00
      vertex   1.187500e+01 7.264781e+01 1.467500e+01
      vertex   1.458382e+01 7.264781e+01 9.465926e+00
    endloop
  endfacet
  facet normal 0.000000e+00 1.000000e+00 -0.000000e+00
    outer loop
      vertex   1.458382e+01 7.264781e+01 9.465926e+00
      vertex   1.187500e+01 7.264781e+01 1.467500e+01
      vertex   1.787486e+01 7.264781e+01 1.700000e+01
    endloop
  endfacet
  facet normal -0.000000e+00 1.000000e+00 0.000000e+00
    outer loop
      vertex   1.458382e+01 7.264781e+01 9.465926e+00
      vertex   1.787486e+01 7.264781e+01 1.700000e+01
      vertex   1.482500e+01 7.264781e+01 9.366025e+00
    endloop
  endfacet
  facet normal -0.000000e+00 1.000000e+00 0.000000e+00
    outer loop
      vertex   1.482500e+01 7.264781e+01 9.366025e+00
      vertex   1.787486e+01 7.264781e+01 1.700000e+01
      vertex   1.503211e+01 7.264781e+01 9.207107e+00
    endloop
  endfacet
  facet normal -0.000000e+00 1.000000e+00 0.000000e+00
    outer loop
      vertex   1.503211e+01 7.264781e+01 9.207107e+00
      vertex   1.787486e+01 7.264781e+01 1.700000e+01
      vertex   1.519103e+01 7.264781e+01 9.000000e+00
    endloop
  endfacet
  facet normal -0.000000e+00 1.000000e+00 0.000000e+00
    outer loop
      vertex   1.519103e+01 7.264781e+01 9.000000e+00
      vertex   1.787486e+01 7.264781e+01 1.700000e+01
      vertex   1.529093e+01 7.264781e+01 8.758819e+00
    endloop
  endfacet
  facet normal 0.000000e+00 1.000000e+00 0.000000e+00
    outer loop
      vertex   -1.187500e+01 7.264781e+01 2.325000e+00
      vertex   1.187500e+01 7.264781e+01 2.325000e+00
      vertex   -1.787486e+01 7.264781e+01 0.000000e+00
    endloop
  endfacet
  facet normal 0.000000e+00 1.000000e+00 0.000000e+00
    outer loop
      vertex   -1.787486e+01 7.264781e+01 0.000000e+00
      vertex   1.187500e+01 7.264781e+01 2.325000e+00
      vertex   1.787486e+01 7.264781e+01 0.000000e+00
    endloop
  endfacet
  facet normal 0.000000e+00 1.000000e+00 0.000000e+00
    outer loop
      vertex   1.787486e+01 7.264781e+01 1.700000e+01
      vertex   1.187500e+01 7.264781e+01 1.467500e+01
      vertex   -1.787486e+01 7.264781e+01 1.700000e+01
    endloop
  endfacet
  facet normal 0.000000e+00 1.000000e+00 0.000000e+00
    outer loop
      vertex   -1.787486e+01 7.264781e+01 1.700000e+01
      vertex   1.187500e+01 7.264781e+01 1.467500e+01
      vertex   -1.187500e+01 7.264781e+01 1.467500e+01
    endloop
  endfacet
  facet normal -1.000000e+00 0.000000e+00 0.000000e+00
    outer loop
      vertex   -1.787486e+01 3.424670e+01 0.000000e+00
      vertex   -1.787486e+01 3.424670e+01 1.700000e+01
      vertex   -1.787486e+01 7.264781e+01 0.000000e+00
    endloop
  endfacet
  facet normal -1.000000e+00 0.000000e+00 0.000000e+00
    outer loop
      vertex   -1.787486e+01 7.264781e+01 0.000000e+00
      vertex   -1.787486e+01 3.424670e+01 1.700000e+01
      vertex   -1.787486e+01 7.264781e+01 1.700000e+01
    endloop
  endfacet
  facet normal -9.348014e-01 3.551710e-01 0.000000e+00
    outer loop
      vertex   -1.787486e+01 3.424670e+01 0.000000e+00
      vertex   -1.975000e+01 2.931137e+01 0.000000e+00
      vertex   -1.787486e+01 3.424670e+01 1.700000e+01
    endloop
  endfacet
  facet normal -9.348014e-01 3.551710e-01 -7.659817e-18
    outer loop
      vertex   -1.787486e+01 3.424670e+01 1.700000e+01
      vertex   -1.975000e+01 2.931137e+01 0.000000e+00
      vertex   -1.975000e+01 2.931137e+01 1.700000e+01
    endloop
  endfacet
  facet normal 9.348014e-01 3.551710e-01 0.000000e+00
    outer loop
      vertex   1.787486e+01 3.424670e+01 1.700000e+01
      vertex   1.975000e+01 2.931137e+01 1.700000e+01
      vertex   1.787486e+01 3.424670e+01 0.000000e+00
    endloop
  endfacet
  facet normal 9.348014e-01 3.551710e-01 7.659817e-18
    outer loop
      vertex   1.787486e+01 3.424670e+01 0.000000e+00
      vertex   1.975000e+01 2.931137e+01 1.700000e+01
      vertex   1.975000e+01 2.931137e+01 0.000000e+00
    endloop
  endfacet
  facet normal 1.000000e+00 -0.000000e+00 0.000000e+00
    outer loop
      vertex   1.787486e+01 3.424670e+01 1.700000e+01
      vertex   1.787486e+01 3.424670e+01 0.000000e+00
      vertex   1.787486e+01 7.264781e+01 1.700000e+01
    endloop
  endfacet
  facet normal 1.000000e+00 0.000000e+00 0.000000e+00
    outer loop
      vertex   1.787486e+01 7.264781e+01 1.700000e+01
      vertex   1.787486e+01 3.424670e+01 0.000000e+00
      vertex   1.787486e+01 7.264781e+01 0.000000e+00
    endloop
  endfacet
  facet normal 0.000000e+00 0.000000e+00 1.000000e+00
    outer loop
      vertex   -1.787486e+01 3.424670e+01 1.700000e+01
      vertex   -1.110673e+01 4.214781e+01 1.700000e+01
      vertex   -1.787486e+01 7.264781e+01 1.700000e+01
    endloop
  endfacet
  facet normal 0.000000e+00 0.000000e+00 1.000000e+00
    outer loop
      vertex   -1.787486e+01 7.264781e+01 1.700000e+01
      vertex   -1.110673e+01 4.214781e+01 1.700000e+01
      vertex   1.110673e+01 4.214781e+01 1.700000e+01
    endloop
  endfacet
  facet normal -0.000000e+00 0.000000e+00 1.000000e+00
    outer loop
      vertex   -1.787486e+01 7.264781e+01 1.700000e+01
      vertex   1.110673e+01 4.214781e+01 1.700000e+01
      vertex   1.787486e+01 7.264781e+01 1.700000e+01
    endloop
  endfacet
  facet normal 0.000000e+00 0.000000e+00 1.000000e+00
    outer loop
      vertex   1.787486e+01 7.264781e+01 1.700000e+01
      vertex   1.110673e+01 4.214781e+01 1.700000e+01
      vertex   1.787486e+01 3.424670e+01 1.700000e+01
    endloop
  endfacet
  facet normal 0.000000e+00 0.000000e+00 1.000000e+00
    outer loop
      vertex   1.787486e+01 3.424670e+01 1.700000e+01
      vertex   1.110673e+01 4.214781e+01 1.700000e+01
      vertex   1.625000e+01 2.931137e+01 1.700000e+01
    endloop
  endfacet
  facet normal 0.000000e+00 0.000000e+00 1.000000e+00
    outer loop
      vertex   1.787486e+01 3.424670e+01 1.700000e+01
      vertex   1.625000e+01 2.931137e+01 1.700000e+01
      vertex   1.975000e+01 2.931137e+01 1.700000e+01
    endloop
  endfacet
  facet normal 0.000000e+00 0.000000e+00 1.000000e+00
    outer loop
      vertex   1.975000e+01 2.931137e+01 1.700000e+01
      vertex   1.625000e+01 2.931137e+01 1.700000e+01
      vertex   1.975000e+01 -6.886266e-01 1.700000e+01
    endloop
  endfacet
  facet normal 0.000000e+00 0.000000e+00 1.000000e+00
    outer loop
      vertex   1.975000e+01 -6.886266e-01 1.700000e+01
      vertex   1.625000e+01 2.931137e+01 1.700000e+01
      vertex   1.625000e+01 -6.886266e-01 1.700000e+01
    endloop
  endfacet
  facet normal 0.000000e+00 0.000000e+00 1.000000e+00
    outer loop
      vertex   -1.110673e+01 4.214781e+01 1.700000e+01
      vertex   -1.787486e+01 3.424670e+01 1.700000e+01
      vertex   -1.625000e+01 2.931137e+01 1.700000e+01
    endloop
  endfacet
  facet normal 0.000000e+00 0.000000e+00 1.000000e+00
    outer loop
      vertex   -1.625000e+01 2.931137e+01 1.700000e+01
      vertex   -1.787486e+01 3.424670e+01 1.700000e+01
      vertex   -1.975000e+01 2.931137e+01 1.700000e+01
    endloop
  endfacet
  facet normal 0.000000e+00 0.000000e+00 1.000000e+00
    outer loop
      vertex   -1.625000e+01 2.931137e+01 1.700000e+01
      vertex   -1.975000e+01 2.931137e+01 1.700000e+01
      vertex   -1.625000e+01 -6.886266e-01 1.700000e+01
    endloop
  endfacet
  facet normal 0.000000e+00 0.000000e+00 1.000000e+00
    outer loop
      vertex   -1.625000e+01 -6.886266e-01 1.700000e+01
      vertex   -1.975000e+01 2.931137e+01 1.700000e+01
      vertex   -1.975000e+01 -6.886266e-01 1.700000e+01
    endloop
  endfacet
  facet normal -0.000000e+00 1.000000e+00 0.000000e+00
    outer loop
      vertex   -1.187500e+01 5.064781e+01 2.325000e+00
      vertex   -1.187500e+01 5.064781e+01 1.467500e+01
      vertex   1.187500e+01 5.064781e+01 2.325000e+00
    endloop
  endfacet
  facet normal 0.000000e+00 1.000000e+00 -0.000000e+00
    outer loop
      vertex   1.187500e+01 5.064781e+01 2.325000e+00
      vertex   -1.187500e+01 5.064781e+01 1.467500e+01
      vertex   1.187500e+01 5.064781e+01 1.467500e+01
    endloop
  endfacet
  facet normal -1.010173e-15 -9.951847e-01 -9.801714e-02
    outer loop
      vertex   -1.625000e+01 8.008533e+00 9.036498e+00
      vertex   -1.975000e+01 8.008533e+00 9.036498e+00
      vertex   -1.625000e+01 8.061373e+00 8.500000e+00
    endloop
  endfacet
  facet normal -5.050866e-16 -9.951847e-01 -9.801714e-02
    outer loop
      vertex   -1.625000e+01 8.061373e+00 8.500000e+00
      vertex   -1.975000e+01 8.008533e+00 9.036498e+00
      vertex   -1.975000e+01 8.061373e+00 8.500000e+00
    endloop
  endfacet
  facet normal -5.050866e-16 -9.951847e-01 9.801714e-02
    outer loop
      vertex   -1.625000e+01 8.061373e+00 8.500000e+00
      vertex   -1.975000e+01 8.061373e+00 8.500000e+00
      vertex   -1.625000e+01 8.008533e+00 7.963502e+00
    endloop
  endfacet
  facet normal -1.010173e-15 -9.951847e-01 9.801714e-02
    outer loop
      vertex   -1.625000e+01 8.008533e+00 7.963502e+00
      vertex   -1.975000e+01 8.061373e+00 8.500000e+00
      vertex   -1.975000e+01 8.008533e+00 7.963502e+00
    endloop
  endfacet
  facet normal -9.713529e-16 -9.569403e-01 2.902847e-01
    outer loop
      vertex   -1.625000e+01 8.008533e+00 7.963502e+00
      vertex   -1.975000e+01 8.008533e+00 7.963502e+00
      vertex   -1.625000e+01 7.852042e+00 7.447621e+00
    endloop
  endfacet
  facet normal -1.045017e-15 -9.569403e-01 2.902847e-01
    outer loop
      vertex   -1.625000e+01 7.852042e+00 7.447621e+00
      vertex   -1.975000e+01 8.008533e+00 7.963502e+00
      vertex   -1.975000e+01 7.852042e+00 7.447621e+00
    endloop
  endfacet
  facet normal -1.014828e-15 -8.819213e-01 4.713967e-01
    outer loop
      vertex   -1.625000e+01 7.852042e+00 7.447621e+00
      vertex   -1.975000e+01 7.852042e+00 7.447621e+00
      vertex   -1.625000e+01 7.597915e+00 6.972182e+00
    endloop
  endfacet
  facet normal -8.952039e-16 -8.819213e-01 4.713967e-01
    outer loop
      vertex   -1.625000e+01 7.597915e+00 6.972182e+00
      vertex   -1.975000e+01 7.852042e+00 7.447621e+00
      vertex   -1.975000e+01 7.597915e+00 6.972182e+00
    endloop
  endfacet
  facet normal -7.846528e-16 -7.730105e-01 6.343933e-01
    outer loop
      vertex   -1.625000e+01 7.597915e+00 6.972182e+00
      vertex   -1.975000e+01 7.597915e+00 6.972182e+00
      vertex   -1.625000e+01 7.255917e+00 6.555456e+00
    endloop
  endfacet
  facet normal -3.923264e-16 -7.730105e-01 6.343933e-01
    outer loop
      vertex   -1.625000e+01 7.255917e+00 6.555456e+00
      vertex   -1.975000e+01 7.597915e+00 6.972182e+00
      vertex   -1.975000e+01 7.255917e+00 6.555456e+00
    endloop
  endfacet
  facet normal -3.219740e-16 -6.343933e-01 7.730105e-01
    outer loop
      vertex   -1.625000e+01 7.255917e+00 6.555456e+00
      vertex   -1.975000e+01 7.255917e+00 6.555456e+00
      vertex   -1.625000e+01 6.839192e+00 6.213459e+00
    endloop
  endfacet
  facet normal -9.659219e-16 -6.343933e-01 7.730105e-01
    outer loop
      vertex   -1.625000e+01 6.839192e+00 6.213459e+00
      vertex   -1.975000e+01 7.255917e+00 6.555456e+00
      vertex   -1.975000e+01 6.839192e+00 6.213459e+00
    endloop
  endfacet
  facet normal -7.177447e-16 -4.713967e-01 8.819213e-01
    outer loop
      vertex   -1.625000e+01 6.839192e+00 6.213459e+00
      vertex   -1.975000e+01 6.839192e+00 6.213459e+00
      vertex   -1.625000e+01 6.363753e+00 5.959331e+00
    endloop
  endfacet
  facet normal -4.784965e-16 -4.713967e-01 8.819213e-01
    outer loop
      vertex   -1.625000e+01 6.363753e+00 5.959331e+00
      vertex   -1.975000e+01 6.839192e+00 6.213459e+00
      vertex   -1.975000e+01 6.363753e+00 5.959331e+00
    endloop
  endfacet
  facet normal -2.946567e-16 -2.902847e-01 9.569403e-01
    outer loop
      vertex   -1.625000e+01 6.363753e+00 5.959331e+00
      vertex   -1.975000e+01 6.363753e+00 5.959331e+00
      vertex   -1.625000e+01 5.847872e+00 5.802840e+00
    endloop
  endfacet
  facet normal -2.946567e-16 -2.902847e-01 9.569403e-01
    outer loop
      vertex   -1.625000e+01 5.847872e+00 5.802840e+00
      vertex   -1.975000e+01 6.363753e+00 5.959331e+00
      vertex   -1.975000e+01 5.847872e+00 5.802840e+00
    endloop
  endfacet
  facet normal -9.949338e-17 -9.801714e-02 9.951847e-01
    outer loop
      vertex   -1.625000e+01 5.847872e+00 5.802840e+00
      vertex   -1.975000e+01 5.847872e+00 5.802840e+00
      vertex   -1.625000e+01 5.311373e+00 5.750000e+00
    endloop
  endfacet
  facet normal -9.949338e-17 -9.801714e-02 9.951847e-01
    outer loop
      vertex   -1.625000e+01 5.311373e+00 5.750000e+00
      vertex   -1.975000e+01 5.847872e+00 5.802840e+00
      vertex   -1.975000e+01 5.311373e+00 5.750000e+00
    endloop
  endfacet
  facet normal 9.949338e-17 9.801714e-02 9.951847e-01
    outer loop
      vertex   -1.625000e+01 5.311373e+00 5.750000e+00
      vertex   -1.975000e+01 5.311373e+00 5.750000e+00
      vertex   -1.625000e+01 4.774875e+00 5.802840e+00
    endloop
  endfacet
  facet normal 7.462004e-17 9.801714e-02 9.951847e-01
    outer loop
      vertex   -1.625000e+01 4.774875e+00 5.802840e+00
      vertex   -1.975000e+01 5.311373e+00 5.750000e+00
      vertex   -1.975000e+01 4.774875e+00 5.802840e+00
    endloop
  endfacet
  facet normal 2.209925e-16 2.902847e-01 9.569403e-01
    outer loop
      vertex   -1.625000e+01 4.774875e+00 5.802840e+00
      vertex   -1.975000e+01 4.774875e+00 5.802840e+00
      vertex   -1.625000e+01 4.258994e+00 5.959331e+00
    endloop
  endfacet
  facet normal 1.473283e-16 2.902847e-01 9.569403e-01
    outer loop
      vertex   -1.625000e+01 4.258994e+00 5.959331e+00
      vertex   -1.975000e+01 4.774875e+00 5.802840e+00
      vertex   -1.975000e+01 4.258994e+00 5.959331e+00
    endloop
  endfacet
  facet normal 2.392482e-16 4.713967e-01 8.819213e-01
    outer loop
      vertex   -1.625000e+01 4.258994e+00 5.959331e+00
      vertex   -1.975000e+01 4.258994e+00 5.959331e+00
      vertex   -1.625000e+01 3.783555e+00 6.213459e+00
    endloop
  endfacet
  facet normal 4.784965e-16 4.713967e-01 8.819213e-01
    outer loop
      vertex   -1.625000e+01 3.783555e+00 6.213459e+00
      vertex   -1.975000e+01 4.258994e+00 5.959331e+00
      vertex   -1.975000e+01 3.783555e+00 6.213459e+00
    endloop
  endfacet
  facet normal 6.439479e-16 6.343933e-01 7.730105e-01
    outer loop
      vertex   -1.625000e+01 3.783555e+00 6.213459e+00
      vertex   -1.975000e+01 3.783555e+00 6.213459e+00
      vertex   -1.625000e+01 3.366830e+00 6.555456e+00
    endloop
  endfacet
  facet normal 6.439479e-16 6.343933e-01 7.730105e-01
    outer loop
      vertex   -1.625000e+01 3.366830e+00 6.555456e+00
      vertex   -1.975000e+01 3.783555e+00 6.213459e+00
      vertex   -1.975000e+01 3.366830e+00 6.555456e+00
    endloop
  endfacet
  facet normal 7.846528e-16 7.730105e-01 6.343933e-01
    outer loop
      vertex   -1.625000e+01 3.366830e+00 6.555456e+00
      vertex   -1.975000e+01 3.366830e+00 6.555456e+00
      vertex   -1.625000e+01 3.024832e+00 6.972182e+00
    endloop
  endfacet
  facet normal 7.846528e-16 7.730105e-01 6.343933e-01
    outer loop
      vertex   -1.625000e+01 3.024832e+00 6.972182e+00
      vertex   -1.975000e+01 3.366830e+00 6.555456e+00
      vertex   -1.975000e+01 3.024832e+00 6.972182e+00
    endloop
  endfacet
  facet normal 8.952039e-16 8.819213e-01 4.713967e-01
    outer loop
      vertex   -1.625000e+01 3.024832e+00 6.972182e+00
      vertex   -1.975000e+01 3.024832e+00 6.972182e+00
      vertex   -1.625000e+01 2.770705e+00 7.447621e+00
    endloop
  endfacet
  facet normal 7.833034e-16 8.819213e-01 4.713967e-01
    outer loop
      vertex   -1.625000e+01 2.770705e+00 7.447621e+00
      vertex   -1.975000e+01 3.024832e+00 6.972182e+00
      vertex   -1.975000e+01 2.770705e+00 7.447621e+00
    endloop
  endfacet
  facet normal 8.499338e-16 9.569403e-01 2.902847e-01
    outer loop
      vertex   -1.625000e+01 2.770705e+00 7.447621e+00
      vertex   -1.975000e+01 2.770705e+00 7.447621e+00
      vertex   -1.625000e+01 2.614214e+00 7.963502e+00
    endloop
  endfacet
  facet normal 9.713529e-16 9.569403e-01 2.902847e-01
    outer loop
      vertex   -1.625000e+01 2.614214e+00 7.963502e+00
      vertex   -1.975000e+01 2.770705e+00 7.447621e+00
      vertex   -1.975000e+01 2.614214e+00 7.963502e+00
    endloop
  endfacet
  facet normal 1.010173e-15 9.951847e-01 9.801714e-02
    outer loop
      vertex   -1.625000e+01 2.614214e+00 7.963502e+00
      vertex   -1.975000e+01 2.614214e+00 7.963502e+00
      vertex   -1.625000e+01 2.561373e+00 8.500000e+00
    endloop
  endfacet
  facet normal 8.839016e-16 9.951847e-01 9.801714e-02
    outer loop
      vertex   -1.625000e+01 2.561373e+00 8.500000e+00
      vertex   -1.975000e+01 2.614214e+00 7.963502e+00
      vertex   -1.975000e+01 2.561373e+00 8.500000e+00
    endloop
  endfacet
  facet normal 8.839016e-16 9.951847e-01 -9.801714e-02
    outer loop
      vertex   -1.625000e+01 2.561373e+00 8.500000e+00
      vertex   -1.975000e+01 2.561373e+00 8.500000e+00
      vertex   -1.625000e+01 2.614214e+00 9.036498e+00
    endloop
  endfacet
  facet normal 1.010173e-15 9.951847e-01 -9.801714e-02
    outer loop
      vertex   -1.625000e+01 2.614214e+00 9.036498e+00
      vertex   -1.975000e+01 2.561373e+00 8.500000e+00
      vertex   -1.975000e+01 2.614214e+00 9.036498e+00
    endloop
  endfacet
  facet normal 9.713529e-16 9.569403e-01 -2.902847e-01
    outer loop
      vertex   -1.625000e+01 2.614214e+00 9.036498e+00
      vertex   -1.975000e+01 2.614214e+00 9.036498e+00
      vertex   -1.625000e+01 2.770705e+00 9.552379e+00
    endloop
  endfacet
  facet normal 8.499338e-16 9.569403e-01 -2.902847e-01
    outer loop
      vertex   -1.625000e+01 2.770705e+00 9.552379e+00
      vertex   -1.975000e+01 2.614214e+00 9.036498e+00
      vertex   -1.975000e+01 2.770705e+00 9.552379e+00
    endloop
  endfacet
  facet normal 7.833034e-16 8.819213e-01 -4.713967e-01
    outer loop
      vertex   -1.625000e+01 2.770705e+00 9.552379e+00
      vertex   -1.975000e+01 2.770705e+00 9.552379e+00
      vertex   -1.625000e+01 3.024832e+00 1.002782e+01
    endloop
  endfacet
  facet normal 8.952039e-16 8.819213e-01 -4.713967e-01
    outer loop
      vertex   -1.625000e+01 3.024832e+00 1.002782e+01
      vertex   -1.975000e+01 2.770705e+00 9.552379e+00
      vertex   -1.975000e+01 3.024832e+00 1.002782e+01
    endloop
  endfacet
  facet normal 7.846528e-16 7.730105e-01 -6.343933e-01
    outer loop
      vertex   -1.625000e+01 3.024832e+00 1.002782e+01
      vertex   -1.975000e+01 3.024832e+00 1.002782e+01
      vertex   -1.625000e+01 3.366830e+00 1.044454e+01
    endloop
  endfacet
  facet normal 7.846528e-16 7.730105e-01 -6.343933e-01
    outer loop
      vertex   -1.625000e+01 3.366830e+00 1.044454e+01
      vertex   -1.975000e+01 3.024832e+00 1.002782e+01
      vertex   -1.975000e+01 3.366830e+00 1.044454e+01
    endloop
  endfacet
  facet normal 6.439479e-16 6.343933e-01 -7.730105e-01
    outer loop
      vertex   -1.625000e+01 3.366830e+00 1.044454e+01
      vertex   -1.975000e+01 3.366830e+00 1.044454e+01
      vertex   -1.625000e+01 3.783555e+00 1.078654e+01
    endloop
  endfacet
  facet normal 6.439479e-16 6.343933e-01 -7.730105e-01
    outer loop
      vertex   -1.625000e+01 3.783555e+00 1.078654e+01
      vertex   -1.975000e+01 3.366830e+00 1.044454e+01
      vertex   -1.975000e+01 3.783555e+00 1.078654e+01
    endloop
  endfacet
  facet normal 4.784965e-16 4.713967e-01 -8.819213e-01
    outer loop
      vertex   -1.625000e+01 3.783555e+00 1.078654e+01
      vertex   -1.975000e+01 3.783555e+00 1.078654e+01
      vertex   -1.625000e+01 4.258994e+00 1.104067e+01
    endloop
  endfacet
  facet normal 5.981206e-16 4.713967e-01 -8.819213e-01
    outer loop
      vertex   -1.625000e+01 4.258994e+00 1.104067e+01
      vertex   -1.975000e+01 3.783555e+00 1.078654e+01
      vertex   -1.975000e+01 4.258994e+00 1.104067e+01
    endloop
  endfacet
  facet normal 3.683208e-16 2.902847e-01 -9.569403e-01
    outer loop
      vertex   -1.625000e+01 4.258994e+00 1.104067e+01
      vertex   -1.975000e+01 4.258994e+00 1.104067e+01
      vertex   -1.625000e+01 4.774875e+00 1.119716e+01
    endloop
  endfacet
  facet normal 3.683208e-16 2.902847e-01 -9.569403e-01
    outer loop
      vertex   -1.625000e+01 4.774875e+00 1.119716e+01
      vertex   -1.975000e+01 4.258994e+00 1.104067e+01
      vertex   -1.975000e+01 4.774875e+00 1.119716e+01
    endloop
  endfacet
  facet normal 1.243667e-16 9.801714e-02 -9.951847e-01
    outer loop
      vertex   -1.625000e+01 4.774875e+00 1.119716e+01
      vertex   -1.975000e+01 4.774875e+00 1.119716e+01
      vertex   -1.625000e+01 5.311373e+00 1.125000e+01
    endloop
  endfacet
  facet normal 9.949338e-17 9.801714e-02 -9.951847e-01
    outer loop
      vertex   -1.625000e+01 5.311373e+00 1.125000e+01
      vertex   -1.975000e+01 4.774875e+00 1.119716e+01
      vertex   -1.975000e+01 5.311373e+00 1.125000e+01
    endloop
  endfacet
  facet normal -9.949338e-17 -9.801714e-02 -9.951847e-01
    outer loop
      vertex   -1.625000e+01 5.311373e+00 1.125000e+01
      vertex   -1.975000e+01 5.311373e+00 1.125000e+01
      vertex   -1.625000e+01 5.847872e+00 1.119716e+01
    endloop
  endfacet
  facet normal -9.949338e-17 -9.801714e-02 -9.951847e-01
    outer loop
      vertex   -1.625000e+01 5.847872e+00 1.119716e+01
      vertex   -1.975000e+01 5.311373e+00 1.125000e+01
      vertex   -1.975000e+01 5.847872e+00 1.119716e+01
    endloop
  endfacet
  facet normal -2.946567e-16 -2.902847e-01 -9.569403e-01
    outer loop
      vertex   -1.625000e+01 5.847872e+00 1.119716e+01
      vertex   -1.975000e+01 5.847872e+00 1.119716e+01
      vertex   -1.625000e+01 6.363753e+00 1.104067e+01
    endloop
  endfacet
  facet normal -1.473283e-16 -2.902847e-01 -9.569403e-01
    outer loop
      vertex   -1.625000e+01 6.363753e+00 1.104067e+01
      vertex   -1.975000e+01 5.847872e+00 1.119716e+01
      vertex   -1.975000e+01 6.363753e+00 1.104067e+01
    endloop
  endfacet
  facet normal -2.392482e-16 -4.713967e-01 -8.819213e-01
    outer loop
      vertex   -1.625000e+01 6.363753e+00 1.104067e+01
      vertex   -1.975000e+01 6.363753e+00 1.104067e+01
      vertex   -1.625000e+01 6.839192e+00 1.078654e+01
    endloop
  endfacet
  facet normal -7.177447e-16 -4.713967e-01 -8.819213e-01
    outer loop
      vertex   -1.625000e+01 6.839192e+00 1.078654e+01
      vertex   -1.975000e+01 6.363753e+00 1.104067e+01
      vertex   -1.975000e+01 6.839192e+00 1.078654e+01
    endloop
  endfacet
  facet normal -9.659219e-16 -6.343933e-01 -7.730105e-01
    outer loop
      vertex   -1.625000e+01 6.839192e+00 1.078654e+01
      vertex   -1.975000e+01 6.839192e+00 1.078654e+01
      vertex   -1.625000e+01 7.255917e+00 1.044454e+01
    endloop
  endfacet
  facet normal -3.219740e-16 -6.343933e-01 -7.730105e-01
    outer loop
      vertex   -1.625000e+01 7.255917e+00 1.044454e+01
      vertex   -1.975000e+01 6.839192e+00 1.078654e+01
      vertex   -1.975000e+01 7.255917e+00 1.044454e+01
    endloop
  endfacet
  facet normal -3.923264e-16 -7.730105e-01 -6.343933e-01
    outer loop
      vertex   -1.625000e+01 7.255917e+00 1.044454e+01
      vertex   -1.975000e+01 7.255917e+00 1.044454e+01
      vertex   -1.625000e+01 7.597915e+00 1.002782e+01
    endloop
  endfacet
  facet normal -7.846528e-16 -7.730105e-01 -6.343933e-01
    outer loop
      vertex   -1.625000e+01 7.597915e+00 1.002782e+01
      vertex   -1.975000e+01 7.255917e+00 1.044454e+01
      vertex   -1.975000e+01 7.597915e+00 1.002782e+01
    endloop
  endfacet
  facet normal -8.952039e-16 -8.819213e-01 -4.713967e-01
    outer loop
      vertex   -1.625000e+01 7.597915e+00 1.002782e+01
      vertex   -1.975000e+01 7.597915e+00 1.002782e+01
      vertex   -1.625000e+01 7.852042e+00 9.552379e+00
    endloop
  endfacet
  facet normal -1.103558e-15 -8.819213e-01 -4.713967e-01
    outer loop
      vertex   -1.625000e+01 7.852042e+00 9.552379e+00
      vertex   -1.975000e+01 7.597915e+00 1.002782e+01
      vertex   -1.975000e+01 7.852042e+00 9.552379e+00
    endloop
  endfacet
  facet normal -1.309701e-15 -9.569403e-01 -2.902847e-01
    outer loop
      vertex   -1.625000e+01 7.852042e+00 9.552379e+00
      vertex   -1.975000e+01 7.852042e+00 9.552379e+00
      vertex   -1.625000e+01 8.008533e+00 9.036498e+00
    endloop
  endfacet
  facet normal -9.713529e-16 -9.569403e-01 -2.902847e-01
    outer loop
      vertex   -1.625000e+01 8.008533e+00 9.036498e+00
      vertex   -1.975000e+01 7.852042e+00 9.552379e+00
      vertex   -1.975000e+01 8.008533e+00 9.036498e+00
    endloop
  endfacet
  facet normal 8.262734e-17 -3.876255e-02 9.992485e-01
    outer loop
      vertex   1.975000e+01 5.596270e+00 4.710695e+00
      vertex   1.975000e+01 2.078780e+01 5.300000e+00
      vertex   1.725000e+01 5.596270e+00 4.710695e+00
    endloop
  endfacet
  facet normal 7.308098e-17 -3.876255e-02 9.992485e-01
    outer loop
      vertex   1.725000e+01 5.596270e+00 4.710695e+00
      vertex   1.975000e+01 2.078780e+01 5.300000e+00
      vertex   1.725000e+01 2.078780e+01 5.300000e+00
    endloop
  endfacet
  facet normal 1.283218e-16 -9.029843e-02 9.959148e-01
    outer loop
      vertex   1.725000e+01 2.078780e+01 5.300000e+00
      vertex   1.975000e+01 2.078780e+01 5.300000e+00
      vertex   1.725000e+01 2.136556e+01 5.352385e+00
    endloop
  endfacet
  facet normal 1.283218e-16 -9.029843e-02 9.959148e-01
    outer loop
      vertex   1.725000e+01 2.136556e+01 5.352385e+00
      vertex   1.975000e+01 2.078780e+01 5.300000e+00
      vertex   1.975000e+01 2.136556e+01 5.352385e+00
    endloop
  endfacet
  facet normal 3.817339e-16 -2.686213e-01 9.632459e-01
    outer loop
      vertex   1.725000e+01 2.136556e+01 5.352385e+00
      vertex   1.975000e+01 2.136556e+01 5.352385e+00
      vertex   1.725000e+01 2.192437e+01 5.508220e+00
    endloop
  endfacet
  facet normal 7.634678e-16 -2.686213e-01 9.632459e-01
    outer loop
      vertex   1.725000e+01 2.192437e+01 5.508220e+00
      vertex   1.975000e+01 2.136556e+01 5.352385e+00
      vertex   1.975000e+01 2.192437e+01 5.508220e+00
    endloop
  endfacet
  facet normal 1.245200e-15 -4.381157e-01 8.989186e-01
    outer loop
      vertex   1.725000e+01 2.192437e+01 5.508220e+00
      vertex   1.975000e+01 2.192437e+01 5.508220e+00
      vertex   1.725000e+01 2.244586e+01 5.762385e+00
    endloop
  endfacet
  facet normal 6.225998e-16 -4.381157e-01 8.989186e-01
    outer loop
      vertex   1.725000e+01 2.244586e+01 5.762385e+00
      vertex   1.975000e+01 2.192437e+01 5.508220e+00
      vertex   1.975000e+01 2.244586e+01 5.762385e+00
    endloop
  endfacet
  facet normal 8.430031e-16 -5.932107e-01 8.050472e-01
    outer loop
      vertex   1.725000e+01 2.244586e+01 5.762385e+00
      vertex   1.975000e+01 2.244586e+01 5.762385e+00
      vertex   1.725000e+01 2.291289e+01 6.106524e+00
    endloop
  endfacet
  facet normal 8.430031e-16 -5.932107e-01 8.050472e-01
    outer loop
      vertex   1.725000e+01 2.291289e+01 6.106524e+00
      vertex   1.975000e+01 2.244586e+01 5.762385e+00
      vertex   1.975000e+01 2.291289e+01 6.106524e+00
    endloop
  endfacet
  facet normal 1.035700e-15 -7.288091e-01 6.847169e-01
    outer loop
      vertex   1.725000e+01 2.291289e+01 6.106524e+00
      vertex   1.975000e+01 2.291289e+01 6.106524e+00
      vertex   1.725000e+01 2.331012e+01 6.529328e+00
    endloop
  endfacet
  facet normal 1.035700e-15 -7.288091e-01 6.847169e-01
    outer loop
      vertex   1.725000e+01 2.331012e+01 6.529328e+00
      vertex   1.975000e+01 2.291289e+01 6.106524e+00
      vertex   1.975000e+01 2.331012e+01 6.529328e+00
    endloop
  endfacet
  facet normal 1.194357e-15 -8.404543e-01 5.418825e-01
    outer loop
      vertex   1.725000e+01 2.331012e+01 6.529328e+00
      vertex   1.975000e+01 2.331012e+01 6.529328e+00
      vertex   1.725000e+01 2.362448e+01 7.016901e+00
    endloop
  endfacet
  facet normal 1.194357e-15 -8.404543e-01 5.418825e-01
    outer loop
      vertex   1.725000e+01 2.362448e+01 7.016901e+00
      vertex   1.975000e+01 2.331012e+01 6.529328e+00
      vertex   1.975000e+01 2.362448e+01 7.016901e+00
    endloop
  endfacet
  facet normal 1.313761e-15 -9.244768e-01 3.812383e-01
    outer loop
      vertex   1.725000e+01 2.362448e+01 7.016901e+00
      vertex   1.975000e+01 2.362448e+01 7.016901e+00
      vertex   1.725000e+01 2.384565e+01 7.553218e+00
    endloop
  endfacet
  facet normal 1.313761e-15 -9.244768e-01 3.812383e-01
    outer loop
      vertex   1.725000e+01 2.384565e+01 7.553218e+00
      vertex   1.975000e+01 2.362448e+01 7.016901e+00
      vertex   1.975000e+01 2.384565e+01 7.553218e+00
    endloop
  endfacet
  facet normal 1.389985e-15 -9.781152e-01 2.080643e-01
    outer loop
      vertex   1.725000e+01 2.384565e+01 7.553218e+00
      vertex   1.975000e+01 2.384565e+01 7.553218e+00
      vertex   1.725000e+01 2.396635e+01 8.120652e+00
    endloop
  endfacet
  facet normal 1.389985e-15 -9.781152e-01 2.080643e-01
    outer loop
      vertex   1.725000e+01 2.396635e+01 8.120652e+00
      vertex   1.975000e+01 2.384565e+01 7.553218e+00
      vertex   1.975000e+01 2.396635e+01 8.120652e+00
    endloop
  endfacet
  facet normal 1.420526e-15 -9.996065e-01 2.805196e-02
    outer loop
      vertex   1.725000e+01 2.396635e+01 8.120652e+00
      vertex   1.975000e+01 2.396635e+01 8.120652e+00
      vertex   1.725000e+01 2.398263e+01 8.700554e+00
    endloop
  endfacet
  facet normal 1.420526e-15 -9.996065e-01 2.805196e-02
    outer loop
      vertex   1.725000e+01 2.398263e+01 8.700554e+00
      vertex   1.975000e+01 2.396635e+01 8.120652e+00
      vertex   1.975000e+01 2.398263e+01 8.700554e+00
    endloop
  endfacet
  facet normal 1.404380e-15 -9.882444e-01 -1.528823e-01
    outer loop
      vertex   1.725000e+01 2.398263e+01 8.700554e+00
      vertex   1.975000e+01 2.398263e+01 8.700554e+00
      vertex   1.725000e+01 2.389394e+01 9.273865e+00
    endloop
  endfacet
  facet normal 1.404380e-15 -9.882444e-01 -1.528823e-01
    outer loop
      vertex   1.725000e+01 2.389394e+01 9.273865e+00
      vertex   1.975000e+01 2.398263e+01 8.700554e+00
      vertex   1.975000e+01 2.389394e+01 9.273865e+00
    endloop
  endfacet
  facet normal 1.342076e-15 -9.444024e-01 -3.287920e-01
    outer loop
      vertex   1.725000e+01 2.389394e+01 9.273865e+00
      vertex   1.975000e+01 2.389394e+01 9.273865e+00
      vertex   1.725000e+01 2.370319e+01 9.821741e+00
    endloop
  endfacet
  facet normal 1.342076e-15 -9.444024e-01 -3.287920e-01
    outer loop
      vertex   1.725000e+01 2.370319e+01 9.821741e+00
      vertex   1.975000e+01 2.389394e+01 9.273865e+00
      vertex   1.975000e+01 2.370319e+01 9.821741e+00
    endloop
  endfacet
  facet normal 1.235664e-15 -8.695213e-01 -4.938954e-01
    outer loop
      vertex   1.725000e+01 2.370319e+01 9.821741e+00
      vertex   1.975000e+01 2.370319e+01 9.821741e+00
      vertex   1.725000e+01 2.341667e+01 1.032618e+01
    endloop
  endfacet
  facet normal 0.000000e+00 -8.695213e-01 -4.938954e-01
    outer loop
      vertex   1.725000e+01 2.341667e+01 1.032618e+01
      vertex   1.975000e+01 2.370319e+01 9.821741e+00
      vertex   1.975000e+01 2.341667e+01 1.032618e+01
    endloop
  endfacet
  facet normal 0.000000e+00 -7.660623e-01 -6.427663e-01
    outer loop
      vertex   1.725000e+01 2.341667e+01 1.032618e+01
      vertex   1.975000e+01 2.341667e+01 1.032618e+01
      vertex   1.725000e+01 2.304378e+01 1.077059e+01
    endloop
  endfacet
  facet normal 1.088640e-15 -7.660623e-01 -6.427663e-01
    outer loop
      vertex   1.725000e+01 2.304378e+01 1.077059e+01
      vertex   1.975000e+01 2.341667e+01 1.032618e+01
      vertex   1.975000e+01 2.304378e+01 1.077059e+01
    endloop
  endfacet
  facet normal 9.058363e-16 -6.374256e-01 -7.705119e-01
    outer loop
      vertex   1.725000e+01 2.304378e+01 1.077059e+01
      vertex   1.975000e+01 2.304378e+01 1.077059e+01
      vertex   1.725000e+01 2.259678e+01 1.114038e+01
    endloop
  endfacet
  facet normal 0.000000e+00 -6.374256e-01 -7.705119e-01
    outer loop
      vertex   1.725000e+01 2.259678e+01 1.114038e+01
      vertex   1.975000e+01 2.304378e+01 1.077059e+01
      vertex   1.975000e+01 2.259678e+01 1.114038e+01
    endloop
  endfacet
  facet normal 0.000000e+00 -4.878391e-01 -8.729335e-01
    outer loop
      vertex   1.725000e+01 2.259678e+01 1.114038e+01
      vertex   1.975000e+01 2.259678e+01 1.114038e+01
      vertex   1.725000e+01 2.209037e+01 1.142339e+01
    endloop
  endfacet
  facet normal 6.932611e-16 -4.878391e-01 -8.729335e-01
    outer loop
      vertex   1.725000e+01 2.209037e+01 1.142339e+01
      vertex   1.975000e+01 2.259678e+01 1.114038e+01
      vertex   1.975000e+01 2.209037e+01 1.142339e+01
    endloop
  endfacet
  facet normal 4.579010e-16 -3.222192e-01 -9.466651e-01
    outer loop
      vertex   1.725000e+01 2.209037e+01 1.142339e+01
      vertex   1.975000e+01 2.209037e+01 1.142339e+01
      vertex   1.725000e+01 2.154118e+01 1.161032e+01
    endloop
  endfacet
  facet normal 4.579010e-16 -3.222192e-01 -9.466651e-01
    outer loop
      vertex   1.725000e+01 2.154118e+01 1.161032e+01
      vertex   1.975000e+01 2.209037e+01 1.142339e+01
      vertex   1.975000e+01 2.154118e+01 1.161032e+01
    endloop
  endfacet
  facet normal 2.074913e-16 -1.460090e-01 -9.892833e-01
    outer loop
      vertex   1.725000e+01 2.154118e+01 1.161032e+01
      vertex   1.975000e+01 2.154118e+01 1.161032e+01
      vertex   1.725000e+01 2.096727e+01 1.169503e+01
    endloop
  endfacet
  facet normal 2.074913e-16 -1.460090e-01 -9.892833e-01
    outer loop
      vertex   1.725000e+01 2.096727e+01 1.169503e+01
      vertex   1.975000e+01 2.154118e+01 1.161032e+01
      vertex   1.975000e+01 2.096727e+01 1.169503e+01
    endloop
  endfacet
  facet normal 5.490653e-17 -3.863704e-02 -9.992533e-01
    outer loop
      vertex   1.975000e+01 2.096727e+01 1.169503e+01
      vertex   1.975000e+01 5.594772e+00 1.228942e+01
      vertex   1.725000e+01 2.096727e+01 1.169503e+01
    endloop
  endfacet
  facet normal 8.713992e-17 -3.863704e-02 -9.992533e-01
    outer loop
      vertex   1.725000e+01 2.096727e+01 1.169503e+01
      vertex   1.975000e+01 5.594772e+00 1.228942e+01
      vertex   1.725000e+01 5.594772e+00 1.228942e+01
    endloop
  endfacet
  facet normal 1.000000e+00 1.526602e-15 9.596555e-15
    outer loop
      vertex   1.725000e+01 5.594772e+00 1.228942e+01
      vertex   1.725000e+01 6.217835e+00 1.219030e+01
      vertex   1.725000e+01 2.096727e+01 1.169503e+01
    endloop
  endfacet
  facet normal 1.000000e+00 1.338168e-15 3.984962e-15
    outer loop
      vertex   1.725000e+01 2.096727e+01 1.169503e+01
      vertex   1.725000e+01 6.217835e+00 1.219030e+01
      vertex   1.725000e+01 6.815911e+00 1.198947e+01
    endloop
  endfacet
  facet normal 1.000000e+00 1.306184e-15 2.447725e-15
    outer loop
      vertex   1.725000e+01 2.096727e+01 1.169503e+01
      vertex   1.725000e+01 6.815911e+00 1.198947e+01
      vertex   1.725000e+01 7.372516e+00 1.169244e+01
    endloop
  endfacet
  facet normal 1.000000e+00 1.306327e-15 1.695729e-15
    outer loop
      vertex   1.725000e+01 7.372516e+00 1.169244e+01
      vertex   1.725000e+01 7.872306e+00 1.130742e+01
      vertex   1.725000e+01 2.096727e+01 1.169503e+01
    endloop
  endfacet
  facet normal 1.000000e+00 1.320247e-15 1.225440e-15
    outer loop
      vertex   1.725000e+01 2.096727e+01 1.169503e+01
      vertex   1.725000e+01 7.872306e+00 1.130742e+01
      vertex   1.725000e+01 8.301506e+00 1.084502e+01
    endloop
  endfacet
  facet normal 1.000000e+00 1.343177e-15 8.837675e-16
    outer loop
      vertex   1.725000e+01 2.096727e+01 1.169503e+01
      vertex   1.725000e+01 8.301506e+00 1.084502e+01
      vertex   1.725000e+01 8.648284e+00 1.031797e+01
    endloop
  endfacet
  facet normal 1.000000e+00 1.374154e-15 6.066506e-16
    outer loop
      vertex   1.725000e+01 8.648284e+00 1.031797e+01
      vertex   1.725000e+01 8.903082e+00 9.740818e+00
      vertex   1.725000e+01 2.096727e+01 1.169503e+01
    endloop
  endfacet
  facet normal 1.000000e+00 1.414051e-15 3.603478e-16
    outer loop
      vertex   1.725000e+01 2.096727e+01 1.169503e+01
      vertex   1.725000e+01 8.903082e+00 9.740818e+00
      vertex   1.725000e+01 9.058877e+00 9.129460e+00
    endloop
  endfacet
  facet normal 1.000000e+00 1.134661e-15 1.657169e-15
    outer loop
      vertex   1.725000e+01 2.096727e+01 1.169503e+01
      vertex   1.725000e+01 9.058877e+00 9.129460e+00
      vertex   1.725000e+01 2.370319e+01 9.821741e+00
    endloop
  endfacet
  facet normal 1.000000e+00 1.494940e-15 -5.964056e-15
    outer loop
      vertex   1.725000e+01 2.370319e+01 9.821741e+00
      vertex   1.725000e+01 9.058877e+00 9.129460e+00
      vertex   1.725000e+01 2.389394e+01 9.273865e+00
    endloop
  endfacet
  facet normal 1.000000e+00 1.490679e-15 -5.526338e-15
    outer loop
      vertex   1.725000e+01 2.389394e+01 9.273865e+00
      vertex   1.725000e+01 9.058877e+00 9.129460e+00
      vertex   1.725000e+01 9.111373e+00 8.500751e+00
    endloop
  endfacet
  facet normal 1.000000e+00 1.192013e-15 1.844055e-16
    outer loop
      vertex   1.725000e+01 2.389394e+01 9.273865e+00
      vertex   1.725000e+01 9.111373e+00 8.500751e+00
      vertex   1.725000e+01 2.398263e+01 8.700554e+00
    endloop
  endfacet
  facet normal 1.000000e+00 1.194941e-15 -3.353362e-17
    outer loop
      vertex   1.725000e+01 2.398263e+01 8.700554e+00
      vertex   1.725000e+01 9.111373e+00 8.500751e+00
      vertex   1.725000e+01 2.396635e+01 8.120652e+00
    endloop
  endfacet
  facet normal 1.000000e+00 1.189325e-15 -2.529929e-16
    outer loop
      vertex   1.725000e+01 2.396635e+01 8.120652e+00
      vertex   1.725000e+01 9.111373e+00 8.500751e+00
      vertex   1.725000e+01 2.384565e+01 7.553218e+00
    endloop
  endfacet
  facet normal 1.000000e+00 1.560635e-15 5.520932e-15
    outer loop
      vertex   1.725000e+01 2.384565e+01 7.553218e+00
      vertex   1.725000e+01 9.111373e+00 8.500751e+00
      vertex   1.725000e+01 9.059125e+00 7.872021e+00
    endloop
  endfacet
  facet normal 1.000000e+00 1.570461e-15 5.976649e-15
    outer loop
      vertex   1.725000e+01 2.384565e+01 7.553218e+00
      vertex   1.725000e+01 9.059125e+00 7.872021e+00
      vertex   1.725000e+01 2.362448e+01 7.016901e+00
    endloop
  endfacet
  facet normal 1.000000e+00 1.111738e-15 -1.836823e-15
    outer loop
      vertex   1.725000e+01 2.362448e+01 7.016901e+00
      vertex   1.725000e+01 9.059125e+00 7.872021e+00
      vertex   1.725000e+01 2.078780e+01 5.300000e+00
    endloop
  endfacet
  facet normal 1.000000e+00 0.000000e+00 0.000000e+00
    outer loop
      vertex   1.725000e+01 2.362448e+01 7.016901e+00
      vertex   1.725000e+01 2.078780e+01 5.300000e+00
      vertex   1.725000e+01 2.331012e+01 6.529328e+00
    endloop
  endfacet
  facet normal 1.000000e+00 0.000000e+00 0.000000e+00
    outer loop
      vertex   1.725000e+01 2.331012e+01 6.529328e+00
      vertex   1.725000e+01 2.078780e+01 5.300000e+00
      vertex   1.725000e+01 2.291289e+01 6.106524e+00
    endloop
  endfacet
  facet normal 1.000000e+00 0.000000e+00 0.000000e+00
    outer loop
      vertex   1.725000e+01 2.291289e+01 6.106524e+00
      vertex   1.725000e+01 2.078780e+01 5.300000e+00
      vertex   1.725000e+01 2.244586e+01 5.762385e+00
    endloop
  endfacet
  facet normal 1.000000e+00 0.000000e+00 0.000000e+00
    outer loop
      vertex   1.725000e+01 2.244586e+01 5.762385e+00
      vertex   1.725000e+01 2.078780e+01 5.300000e+00
      vertex   1.725000e+01 2.192437e+01 5.508220e+00
    endloop
  endfacet
  facet normal 1.000000e+00 0.000000e+00 0.000000e+00
    outer loop
      vertex   1.725000e+01 2.192437e+01 5.508220e+00
      vertex   1.725000e+01 2.078780e+01 5.300000e+00
      vertex   1.725000e+01 2.136556e+01 5.352385e+00
    endloop
  endfacet
  facet normal 1.000000e+00 1.434509e-15 -3.649573e-16
    outer loop
      vertex   1.725000e+01 9.059125e+00 7.872021e+00
      vertex   1.725000e+01 8.903572e+00 7.260602e+00
      vertex   1.725000e+01 2.078780e+01 5.300000e+00
    endloop
  endfacet
  facet normal 1.000000e+00 1.393346e-15 -6.144654e-16
    outer loop
      vertex   1.725000e+01 2.078780e+01 5.300000e+00
      vertex   1.725000e+01 8.903572e+00 7.260602e+00
      vertex   1.725000e+01 8.649002e+00 6.683345e+00
    endloop
  endfacet
  facet normal 1.000000e+00 1.361379e-15 -8.949732e-16
    outer loop
      vertex   1.725000e+01 2.078780e+01 5.300000e+00
      vertex   1.725000e+01 8.649002e+00 6.683345e+00
      vertex   1.725000e+01 8.302432e+00 6.156164e+00
    endloop
  endfacet
  facet normal 1.000000e+00 1.337676e-15 -1.240633e-15
    outer loop
      vertex   1.725000e+01 8.302432e+00 6.156164e+00
      vertex   1.725000e+01 7.873415e+00 5.693589e+00
      vertex   1.725000e+01 2.078780e+01 5.300000e+00
    endloop
  endfacet
  facet normal 1.000000e+00 1.323182e-15 -1.716205e-15
    outer loop
      vertex   1.725000e+01 2.078780e+01 5.300000e+00
      vertex   1.725000e+01 7.873415e+00 5.693589e+00
      vertex   1.725000e+01 7.373777e+00 5.308372e+00
    endloop
  endfacet
  facet normal 1.000000e+00 1.322708e-15 -2.476332e-15
    outer loop
      vertex   1.725000e+01 2.078780e+01 5.300000e+00
      vertex   1.725000e+01 7.373777e+00 5.308372e+00
      vertex   1.725000e+01 6.817290e+00 5.011130e+00
    endloop
  endfacet
  facet normal 1.000000e+00 1.354818e-15 -4.029265e-15
    outer loop
      vertex   1.725000e+01 6.817290e+00 5.011130e+00
      vertex   1.725000e+01 6.219293e+00 4.810057e+00
      vertex   1.725000e+01 2.078780e+01 5.300000e+00
    endloop
  endfacet
  facet normal 1.000000e+00 1.545136e-15 -9.688381e-15
    outer loop
      vertex   1.725000e+01 2.078780e+01 5.300000e+00
      vertex   1.725000e+01 6.219293e+00 4.810057e+00
      vertex   1.725000e+01 5.596270e+00 4.710695e+00
    endloop
  endfacet
  facet normal 1.000000e+00 0.000000e+00 0.000000e+00
    outer loop
      vertex   1.725000e+01 2.370319e+01 9.821741e+00
      vertex   1.725000e+01 2.341667e+01 1.032618e+01
      vertex   1.725000e+01 2.096727e+01 1.169503e+01
    endloop
  endfacet
  facet normal 1.000000e+00 0.000000e+00 0.000000e+00
    outer loop
      vertex   1.725000e+01 2.096727e+01 1.169503e+01
      vertex   1.725000e+01 2.341667e+01 1.032618e+01
      vertex   1.725000e+01 2.304378e+01 1.077059e+01
    endloop
  endfacet
  facet normal 1.000000e+00 0.000000e+00 0.000000e+00
    outer loop
      vertex   1.725000e+01 2.096727e+01 1.169503e+01
      vertex   1.725000e+01 2.304378e+01 1.077059e+01
      vertex   1.725000e+01 2.259678e+01 1.114038e+01
    endloop
  endfacet
  facet normal 1.000000e+00 0.000000e+00 0.000000e+00
    outer loop
      vertex   1.725000e+01 2.259678e+01 1.114038e+01
      vertex   1.725000e+01 2.209037e+01 1.142339e+01
      vertex   1.725000e+01 2.096727e+01 1.169503e+01
    endloop
  endfacet
  facet normal 1.000000e+00 0.000000e+00 0.000000e+00
    outer loop
      vertex   1.725000e+01 2.096727e+01 1.169503e+01
      vertex   1.725000e+01 2.209037e+01 1.142339e+01
      vertex   1.725000e+01 2.154118e+01 1.161032e+01
    endloop
  endfacet
  facet normal 1.000000e+00 1.421085e-15 -3.876175e-16
    outer loop
      vertex   1.975000e+01 2.931137e+01 0.000000e+00
      vertex   1.975000e+01 5.596270e+00 4.710695e+00
      vertex   1.975000e+01 -6.886266e-01 0.000000e+00
    endloop
  endfacet
  facet normal 1.000000e+00 -1.125593e-14 1.652575e-14
    outer loop
      vertex   1.975000e+01 -6.886266e-01 0.000000e+00
      vertex   1.975000e+01 5.596270e+00 4.710695e+00
      vertex   1.975000e+01 4.971648e+00 4.715216e+00
    endloop
  endfacet
  facet normal 1.000000e+00 4.327937e-16 2.494291e-15
    outer loop
      vertex   1.975000e+01 -6.886266e-01 0.000000e+00
      vertex   1.975000e+01 4.971648e+00 4.715216e+00
      vertex   1.975000e+01 4.356205e+00 4.822004e+00
    endloop
  endfacet
  facet normal 1.000000e+00 2.666829e-15 0.000000e+00
    outer loop
      vertex   1.975000e+01 2.931137e+01 1.700000e+01
      vertex   1.975000e+01 2.398263e+01 8.700554e+00
      vertex   1.975000e+01 2.931137e+01 0.000000e+00
    endloop
  endfacet
  facet normal 1.000000e+00 2.549988e-15 -7.156032e-17
    outer loop
      vertex   1.975000e+01 2.931137e+01 0.000000e+00
      vertex   1.975000e+01 2.398263e+01 8.700554e+00
      vertex   1.975000e+01 2.396635e+01 8.120652e+00
    endloop
  endfacet
  facet normal 1.000000e+00 2.009328e-15 -4.274235e-16
    outer loop
      vertex   1.975000e+01 2.931137e+01 0.000000e+00
      vertex   1.975000e+01 2.396635e+01 8.120652e+00
      vertex   1.975000e+01 2.384565e+01 7.553218e+00
    endloop
  endfacet
  facet normal 1.000000e+00 1.421085e-15 3.871748e-16
    outer loop
      vertex   1.975000e+01 -6.886266e-01 1.700000e+01
      vertex   1.975000e+01 5.594772e+00 1.228942e+01
      vertex   1.975000e+01 2.931137e+01 1.700000e+01
    endloop
  endfacet
  facet normal 1.000000e+00 1.211344e-15 1.443171e-15
    outer loop
      vertex   1.975000e+01 2.931137e+01 1.700000e+01
      vertex   1.975000e+01 5.594772e+00 1.228942e+01
      vertex   1.975000e+01 2.096727e+01 1.169503e+01
    endloop
  endfacet
  facet normal 1.000000e+00 4.010928e-16 2.717602e-15
    outer loop
      vertex   1.975000e+01 2.931137e+01 1.700000e+01
      vertex   1.975000e+01 2.096727e+01 1.169503e+01
      vertex   1.975000e+01 2.154118e+01 1.161032e+01
    endloop
  endfacet
  facet normal 1.000000e+00 4.844609e-15 -0.000000e+00
    outer loop
      vertex   1.975000e+01 -6.886266e-01 0.000000e+00
      vertex   1.975000e+01 1.511374e+00 8.499249e+00
      vertex   1.975000e+01 -6.886266e-01 1.700000e+01
    endloop
  endfacet
  facet normal 1.000000e+00 3.676044e-15 -3.024256e-16
    outer loop
      vertex   1.975000e+01 -6.886266e-01 1.700000e+01
      vertex   1.975000e+01 1.511374e+00 8.499249e+00
      vertex   1.975000e+01 1.562589e+00 9.121784e+00
    endloop
  endfacet
  facet normal 1.000000e+00 2.516826e-15 -6.336742e-16
    outer loop
      vertex   1.975000e+01 -6.886266e-01 1.700000e+01
      vertex   1.975000e+01 1.562589e+00 9.121784e+00
      vertex   1.975000e+01 1.715098e+00 9.727519e+00
    endloop
  endfacet
  facet normal 1.000000e+00 5.092098e-15 -4.045328e-15
    outer loop
      vertex   1.975000e+01 2.154118e+01 1.161032e+01
      vertex   1.975000e+01 2.209037e+01 1.142339e+01
      vertex   1.975000e+01 2.931137e+01 1.700000e+01
    endloop
  endfacet
  facet normal 1.000000e+00 8.262260e-16 1.478439e-15
    outer loop
      vertex   1.975000e+01 2.931137e+01 1.700000e+01
      vertex   1.975000e+01 2.209037e+01 1.142339e+01
      vertex   1.975000e+01 2.259678e+01 1.114038e+01
    endloop
  endfacet
  facet normal 1.000000e+00 1.029950e-15 1.244990e-15
    outer loop
      vertex   1.975000e+01 2.931137e+01 1.700000e+01
      vertex   1.975000e+01 2.259678e+01 1.114038e+01
      vertex   1.975000e+01 2.304378e+01 1.077059e+01
    endloop
  endfacet
  facet normal 1.000000e+00 1.236330e-15 1.037345e-15
    outer loop
      vertex   1.975000e+01 2.304378e+01 1.077059e+01
      vertex   1.975000e+01 2.341667e+01 1.032618e+01
      vertex   1.975000e+01 2.931137e+01 1.700000e+01
    endloop
  endfacet
  facet normal 1.000000e+00 1.467231e-15 8.333996e-16
    outer loop
      vertex   1.975000e+01 2.931137e+01 1.700000e+01
      vertex   1.975000e+01 2.341667e+01 1.032618e+01
      vertex   1.975000e+01 2.370319e+01 9.821741e+00
    endloop
  endfacet
  facet normal 1.000000e+00 1.752852e-15 6.102521e-16
    outer loop
      vertex   1.975000e+01 2.931137e+01 1.700000e+01
      vertex   1.975000e+01 2.370319e+01 9.821741e+00
      vertex   1.975000e+01 2.389394e+01 9.273865e+00
    endloop
  endfacet
  facet normal 1.000000e+00 2.149032e-15 3.324572e-16
    outer loop
      vertex   1.975000e+01 2.389394e+01 9.273865e+00
      vertex   1.975000e+01 2.398263e+01 8.700554e+00
      vertex   1.975000e+01 2.931137e+01 1.700000e+01
    endloop
  endfacet
  facet normal 1.000000e+00 1.656172e-15 -6.829769e-16
    outer loop
      vertex   1.975000e+01 2.384565e+01 7.553218e+00
      vertex   1.975000e+01 2.362448e+01 7.016901e+00
      vertex   1.975000e+01 2.931137e+01 0.000000e+00
    endloop
  endfacet
  facet normal 1.000000e+00 1.391715e-15 -8.973077e-16
    outer loop
      vertex   1.975000e+01 2.931137e+01 0.000000e+00
      vertex   1.975000e+01 2.362448e+01 7.016901e+00
      vertex   1.975000e+01 2.331012e+01 6.529328e+00
    endloop
  endfacet
  facet normal 1.000000e+00 1.171009e-15 -1.100164e-15
    outer loop
      vertex   1.975000e+01 2.931137e+01 0.000000e+00
      vertex   1.975000e+01 2.331012e+01 6.529328e+00
      vertex   1.975000e+01 2.291289e+01 6.106524e+00
    endloop
  endfacet
  facet normal 1.000000e+00 9.676692e-16 -1.313225e-15
    outer loop
      vertex   1.975000e+01 2.291289e+01 6.106524e+00
      vertex   1.975000e+01 2.244586e+01 5.762385e+00
      vertex   1.975000e+01 2.931137e+01 0.000000e+00
    endloop
  endfacet
  facet normal 1.000000e+00 7.603991e-16 -1.560175e-15
    outer loop
      vertex   1.975000e+01 2.931137e+01 0.000000e+00
      vertex   1.975000e+01 2.244586e+01 5.762385e+00
      vertex   1.975000e+01 2.192437e+01 5.508220e+00
    endloop
  endfacet
  facet normal 1.000000e+00 5.150788e-15 4.327719e-15
    outer loop
      vertex   1.975000e+01 2.931137e+01 0.000000e+00
      vertex   1.975000e+01 2.192437e+01 5.508220e+00
      vertex   1.975000e+01 2.136556e+01 5.352385e+00
    endloop
  endfacet
  facet normal 1.000000e+00 2.652147e-16 -2.925093e-15
    outer loop
      vertex   1.975000e+01 2.136556e+01 5.352385e+00
      vertex   1.975000e+01 2.078780e+01 5.300000e+00
      vertex   1.975000e+01 2.931137e+01 0.000000e+00
    endloop
  endfacet
  facet normal 1.000000e+00 1.223023e-15 -1.384726e-15
    outer loop
      vertex   1.975000e+01 2.931137e+01 0.000000e+00
      vertex   1.975000e+01 2.078780e+01 5.300000e+00
      vertex   1.975000e+01 5.596270e+00 4.710695e+00
    endloop
  endfacet
  facet normal 1.000000e+00 7.544685e-16 2.157752e-15
    outer loop
      vertex   1.975000e+01 4.356205e+00 4.822004e+00
      vertex   1.975000e+01 3.766571e+00 5.028172e+00
      vertex   1.975000e+01 -6.886266e-01 0.000000e+00
    endloop
  endfacet
  facet normal 1.000000e+00 1.041938e-15 1.903040e-15
    outer loop
      vertex   1.975000e+01 -6.886266e-01 0.000000e+00
      vertex   1.975000e+01 3.766571e+00 5.028172e+00
      vertex   1.975000e+01 3.218679e+00 5.328151e+00
    endloop
  endfacet
  facet normal 1.000000e+00 1.328713e-15 1.692739e-15
    outer loop
      vertex   1.975000e+01 -6.886266e-01 0.000000e+00
      vertex   1.975000e+01 3.218679e+00 5.328151e+00
      vertex   1.975000e+01 2.727331e+00 5.713833e+00
    endloop
  endfacet
  facet normal 1.000000e+00 6.740950e-15 -1.542913e-15
    outer loop
      vertex   1.975000e+01 2.727331e+00 5.713833e+00
      vertex   1.975000e+01 2.305805e+00 6.174799e+00
      vertex   1.975000e+01 -6.886266e-01 0.000000e+00
    endloop
  endfacet
  facet normal 1.000000e+00 1.521229e-15 9.883599e-16
    outer loop
      vertex   1.975000e+01 -6.886266e-01 0.000000e+00
      vertex   1.975000e+01 2.305805e+00 6.174799e+00
      vertex   1.975000e+01 1.965491e+00 6.698592e+00
    endloop
  endfacet
  facet normal 1.000000e+00 1.910626e-15 8.340731e-16
    outer loop
      vertex   1.975000e+01 -6.886266e-01 0.000000e+00
      vertex   1.975000e+01 1.965491e+00 6.698592e+00
      vertex   1.975000e+01 1.715583e+00 7.271060e+00
    endloop
  endfacet
  facet normal 1.000000e+00 2.514935e-15 6.342553e-16
    outer loop
      vertex   1.975000e+01 1.715583e+00 7.271060e+00
      vertex   1.975000e+01 1.562835e+00 7.876734e+00
      vertex   1.975000e+01 -6.886266e-01 0.000000e+00
    endloop
  endfacet
  facet normal 1.000000e+00 3.671917e-15 3.035473e-16
    outer loop
      vertex   1.975000e+01 -6.886266e-01 0.000000e+00
      vertex   1.975000e+01 1.562835e+00 7.876734e+00
      vertex   1.975000e+01 1.511374e+00 8.499249e+00
    endloop
  endfacet
  facet normal 1.000000e+00 1.911752e-15 -8.336653e-16
    outer loop
      vertex   1.975000e+01 1.715098e+00 9.727519e+00
      vertex   1.975000e+01 1.964779e+00 1.030009e+01
      vertex   1.975000e+01 -6.886266e-01 1.700000e+01
    endloop
  endfacet
  facet normal 1.000000e+00 1.522015e-15 -9.880152e-16
    outer loop
      vertex   1.975000e+01 -6.886266e-01 1.700000e+01
      vertex   1.975000e+01 1.964779e+00 1.030009e+01
      vertex   1.975000e+01 2.304887e+00 1.082401e+01
    endloop
  endfacet
  facet normal 1.000000e+00 6.743385e-15 1.542793e-15
    outer loop
      vertex   1.975000e+01 -6.886266e-01 1.700000e+01
      vertex   1.975000e+01 2.304887e+00 1.082401e+01
      vertex   1.975000e+01 2.726230e+00 1.128515e+01
    endloop
  endfacet
  facet normal 1.000000e+00 1.329424e-15 -1.692267e-15
    outer loop
      vertex   1.975000e+01 2.726230e+00 1.128515e+01
      vertex   1.975000e+01 3.217425e+00 1.167102e+01
      vertex   1.975000e+01 -6.886266e-01 1.700000e+01
    endloop
  endfacet
  facet normal 1.000000e+00 1.042616e-15 -1.902493e-15
    outer loop
      vertex   1.975000e+01 -6.886266e-01 1.700000e+01
      vertex   1.975000e+01 3.217425e+00 1.167102e+01
      vertex   1.975000e+01 3.765199e+00 1.197122e+01
    endloop
  endfacet
  facet normal 1.000000e+00 7.551841e-16 -2.157062e-15
    outer loop
      vertex   1.975000e+01 -6.886266e-01 1.700000e+01
      vertex   1.975000e+01 3.765199e+00 1.197122e+01
      vertex   1.975000e+01 4.354751e+00 1.217762e+01
    endloop
  endfacet
  facet normal 1.000000e+00 4.336434e-16 -2.493338e-15
    outer loop
      vertex   1.975000e+01 4.354751e+00 1.217762e+01
      vertex   1.975000e+01 4.970152e+00 1.228465e+01
      vertex   1.975000e+01 -6.886266e-01 1.700000e+01
    endloop
  endfacet
  facet normal 1.000000e+00 -1.124952e-14 -1.651402e-14
    outer loop
      vertex   1.975000e+01 -6.886266e-01 1.700000e+01
      vertex   1.975000e+01 4.970152e+00 1.228465e+01
      vertex   1.975000e+01 5.594772e+00 1.228942e+01
    endloop
  endfacet
  facet normal 6.406505e-17 -3.606542e-02 -9.993494e-01
    outer loop
      vertex   1.975000e+01 5.594772e+00 1.228942e+01
      vertex   1.625000e+01 5.301868e+00 1.229999e+01
      vertex   1.725000e+01 5.594772e+00 1.228942e+01
    endloop
  endfacet
  facet normal 1.291987e-02 -8.007956e-02 -9.967047e-01
    outer loop
      vertex   1.725000e+01 5.594772e+00 1.228942e+01
      vertex   1.625000e+01 5.301868e+00 1.229999e+01
      vertex   1.625000e+01 5.927455e+00 1.224973e+01
    endloop
  endfacet
  facet normal -1.306543e-02 -1.570893e-01 -9.874980e-01
    outer loop
      vertex   1.725000e+01 5.594772e+00 1.228942e+01
      vertex   1.625000e+01 5.927455e+00 1.224973e+01
      vertex   1.725000e+01 6.217835e+00 1.219030e+01
    endloop
  endfacet
  facet normal 1.293668e-02 -2.430395e-01 -9.699301e-01
    outer loop
      vertex   1.725000e+01 6.217835e+00 1.219030e+01
      vertex   1.625000e+01 5.927455e+00 1.224973e+01
      vertex   1.625000e+01 6.536237e+00 1.209718e+01
    endloop
  endfacet
  facet normal -1.308081e-02 -3.183082e-01 -9.478970e-01
    outer loop
      vertex   1.725000e+01 6.217835e+00 1.219030e+01
      vertex   1.625000e+01 6.536237e+00 1.209718e+01
      vertex   1.725000e+01 6.815911e+00 1.198947e+01
    endloop
  endfacet
  facet normal 1.295063e-02 -3.993700e-01 -9.166984e-01
    outer loop
      vertex   1.725000e+01 6.815911e+00 1.198947e+01
      vertex   1.625000e+01 6.536237e+00 1.209718e+01
      vertex   1.625000e+01 7.111608e+00 1.184651e+01
    endloop
  endfacet
  facet normal -1.309331e-02 -4.707530e-01 -8.821679e-01
    outer loop
      vertex   1.725000e+01 6.815911e+00 1.198947e+01
      vertex   1.625000e+01 7.111608e+00 1.184651e+01
      vertex   1.725000e+01 7.372516e+00 1.169244e+01
    endloop
  endfacet
  facet normal 1.296169e-02 -5.448066e-01 -8.384615e-01
    outer loop
      vertex   1.725000e+01 7.372516e+00 1.169244e+01
      vertex   1.625000e+01 7.111608e+00 1.184651e+01
      vertex   1.625000e+01 7.637873e+00 1.150456e+01
    endloop
  endfacet
  facet normal -1.310294e-02 -6.102217e-01 -7.921223e-01
    outer loop
      vertex   1.725000e+01 7.372516e+00 1.169244e+01
      vertex   1.625000e+01 7.637873e+00 1.150456e+01
      vertex   1.725000e+01 7.872306e+00 1.130742e+01
    endloop
  endfacet
  facet normal 1.296989e-02 -6.753823e-01 -7.373537e-01
    outer loop
      vertex   1.725000e+01 7.872306e+00 1.130742e+01
      vertex   1.625000e+01 7.637873e+00 1.150456e+01
      vertex   1.625000e+01 8.100678e+00 1.108066e+01
    endloop
  endfacet
  facet normal -1.310970e-02 -7.328700e-01 -6.802424e-01
    outer loop
      vertex   1.725000e+01 7.872306e+00 1.130742e+01
      vertex   1.625000e+01 8.100678e+00 1.108066e+01
      vertex   1.725000e+01 8.301506e+00 1.084502e+01
    endloop
  endfacet
  facet normal 1.297521e-02 -7.875354e-01 -6.161329e-01
    outer loop
      vertex   1.725000e+01 8.301506e+00 1.084502e+01
      vertex   1.625000e+01 8.100678e+00 1.108066e+01
      vertex   1.625000e+01 8.487397e+00 1.058635e+01
    endloop
  endfacet
  facet normal -1.311358e-02 -8.353171e-01 -5.496120e-01
    outer loop
      vertex   1.725000e+01 8.301506e+00 1.084502e+01
      vertex   1.625000e+01 8.487397e+00 1.058635e+01
      vertex   1.725000e+01 8.648284e+00 1.031797e+01
    endloop
  endfacet
  facet normal 1.297766e-02 -8.782065e-01 -4.781055e-01
    outer loop
      vertex   1.725000e+01 8.648284e+00 1.031797e+01
      vertex   1.625000e+01 8.487397e+00 1.058635e+01
      vertex   1.625000e+01 8.787483e+00 1.003514e+01
    endloop
  endfacet
  facet normal -1.311459e-02 -9.147392e-01 -4.038318e-01
    outer loop
      vertex   1.725000e+01 8.648284e+00 1.031797e+01
      vertex   1.625000e+01 8.787483e+00 1.003514e+01
      vertex   1.725000e+01 8.903082e+00 9.740818e+00
    endloop
  endfacet
  facet normal 1.297723e-02 -9.449225e-01 -3.270368e-01
    outer loop
      vertex   1.725000e+01 8.903082e+00 9.740818e+00
      vertex   1.625000e+01 8.787483e+00 1.003514e+01
      vertex   1.625000e+01 8.992750e+00 9.442056e+00
    endloop
  endfacet
  facet normal -1.311273e-02 -9.689471e-01 -2.469203e-01
    outer loop
      vertex   1.725000e+01 8.903082e+00 9.740818e+00
      vertex   1.625000e+01 8.992750e+00 9.442056e+00
      vertex   1.725000e+01 9.058877e+00 9.129460e+00
    endloop
  endfacet
  facet normal 1.297393e-02 -9.858635e-01 -1.670473e-01
    outer loop
      vertex   1.725000e+01 9.058877e+00 9.129460e+00
      vertex   1.625000e+01 8.992750e+00 9.442056e+00
      vertex   1.625000e+01 9.097598e+00 8.823273e+00
    endloop
  endfacet
  facet normal -1.310799e-02 -9.964464e-01 -8.320254e-02
    outer loop
      vertex   1.725000e+01 9.058877e+00 9.129460e+00
      vertex   1.625000e+01 9.097598e+00 8.823273e+00
      vertex   1.725000e+01 9.111373e+00 8.500751e+00
    endloop
  endfacet
  facet normal 1.296775e-02 -9.999128e-01 -2.501174e-03
    outer loop
      vertex   1.725000e+01 9.111373e+00 8.500751e+00
      vertex   1.625000e+01 9.097598e+00 8.823273e+00
      vertex   1.625000e+01 9.099168e+00 8.195672e+00
    endloop
  endfacet
  facet normal -1.310038e-02 -9.964794e-01 8.280868e-02
    outer loop
      vertex   1.725000e+01 9.111373e+00 8.500751e+00
      vertex   1.625000e+01 9.099168e+00 8.195672e+00
      vertex   1.725000e+01 9.059125e+00 7.872021e+00
    endloop
  endfacet
  facet normal 1.295870e-02 -9.866871e-01 1.621132e-01
    outer loop
      vertex   1.725000e+01 9.059125e+00 7.872021e+00
      vertex   1.625000e+01 9.099168e+00 8.195672e+00
      vertex   1.625000e+01 8.997416e+00 7.576372e+00
    endloop
  endfacet
  facet normal -1.308989e-02 -9.690449e-01 2.465374e-01
    outer loop
      vertex   1.725000e+01 9.059125e+00 7.872021e+00
      vertex   1.625000e+01 8.997416e+00 7.576372e+00
      vertex   1.725000e+01 8.903572e+00 7.260602e+00
    endloop
  endfacet
  facet normal 1.294678e-02 -9.465471e-01 3.223056e-01
    outer loop
      vertex   1.725000e+01 8.903572e+00 7.260602e+00
      vertex   1.625000e+01 8.997416e+00 7.576372e+00
      vertex   1.625000e+01 8.795119e+00 6.982267e+00
    endloop
  endfacet
  facet normal -1.307653e-02 -9.148992e-01 4.034704e-01
    outer loop
      vertex   1.725000e+01 8.903572e+00 7.260602e+00
      vertex   1.625000e+01 8.795119e+00 6.982267e+00
      vertex   1.725000e+01 8.649002e+00 6.683345e+00
    endloop
  endfacet
  facet normal 1.293198e-02 -8.805879e-01 4.737064e-01
    outer loop
      vertex   1.725000e+01 8.649002e+00 6.683345e+00
      vertex   1.625000e+01 8.795119e+00 6.982267e+00
      vertex   1.625000e+01 8.497795e+00 6.429561e+00
    endloop
  endfacet
  facet normal -1.306030e-02 -8.355349e-01 5.492822e-01
    outer loop
      vertex   1.725000e+01 8.649002e+00 6.683345e+00
      vertex   1.625000e+01 8.497795e+00 6.429561e+00
      vertex   1.725000e+01 8.302432e+00 6.156164e+00
    endloop
  endfacet
  facet normal 1.291431e-02 -7.906085e-01 6.121858e-01
    outer loop
      vertex   1.725000e+01 8.302432e+00 6.156164e+00
      vertex   1.625000e+01 8.497795e+00 6.429561e+00
      vertex   1.625000e+01 8.113553e+00 5.933331e+00
    endloop
  endfacet
  facet normal -1.304119e-02 -7.331395e-01 6.799533e-01
    outer loop
      vertex   1.725000e+01 8.302432e+00 6.156164e+00
      vertex   1.625000e+01 8.113553e+00 5.933331e+00
      vertex   1.725000e+01 7.873415e+00 5.693589e+00
    endloop
  endfacet
  facet normal 1.289377e-02 -6.790633e-01 7.339664e-01
    outer loop
      vertex   1.725000e+01 7.873415e+00 5.693589e+00
      vertex   1.625000e+01 8.113553e+00 5.933331e+00
      vertex   1.625000e+01 7.652875e+00 5.507114e+00
    endloop
  endfacet
  facet normal -1.301921e-02 -6.105354e-01 7.918819e-01
    outer loop
      vertex   1.725000e+01 7.873415e+00 5.693589e+00
      vertex   1.625000e+01 7.652875e+00 5.507114e+00
      vertex   1.725000e+01 7.373777e+00 5.308372e+00
    endloop
  endfacet
  facet normal 1.287035e-02 -5.489950e-01 8.357265e-01
    outer loop
      vertex   1.725000e+01 7.373777e+00 5.308372e+00
      vertex   1.625000e+01 7.652875e+00 5.507114e+00
      vertex   1.625000e+01 7.128328e+00 5.162534e+00
    endloop
  endfacet
  facet normal -1.299435e-02 -4.711022e-01 8.819829e-01
    outer loop
      vertex   1.725000e+01 7.373777e+00 5.308372e+00
      vertex   1.625000e+01 7.128328e+00 5.162534e+00
      vertex   1.725000e+01 6.817290e+00 5.011130e+00
    endloop
  endfacet
  facet normal 1.284405e-02 -4.039515e-01 9.146902e-01
    outer loop
      vertex   1.725000e+01 6.817290e+00 5.011130e+00
      vertex   1.625000e+01 7.128328e+00 5.162534e+00
      vertex   1.625000e+01 6.554218e+00 4.908992e+00
    endloop
  endfacet
  facet normal -1.296662e-02 -3.186833e-01 9.477726e-01
    outer loop
      vertex   1.725000e+01 6.817290e+00 5.011130e+00
      vertex   1.625000e+01 6.554218e+00 4.908992e+00
      vertex   1.725000e+01 6.219293e+00 4.810057e+00
    endloop
  endfacet
  facet normal 1.281489e-02 -2.478892e-01 9.687036e-01
    outer loop
      vertex   1.725000e+01 6.219293e+00 4.810057e+00
      vertex   1.625000e+01 6.554218e+00 4.908992e+00
      vertex   1.625000e+01 5.946207e+00 4.753403e+00
    endloop
  endfacet
  facet normal -1.293602e-02 -1.574799e-01 9.874375e-01
    outer loop
      vertex   1.725000e+01 6.219293e+00 4.810057e+00
      vertex   1.625000e+01 5.946207e+00 4.753403e+00
      vertex   1.725000e+01 5.596270e+00 4.710695e+00
    endloop
  endfacet
  facet normal 1.278284e-02 -8.506498e-02 9.962934e-01
    outer loop
      vertex   1.725000e+01 5.596270e+00 4.710695e+00
      vertex   1.625000e+01 5.946207e+00 4.753403e+00
      vertex   1.625000e+01 5.320879e+00 4.700012e+00
    endloop
  endfacet
  facet normal 8.262734e-17 -3.876255e-02 9.992485e-01
    outer loop
      vertex   1.725000e+01 5.596270e+00 4.710695e+00
      vertex   1.625000e+01 5.320879e+00 4.700012e+00
      vertex   1.975000e+01 5.596270e+00 4.710695e+00
    endloop
  endfacet
  facet normal -3.621729e-03 7.238848e-03 9.999672e-01
    outer loop
      vertex   1.975000e+01 5.596270e+00 4.710695e+00
      vertex   1.625000e+01 5.320879e+00 4.700012e+00
      vertex   1.975000e+01 4.971648e+00 4.715216e+00
    endloop
  endfacet
  facet normal 3.660793e-03 8.008571e-02 9.967813e-01
    outer loop
      vertex   1.975000e+01 4.971648e+00 4.715216e+00
      vertex   1.625000e+01 5.320879e+00 4.700012e+00
      vertex   1.625000e+01 4.695292e+00 4.750274e+00
    endloop
  endfacet
  facet normal -3.629674e-03 1.709581e-01 9.852716e-01
    outer loop
      vertex   1.975000e+01 4.971648e+00 4.715216e+00
      vertex   1.625000e+01 4.695292e+00 4.750274e+00
      vertex   1.975000e+01 4.356205e+00 4.822004e+00
    endloop
  endfacet
  facet normal 3.668406e-03 2.430582e-01 9.700048e-01
    outer loop
      vertex   1.975000e+01 4.356205e+00 4.822004e+00
      vertex   1.625000e+01 4.695292e+00 4.750274e+00
      vertex   1.625000e+01 4.086510e+00 4.902819e+00
    endloop
  endfacet
  facet normal -3.636955e-03 3.300580e-01 9.439536e-01
    outer loop
      vertex   1.975000e+01 4.356205e+00 4.822004e+00
      vertex   1.625000e+01 4.086510e+00 4.902819e+00
      vertex   1.975000e+01 3.766571e+00 5.028172e+00
    endloop
  endfacet
  facet normal 3.675354e-03 3.994008e-01 9.167691e-01
    outer loop
      vertex   1.975000e+01 3.766571e+00 5.028172e+00
      vertex   1.625000e+01 4.086510e+00 4.902819e+00
      vertex   1.625000e+01 3.511139e+00 5.153486e+00
    endloop
  endfacet
  facet normal -3.643569e-03 4.802396e-01 8.771298e-01
    outer loop
      vertex   1.975000e+01 3.766571e+00 5.028172e+00
      vertex   1.625000e+01 3.511139e+00 5.153486e+00
      vertex   1.975000e+01 3.218679e+00 5.328151e+00
    endloop
  endfacet
  facet normal 3.681636e-03 5.448487e-01 8.385263e-01
    outer loop
      vertex   1.975000e+01 3.218679e+00 5.328151e+00
      vertex   1.625000e+01 3.511139e+00 5.153486e+00
      vertex   1.625000e+01 2.984873e+00 5.495437e+00
    endloop
  endfacet
  facet normal -3.649519e-03 6.174450e-01 7.866056e-01
    outer loop
      vertex   1.975000e+01 3.218679e+00 5.328151e+00
      vertex   1.625000e+01 2.984873e+00 5.495437e+00
      vertex   1.975000e+01 2.727331e+00 5.713833e+00
    endloop
  endfacet
  facet normal 3.687253e-03 6.754345e-01 7.374107e-01
    outer loop
      vertex   1.975000e+01 2.727331e+00 5.713833e+00
      vertex   1.625000e+01 2.984873e+00 5.495437e+00
      vertex   1.625000e+01 2.522069e+00 5.919345e+00
    endloop
  endfacet
  facet normal -3.654803e-03 7.379668e-01 6.748271e-01
    outer loop
      vertex   1.975000e+01 2.727331e+00 5.713833e+00
      vertex   1.625000e+01 2.522069e+00 5.919345e+00
      vertex   1.975000e+01 2.305805e+00 6.174799e+00
    endloop
  endfacet
  facet normal 3.692204e-03 7.875963e-01 6.161805e-01
    outer loop
      vertex   1.975000e+01 2.305805e+00 6.174799e+00
      vertex   1.625000e+01 2.522069e+00 5.919345e+00
      vertex   1.625000e+01 2.135350e+00 6.413646e+00
    endloop
  endfacet
  facet normal -3.659422e-03 8.385486e-01 5.448145e-01
    outer loop
      vertex   1.975000e+01 2.305805e+00 6.174799e+00
      vertex   1.625000e+01 2.135350e+00 6.413646e+00
      vertex   1.975000e+01 1.965491e+00 6.698592e+00
    endloop
  endfacet
  facet normal 3.696491e-03 8.782745e-01 4.781425e-01
    outer loop
      vertex   1.975000e+01 1.965491e+00 6.698592e+00
      vertex   1.625000e+01 2.135350e+00 6.413646e+00
      vertex   1.625000e+01 1.835264e+00 6.964857e+00
    endloop
  endfacet
  facet normal -3.663376e-03 9.164725e-01 4.000809e-01
    outer loop
      vertex   1.975000e+01 1.965491e+00 6.698592e+00
      vertex   1.625000e+01 1.835264e+00 6.964857e+00
      vertex   1.975000e+01 1.715583e+00 7.271060e+00
    endloop
  endfacet
  facet normal 3.700112e-03 9.449956e-01 3.270621e-01
    outer loop
      vertex   1.975000e+01 1.715583e+00 7.271060e+00
      vertex   1.625000e+01 1.835264e+00 6.964857e+00
      vertex   1.625000e+01 1.629997e+00 7.557944e+00
    endloop
  endfacet
  facet normal -3.666665e-03 9.696330e-01 2.445370e-01
    outer loop
      vertex   1.975000e+01 1.715583e+00 7.271060e+00
      vertex   1.625000e+01 1.629997e+00 7.557944e+00
      vertex   1.975000e+01 1.562835e+00 7.876734e+00
    endloop
  endfacet
  facet normal 3.703068e-03 9.859397e-01 1.670602e-01
    outer loop
      vertex   1.975000e+01 1.562835e+00 7.876734e+00
      vertex   1.625000e+01 1.629997e+00 7.557944e+00
      vertex   1.625000e+01 1.525149e+00 8.176727e+00
    endloop
  endfacet
  facet normal -3.669288e-03 9.965938e-01 8.238568e-02
    outer loop
      vertex   1.975000e+01 1.562835e+00 7.876734e+00
      vertex   1.625000e+01 1.525149e+00 8.176727e+00
      vertex   1.975000e+01 1.511374e+00 8.499249e+00
    endloop
  endfacet
  facet normal 3.705358e-03 9.999900e-01 2.501367e-03
    outer loop
      vertex   1.975000e+01 1.511374e+00 8.499249e+00
      vertex   1.625000e+01 1.525149e+00 8.176727e+00
      vertex   1.625000e+01 1.523579e+00 8.804328e+00
    endloop
  endfacet
  facet normal -3.671246e-03 9.966262e-01 -8.199176e-02
    outer loop
      vertex   1.975000e+01 1.511374e+00 8.499249e+00
      vertex   1.625000e+01 1.523579e+00 8.804328e+00
      vertex   1.975000e+01 1.562589e+00 9.121784e+00
    endloop
  endfacet
  facet normal 3.706983e-03 9.867632e-01 -1.621257e-01
    outer loop
      vertex   1.975000e+01 1.562589e+00 9.121784e+00
      vertex   1.625000e+01 1.523579e+00 8.804328e+00
      vertex   1.625000e+01 1.625331e+00 9.423628e+00
    endloop
  endfacet
  facet normal -3.672538e-03 9.697296e-01 -2.441538e-01
    outer loop
      vertex   1.975000e+01 1.562589e+00 9.121784e+00
      vertex   1.625000e+01 1.625331e+00 9.423628e+00
      vertex   1.975000e+01 1.715098e+00 9.727519e+00
    endloop
  endfacet
  facet normal 3.707943e-03 9.466200e-01 -3.223304e-01
    outer loop
      vertex   1.975000e+01 1.715098e+00 9.727519e+00
      vertex   1.625000e+01 1.625331e+00 9.423628e+00
      vertex   1.625000e+01 1.827627e+00 1.001773e+01
    endloop
  endfacet
  facet normal -3.673166e-03 9.166305e-01 -3.997186e-01
    outer loop
      vertex   1.975000e+01 1.715098e+00 9.727519e+00
      vertex   1.625000e+01 1.827627e+00 1.001773e+01
      vertex   1.975000e+01 1.964779e+00 1.030009e+01
    endloop
  endfacet
  facet normal 3.708238e-03 8.806555e-01 -4.737427e-01
    outer loop
      vertex   1.975000e+01 1.964779e+00 1.030009e+01
      vertex   1.625000e+01 1.827627e+00 1.001773e+01
      vertex   1.625000e+01 2.124952e+00 1.057044e+01
    endloop
  endfacet
  facet normal -3.673128e-03 8.387638e-01 -5.444830e-01
    outer loop
      vertex   1.975000e+01 1.964779e+00 1.030009e+01
      vertex   1.625000e+01 2.124952e+00 1.057044e+01
      vertex   1.975000e+01 2.304887e+00 1.082401e+01
    endloop
  endfacet
  facet normal 3.707868e-03 7.906690e-01 -6.122326e-01
    outer loop
      vertex   1.975000e+01 2.304887e+00 1.082401e+01
      vertex   1.625000e+01 2.124952e+00 1.057044e+01
      vertex   1.625000e+01 2.509194e+00 1.106667e+01
    endloop
  endfacet
  facet normal -3.672424e-03 7.382335e-01 -6.745353e-01
    outer loop
      vertex   1.975000e+01 2.304887e+00 1.082401e+01
      vertex   1.625000e+01 2.509194e+00 1.106667e+01
      vertex   1.975000e+01 2.726230e+00 1.128515e+01
    endloop
  endfacet
  facet normal 3.706832e-03 6.791151e-01 -7.340224e-01
    outer loop
      vertex   1.975000e+01 2.726230e+00 1.128515e+01
      vertex   1.625000e+01 2.509194e+00 1.106667e+01
      vertex   1.625000e+01 2.969871e+00 1.149289e+01
    endloop
  endfacet
  facet normal -3.671056e-03 6.177558e-01 -7.863614e-01
    outer loop
      vertex   1.975000e+01 2.726230e+00 1.128515e+01
      vertex   1.625000e+01 2.969871e+00 1.149289e+01
      vertex   1.975000e+01 3.217425e+00 1.167102e+01
    endloop
  endfacet
  facet normal 3.705131e-03 5.490368e-01 -8.357900e-01
    outer loop
      vertex   1.975000e+01 3.217425e+00 1.167102e+01
      vertex   1.625000e+01 2.969871e+00 1.149289e+01
      vertex   1.625000e+01 3.494419e+00 1.183747e+01
    endloop
  endfacet
  facet normal -3.669022e-03 4.805862e-01 -8.769398e-01
    outer loop
      vertex   1.975000e+01 3.217425e+00 1.167102e+01
      vertex   1.625000e+01 3.494419e+00 1.183747e+01
      vertex   1.975000e+01 3.765199e+00 1.197122e+01
    endloop
  endfacet
  facet normal 3.702764e-03 4.039821e-01 -9.147594e-01
    outer loop
      vertex   1.975000e+01 3.765199e+00 1.197122e+01
      vertex   1.625000e+01 3.494419e+00 1.183747e+01
      vertex   1.625000e+01 4.068529e+00 1.209101e+01
    endloop
  endfacet
  facet normal -3.666323e-03 3.304310e-01 -9.438230e-01
    outer loop
      vertex   1.975000e+01 3.765199e+00 1.197122e+01
      vertex   1.625000e+01 4.068529e+00 1.209101e+01
      vertex   1.975000e+01 4.354751e+00 1.217762e+01
    endloop
  endfacet
  facet normal 3.699732e-03 2.479079e-01 -9.687765e-01
    outer loop
      vertex   1.975000e+01 4.354751e+00 1.217762e+01
      vertex   1.625000e+01 4.068529e+00 1.209101e+01
      vertex   1.625000e+01 4.676540e+00 1.224660e+01
    endloop
  endfacet
  facet normal -3.662959e-03 1.713475e-01 -9.852038e-01
    outer loop
      vertex   1.975000e+01 4.354751e+00 1.217762e+01
      vertex   1.625000e+01 4.676540e+00 1.224660e+01
      vertex   1.975000e+01 4.970152e+00 1.228465e+01
    endloop
  endfacet
  facet normal 3.696035e-03 8.507135e-02 -9.963680e-01
    outer loop
      vertex   1.975000e+01 4.970152e+00 1.228465e+01
      vertex   1.625000e+01 4.676540e+00 1.224660e+01
      vertex   1.625000e+01 5.301868e+00 1.229999e+01
    endloop
  endfacet
  facet normal -3.658929e-03 7.634095e-03 -9.999642e-01
    outer loop
      vertex   1.975000e+01 4.970152e+00 1.228465e+01
      vertex   1.625000e+01 5.301868e+00 1.229999e+01
      vertex   1.975000e+01 5.594772e+00 1.228942e+01
    endloop
  endfacet
  facet normal -9.282598e-01 -3.719324e-01 0.000000e+00
    outer loop
      vertex   1.110673e+01 4.214781e+01 0.000000e+00
      vertex   1.625000e+01 2.931137e+01 0.000000e+00
      vertex   1.110673e+01 4.214781e+01 1.700000e+01
    endloop
  endfacet
  facet normal -9.282598e-01 -3.719324e-01 -1.147216e-17
    outer loop
      vertex   1.110673e+01 4.214781e+01 1.700000e+01
      vertex   1.625000e+01 2.931137e+01 0.000000e+00
      vertex   1.625000e+01 2.931137e+01 1.700000e+01
    endloop
  endfacet
  facet normal -1.000000e+00 -1.101482e-16 -1.370952e-15
    outer loop
      vertex   1.625000e+01 4.695292e+00 4.750274e+00
      vertex   1.625000e+01 5.320879e+00 4.700012e+00
      vertex   1.625000e+01 -6.886266e-01 0.000000e+00
    endloop
  endfacet
  facet normal -1.000000e+00 1.448972e-16 -1.697057e-15
    outer loop
      vertex   1.625000e+01 -6.886266e-01 0.000000e+00
      vertex   1.625000e+01 5.320879e+00 4.700012e+00
      vertex   1.625000e+01 5.946207e+00 4.753403e+00
    endloop
  endfacet
  facet normal -1.000000e+00 5.950666e-16 -2.325406e-15
    outer loop
      vertex   1.625000e+01 -6.886266e-01 0.000000e+00
      vertex   1.625000e+01 5.946207e+00 4.753403e+00
      vertex   1.625000e+01 6.554218e+00 4.908992e+00
    endloop
  endfacet
  facet normal -1.000000e+00 -1.184238e-16 -1.272706e-15
    outer loop
      vertex   1.625000e+01 -6.886266e-01 0.000000e+00
      vertex   1.625000e+01 6.554218e+00 4.908992e+00
      vertex   1.625000e+01 2.931137e+01 0.000000e+00
    endloop
  endfacet
  facet normal -1.000000e+00 1.048838e-16 -2.374942e-16
    outer loop
      vertex   1.625000e+01 2.931137e+01 0.000000e+00
      vertex   1.625000e+01 6.554218e+00 4.908992e+00
      vertex   1.625000e+01 7.128328e+00 5.162534e+00
    endloop
  endfacet
  facet normal -1.000000e+00 1.182587e-16 -1.800233e-16
    outer loop
      vertex   1.625000e+01 2.931137e+01 0.000000e+00
      vertex   1.625000e+01 7.128328e+00 5.162534e+00
      vertex   1.625000e+01 7.652875e+00 5.507114e+00
    endloop
  endfacet
  facet normal -1.000000e+00 1.286708e-16 -1.390740e-16
    outer loop
      vertex   1.625000e+01 7.652875e+00 5.507114e+00
      vertex   1.625000e+01 8.113553e+00 5.933331e+00
      vertex   1.625000e+01 2.931137e+01 0.000000e+00
    endloop
  endfacet
  facet normal -1.000000e+00 -1.509238e-15 -5.990778e-15
    outer loop
      vertex   1.625000e+01 2.931137e+01 0.000000e+00
      vertex   1.625000e+01 8.113553e+00 5.933331e+00
      vertex   1.625000e+01 8.497795e+00 6.429561e+00
    endloop
  endfacet
  facet normal -1.000000e+00 2.927379e-16 -1.574764e-16
    outer loop
      vertex   1.625000e+01 2.931137e+01 0.000000e+00
      vertex   1.625000e+01 8.497795e+00 6.429561e+00
      vertex   1.625000e+01 8.795119e+00 6.982267e+00
    endloop
  endfacet
  facet normal -1.000000e+00 3.103652e-16 -1.056814e-16
    outer loop
      vertex   1.625000e+01 8.795119e+00 6.982267e+00
      vertex   1.625000e+01 8.997416e+00 7.576372e+00
      vertex   1.625000e+01 2.931137e+01 0.000000e+00
    endloop
  endfacet
  facet normal -1.000000e+00 3.295842e-16 -5.415086e-17
    outer loop
      vertex   1.625000e+01 2.931137e+01 0.000000e+00
      vertex   1.625000e+01 8.997416e+00 7.576372e+00
      vertex   1.625000e+01 9.099168e+00 8.195672e+00
    endloop
  endfacet
  facet normal -1.000000e+00 3.515414e-16 0.000000e+00
    outer loop
      vertex   1.625000e+01 2.931137e+01 0.000000e+00
      vertex   1.625000e+01 9.099168e+00 8.195672e+00
      vertex   1.625000e+01 2.931137e+01 1.700000e+01
    endloop
  endfacet
  facet normal -1.000000e+00 3.511588e-16 8.783859e-19
    outer loop
      vertex   1.625000e+01 2.931137e+01 1.700000e+01
      vertex   1.625000e+01 9.099168e+00 8.195672e+00
      vertex   1.625000e+01 9.097598e+00 8.823273e+00
    endloop
  endfacet
  facet normal -1.000000e+00 3.289662e-16 5.574089e-17
    outer loop
      vertex   1.625000e+01 2.931137e+01 1.700000e+01
      vertex   1.625000e+01 9.097598e+00 8.823273e+00
      vertex   1.625000e+01 8.992750e+00 9.442056e+00
    endloop
  endfacet
  facet normal -1.000000e+00 3.098150e-16 1.072267e-16
    outer loop
      vertex   1.625000e+01 8.992750e+00 9.442056e+00
      vertex   1.625000e+01 8.787483e+00 1.003514e+01
      vertex   1.625000e+01 2.931137e+01 1.700000e+01
    endloop
  endfacet
  facet normal -1.000000e+00 2.922164e-16 1.590859e-16
    outer loop
      vertex   1.625000e+01 2.931137e+01 1.700000e+01
      vertex   1.625000e+01 8.787483e+00 1.003514e+01
      vertex   1.625000e+01 8.487397e+00 1.058635e+01
    endloop
  endfacet
  facet normal -1.000000e+00 -1.508864e-15 6.006877e-15
    outer loop
      vertex   1.625000e+01 2.931137e+01 1.700000e+01
      vertex   1.625000e+01 8.487397e+00 1.058635e+01
      vertex   1.625000e+01 8.100678e+00 1.108066e+01
    endloop
  endfacet
  facet normal -1.000000e+00 1.283811e-16 1.401610e-16
    outer loop
      vertex   1.625000e+01 8.100678e+00 1.108066e+01
      vertex   1.625000e+01 7.637873e+00 1.150456e+01
      vertex   1.625000e+01 2.931137e+01 1.700000e+01
    endloop
  endfacet
  facet normal -1.000000e+00 1.179088e-16 1.814626e-16
    outer loop
      vertex   1.625000e+01 2.931137e+01 1.700000e+01
      vertex   1.625000e+01 7.637873e+00 1.150456e+01
      vertex   1.625000e+01 7.111608e+00 1.184651e+01
    endloop
  endfacet
  facet normal -1.000000e+00 1.044029e-16 2.396424e-16
    outer loop
      vertex   1.625000e+01 2.931137e+01 1.700000e+01
      vertex   1.625000e+01 7.111608e+00 1.184651e+01
      vertex   1.625000e+01 6.536237e+00 1.209718e+01
    endloop
  endfacet
  facet normal -1.000000e+00 -1.184238e-16 1.274742e-15
    outer loop
      vertex   1.625000e+01 2.931137e+01 1.700000e+01
      vertex   1.625000e+01 6.536237e+00 1.209718e+01
      vertex   1.625000e+01 -6.886266e-01 1.700000e+01
    endloop
  endfacet
  facet normal -1.000000e+00 5.757360e-16 2.297666e-15
    outer loop
      vertex   1.625000e+01 -6.886266e-01 1.700000e+01
      vertex   1.625000e+01 6.536237e+00 1.209718e+01
      vertex   1.625000e+01 5.927455e+00 1.224973e+01
    endloop
  endfacet
  facet normal -1.000000e+00 1.353212e-16 1.684266e-15
    outer loop
      vertex   1.625000e+01 -6.886266e-01 1.700000e+01
      vertex   1.625000e+01 5.927455e+00 1.224973e+01
      vertex   1.625000e+01 5.301868e+00 1.229999e+01
    endloop
  endfacet
  facet normal -1.000000e+00 -1.164104e-16 1.363416e-15
    outer loop
      vertex   1.625000e+01 5.301868e+00 1.229999e+01
      vertex   1.625000e+01 4.676540e+00 1.224660e+01
      vertex   1.625000e+01 -6.886266e-01 1.700000e+01
    endloop
  endfacet
  facet normal -1.000000e+00 -4.830489e-15 -3.957366e-15
    outer loop
      vertex   1.625000e+01 -6.886266e-01 1.700000e+01
      vertex   1.625000e+01 4.676540e+00 1.224660e+01
      vertex   1.625000e+01 4.068529e+00 1.209101e+01
    endloop
  endfacet
  facet normal -1.000000e+00 -2.238231e-16 5.068153e-16
    outer loop
      vertex   1.625000e+01 -6.886266e-01 1.700000e+01
      vertex   1.625000e+01 4.068529e+00 1.209101e+01
      vertex   1.625000e+01 3.494419e+00 1.183747e+01
    endloop
  endfacet
  facet normal -1.000000e+00 -2.950296e-16 4.491189e-16
    outer loop
      vertex   1.625000e+01 3.494419e+00 1.183747e+01
      vertex   1.625000e+01 2.969871e+00 1.149289e+01
      vertex   1.625000e+01 -6.886266e-01 1.700000e+01
    endloop
  endfacet
  facet normal -1.000000e+00 -3.696558e-16 3.995430e-16
    outer loop
      vertex   1.625000e+01 -6.886266e-01 1.700000e+01
      vertex   1.625000e+01 2.969871e+00 1.149289e+01
      vertex   1.625000e+01 2.509194e+00 1.106667e+01
    endloop
  endfacet
  facet normal -1.000000e+00 -4.559361e-16 3.530415e-16
    outer loop
      vertex   1.625000e+01 -6.886266e-01 1.700000e+01
      vertex   1.625000e+01 2.509194e+00 1.106667e+01
      vertex   1.625000e+01 2.124952e+00 1.057044e+01
    endloop
  endfacet
  facet normal -1.000000e+00 -5.664116e-16 3.046973e-16
    outer loop
      vertex   1.625000e+01 2.124952e+00 1.057044e+01
      vertex   1.625000e+01 1.827627e+00 1.001773e+01
      vertex   1.625000e+01 -6.886266e-01 1.700000e+01
    endloop
  endfacet
  facet normal -1.000000e+00 -7.259678e-16 2.471968e-16
    outer loop
      vertex   1.625000e+01 -6.886266e-01 1.700000e+01
      vertex   1.625000e+01 1.827627e+00 1.001773e+01
      vertex   1.625000e+01 1.625331e+00 9.423628e+00
    endloop
  endfacet
  facet normal -1.000000e+00 -9.983013e-16 1.640214e-16
    outer loop
      vertex   1.625000e+01 -6.886266e-01 1.700000e+01
      vertex   1.625000e+01 1.625331e+00 9.423628e+00
      vertex   1.625000e+01 1.523579e+00 8.804328e+00
    endloop
  endfacet
  facet normal -1.000000e+00 -1.605960e-15 -0.000000e+00
    outer loop
      vertex   1.625000e+01 -6.886266e-01 1.700000e+01
      vertex   1.625000e+01 1.523579e+00 8.804328e+00
      vertex   1.625000e+01 -6.886266e-01 0.000000e+00
    endloop
  endfacet
  facet normal -1.000000e+00 -1.590130e-15 -3.977538e-18
    outer loop
      vertex   1.625000e+01 -6.886266e-01 0.000000e+00
      vertex   1.625000e+01 1.523579e+00 8.804328e+00
      vertex   1.625000e+01 1.525149e+00 8.176727e+00
    endloop
  endfacet
  facet normal -1.000000e+00 -9.870674e-16 -1.672513e-16
    outer loop
      vertex   1.625000e+01 -6.886266e-01 0.000000e+00
      vertex   1.625000e+01 1.525149e+00 8.176727e+00
      vertex   1.625000e+01 1.629997e+00 7.557944e+00
    endloop
  endfacet
  facet normal -1.000000e+00 -7.199859e-16 -2.491864e-16
    outer loop
      vertex   1.625000e+01 1.629997e+00 7.557944e+00
      vertex   1.625000e+01 1.835264e+00 6.964857e+00
      vertex   1.625000e+01 -6.886266e-01 0.000000e+00
    endloop
  endfacet
  facet normal -1.000000e+00 -5.625265e-16 -3.062458e-16
    outer loop
      vertex   1.625000e+01 -6.886266e-01 0.000000e+00
      vertex   1.625000e+01 1.835264e+00 6.964857e+00
      vertex   1.625000e+01 2.135350e+00 6.413646e+00
    endloop
  endfacet
  facet normal -1.000000e+00 -4.530523e-16 -3.544481e-16
    outer loop
      vertex   1.625000e+01 -6.886266e-01 0.000000e+00
      vertex   1.625000e+01 2.135350e+00 6.413646e+00
      vertex   1.625000e+01 2.522069e+00 5.919345e+00
    endloop
  endfacet
  facet normal -1.000000e+00 -3.672745e-16 -4.009746e-16
    outer loop
      vertex   1.625000e+01 2.522069e+00 5.919345e+00
      vertex   1.625000e+01 2.984873e+00 5.495437e+00
      vertex   1.625000e+01 -6.886266e-01 0.000000e+00
    endloop
  endfacet
  facet normal -1.000000e+00 -2.928619e-16 -4.507167e-16
    outer loop
      vertex   1.625000e+01 -6.886266e-01 0.000000e+00
      vertex   1.625000e+01 2.984873e+00 5.495437e+00
      vertex   1.625000e+01 3.511139e+00 5.153486e+00
    endloop
  endfacet
  facet normal -1.000000e+00 -2.216446e-16 -5.087544e-16
    outer loop
      vertex   1.625000e+01 -6.886266e-01 0.000000e+00
      vertex   1.625000e+01 3.511139e+00 5.153486e+00
      vertex   1.625000e+01 4.086510e+00 4.902819e+00
    endloop
  endfacet
  facet normal -1.000000e+00 -4.836906e-15 3.986312e-15
    outer loop
      vertex   1.625000e+01 4.086510e+00 4.902819e+00
      vertex   1.625000e+01 4.695292e+00 4.750274e+00
      vertex   1.625000e+01 -6.886266e-01 0.000000e+00
    endloop
  endfacet
  facet normal -6.661338e-16 -1.000000e+00 0.000000e+00
    outer loop
      vertex   1.625000e+01 -6.886266e-01 0.000000e+00
      vertex   1.975000e+01 -6.886266e-01 0.000000e+00
      vertex   1.625000e+01 -6.886266e-01 1.700000e+01
    endloop
  endfacet
  facet normal -6.661338e-16 -1.000000e+00 0.000000e+00
    outer loop
      vertex   1.625000e+01 -6.886266e-01 1.700000e+01
      vertex   1.975000e+01 -6.886266e-01 0.000000e+00
      vertex   1.975000e+01 -6.886266e-01 1.700000e+01
    endloop
  endfacet
  facet normal 0.000000e+00 -1.000000e+00 0.000000e+00
    outer loop
      vertex   -1.110673e+01 4.214781e+01 0.000000e+00
      vertex   1.110673e+01 4.214781e+01 0.000000e+00
      vertex   -1.110673e+01 4.214781e+01 1.700000e+01
    endloop
  endfacet
  facet normal 0.000000e+00 -1.000000e+00 0.000000e+00
    outer loop
      vertex   -1.110673e+01 4.214781e+01 1.700000e+01
      vertex   1.110673e+01 4.214781e+01 0.000000e+00
      vertex   1.110673e+01 4.214781e+01 1.700000e+01
    endloop
  endfacet
  facet normal 9.282598e-01 -3.719324e-01 0.000000e+00
    outer loop
      vertex   -1.625000e+01 2.931137e+01 0.000000e+00
      vertex   -1.110673e+01 4.214781e+01 0.000000e+00
      vertex   -1.625000e+01 2.931137e+01 1.700000e+01
    endloop
  endfacet
  facet normal 9.282598e-01 -3.719324e-01 1.147216e-17
    outer loop
      vertex   -1.625000e+01 2.931137e+01 1.700000e+01
      vertex   -1.110673e+01 4.214781e+01 0.000000e+00
      vertex   -1.110673e+01 4.214781e+01 1.700000e+01
    endloop
  endfacet
  facet normal -1.000000e+00 -3.649188e-15 1.288467e-14
    outer loop
      vertex   -1.975000e+01 8.008533e+00 9.036498e+00
      vertex   -1.975000e+01 2.931137e+01 1.700000e+01
      vertex   -1.975000e+01 8.061373e+00 8.500000e+00
    endloop
  endfacet
  facet normal -1.000000e+00 1.504679e-15 1.397567e-31
    outer loop
      vertex   -1.975000e+01 8.061373e+00 8.500000e+00
      vertex   -1.975000e+01 2.931137e+01 1.700000e+01
      vertex   -1.975000e+01 2.931137e+01 0.000000e+00
    endloop
  endfacet
  facet normal -1.000000e+00 -3.649188e-15 -1.288467e-14
    outer loop
      vertex   -1.975000e+01 8.061373e+00 8.500000e+00
      vertex   -1.975000e+01 2.931137e+01 0.000000e+00
      vertex   -1.975000e+01 8.008533e+00 7.963502e+00
    endloop
  endfacet
  facet normal -1.000000e+00 1.048504e-15 -3.180603e-16
    outer loop
      vertex   -1.975000e+01 8.008533e+00 7.963502e+00
      vertex   -1.975000e+01 2.931137e+01 0.000000e+00
      vertex   -1.975000e+01 7.852042e+00 7.447621e+00
    endloop
  endfacet
  facet normal -1.000000e+00 9.775484e-16 -5.225105e-16
    outer loop
      vertex   -1.975000e+01 7.852042e+00 7.447621e+00
      vertex   -1.975000e+01 2.931137e+01 0.000000e+00
      vertex   -1.975000e+01 7.597915e+00 6.972182e+00
    endloop
  endfacet
  facet normal -1.000000e+00 9.064571e-16 -7.439101e-16
    outer loop
      vertex   -1.975000e+01 7.597915e+00 6.972182e+00
      vertex   -1.975000e+01 2.931137e+01 0.000000e+00
      vertex   -1.975000e+01 7.255917e+00 6.555456e+00
    endloop
  endfacet
  facet normal -1.000000e+00 8.277717e-16 -1.008643e-15
    outer loop
      vertex   -1.975000e+01 7.255917e+00 6.555456e+00
      vertex   -1.975000e+01 2.931137e+01 0.000000e+00
      vertex   -1.975000e+01 6.839192e+00 6.213459e+00
    endloop
  endfacet
  facet normal -1.000000e+00 7.293657e-16 -1.364547e-15
    outer loop
      vertex   -1.975000e+01 6.839192e+00 6.213459e+00
      vertex   -1.975000e+01 2.931137e+01 0.000000e+00
      vertex   -1.975000e+01 6.363753e+00 5.959331e+00
    endloop
  endfacet
  facet normal -1.000000e+00 1.421085e-15 1.299061e-15
    outer loop
      vertex   -1.975000e+01 6.363753e+00 5.959331e+00
      vertex   -1.975000e+01 2.931137e+01 0.000000e+00
      vertex   -1.975000e+01 -6.886266e-01 0.000000e+00
    endloop
  endfacet
  facet normal -1.000000e+00 9.332831e-15 -8.063840e-15
    outer loop
      vertex   -1.975000e+01 6.363753e+00 5.959331e+00
      vertex   -1.975000e+01 -6.886266e-01 0.000000e+00
      vertex   -1.975000e+01 5.847872e+00 5.802840e+00
    endloop
  endfacet
  facet normal -1.000000e+00 -2.712993e-16 2.754548e-15
    outer loop
      vertex   -1.975000e+01 5.847872e+00 5.802840e+00
      vertex   -1.975000e+01 -6.886266e-01 0.000000e+00
      vertex   -1.975000e+01 5.311373e+00 5.750000e+00
    endloop
  endfacet
  facet normal -1.000000e+00 2.207315e-16 2.241124e-15
    outer loop
      vertex   -1.975000e+01 5.311373e+00 5.750000e+00
      vertex   -1.975000e+01 -6.886266e-01 0.000000e+00
      vertex   -1.975000e+01 4.774875e+00 5.802840e+00
    endloop
  endfacet
  facet normal -1.000000e+00 5.778437e-16 1.904895e-15
    outer loop
      vertex   -1.975000e+01 4.774875e+00 5.802840e+00
      vertex   -1.975000e+01 -6.886266e-01 0.000000e+00
      vertex   -1.975000e+01 4.258994e+00 5.959331e+00
    endloop
  endfacet
  facet normal -1.000000e+00 8.828403e-16 1.651678e-15
    outer loop
      vertex   -1.975000e+01 4.258994e+00 5.959331e+00
      vertex   -1.975000e+01 -6.886266e-01 0.000000e+00
      vertex   -1.975000e+01 3.783555e+00 6.213459e+00
    endloop
  endfacet
  facet normal -1.000000e+00 1.179980e-15 1.437810e-15
    outer loop
      vertex   -1.975000e+01 3.783555e+00 6.213459e+00
      vertex   -1.975000e+01 -6.886266e-01 0.000000e+00
      vertex   -1.975000e+01 3.366830e+00 6.555456e+00
    endloop
  endfacet
  facet normal -1.000000e+00 1.506124e-15 1.236044e-15
    outer loop
      vertex   -1.975000e+01 3.366830e+00 6.555456e+00
      vertex   -1.975000e+01 -6.886266e-01 0.000000e+00
      vertex   -1.975000e+01 3.024832e+00 6.972182e+00
    endloop
  endfacet
  facet normal -1.000000e+00 1.910018e-15 1.020926e-15
    outer loop
      vertex   -1.975000e+01 3.024832e+00 6.972182e+00
      vertex   -1.975000e+01 -6.886266e-01 0.000000e+00
      vertex   -1.975000e+01 2.770705e+00 7.447621e+00
    endloop
  endfacet
  facet normal -1.000000e+00 2.485048e-15 7.538312e-16
    outer loop
      vertex   -1.975000e+01 2.770705e+00 7.447621e+00
      vertex   -1.975000e+01 -6.886266e-01 0.000000e+00
      vertex   -1.975000e+01 2.614214e+00 7.963502e+00
    endloop
  endfacet
  facet normal -1.000000e+00 3.476937e-15 3.424484e-16
    outer loop
      vertex   -1.975000e+01 2.614214e+00 7.963502e+00
      vertex   -1.975000e+01 -6.886266e-01 0.000000e+00
      vertex   -1.975000e+01 2.561373e+00 8.500000e+00
    endloop
  endfacet
  facet normal -1.000000e+00 4.372571e-15 0.000000e+00
    outer loop
      vertex   -1.975000e+01 2.561373e+00 8.500000e+00
      vertex   -1.975000e+01 -6.886266e-01 0.000000e+00
      vertex   -1.975000e+01 -6.886266e-01 1.700000e+01
    endloop
  endfacet
  facet normal -1.000000e+00 3.476937e-15 -3.424484e-16
    outer loop
      vertex   -1.975000e+01 2.561373e+00 8.500000e+00
      vertex   -1.975000e+01 -6.886266e-01 1.700000e+01
      vertex   -1.975000e+01 2.614214e+00 9.036498e+00
    endloop
  endfacet
  facet normal -1.000000e+00 2.485048e-15 -7.538312e-16
    outer loop
      vertex   -1.975000e+01 2.614214e+00 9.036498e+00
      vertex   -1.975000e+01 -6.886266e-01 1.700000e+01
      vertex   -1.975000e+01 2.770705e+00 9.552379e+00
    endloop
  endfacet
  facet normal -1.000000e+00 1.910018e-15 -1.020926e-15
    outer loop
      vertex   -1.975000e+01 2.770705e+00 9.552379e+00
      vertex   -1.975000e+01 -6.886266e-01 1.700000e+01
      vertex   -1.975000e+01 3.024832e+00 1.002782e+01
    endloop
  endfacet
  facet normal -1.000000e+00 1.506124e-15 -1.236044e-15
    outer loop
      vertex   -1.975000e+01 3.024832e+00 1.002782e+01
      vertex   -1.975000e+01 -6.886266e-01 1.700000e+01
      vertex   -1.975000e+01 3.366830e+00 1.044454e+01
    endloop
  endfacet
  facet normal -1.000000e+00 1.179980e-15 -1.437810e-15
    outer loop
      vertex   -1.975000e+01 3.366830e+00 1.044454e+01
      vertex   -1.975000e+01 -6.886266e-01 1.700000e+01
      vertex   -1.975000e+01 3.783555e+00 1.078654e+01
    endloop
  endfacet
  facet normal -1.000000e+00 8.828403e-16 -1.651678e-15
    outer loop
      vertex   -1.975000e+01 3.783555e+00 1.078654e+01
      vertex   -1.975000e+01 -6.886266e-01 1.700000e+01
      vertex   -1.975000e+01 4.258994e+00 1.104067e+01
    endloop
  endfacet
  facet normal -1.000000e+00 5.778437e-16 -1.904895e-15
    outer loop
      vertex   -1.975000e+01 4.258994e+00 1.104067e+01
      vertex   -1.975000e+01 -6.886266e-01 1.700000e+01
      vertex   -1.975000e+01 4.774875e+00 1.119716e+01
    endloop
  endfacet
  facet normal -1.000000e+00 2.207315e-16 -2.241124e-15
    outer loop
      vertex   -1.975000e+01 4.774875e+00 1.119716e+01
      vertex   -1.975000e+01 -6.886266e-01 1.700000e+01
      vertex   -1.975000e+01 5.311373e+00 1.125000e+01
    endloop
  endfacet
  facet normal -1.000000e+00 -2.712993e-16 -2.754548e-15
    outer loop
      vertex   -1.975000e+01 5.311373e+00 1.125000e+01
      vertex   -1.975000e+01 -6.886266e-01 1.700000e+01
      vertex   -1.975000e+01 5.847872e+00 1.119716e+01
    endloop
  endfacet
  facet normal -1.000000e+00 9.332831e-15 8.063840e-15
    outer loop
      vertex   -1.975000e+01 5.847872e+00 1.119716e+01
      vertex   -1.975000e+01 -6.886266e-01 1.700000e+01
      vertex   -1.975000e+01 6.363753e+00 1.104067e+01
    endloop
  endfacet
  facet normal -1.000000e+00 1.421085e-15 -1.299061e-15
    outer loop
      vertex   -1.975000e+01 6.363753e+00 1.104067e+01
      vertex   -1.975000e+01 -6.886266e-01 1.700000e+01
      vertex   -1.975000e+01 2.931137e+01 1.700000e+01
    endloop
  endfacet
  facet normal -1.000000e+00 7.293657e-16 1.364547e-15
    outer loop
      vertex   -1.975000e+01 6.363753e+00 1.104067e+01
      vertex   -1.975000e+01 2.931137e+01 1.700000e+01
      vertex   -1.975000e+01 6.839192e+00 1.078654e+01
    endloop
  endfacet
  facet normal -1.000000e+00 8.277717e-16 1.008643e-15
    outer loop
      vertex   -1.975000e+01 6.839192e+00 1.078654e+01
      vertex   -1.975000e+01 2.931137e+01 1.700000e+01
      vertex   -1.975000e+01 7.255917e+00 1.044454e+01
    endloop
  endfacet
  facet normal -1.000000e+00 9.064571e-16 7.439101e-16
    outer loop
      vertex   -1.975000e+01 7.255917e+00 1.044454e+01
      vertex   -1.975000e+01 2.931137e+01 1.700000e+01
      vertex   -1.975000e+01 7.597915e+00 1.002782e+01
    endloop
  endfacet
  facet normal -1.000000e+00 9.775484e-16 5.225105e-16
    outer loop
      vertex   -1.975000e+01 7.597915e+00 1.002782e+01
      vertex   -1.975000e+01 2.931137e+01 1.700000e+01
      vertex   -1.975000e+01 7.852042e+00 9.552379e+00
    endloop
  endfacet
  facet normal -1.000000e+00 1.048504e-15 3.180603e-16
    outer loop
      vertex   -1.975000e+01 7.852042e+00 9.552379e+00
      vertex   -1.975000e+01 2.931137e+01 1.700000e+01
      vertex   -1.975000e+01 8.008533e+00 9.036498e+00
    endloop
  endfacet
  facet normal 1.000000e+00 1.608496e-16 -1.584230e-17
    outer loop
      vertex   -1.625000e+01 8.008533e+00 7.963502e+00
      vertex   -1.625000e+01 2.931137e+01 0.000000e+00
      vertex   -1.625000e+01 8.061373e+00 8.500000e+00
    endloop
  endfacet
  facet normal 1.000000e+00 1.671865e-16 0.000000e+00
    outer loop
      vertex   -1.625000e+01 8.061373e+00 8.500000e+00
      vertex   -1.625000e+01 2.931137e+01 0.000000e+00
      vertex   -1.625000e+01 2.931137e+01 1.700000e+01
    endloop
  endfacet
  facet normal 1.000000e+00 1.608496e-16 1.584230e-17
    outer loop
      vertex   -1.625000e+01 8.061373e+00 8.500000e+00
      vertex   -1.625000e+01 2.931137e+01 1.700000e+01
      vertex   -1.625000e+01 8.008533e+00 9.036498e+00
    endloop
  endfacet
  facet normal 1.000000e+00 1.497863e-16 4.543719e-17
    outer loop
      vertex   -1.625000e+01 8.008533e+00 9.036498e+00
      vertex   -1.625000e+01 2.931137e+01 1.700000e+01
      vertex   -1.625000e+01 7.852042e+00 9.552379e+00
    endloop
  endfacet
  facet normal 1.000000e+00 1.396498e-16 7.464436e-17
    outer loop
      vertex   -1.625000e+01 7.852042e+00 9.552379e+00
      vertex   -1.625000e+01 2.931137e+01 1.700000e+01
      vertex   -1.625000e+01 7.597915e+00 1.002782e+01
    endloop
  endfacet
  facet normal 1.000000e+00 1.294939e-16 1.062729e-16
    outer loop
      vertex   -1.625000e+01 7.597915e+00 1.002782e+01
      vertex   -1.625000e+01 2.931137e+01 1.700000e+01
      vertex   -1.625000e+01 7.255917e+00 1.044454e+01
    endloop
  endfacet
  facet normal 1.000000e+00 1.182531e-16 1.440918e-16
    outer loop
      vertex   -1.625000e+01 7.255917e+00 1.044454e+01
      vertex   -1.625000e+01 2.931137e+01 1.700000e+01
      vertex   -1.625000e+01 6.839192e+00 1.078654e+01
    endloop
  endfacet
  facet normal 1.000000e+00 1.041951e-16 1.949353e-16
    outer loop
      vertex   -1.625000e+01 6.839192e+00 1.078654e+01
      vertex   -1.625000e+01 2.931137e+01 1.700000e+01
      vertex   -1.625000e+01 6.363753e+00 1.104067e+01
    endloop
  endfacet
  facet normal 1.000000e+00 -1.184238e-16 1.052175e-15
    outer loop
      vertex   -1.625000e+01 6.363753e+00 1.104067e+01
      vertex   -1.625000e+01 2.931137e+01 1.700000e+01
      vertex   -1.625000e+01 -6.886266e-01 1.700000e+01
    endloop
  endfacet
  facet normal 1.000000e+00 5.642406e-16 1.860052e-15
    outer loop
      vertex   -1.625000e+01 6.363753e+00 1.104067e+01
      vertex   -1.625000e+01 -6.886266e-01 1.700000e+01
      vertex   -1.625000e+01 5.847872e+00 1.119716e+01
    endloop
  endfacet
  facet normal 1.000000e+00 1.356496e-16 1.377274e-15
    outer loop
      vertex   -1.625000e+01 5.847872e+00 1.119716e+01
      vertex   -1.625000e+01 -6.886266e-01 1.700000e+01
      vertex   -1.625000e+01 5.311373e+00 1.125000e+01
    endloop
  endfacet
  facet normal 1.000000e+00 -1.103657e-16 1.120562e-15
    outer loop
      vertex   -1.625000e+01 5.311373e+00 1.125000e+01
      vertex   -1.625000e+01 -6.886266e-01 1.700000e+01
      vertex   -1.625000e+01 4.774875e+00 1.119716e+01
    endloop
  endfacet
  facet normal 1.000000e+00 -5.645682e-15 -4.091060e-15
    outer loop
      vertex   -1.625000e+01 4.774875e+00 1.119716e+01
      vertex   -1.625000e+01 -6.886266e-01 1.700000e+01
      vertex   -1.625000e+01 4.258994e+00 1.104067e+01
    endloop
  endfacet
  facet normal 1.000000e+00 -2.207101e-16 4.129195e-16
    outer loop
      vertex   -1.625000e+01 4.258994e+00 1.104067e+01
      vertex   -1.625000e+01 -6.886266e-01 1.700000e+01
      vertex   -1.625000e+01 3.783555e+00 1.078654e+01
    endloop
  endfacet
  facet normal 1.000000e+00 -2.949950e-16 3.594524e-16
    outer loop
      vertex   -1.625000e+01 3.783555e+00 1.078654e+01
      vertex   -1.625000e+01 -6.886266e-01 1.700000e+01
      vertex   -1.625000e+01 3.366830e+00 1.044454e+01
    endloop
  endfacet
  facet normal 1.000000e+00 -3.765311e-16 3.090110e-16
    outer loop
      vertex   -1.625000e+01 3.366830e+00 1.044454e+01
      vertex   -1.625000e+01 -6.886266e-01 1.700000e+01
      vertex   -1.625000e+01 3.024832e+00 1.002782e+01
    endloop
  endfacet
  facet normal 1.000000e+00 -4.775045e-16 2.552315e-16
    outer loop
      vertex   -1.625000e+01 3.024832e+00 1.002782e+01
      vertex   -1.625000e+01 -6.886266e-01 1.700000e+01
      vertex   -1.625000e+01 2.770705e+00 9.552379e+00
    endloop
  endfacet
  facet normal 1.000000e+00 -6.212621e-16 1.884578e-16
    outer loop
      vertex   -1.625000e+01 2.770705e+00 9.552379e+00
      vertex   -1.625000e+01 -6.886266e-01 1.700000e+01
      vertex   -1.625000e+01 2.614214e+00 9.036498e+00
    endloop
  endfacet
  facet normal 1.000000e+00 -8.692341e-16 8.561209e-17
    outer loop
      vertex   -1.625000e+01 2.614214e+00 9.036498e+00
      vertex   -1.625000e+01 -6.886266e-01 1.700000e+01
      vertex   -1.625000e+01 2.561373e+00 8.500000e+00
    endloop
  endfacet
  facet normal 1.000000e+00 -1.093143e-15 0.000000e+00
    outer loop
      vertex   -1.625000e+01 2.561373e+00 8.500000e+00
      vertex   -1.625000e+01 -6.886266e-01 1.700000e+01
      vertex   -1.625000e+01 -6.886266e-01 0.000000e+00
    endloop
  endfacet
  facet normal 1.000000e+00 -8.692341e-16 -8.561209e-17
    outer loop
      vertex   -1.625000e+01 2.561373e+00 8.500000e+00
      vertex   -1.625000e+01 -6.886266e-01 0.000000e+00
      vertex   -1.625000e+01 2.614214e+00 7.963502e+00
    endloop
  endfacet
  facet normal 1.000000e+00 -6.212621e-16 -1.884578e-16
    outer loop
      vertex   -1.625000e+01 2.614214e+00 7.963502e+00
      vertex   -1.625000e+01 -6.886266e-01 0.000000e+00
      vertex   -1.625000e+01 2.770705e+00 7.447621e+00
    endloop
  endfacet
  facet normal 1.000000e+00 -4.775045e-16 -2.552315e-16
    outer loop
      vertex   -1.625000e+01 2.770705e+00 7.447621e+00
      vertex   -1.625000e+01 -6.886266e-01 0.000000e+00
      vertex   -1.625000e+01 3.024832e+00 6.972182e+00
    endloop
  endfacet
  facet normal 1.000000e+00 -3.765311e-16 -3.090110e-16
    outer loop
      vertex   -1.625000e+01 3.024832e+00 6.972182e+00
      vertex   -1.625000e+01 -6.886266e-01 0.000000e+00
      vertex   -1.625000e+01 3.366830e+00 6.555456e+00
    endloop
  endfacet
  facet normal 1.000000e+00 -2.949950e-16 -3.594524e-16
    outer loop
      vertex   -1.625000e+01 3.366830e+00 6.555456e+00
      vertex   -1.625000e+01 -6.886266e-01 0.000000e+00
      vertex   -1.625000e+01 3.783555e+00 6.213459e+00
    endloop
  endfacet
  facet normal 1.000000e+00 -2.207101e-16 -4.129195e-16
    outer loop
      vertex   -1.625000e+01 3.783555e+00 6.213459e+00
      vertex   -1.625000e+01 -6.886266e-01 0.000000e+00
      vertex   -1.625000e+01 4.258994e+00 5.959331e+00
    endloop
  endfacet
  facet normal 1.000000e+00 -5.645682e-15 4.091060e-15
    outer loop
      vertex   -1.625000e+01 4.258994e+00 5.959331e+00
      vertex   -1.625000e+01 -6.886266e-01 0.000000e+00
      vertex   -1.625000e+01 4.774875e+00 5.802840e+00
    endloop
  endfacet
  facet normal 1.000000e+00 -1.103657e-16 -1.120562e-15
    outer loop
      vertex   -1.625000e+01 4.774875e+00 5.802840e+00
      vertex   -1.625000e+01 -6.886266e-01 0.000000e+00
      vertex   -1.625000e+01 5.311373e+00 5.750000e+00
    endloop
  endfacet
  facet normal 1.000000e+00 1.356496e-16 -1.377274e-15
    outer loop
      vertex   -1.625000e+01 5.311373e+00 5.750000e+00
      vertex   -1.625000e+01 -6.886266e-01 0.000000e+00
      vertex   -1.625000e+01 5.847872e+00 5.802840e+00
    endloop
  endfacet
  facet normal 1.000000e+00 5.642406e-16 -1.860052e-15
    outer loop
      vertex   -1.625000e+01 5.847872e+00 5.802840e+00
      vertex   -1.625000e+01 -6.886266e-01 0.000000e+00
      vertex   -1.625000e+01 6.363753e+00 5.959331e+00
    endloop
  endfacet
  facet normal 1.000000e+00 -1.184238e-16 -1.052175e-15
    outer loop
      vertex   -1.625000e+01 6.363753e+00 5.959331e+00
      vertex   -1.625000e+01 -6.886266e-01 0.000000e+00
      vertex   -1.625000e+01 2.931137e+01 0.000000e+00
    endloop
  endfacet
  facet normal 1.000000e+00 1.041951e-16 -1.949353e-16
    outer loop
      vertex   -1.625000e+01 6.363753e+00 5.959331e+00
      vertex   -1.625000e+01 2.931137e+01 0.000000e+00
      vertex   -1.625000e+01 6.839192e+00 6.213459e+00
    endloop
  endfacet
  facet normal 1.000000e+00 1.182531e-16 -1.440918e-16
    outer loop
      vertex   -1.625000e+01 6.839192e+00 6.213459e+00
      vertex   -1.625000e+01 2.931137e+01 0.000000e+00
      vertex   -1.625000e+01 7.255917e+00 6.555456e+00
    endloop
  endfacet
  facet normal 1.000000e+00 1.294939e-16 -1.062729e-16
    outer loop
      vertex   -1.625000e+01 7.255917e+00 6.555456e+00
      vertex   -1.625000e+01 2.931137e+01 0.000000e+00
      vertex   -1.625000e+01 7.597915e+00 6.972182e+00
    endloop
  endfacet
  facet normal 1.000000e+00 1.396498e-16 -7.464436e-17
    outer loop
      vertex   -1.625000e+01 7.597915e+00 6.972182e+00
      vertex   -1.625000e+01 2.931137e+01 0.000000e+00
      vertex   -1.625000e+01 7.852042e+00 7.447621e+00
    endloop
  endfacet
  facet normal 1.000000e+00 1.497863e-16 -4.543719e-17
    outer loop
      vertex   -1.625000e+01 7.852042e+00 7.447621e+00
      vertex   -1.625000e+01 2.931137e+01 0.000000e+00
      vertex   -1.625000e+01 8.008533e+00 7.963502e+00
    endloop
  endfacet
  facet normal 6.661338e-16 -1.000000e+00 0.000000e+00
    outer loop
      vertex   -1.975000e+01 -6.886266e-01 0.000000e+00
      vertex   -1.625000e+01 -6.886266e-01 0.000000e+00
      vertex   -1.975000e+01 -6.886266e-01 1.700000e+01
    endloop
  endfacet
  facet normal 6.661338e-16 -1.000000e+00 0.000000e+00
    outer loop
      vertex   -1.975000e+01 -6.886266e-01 1.700000e+01
      vertex   -1.625000e+01 -6.886266e-01 0.000000e+00
      vertex   -1.625000e+01 -6.886266e-01 1.700000e+01
    endloop
  endfacet
  facet normal 0.000000e+00 0.000000e+00 -1.000000e+00
    outer loop
      vertex   -1.787486e+01 7.264781e+01 0.000000e+00
      vertex   -1.110673e+01 4.214781e+01 0.000000e+00
      vertex   -1.787486e+01 3.424670e+01 0.000000e+00
    endloop
  endfacet
  facet normal 0.000000e+00 0.000000e+00 -1.000000e+00
    outer loop
      vertex   -1.787486e+01 3.424670e+01 0.000000e+00
      vertex   -1.110673e+01 4.214781e+01 0.000000e+00
      vertex   -1.625000e+01 2.931137e+01 0.000000e+00
    endloop
  endfacet
  facet normal 0.000000e+00 -0.000000e+00 -1.000000e+00
    outer loop
      vertex   -1.787486e+01 3.424670e+01 0.000000e+00
      vertex   -1.625000e+01 2.931137e+01 0.000000e+00
      vertex   -1.975000e+01 2.931137e+01 0.000000e+00
    endloop
  endfacet
  facet normal 0.000000e+00 -0.000000e+00 -1.000000e+00
    outer loop
      vertex   -1.975000e+01 2.931137e+01 0.000000e+00
      vertex   -1.625000e+01 2.931137e+01 0.000000e+00
      vertex   -1.975000e+01 -6.886266e-01 0.000000e+00
    endloop
  endfacet
  facet normal 0.000000e+00 0.000000e+00 -1.000000e+00
    outer loop
      vertex   -1.975000e+01 -6.886266e-01 0.000000e+00
      vertex   -1.625000e+01 2.931137e+01 0.000000e+00
      vertex   -1.625000e+01 -6.886266e-01 0.000000e+00
    endloop
  endfacet
  facet normal 0.000000e+00 0.000000e+00 -1.000000e+00
    outer loop
      vertex   -1.787486e+01 7.264781e+01 0.000000e+00
      vertex   1.787486e+01 7.264781e+01 0.000000e+00
      vertex   -1.110673e+01 4.214781e+01 0.000000e+00
    endloop
  endfacet
  facet normal 0.000000e+00 0.000000e+00 -1.000000e+00
    outer loop
      vertex   -1.110673e+01 4.214781e+01 0.000000e+00
      vertex   1.787486e+01 7.264781e+01 0.000000e+00
      vertex   1.110673e+01 4.214781e+01 0.000000e+00
    endloop
  endfacet
  facet normal 0.000000e+00 0.000000e+00 -1.000000e+00
    outer loop
      vertex   1.110673e+01 4.214781e+01 0.000000e+00
      vertex   1.787486e+01 7.264781e+01 0.000000e+00
      vertex   1.787486e+01 3.424670e+01 0.000000e+00
    endloop
  endfacet
  facet normal 0.000000e+00 0.000000e+00 -1.000000e+00
    outer loop
      vertex   1.110673e+01 4.214781e+01 0.000000e+00
      vertex   1.787486e+01 3.424670e+01 0.000000e+00
      vertex   1.625000e+01 2.931137e+01 0.000000e+00
    endloop
  endfacet
  facet normal 0.000000e+00 0.000000e+00 -1.000000e+00
    outer loop
      vertex   1.625000e+01 2.931137e+01 0.000000e+00
      vertex   1.787486e+01 3.424670e+01 0.000000e+00
      vertex   1.975000e+01 2.931137e+01 0.000000e+00
    endloop
  endfacet
  facet normal 0.000000e+00 0.000000e+00 -1.000000e+00
    outer loop
      vertex   1.625000e+01 2.931137e+01 0.000000e+00
      vertex   1.975000e+01 2.931137e+01 0.000000e+00
      vertex   1.625000e+01 -6.886266e-01 0.000000e+00
    endloop
  endfacet
  facet normal 0.000000e+00 0.000000e+00 -1.000000e+00
    outer loop
      vertex   1.625000e+01 -6.886266e-01 0.000000e+00
      vertex   1.975000e+01 2.931137e+01 0.000000e+00
      vertex   1.975000e+01 -6.886266e-01 0.000000e+00
    endloop
  endfacet
endsolid
