solid ASCII
  facet normal -0.000000e+00 -1.000000e+00 0.000000e+00
    outer loop
      vertex   1.728237e+01 -7.600000e+00 2.458781e-01
      vertex   1.560000e+01 -7.600000e+00 6.100000e+00
      vertex   1.725000e+01 -7.600000e+00 -1.163414e-16
    endloop
  endfacet
  facet normal -0.000000e+00 -1.000000e+00 0.000000e+00
    outer loop
      vertex   1.725000e+01 -7.600000e+00 -1.163414e-16
      vertex   1.560000e+01 -7.600000e+00 6.100000e+00
      vertex   1.560000e+01 -7.600000e+00 -6.100000e+00
    endloop
  endfacet
  facet normal 0.000000e+00 -1.000000e+00 -0.000000e+00
    outer loop
      vertex   1.725000e+01 -7.600000e+00 -1.163414e-16
      vertex   1.560000e+01 -7.600000e+00 -6.100000e+00
      vertex   1.728237e+01 -7.600000e+00 -2.458781e-01
    endloop
  endfacet
  facet normal 0.000000e+00 -1.000000e+00 -0.000000e+00
    outer loop
      vertex   1.728237e+01 -7.600000e+00 -2.458781e-01
      vertex   1.560000e+01 -7.600000e+00 -6.100000e+00
      vertex   1.737728e+01 -7.600000e+00 -4.750000e-01
    endloop
  endfacet
  facet normal 0.000000e+00 -1.000000e+00 -0.000000e+00
    outer loop
      vertex   1.737728e+01 -7.600000e+00 -4.750000e-01
      vertex   1.560000e+01 -7.600000e+00 -6.100000e+00
      vertex   1.752825e+01 -7.600000e+00 -6.717514e-01
    endloop
  endfacet
  facet normal 0.000000e+00 -1.000000e+00 -0.000000e+00
    outer loop
      vertex   1.752825e+01 -7.600000e+00 -6.717514e-01
      vertex   1.560000e+01 -7.600000e+00 -6.100000e+00
      vertex   1.772500e+01 -7.600000e+00 -8.227241e-01
    endloop
  endfacet
  facet normal 0.000000e+00 -1.000000e+00 -0.000000e+00
    outer loop
      vertex   1.772500e+01 -7.600000e+00 -8.227241e-01
      vertex   1.560000e+01 -7.600000e+00 -6.100000e+00
      vertex   1.795412e+01 -7.600000e+00 -9.176295e-01
    endloop
  endfacet
  facet normal 0.000000e+00 -1.000000e+00 -0.000000e+00
    outer loop
      vertex   1.795412e+01 -7.600000e+00 -9.176295e-01
      vertex   1.560000e+01 -7.600000e+00 -6.100000e+00
      vertex   1.820000e+01 -7.600000e+00 -9.500000e-01
    endloop
  endfacet
  facet normal 0.000000e+00 -1.000000e+00 -0.000000e+00
    outer loop
      vertex   1.820000e+01 -7.600000e+00 -9.500000e-01
      vertex   1.560000e+01 -7.600000e+00 -6.100000e+00
      vertex   2.050000e+01 -7.600000e+00 -6.100000e+00
    endloop
  endfacet
  facet normal 0.000000e+00 -1.000000e+00 0.000000e+00
    outer loop
      vertex   1.820000e+01 -7.600000e+00 -9.500000e-01
      vertex   2.050000e+01 -7.600000e+00 -6.100000e+00
      vertex   1.844588e+01 -7.600000e+00 -9.176295e-01
    endloop
  endfacet
  facet normal 0.000000e+00 -1.000000e+00 0.000000e+00
    outer loop
      vertex   1.844588e+01 -7.600000e+00 -9.176295e-01
      vertex   2.050000e+01 -7.600000e+00 -6.100000e+00
      vertex   1.867500e+01 -7.600000e+00 -8.227241e-01
    endloop
  endfacet
  facet normal 0.000000e+00 -1.000000e+00 0.000000e+00
    outer loop
      vertex   1.867500e+01 -7.600000e+00 -8.227241e-01
      vertex   2.050000e+01 -7.600000e+00 -6.100000e+00
      vertex   1.887175e+01 -7.600000e+00 -6.717514e-01
    endloop
  endfacet
  facet normal 0.000000e+00 -1.000000e+00 0.000000e+00
    outer loop
      vertex   1.887175e+01 -7.600000e+00 -6.717514e-01
      vertex   2.050000e+01 -7.600000e+00 -6.100000e+00
      vertex   1.902272e+01 -7.600000e+00 -4.750000e-01
    endloop
  endfacet
  facet normal 0.000000e+00 -1.000000e+00 0.000000e+00
    outer loop
      vertex   1.902272e+01 -7.600000e+00 -4.750000e-01
      vertex   2.050000e+01 -7.600000e+00 -6.100000e+00
      vertex   1.911763e+01 -7.600000e+00 -2.458781e-01
    endloop
  endfacet
  facet normal 0.000000e+00 -1.000000e+00 0.000000e+00
    outer loop
      vertex   1.911763e+01 -7.600000e+00 -2.458781e-01
      vertex   2.050000e+01 -7.600000e+00 -6.100000e+00
      vertex   1.915000e+01 -7.600000e+00 0.000000e+00
    endloop
  endfacet
  facet normal 0.000000e+00 -1.000000e+00 0.000000e+00
    outer loop
      vertex   1.915000e+01 -7.600000e+00 0.000000e+00
      vertex   2.050000e+01 -7.600000e+00 -6.100000e+00
      vertex   2.050000e+01 -7.600000e+00 6.100000e+00
    endloop
  endfacet
  facet normal 0.000000e+00 -1.000000e+00 0.000000e+00
    outer loop
      vertex   1.915000e+01 -7.600000e+00 0.000000e+00
      vertex   2.050000e+01 -7.600000e+00 6.100000e+00
      vertex   1.911763e+01 -7.600000e+00 2.458781e-01
    endloop
  endfacet
  facet normal 0.000000e+00 -1.000000e+00 0.000000e+00
    outer loop
      vertex   1.911763e+01 -7.600000e+00 2.458781e-01
      vertex   2.050000e+01 -7.600000e+00 6.100000e+00
      vertex   1.902272e+01 -7.600000e+00 4.750000e-01
    endloop
  endfacet
  facet normal 0.000000e+00 -1.000000e+00 0.000000e+00
    outer loop
      vertex   1.902272e+01 -7.600000e+00 4.750000e-01
      vertex   2.050000e+01 -7.600000e+00 6.100000e+00
      vertex   1.887175e+01 -7.600000e+00 6.717514e-01
    endloop
  endfacet
  facet normal 0.000000e+00 -1.000000e+00 0.000000e+00
    outer loop
      vertex   1.887175e+01 -7.600000e+00 6.717514e-01
      vertex   2.050000e+01 -7.600000e+00 6.100000e+00
      vertex   1.867500e+01 -7.600000e+00 8.227241e-01
    endloop
  endfacet
  facet normal 0.000000e+00 -1.000000e+00 0.000000e+00
    outer loop
      vertex   1.867500e+01 -7.600000e+00 8.227241e-01
      vertex   2.050000e+01 -7.600000e+00 6.100000e+00
      vertex   1.844588e+01 -7.600000e+00 9.176295e-01
    endloop
  endfacet
  facet normal 0.000000e+00 -1.000000e+00 0.000000e+00
    outer loop
      vertex   1.844588e+01 -7.600000e+00 9.176295e-01
      vertex   2.050000e+01 -7.600000e+00 6.100000e+00
      vertex   1.820000e+01 -7.600000e+00 9.500000e-01
    endloop
  endfacet
  facet normal 0.000000e+00 -1.000000e+00 0.000000e+00
    outer loop
      vertex   1.820000e+01 -7.600000e+00 9.500000e-01
      vertex   2.050000e+01 -7.600000e+00 6.100000e+00
      vertex   1.560000e+01 -7.600000e+00 6.100000e+00
    endloop
  endfacet
  facet normal -0.000000e+00 -1.000000e+00 0.000000e+00
    outer loop
      vertex   1.820000e+01 -7.600000e+00 9.500000e-01
      vertex   1.560000e+01 -7.600000e+00 6.100000e+00
      vertex   1.795412e+01 -7.600000e+00 9.176295e-01
    endloop
  endfacet
  facet normal -0.000000e+00 -1.000000e+00 0.000000e+00
    outer loop
      vertex   1.795412e+01 -7.600000e+00 9.176295e-01
      vertex   1.560000e+01 -7.600000e+00 6.100000e+00
      vertex   1.772500e+01 -7.600000e+00 8.227241e-01
    endloop
  endfacet
  facet normal -0.000000e+00 -1.000000e+00 0.000000e+00
    outer loop
      vertex   1.772500e+01 -7.600000e+00 8.227241e-01
      vertex   1.560000e+01 -7.600000e+00 6.100000e+00
      vertex   1.752825e+01 -7.600000e+00 6.717514e-01
    endloop
  endfacet
  facet normal -0.000000e+00 -1.000000e+00 0.000000e+00
    outer loop
      vertex   1.752825e+01 -7.600000e+00 6.717514e-01
      vertex   1.560000e+01 -7.600000e+00 6.100000e+00
      vertex   1.737728e+01 -7.600000e+00 4.750000e-01
    endloop
  endfacet
  facet normal -0.000000e+00 -1.000000e+00 0.000000e+00
    outer loop
      vertex   1.737728e+01 -7.600000e+00 4.750000e-01
      vertex   1.560000e+01 -7.600000e+00 6.100000e+00
      vertex   1.728237e+01 -7.600000e+00 2.458781e-01
    endloop
  endfacet
  facet normal -0.000000e+00 -1.000000e+00 0.000000e+00
    outer loop
      vertex   -1.051763e+01 -7.600000e+00 2.458781e-01
      vertex   -1.700000e+01 -7.600000e+00 9.100000e+00
      vertex   -1.055000e+01 -7.600000e+00 -7.413695e-17
    endloop
  endfacet
  facet normal -0.000000e+00 -1.000000e+00 0.000000e+00
    outer loop
      vertex   -1.055000e+01 -7.600000e+00 -7.413695e-17
      vertex   -1.700000e+01 -7.600000e+00 9.100000e+00
      vertex   -1.700000e+01 -7.600000e+00 -9.100000e+00
    endloop
  endfacet
  facet normal 0.000000e+00 -1.000000e+00 -0.000000e+00
    outer loop
      vertex   -1.055000e+01 -7.600000e+00 -7.413695e-17
      vertex   -1.700000e+01 -7.600000e+00 -9.100000e+00
      vertex   -1.051763e+01 -7.600000e+00 -2.458781e-01
    endloop
  endfacet
  facet normal 0.000000e+00 -1.000000e+00 -0.000000e+00
    outer loop
      vertex   -1.051763e+01 -7.600000e+00 -2.458781e-01
      vertex   -1.700000e+01 -7.600000e+00 -9.100000e+00
      vertex   -1.031851e+01 -7.600000e+00 -6.100000e+00
    endloop
  endfacet
  facet normal 0.000000e+00 -1.000000e+00 0.000000e+00
    outer loop
      vertex   -1.051763e+01 -7.600000e+00 -2.458781e-01
      vertex   -1.031851e+01 -7.600000e+00 -6.100000e+00
      vertex   -1.042272e+01 -7.600000e+00 -4.750000e-01
    endloop
  endfacet
  facet normal 0.000000e+00 -1.000000e+00 0.000000e+00
    outer loop
      vertex   -1.042272e+01 -7.600000e+00 -4.750000e-01
      vertex   -1.031851e+01 -7.600000e+00 -6.100000e+00
      vertex   -1.027175e+01 -7.600000e+00 -6.717514e-01
    endloop
  endfacet
  facet normal 5.318054e-15 -1.000000e+00 -4.580831e-17
    outer loop
      vertex   -1.027175e+01 -7.600000e+00 -6.717514e-01
      vertex   -1.031851e+01 -7.600000e+00 -6.100000e+00
      vertex   -9.980527e+00 -7.600000e+00 -5.640447e+00
    endloop
  endfacet
  facet normal -2.872456e-16 -1.000000e+00 -3.743457e-16
    outer loop
      vertex   -1.027175e+01 -7.600000e+00 -6.717514e-01
      vertex   -9.980527e+00 -7.600000e+00 -5.640447e+00
      vertex   -1.007500e+01 -7.600000e+00 -8.227241e-01
    endloop
  endfacet
  facet normal -8.204443e-15 -1.000000e+00 -5.295984e-16
    outer loop
      vertex   -1.007500e+01 -7.600000e+00 -8.227241e-01
      vertex   -9.980527e+00 -7.600000e+00 -5.640447e+00
      vertex   -9.682227e+00 -7.600000e+00 -5.230419e+00
    endloop
  endfacet
  facet normal -2.493906e-16 -1.000000e+00 1.792829e-16
    outer loop
      vertex   -1.007500e+01 -7.600000e+00 -8.227241e-01
      vertex   -9.682227e+00 -7.600000e+00 -5.230419e+00
      vertex   -9.417331e+00 -7.600000e+00 -4.861937e+00
    endloop
  endfacet
  facet normal 0.000000e+00 -1.000000e+00 0.000000e+00
    outer loop
      vertex   -1.700000e+01 -7.600000e+00 9.100000e+00
      vertex   -1.051763e+01 -7.600000e+00 2.458781e-01
      vertex   -1.031851e+01 -7.600000e+00 6.100000e+00
    endloop
  endfacet
  facet normal 0.000000e+00 -1.000000e+00 0.000000e+00
    outer loop
      vertex   -1.031851e+01 -7.600000e+00 6.100000e+00
      vertex   -1.051763e+01 -7.600000e+00 2.458781e-01
      vertex   -1.042272e+01 -7.600000e+00 4.750000e-01
    endloop
  endfacet
  facet normal 0.000000e+00 -1.000000e+00 -0.000000e+00
    outer loop
      vertex   -1.031851e+01 -7.600000e+00 6.100000e+00
      vertex   -1.042272e+01 -7.600000e+00 4.750000e-01
      vertex   -1.027175e+01 -7.600000e+00 6.717514e-01
    endloop
  endfacet
  facet normal -2.659027e-15 -1.000000e+00 -2.290416e-17
    outer loop
      vertex   -1.031851e+01 -7.600000e+00 6.100000e+00
      vertex   -1.027175e+01 -7.600000e+00 6.717514e-01
      vertex   -9.980527e+00 -7.600000e+00 5.640447e+00
    endloop
  endfacet
  facet normal 1.436228e-16 -1.000000e+00 -1.871728e-16
    outer loop
      vertex   -9.980527e+00 -7.600000e+00 5.640447e+00
      vertex   -1.027175e+01 -7.600000e+00 6.717514e-01
      vertex   -1.007500e+01 -7.600000e+00 8.227241e-01
    endloop
  endfacet
  facet normal -2.467559e-16 -1.000000e+00 -1.795177e-16
    outer loop
      vertex   -9.980527e+00 -7.600000e+00 5.640447e+00
      vertex   -1.007500e+01 -7.600000e+00 8.227241e-01
      vertex   -9.682227e+00 -7.600000e+00 5.230419e+00
    endloop
  endfacet
  facet normal 8.700059e-15 -1.000000e+00 -9.767758e-16
    outer loop
      vertex   -9.682227e+00 -7.600000e+00 5.230419e+00
      vertex   -1.007500e+01 -7.600000e+00 8.227241e-01
      vertex   -9.417331e+00 -7.600000e+00 4.861937e+00
    endloop
  endfacet
  facet normal -1.953360e-16 -1.000000e+00 4.715828e-16
    outer loop
      vertex   -9.417331e+00 -7.600000e+00 4.861937e+00
      vertex   -1.007500e+01 -7.600000e+00 8.227241e-01
      vertex   -9.845878e+00 -7.600000e+00 9.176295e-01
    endloop
  endfacet
  facet normal -5.963240e-15 -1.000000e+00 1.098263e-15
    outer loop
      vertex   -9.417331e+00 -7.600000e+00 4.861937e+00
      vertex   -9.845878e+00 -7.600000e+00 9.176295e-01
      vertex   -9.180832e+00 -7.600000e+00 4.528631e+00
    endloop
  endfacet
  facet normal 0.000000e+00 -1.000000e+00 0.000000e+00
    outer loop
      vertex   -9.180832e+00 -7.600000e+00 4.528631e+00
      vertex   -9.845878e+00 -7.600000e+00 9.176295e-01
      vertex   -9.600000e+00 -7.600000e+00 9.500000e-01
    endloop
  endfacet
  facet normal 0.000000e+00 -1.000000e+00 -0.000000e+00
    outer loop
      vertex   -9.180832e+00 -7.600000e+00 4.528631e+00
      vertex   -9.600000e+00 -7.600000e+00 9.500000e-01
      vertex   -8.968689e+00 -7.600000e+00 4.225354e+00
    endloop
  endfacet
  facet normal 0.000000e+00 -1.000000e+00 -0.000000e+00
    outer loop
      vertex   -8.968689e+00 -7.600000e+00 4.225354e+00
      vertex   -9.600000e+00 -7.600000e+00 9.500000e-01
      vertex   -8.777607e+00 -7.600000e+00 3.947899e+00
    endloop
  endfacet
  facet normal 0.000000e+00 -1.000000e+00 0.000000e+00
    outer loop
      vertex   -8.777607e+00 -7.600000e+00 3.947899e+00
      vertex   -9.600000e+00 -7.600000e+00 9.500000e-01
      vertex   -9.354122e+00 -7.600000e+00 9.176295e-01
    endloop
  endfacet
  facet normal 0.000000e+00 -1.000000e+00 -0.000000e+00
    outer loop
      vertex   -8.777607e+00 -7.600000e+00 3.947899e+00
      vertex   -9.354122e+00 -7.600000e+00 9.176295e-01
      vertex   -8.604869e+00 -7.600000e+00 3.692795e+00
    endloop
  endfacet
  facet normal 0.000000e+00 -1.000000e+00 -0.000000e+00
    outer loop
      vertex   -8.604869e+00 -7.600000e+00 3.692795e+00
      vertex   -9.354122e+00 -7.600000e+00 9.176295e-01
      vertex   -8.448219e+00 -7.600000e+00 3.457152e+00
    endloop
  endfacet
  facet normal 0.000000e+00 -1.000000e+00 0.000000e+00
    outer loop
      vertex   -8.448219e+00 -7.600000e+00 3.457152e+00
      vertex   -9.354122e+00 -7.600000e+00 9.176295e-01
      vertex   -9.125000e+00 -7.600000e+00 8.227241e-01
    endloop
  endfacet
  facet normal -4.471961e-15 -1.000000e+00 1.148840e-15
    outer loop
      vertex   -8.448219e+00 -7.600000e+00 3.457152e+00
      vertex   -9.125000e+00 -7.600000e+00 8.227241e-01
      vertex   -8.305770e+00 -7.600000e+00 3.238541e+00
    endloop
  endfacet
  facet normal 1.302009e-14 -1.000000e+00 -4.782909e-15
    outer loop
      vertex   -8.305770e+00 -7.600000e+00 3.238541e+00
      vertex   -9.125000e+00 -7.600000e+00 8.227241e-01
      vertex   -8.175926e+00 -7.600000e+00 3.034907e+00
    endloop
  endfacet
  facet normal 4.635531e-16 -1.000000e+00 6.041141e-16
    outer loop
      vertex   -8.175926e+00 -7.600000e+00 3.034907e+00
      vertex   -9.125000e+00 -7.600000e+00 8.227241e-01
      vertex   -8.928249e+00 -7.600000e+00 6.717514e-01
    endloop
  endfacet
  facet normal -4.349919e-15 -1.000000e+00 2.136506e-15
    outer loop
      vertex   -8.175926e+00 -7.600000e+00 3.034907e+00
      vertex   -8.928249e+00 -7.600000e+00 6.717514e-01
      vertex   -7.948847e+00 -7.600000e+00 2.665809e+00
    endloop
  endfacet
  facet normal 0.000000e+00 -1.000000e+00 0.000000e+00
    outer loop
      vertex   -7.948847e+00 -7.600000e+00 2.665809e+00
      vertex   -8.928249e+00 -7.600000e+00 6.717514e-01
      vertex   -8.777276e+00 -7.600000e+00 4.750000e-01
    endloop
  endfacet
  facet normal -2.826325e-15 -1.000000e+00 1.068742e-15
    outer loop
      vertex   -7.948847e+00 -7.600000e+00 2.665809e+00
      vertex   -8.777276e+00 -7.600000e+00 4.750000e-01
      vertex   -7.758337e+00 -7.600000e+00 2.338569e+00
    endloop
  endfacet
  facet normal -4.362808e-16 -1.000000e+00 -2.380566e-16
    outer loop
      vertex   -7.758337e+00 -7.600000e+00 2.338569e+00
      vertex   -8.777276e+00 -7.600000e+00 4.750000e-01
      vertex   -7.597975e+00 -7.600000e+00 2.044678e+00
    endloop
  endfacet
  facet normal -4.854807e-16 -1.000000e+00 -2.010927e-16
    outer loop
      vertex   -7.597975e+00 -7.600000e+00 2.044678e+00
      vertex   -8.777276e+00 -7.600000e+00 4.750000e-01
      vertex   -8.682370e+00 -7.600000e+00 2.458781e-01
    endloop
  endfacet
  facet normal -4.454348e-16 -1.000000e+00 -2.252341e-16
    outer loop
      vertex   -7.597975e+00 -7.600000e+00 2.044678e+00
      vertex   -8.682370e+00 -7.600000e+00 2.458781e-01
      vertex   -7.462914e+00 -7.600000e+00 1.777574e+00
    endloop
  endfacet
  facet normal 8.164809e-15 -1.000000e+00 -7.080262e-15
    outer loop
      vertex   -7.462914e+00 -7.600000e+00 1.777574e+00
      vertex   -8.682370e+00 -7.600000e+00 2.458781e-01
      vertex   -7.349446e+00 -7.600000e+00 1.532090e+00
    endloop
  endfacet
  facet normal -4.414828e-15 -1.000000e+00 5.956241e-15
    outer loop
      vertex   -7.349446e+00 -7.600000e+00 1.532090e+00
      vertex   -8.682370e+00 -7.600000e+00 2.458781e-01
      vertex   -7.254711e+00 -7.600000e+00 1.304074e+00
    endloop
  endfacet
  facet normal 0.000000e+00 -1.000000e+00 0.000000e+00
    outer loop
      vertex   -7.254711e+00 -7.600000e+00 1.304074e+00
      vertex   -8.682370e+00 -7.600000e+00 2.458781e-01
      vertex   -8.650000e+00 -7.600000e+00 4.220449e-17
    endloop
  endfacet
  facet normal 0.000000e+00 -1.000000e+00 -0.000000e+00
    outer loop
      vertex   -7.254711e+00 -7.600000e+00 1.304074e+00
      vertex   -8.650000e+00 -7.600000e+00 4.220449e-17
      vertex   -7.176491e+00 -7.600000e+00 1.090123e+00
    endloop
  endfacet
  facet normal 2.734695e-15 -1.000000e+00 -3.696462e-15
    outer loop
      vertex   -7.176491e+00 -7.600000e+00 1.090123e+00
      vertex   -8.650000e+00 -7.600000e+00 4.220449e-17
      vertex   -7.063132e+00 -7.600000e+00 6.934315e-01
    endloop
  endfacet
  facet normal -9.112806e-16 -1.000000e+00 4.647090e-15
    outer loop
      vertex   -7.063132e+00 -7.600000e+00 6.934315e-01
      vertex   -8.650000e+00 -7.600000e+00 4.220449e-17
      vertex   -7.000000e+00 -7.600000e+00 3.235601e-01
    endloop
  endfacet
  facet normal 0.000000e+00 -1.000000e+00 0.000000e+00
    outer loop
      vertex   -7.000000e+00 -7.600000e+00 3.235601e-01
      vertex   -8.650000e+00 -7.600000e+00 4.220449e-17
      vertex   -7.000000e+00 -7.600000e+00 -3.235601e-01
    endloop
  endfacet
  facet normal -0.000000e+00 -1.000000e+00 0.000000e+00
    outer loop
      vertex   -7.000000e+00 -7.600000e+00 -3.235601e-01
      vertex   -8.650000e+00 -7.600000e+00 4.220449e-17
      vertex   -7.063132e+00 -7.600000e+00 -6.934315e-01
    endloop
  endfacet
  facet normal -0.000000e+00 -1.000000e+00 0.000000e+00
    outer loop
      vertex   -7.063132e+00 -7.600000e+00 -6.934315e-01
      vertex   -8.650000e+00 -7.600000e+00 4.220449e-17
      vertex   -7.176491e+00 -7.600000e+00 -1.090123e+00
    endloop
  endfacet
  facet normal -4.834733e-15 -1.000000e+00 -6.535063e-15
    outer loop
      vertex   -7.176491e+00 -7.600000e+00 -1.090123e+00
      vertex   -8.650000e+00 -7.600000e+00 4.220449e-17
      vertex   -7.254711e+00 -7.600000e+00 -1.304074e+00
    endloop
  endfacet
  facet normal 1.133622e-15 -1.000000e+00 -1.492442e-16
    outer loop
      vertex   -7.254711e+00 -7.600000e+00 -1.304074e+00
      vertex   -8.650000e+00 -7.600000e+00 4.220449e-17
      vertex   -8.682370e+00 -7.600000e+00 -2.458781e-01
    endloop
  endfacet
  facet normal 7.573530e-15 -1.000000e+00 8.539123e-15
    outer loop
      vertex   -7.254711e+00 -7.600000e+00 -1.304074e+00
      vertex   -8.682370e+00 -7.600000e+00 -2.458781e-01
      vertex   -7.349446e+00 -7.600000e+00 -1.532090e+00
    endloop
  endfacet
  facet normal -4.608073e-16 -1.000000e+00 2.129953e-16
    outer loop
      vertex   -7.349446e+00 -7.600000e+00 -1.532090e+00
      vertex   -8.682370e+00 -7.600000e+00 -2.458781e-01
      vertex   -7.462914e+00 -7.600000e+00 -1.777574e+00
    endloop
  endfacet
  facet normal -2.999760e-15 -1.000000e+00 -1.808387e-15
    outer loop
      vertex   -7.462914e+00 -7.600000e+00 -1.777574e+00
      vertex   -8.682370e+00 -7.600000e+00 -2.458781e-01
      vertex   -7.597975e+00 -7.600000e+00 -2.044678e+00
    endloop
  endfacet
  facet normal 0.000000e+00 -1.000000e+00 0.000000e+00
    outer loop
      vertex   -7.597975e+00 -7.600000e+00 -2.044678e+00
      vertex   -8.682370e+00 -7.600000e+00 -2.458781e-01
      vertex   -8.777276e+00 -7.600000e+00 -4.750000e-01
    endloop
  endfacet
  facet normal -6.990551e-15 -1.000000e+00 -5.252008e-15
    outer loop
      vertex   -7.597975e+00 -7.600000e+00 -2.044678e+00
      vertex   -8.777276e+00 -7.600000e+00 -4.750000e-01
      vertex   -7.758337e+00 -7.600000e+00 -2.338569e+00
    endloop
  endfacet
  facet normal 3.670657e-15 -1.000000e+00 5.771937e-16
    outer loop
      vertex   -7.758337e+00 -7.600000e+00 -2.338569e+00
      vertex   -8.777276e+00 -7.600000e+00 -4.750000e-01
      vertex   -7.948847e+00 -7.600000e+00 -2.665809e+00
    endloop
  endfacet
  facet normal 7.078542e-16 -1.000000e+00 -5.431556e-16
    outer loop
      vertex   -7.948847e+00 -7.600000e+00 -2.665809e+00
      vertex   -8.777276e+00 -7.600000e+00 -4.750000e-01
      vertex   -8.928249e+00 -7.600000e+00 -6.717514e-01
    endloop
  endfacet
  facet normal 8.051659e-16 -1.000000e+00 -4.953600e-16
    outer loop
      vertex   -7.948847e+00 -7.600000e+00 -2.665809e+00
      vertex   -8.928249e+00 -7.600000e+00 -6.717514e-01
      vertex   -8.175926e+00 -7.600000e+00 -3.034907e+00
    endloop
  endfacet
  facet normal 4.635531e-16 -1.000000e+00 -6.041141e-16
    outer loop
      vertex   -8.175926e+00 -7.600000e+00 -3.034907e+00
      vertex   -8.928249e+00 -7.600000e+00 -6.717514e-01
      vertex   -9.125000e+00 -7.600000e+00 -8.227241e-01
    endloop
  endfacet
  facet normal 1.302009e-14 -1.000000e+00 4.782909e-15
    outer loop
      vertex   -8.175926e+00 -7.600000e+00 -3.034907e+00
      vertex   -9.125000e+00 -7.600000e+00 -8.227241e-01
      vertex   -8.305770e+00 -7.600000e+00 -3.238541e+00
    endloop
  endfacet
  facet normal -3.710938e-16 -1.000000e+00 2.418093e-16
    outer loop
      vertex   -8.305770e+00 -7.600000e+00 -3.238541e+00
      vertex   -9.125000e+00 -7.600000e+00 -8.227241e-01
      vertex   -8.448219e+00 -7.600000e+00 -3.457152e+00
    endloop
  endfacet
  facet normal -1.262181e-16 -1.000000e+00 3.047175e-16
    outer loop
      vertex   -8.448219e+00 -7.600000e+00 -3.457152e+00
      vertex   -9.125000e+00 -7.600000e+00 -8.227241e-01
      vertex   -9.354122e+00 -7.600000e+00 -9.176295e-01
    endloop
  endfacet
  facet normal -4.032237e-15 -1.000000e+00 -1.088644e-15
    outer loop
      vertex   -8.448219e+00 -7.600000e+00 -3.457152e+00
      vertex   -9.354122e+00 -7.600000e+00 -9.176295e-01
      vertex   -8.604869e+00 -7.600000e+00 -3.692795e+00
    endloop
  endfacet
  facet normal -0.000000e+00 -1.000000e+00 0.000000e+00
    outer loop
      vertex   -8.604869e+00 -7.600000e+00 -3.692795e+00
      vertex   -9.354122e+00 -7.600000e+00 -9.176295e-01
      vertex   -8.777607e+00 -7.600000e+00 -3.947899e+00
    endloop
  endfacet
  facet normal 0.000000e+00 -1.000000e+00 0.000000e+00
    outer loop
      vertex   -8.777607e+00 -7.600000e+00 -3.947899e+00
      vertex   -9.354122e+00 -7.600000e+00 -9.176295e-01
      vertex   -9.600000e+00 -7.600000e+00 -9.500000e-01
    endloop
  endfacet
  facet normal -0.000000e+00 -1.000000e+00 0.000000e+00
    outer loop
      vertex   -8.777607e+00 -7.600000e+00 -3.947899e+00
      vertex   -9.600000e+00 -7.600000e+00 -9.500000e-01
      vertex   -8.968689e+00 -7.600000e+00 -4.225354e+00
    endloop
  endfacet
  facet normal -0.000000e+00 -1.000000e+00 0.000000e+00
    outer loop
      vertex   -8.968689e+00 -7.600000e+00 -4.225354e+00
      vertex   -9.600000e+00 -7.600000e+00 -9.500000e-01
      vertex   -9.180832e+00 -7.600000e+00 -4.528631e+00
    endloop
  endfacet
  facet normal 0.000000e+00 -1.000000e+00 0.000000e+00
    outer loop
      vertex   -9.180832e+00 -7.600000e+00 -4.528631e+00
      vertex   -9.600000e+00 -7.600000e+00 -9.500000e-01
      vertex   -9.845878e+00 -7.600000e+00 -9.176295e-01
    endloop
  endfacet
  facet normal 2.981620e-15 -1.000000e+00 5.491316e-16
    outer loop
      vertex   -9.180832e+00 -7.600000e+00 -4.528631e+00
      vertex   -9.845878e+00 -7.600000e+00 -9.176295e-01
      vertex   -9.417331e+00 -7.600000e+00 -4.861937e+00
    endloop
  endfacet
  facet normal 9.766800e-17 -1.000000e+00 2.357914e-16
    outer loop
      vertex   -9.417331e+00 -7.600000e+00 -4.861937e+00
      vertex   -9.845878e+00 -7.600000e+00 -9.176295e-01
      vertex   -1.007500e+01 -7.600000e+00 -8.227241e-01
    endloop
  endfacet
  facet normal 0.000000e+00 -1.000000e+00 0.000000e+00
    outer loop
      vertex   -1.031851e+01 -7.600000e+00 6.100000e+00
      vertex   -1.031851e+01 -7.600000e+00 9.100000e+00
      vertex   -1.700000e+01 -7.600000e+00 9.100000e+00
    endloop
  endfacet
  facet normal 0.000000e+00 -1.000000e+00 0.000000e+00
    outer loop
      vertex   -1.700000e+01 -7.600000e+00 -9.100000e+00
      vertex   -1.031851e+01 -7.600000e+00 -9.100000e+00
      vertex   -1.031851e+01 -7.600000e+00 -6.100000e+00
    endloop
  endfacet
  facet normal 1.000000e+00 0.000000e+00 -0.000000e+00
    outer loop
      vertex   -1.031851e+01 0.000000e+00 6.100000e+00
      vertex   -1.031851e+01 0.000000e+00 6.126041e+00
      vertex   -1.031851e+01 -7.600000e+00 6.100000e+00
    endloop
  endfacet
  facet normal 1.000000e+00 0.000000e+00 0.000000e+00
    outer loop
      vertex   -1.031851e+01 -7.600000e+00 6.100000e+00
      vertex   -1.031851e+01 0.000000e+00 6.126041e+00
      vertex   -1.031851e+01 -7.600000e+00 9.100000e+00
    endloop
  endfacet
  facet normal 1.000000e+00 -0.000000e+00 0.000000e+00
    outer loop
      vertex   -1.031851e+01 -7.600000e+00 9.100000e+00
      vertex   -1.031851e+01 0.000000e+00 6.126041e+00
      vertex   -1.031851e+01 0.000000e+00 9.100000e+00
    endloop
  endfacet
  facet normal 9.089708e-09 0.000000e+00 1.000000e+00
    outer loop
      vertex   -1.031851e+01 0.000000e+00 9.100000e+00
      vertex   -1.700000e+01 0.000000e+00 9.100000e+00
      vertex   -1.031851e+01 -7.600000e+00 9.100000e+00
    endloop
  endfacet
  facet normal 9.089708e-09 -2.642511e-25 1.000000e+00
    outer loop
      vertex   -1.031851e+01 -7.600000e+00 9.100000e+00
      vertex   -1.700000e+01 0.000000e+00 9.100000e+00
      vertex   -1.700000e+01 -7.600000e+00 9.100000e+00
    endloop
  endfacet
  facet normal 0.000000e+00 -1.000000e+00 0.000000e+00
    outer loop
      vertex   -1.700000e+01 0.000000e+00 9.100000e+00
      vertex   -1.031851e+01 0.000000e+00 9.100000e+00
      vertex   -1.700000e+01 0.000000e+00 1.150000e+01
    endloop
  endfacet
  facet normal 0.000000e+00 -1.000000e+00 0.000000e+00
    outer loop
      vertex   -1.700000e+01 0.000000e+00 1.150000e+01
      vertex   -1.031851e+01 0.000000e+00 9.100000e+00
      vertex   -1.696587e+01 0.000000e+00 1.223815e+01
    endloop
  endfacet
  facet normal 0.000000e+00 -1.000000e+00 0.000000e+00
    outer loop
      vertex   -1.696587e+01 0.000000e+00 1.223815e+01
      vertex   -1.031851e+01 0.000000e+00 9.100000e+00
      vertex   -1.686378e+01 0.000000e+00 1.297000e+01
    endloop
  endfacet
  facet normal 0.000000e+00 -1.000000e+00 0.000000e+00
    outer loop
      vertex   -1.686378e+01 0.000000e+00 1.297000e+01
      vertex   -1.031851e+01 0.000000e+00 9.100000e+00
      vertex   -1.669461e+01 0.000000e+00 1.368930e+01
    endloop
  endfacet
  facet normal 0.000000e+00 -1.000000e+00 0.000000e+00
    outer loop
      vertex   -1.669461e+01 0.000000e+00 1.368930e+01
      vertex   -1.031851e+01 0.000000e+00 9.100000e+00
      vertex   -1.645978e+01 0.000000e+00 1.438993e+01
    endloop
  endfacet
  facet normal 0.000000e+00 -1.000000e+00 0.000000e+00
    outer loop
      vertex   -1.645978e+01 0.000000e+00 1.438993e+01
      vertex   -1.031851e+01 0.000000e+00 9.100000e+00
      vertex   -1.616131e+01 0.000000e+00 1.506591e+01
    endloop
  endfacet
  facet normal 0.000000e+00 -1.000000e+00 0.000000e+00
    outer loop
      vertex   -1.616131e+01 0.000000e+00 1.506591e+01
      vertex   -1.031851e+01 0.000000e+00 9.100000e+00
      vertex   -1.580174e+01 0.000000e+00 1.571146e+01
    endloop
  endfacet
  facet normal 0.000000e+00 -1.000000e+00 0.000000e+00
    outer loop
      vertex   -1.580174e+01 0.000000e+00 1.571146e+01
      vertex   -1.031851e+01 0.000000e+00 9.100000e+00
      vertex   -1.538414e+01 0.000000e+00 1.632108e+01
    endloop
  endfacet
  facet normal 0.000000e+00 -1.000000e+00 0.000000e+00
    outer loop
      vertex   -1.538414e+01 0.000000e+00 1.632108e+01
      vertex   -1.031851e+01 0.000000e+00 9.100000e+00
      vertex   -1.491207e+01 0.000000e+00 1.688957e+01
    endloop
  endfacet
  facet normal 0.000000e+00 -1.000000e+00 0.000000e+00
    outer loop
      vertex   -1.491207e+01 0.000000e+00 1.688957e+01
      vertex   -1.031851e+01 0.000000e+00 9.100000e+00
      vertex   -1.438957e+01 0.000000e+00 1.741207e+01
    endloop
  endfacet
  facet normal 0.000000e+00 -1.000000e+00 0.000000e+00
    outer loop
      vertex   -1.438957e+01 0.000000e+00 1.741207e+01
      vertex   -1.031851e+01 0.000000e+00 9.100000e+00
      vertex   -6.527782e+00 0.000000e+00 1.006916e+01
    endloop
  endfacet
  facet normal 0.000000e+00 -1.000000e+00 0.000000e+00
    outer loop
      vertex   -1.438957e+01 0.000000e+00 1.741207e+01
      vertex   -6.527782e+00 0.000000e+00 1.006916e+01
      vertex   -5.737655e+00 0.000000e+00 1.053942e+01
    endloop
  endfacet
  facet normal 0.000000e+00 -1.000000e+00 0.000000e+00
    outer loop
      vertex   -1.031851e+01 0.000000e+00 6.126041e+00
      vertex   -9.819167e+00 0.000000e+00 6.898113e+00
      vertex   -1.031851e+01 0.000000e+00 9.100000e+00
    endloop
  endfacet
  facet normal 0.000000e+00 -1.000000e+00 0.000000e+00
    outer loop
      vertex   -1.031851e+01 0.000000e+00 9.100000e+00
      vertex   -9.819167e+00 0.000000e+00 6.898113e+00
      vertex   -9.262176e+00 0.000000e+00 7.629686e+00
    endloop
  endfacet
  facet normal 0.000000e+00 -1.000000e+00 0.000000e+00
    outer loop
      vertex   -1.031851e+01 0.000000e+00 9.100000e+00
      vertex   -9.262176e+00 0.000000e+00 7.629686e+00
      vertex   -8.650805e+00 0.000000e+00 8.316464e+00
    endloop
  endfacet
  facet normal 0.000000e+00 -1.000000e+00 0.000000e+00
    outer loop
      vertex   -8.650805e+00 0.000000e+00 8.316464e+00
      vertex   -7.988645e+00 0.000000e+00 8.954415e+00
      vertex   -1.031851e+01 0.000000e+00 9.100000e+00
    endloop
  endfacet
  facet normal 0.000000e+00 -1.000000e+00 0.000000e+00
    outer loop
      vertex   -1.031851e+01 0.000000e+00 9.100000e+00
      vertex   -7.988645e+00 0.000000e+00 8.954415e+00
      vertex   -7.279583e+00 0.000000e+00 9.539794e+00
    endloop
  endfacet
  facet normal 0.000000e+00 -1.000000e+00 0.000000e+00
    outer loop
      vertex   -1.031851e+01 0.000000e+00 9.100000e+00
      vertex   -7.279583e+00 0.000000e+00 9.539794e+00
      vertex   -6.527782e+00 0.000000e+00 1.006916e+01
    endloop
  endfacet
  facet normal 0.000000e+00 -1.000000e+00 0.000000e+00
    outer loop
      vertex   -5.737655e+00 0.000000e+00 1.053942e+01
      vertex   -4.913842e+00 0.000000e+00 1.094779e+01
      vertex   -1.438957e+01 0.000000e+00 1.741207e+01
    endloop
  endfacet
  facet normal 0.000000e+00 -1.000000e+00 0.000000e+00
    outer loop
      vertex   -1.438957e+01 0.000000e+00 1.741207e+01
      vertex   -4.913842e+00 0.000000e+00 1.094779e+01
      vertex   -4.061179e+00 0.000000e+00 1.129189e+01
    endloop
  endfacet
  facet normal 0.000000e+00 -1.000000e+00 0.000000e+00
    outer loop
      vertex   -1.438957e+01 0.000000e+00 1.741207e+01
      vertex   -4.061179e+00 0.000000e+00 1.129189e+01
      vertex   -3.184673e+00 0.000000e+00 1.156970e+01
    endloop
  endfacet
  facet normal 0.000000e+00 -1.000000e+00 0.000000e+00
    outer loop
      vertex   -3.184673e+00 0.000000e+00 1.156970e+01
      vertex   -2.289470e+00 0.000000e+00 1.177957e+01
      vertex   -1.438957e+01 0.000000e+00 1.741207e+01
    endloop
  endfacet
  facet normal 0.000000e+00 -1.000000e+00 0.000000e+00
    outer loop
      vertex   -1.438957e+01 0.000000e+00 1.741207e+01
      vertex   -2.289470e+00 0.000000e+00 1.177957e+01
      vertex   -1.380824e+00 0.000000e+00 1.192029e+01
    endloop
  endfacet
  facet normal 0.000000e+00 -1.000000e+00 0.000000e+00
    outer loop
      vertex   -1.438957e+01 0.000000e+00 1.741207e+01
      vertex   -1.380824e+00 0.000000e+00 1.192029e+01
      vertex   -4.640720e-01 0.000000e+00 1.199102e+01
    endloop
  endfacet
  facet normal 0.000000e+00 -1.000000e+00 0.000000e+00
    outer loop
      vertex   -4.640720e-01 0.000000e+00 1.199102e+01
      vertex   4.554050e-01 0.000000e+00 1.199136e+01
      vertex   -1.438957e+01 0.000000e+00 1.741207e+01
    endloop
  endfacet
  facet normal 0.000000e+00 -1.000000e+00 0.000000e+00
    outer loop
      vertex   -1.438957e+01 0.000000e+00 1.741207e+01
      vertex   4.554050e-01 0.000000e+00 1.199136e+01
      vertex   1.491207e+01 0.000000e+00 1.688957e+01
    endloop
  endfacet
  facet normal 0.000000e+00 -1.000000e+00 0.000000e+00
    outer loop
      vertex   -1.438957e+01 0.000000e+00 1.741207e+01
      vertex   1.491207e+01 0.000000e+00 1.688957e+01
      vertex   1.438957e+01 0.000000e+00 1.741207e+01
    endloop
  endfacet
  facet normal 0.000000e+00 -1.000000e+00 0.000000e+00
    outer loop
      vertex   1.372208e+00 0.000000e+00 1.192129e+01
      vertex   1.696587e+01 0.000000e+00 1.223815e+01
      vertex   4.554050e-01 0.000000e+00 1.199136e+01
    endloop
  endfacet
  facet normal 0.000000e+00 -1.000000e+00 0.000000e+00
    outer loop
      vertex   4.554050e-01 0.000000e+00 1.199136e+01
      vertex   1.696587e+01 0.000000e+00 1.223815e+01
      vertex   1.686378e+01 0.000000e+00 1.297000e+01
    endloop
  endfacet
  facet normal 0.000000e+00 -1.000000e+00 0.000000e+00
    outer loop
      vertex   4.554050e-01 0.000000e+00 1.199136e+01
      vertex   1.686378e+01 0.000000e+00 1.297000e+01
      vertex   1.669461e+01 0.000000e+00 1.368930e+01
    endloop
  endfacet
  facet normal 0.000000e+00 -1.000000e+00 0.000000e+00
    outer loop
      vertex   1.372208e+00 0.000000e+00 1.192129e+01
      vertex   2.280955e+00 0.000000e+00 1.178122e+01
      vertex   1.696587e+01 0.000000e+00 1.223815e+01
    endloop
  endfacet
  facet normal 0.000000e+00 -1.000000e+00 0.000000e+00
    outer loop
      vertex   1.696587e+01 0.000000e+00 1.223815e+01
      vertex   2.280955e+00 0.000000e+00 1.178122e+01
      vertex   3.176310e+00 0.000000e+00 1.157199e+01
    endloop
  endfacet
  facet normal 0.000000e+00 -1.000000e+00 0.000000e+00
    outer loop
      vertex   1.696587e+01 0.000000e+00 1.223815e+01
      vertex   3.176310e+00 0.000000e+00 1.157199e+01
      vertex   4.053017e+00 0.000000e+00 1.129482e+01
    endloop
  endfacet
  facet normal 0.000000e+00 -1.000000e+00 0.000000e+00
    outer loop
      vertex   4.053017e+00 0.000000e+00 1.129482e+01
      vertex   4.905928e+00 0.000000e+00 1.095134e+01
      vertex   1.696587e+01 0.000000e+00 1.223815e+01
    endloop
  endfacet
  facet normal 0.000000e+00 -1.000000e+00 0.000000e+00
    outer loop
      vertex   1.696587e+01 0.000000e+00 1.223815e+01
      vertex   4.905928e+00 0.000000e+00 1.095134e+01
      vertex   5.730036e+00 0.000000e+00 1.054356e+01
    endloop
  endfacet
  facet normal 0.000000e+00 -1.000000e+00 0.000000e+00
    outer loop
      vertex   1.696587e+01 0.000000e+00 1.223815e+01
      vertex   5.730036e+00 0.000000e+00 1.054356e+01
      vertex   6.520502e+00 0.000000e+00 1.007388e+01
    endloop
  endfacet
  facet normal 0.000000e+00 -1.000000e+00 0.000000e+00
    outer loop
      vertex   6.520502e+00 0.000000e+00 1.007388e+01
      vertex   7.272686e+00 0.000000e+00 9.545053e+00
      vertex   1.696587e+01 0.000000e+00 1.223815e+01
    endloop
  endfacet
  facet normal 0.000000e+00 -1.000000e+00 0.000000e+00
    outer loop
      vertex   1.696587e+01 0.000000e+00 1.223815e+01
      vertex   7.272686e+00 0.000000e+00 9.545053e+00
      vertex   7.982171e+00 0.000000e+00 8.960187e+00
    endloop
  endfacet
  facet normal 0.000000e+00 -1.000000e+00 0.000000e+00
    outer loop
      vertex   1.696587e+01 0.000000e+00 1.223815e+01
      vertex   7.982171e+00 0.000000e+00 8.960187e+00
      vertex   8.644792e+00 0.000000e+00 8.322714e+00
    endloop
  endfacet
  facet normal 0.000000e+00 -1.000000e+00 0.000000e+00
    outer loop
      vertex   8.644792e+00 0.000000e+00 8.322714e+00
      vertex   9.256659e+00 0.000000e+00 7.636378e+00
      vertex   1.696587e+01 0.000000e+00 1.223815e+01
    endloop
  endfacet
  facet normal 0.000000e+00 -1.000000e+00 -0.000000e+00
    outer loop
      vertex   1.696587e+01 0.000000e+00 1.223815e+01
      vertex   9.256659e+00 0.000000e+00 7.636378e+00
      vertex   1.700000e+01 0.000000e+00 1.150000e+01
    endloop
  endfacet
  facet normal 0.000000e+00 -1.000000e+00 0.000000e+00
    outer loop
      vertex   1.700000e+01 0.000000e+00 1.150000e+01
      vertex   9.256659e+00 0.000000e+00 7.636378e+00
      vertex   9.814179e+00 0.000000e+00 6.905208e+00
    endloop
  endfacet
  facet normal 0.000000e+00 -1.000000e+00 0.000000e+00
    outer loop
      vertex   1.700000e+01 0.000000e+00 1.150000e+01
      vertex   9.814179e+00 0.000000e+00 6.905208e+00
      vertex   1.560000e+01 0.000000e+00 6.100000e+00
    endloop
  endfacet
  facet normal 0.000000e+00 -1.000000e+00 0.000000e+00
    outer loop
      vertex   1.560000e+01 0.000000e+00 6.100000e+00
      vertex   9.814179e+00 0.000000e+00 6.905208e+00
      vertex   1.031408e+01 0.000000e+00 6.133497e+00
    endloop
  endfacet
  facet normal -0.000000e+00 -1.000000e+00 0.000000e+00
    outer loop
      vertex   1.560000e+01 0.000000e+00 6.100000e+00
      vertex   1.031408e+01 0.000000e+00 6.133497e+00
      vertex   1.075342e+01 0.000000e+00 5.325775e+00
    endloop
  endfacet
  facet normal 0.000000e+00 -1.000000e+00 0.000000e+00
    outer loop
      vertex   1.075342e+01 0.000000e+00 5.325775e+00
      vertex   1.112963e+01 0.000000e+00 4.486786e+00
      vertex   1.560000e+01 0.000000e+00 6.100000e+00
    endloop
  endfacet
  facet normal 0.000000e+00 -1.000000e+00 0.000000e+00
    outer loop
      vertex   1.560000e+01 0.000000e+00 6.100000e+00
      vertex   1.112963e+01 0.000000e+00 4.486786e+00
      vertex   1.144050e+01 0.000000e+00 3.621454e+00
    endloop
  endfacet
  facet normal 0.000000e+00 -1.000000e+00 0.000000e+00
    outer loop
      vertex   1.560000e+01 0.000000e+00 6.100000e+00
      vertex   1.144050e+01 0.000000e+00 3.621454e+00
      vertex   1.168420e+01 0.000000e+00 2.734860e+00
    endloop
  endfacet
  facet normal 0.000000e+00 -1.000000e+00 0.000000e+00
    outer loop
      vertex   1.168420e+01 0.000000e+00 2.734860e+00
      vertex   1.185930e+01 0.000000e+00 1.832210e+00
      vertex   1.560000e+01 0.000000e+00 6.100000e+00
    endloop
  endfacet
  facet normal 0.000000e+00 -1.000000e+00 0.000000e+00
    outer loop
      vertex   1.560000e+01 0.000000e+00 6.100000e+00
      vertex   1.185930e+01 0.000000e+00 1.832210e+00
      vertex   1.196477e+01 0.000000e+00 9.188020e-01
    endloop
  endfacet
  facet normal 0.000000e+00 -1.000000e+00 0.000000e+00
    outer loop
      vertex   1.560000e+01 0.000000e+00 6.100000e+00
      vertex   1.196477e+01 0.000000e+00 9.188020e-01
      vertex   1.200000e+01 0.000000e+00 -5.329071e-15
    endloop
  endfacet
  facet normal 0.000000e+00 -1.000000e+00 -0.000000e+00
    outer loop
      vertex   1.560000e+01 0.000000e+00 6.100000e+00
      vertex   1.200000e+01 0.000000e+00 -5.329071e-15
      vertex   1.560000e+01 0.000000e+00 -6.100000e+00
    endloop
  endfacet
  facet normal 0.000000e+00 -1.000000e+00 0.000000e+00
    outer loop
      vertex   1.560000e+01 0.000000e+00 -6.100000e+00
      vertex   1.200000e+01 0.000000e+00 -5.329071e-15
      vertex   1.196477e+01 0.000000e+00 -9.188020e-01
    endloop
  endfacet
  facet normal 0.000000e+00 -1.000000e+00 0.000000e+00
    outer loop
      vertex   1.560000e+01 0.000000e+00 -6.100000e+00
      vertex   1.196477e+01 0.000000e+00 -9.188020e-01
      vertex   1.185930e+01 0.000000e+00 -1.832210e+00
    endloop
  endfacet
  facet normal 0.000000e+00 -1.000000e+00 -0.000000e+00
    outer loop
      vertex   1.185930e+01 0.000000e+00 -1.832210e+00
      vertex   1.168420e+01 0.000000e+00 -2.734860e+00
      vertex   1.560000e+01 0.000000e+00 -6.100000e+00
    endloop
  endfacet
  facet normal 0.000000e+00 -1.000000e+00 0.000000e+00
    outer loop
      vertex   1.560000e+01 0.000000e+00 -6.100000e+00
      vertex   1.168420e+01 0.000000e+00 -2.734860e+00
      vertex   1.144050e+01 0.000000e+00 -3.621454e+00
    endloop
  endfacet
  facet normal 0.000000e+00 -1.000000e+00 0.000000e+00
    outer loop
      vertex   1.560000e+01 0.000000e+00 -6.100000e+00
      vertex   1.144050e+01 0.000000e+00 -3.621454e+00
      vertex   1.112963e+01 0.000000e+00 -4.486786e+00
    endloop
  endfacet
  facet normal 0.000000e+00 -1.000000e+00 -0.000000e+00
    outer loop
      vertex   1.112963e+01 0.000000e+00 -4.486786e+00
      vertex   1.075342e+01 0.000000e+00 -5.325775e+00
      vertex   1.560000e+01 0.000000e+00 -6.100000e+00
    endloop
  endfacet
  facet normal -0.000000e+00 -1.000000e+00 0.000000e+00
    outer loop
      vertex   1.560000e+01 0.000000e+00 -6.100000e+00
      vertex   1.075342e+01 0.000000e+00 -5.325775e+00
      vertex   1.031408e+01 0.000000e+00 -6.133497e+00
    endloop
  endfacet
  facet normal 0.000000e+00 -1.000000e+00 0.000000e+00
    outer loop
      vertex   1.560000e+01 0.000000e+00 -6.100000e+00
      vertex   1.031408e+01 0.000000e+00 -6.133497e+00
      vertex   9.814179e+00 0.000000e+00 -6.905208e+00
    endloop
  endfacet
  facet normal 0.000000e+00 -1.000000e+00 -0.000000e+00
    outer loop
      vertex   1.560000e+01 0.000000e+00 -6.100000e+00
      vertex   9.814179e+00 0.000000e+00 -6.905208e+00
      vertex   1.700000e+01 0.000000e+00 -1.150000e+01
    endloop
  endfacet
  facet normal 0.000000e+00 -1.000000e+00 0.000000e+00
    outer loop
      vertex   1.700000e+01 0.000000e+00 -1.150000e+01
      vertex   9.814179e+00 0.000000e+00 -6.905208e+00
      vertex   9.256659e+00 0.000000e+00 -7.636378e+00
    endloop
  endfacet
  facet normal -0.000000e+00 -1.000000e+00 0.000000e+00
    outer loop
      vertex   1.700000e+01 0.000000e+00 -1.150000e+01
      vertex   9.256659e+00 0.000000e+00 -7.636378e+00
      vertex   1.696587e+01 0.000000e+00 -1.223815e+01
    endloop
  endfacet
  facet normal 0.000000e+00 -1.000000e+00 0.000000e+00
    outer loop
      vertex   1.696587e+01 0.000000e+00 -1.223815e+01
      vertex   9.256659e+00 0.000000e+00 -7.636378e+00
      vertex   8.644792e+00 0.000000e+00 -8.322714e+00
    endloop
  endfacet
  facet normal 0.000000e+00 -1.000000e+00 0.000000e+00
    outer loop
      vertex   1.696587e+01 0.000000e+00 -1.223815e+01
      vertex   8.644792e+00 0.000000e+00 -8.322714e+00
      vertex   7.982171e+00 0.000000e+00 -8.960187e+00
    endloop
  endfacet
  facet normal 0.000000e+00 -1.000000e+00 -0.000000e+00
    outer loop
      vertex   7.982171e+00 0.000000e+00 -8.960187e+00
      vertex   7.272686e+00 0.000000e+00 -9.545053e+00
      vertex   1.696587e+01 0.000000e+00 -1.223815e+01
    endloop
  endfacet
  facet normal 0.000000e+00 -1.000000e+00 0.000000e+00
    outer loop
      vertex   1.696587e+01 0.000000e+00 -1.223815e+01
      vertex   7.272686e+00 0.000000e+00 -9.545053e+00
      vertex   6.520502e+00 0.000000e+00 -1.007388e+01
    endloop
  endfacet
  facet normal 0.000000e+00 -1.000000e+00 0.000000e+00
    outer loop
      vertex   1.696587e+01 0.000000e+00 -1.223815e+01
      vertex   6.520502e+00 0.000000e+00 -1.007388e+01
      vertex   5.730036e+00 0.000000e+00 -1.054356e+01
    endloop
  endfacet
  facet normal 0.000000e+00 -1.000000e+00 -0.000000e+00
    outer loop
      vertex   5.730036e+00 0.000000e+00 -1.054356e+01
      vertex   4.905928e+00 0.000000e+00 -1.095134e+01
      vertex   1.696587e+01 0.000000e+00 -1.223815e+01
    endloop
  endfacet
  facet normal 0.000000e+00 -1.000000e+00 0.000000e+00
    outer loop
      vertex   1.696587e+01 0.000000e+00 -1.223815e+01
      vertex   4.905928e+00 0.000000e+00 -1.095134e+01
      vertex   4.053017e+00 0.000000e+00 -1.129482e+01
    endloop
  endfacet
  facet normal 0.000000e+00 -1.000000e+00 0.000000e+00
    outer loop
      vertex   1.696587e+01 0.000000e+00 -1.223815e+01
      vertex   4.053017e+00 0.000000e+00 -1.129482e+01
      vertex   3.176310e+00 0.000000e+00 -1.157199e+01
    endloop
  endfacet
  facet normal 0.000000e+00 -1.000000e+00 -0.000000e+00
    outer loop
      vertex   3.176310e+00 0.000000e+00 -1.157199e+01
      vertex   2.280955e+00 0.000000e+00 -1.178122e+01
      vertex   1.696587e+01 0.000000e+00 -1.223815e+01
    endloop
  endfacet
  facet normal 0.000000e+00 -1.000000e+00 0.000000e+00
    outer loop
      vertex   1.696587e+01 0.000000e+00 -1.223815e+01
      vertex   2.280955e+00 0.000000e+00 -1.178122e+01
      vertex   1.372208e+00 0.000000e+00 -1.192129e+01
    endloop
  endfacet
  facet normal 0.000000e+00 -1.000000e+00 0.000000e+00
    outer loop
      vertex   1.696587e+01 0.000000e+00 -1.223815e+01
      vertex   1.372208e+00 0.000000e+00 -1.192129e+01
      vertex   4.554050e-01 0.000000e+00 -1.199136e+01
    endloop
  endfacet
  facet normal 0.000000e+00 -1.000000e+00 -0.000000e+00
    outer loop
      vertex   -4.640720e-01 0.000000e+00 -1.199102e+01
      vertex   -9.000000e+00 0.000000e+00 -1.950000e+01
      vertex   4.554050e-01 0.000000e+00 -1.199136e+01
    endloop
  endfacet
  facet normal 0.000000e+00 -1.000000e+00 -0.000000e+00
    outer loop
      vertex   4.554050e-01 0.000000e+00 -1.199136e+01
      vertex   -9.000000e+00 0.000000e+00 -1.950000e+01
      vertex   9.000000e+00 0.000000e+00 -1.950000e+01
    endloop
  endfacet
  facet normal 0.000000e+00 -1.000000e+00 0.000000e+00
    outer loop
      vertex   4.554050e-01 0.000000e+00 -1.199136e+01
      vertex   9.000000e+00 0.000000e+00 -1.950000e+01
      vertex   1.696587e+01 0.000000e+00 -1.223815e+01
    endloop
  endfacet
  facet normal 0.000000e+00 -1.000000e+00 0.000000e+00
    outer loop
      vertex   1.696587e+01 0.000000e+00 -1.223815e+01
      vertex   9.000000e+00 0.000000e+00 -1.950000e+01
      vertex   9.738147e+00 0.000000e+00 -1.946587e+01
    endloop
  endfacet
  facet normal 0.000000e+00 -1.000000e+00 0.000000e+00
    outer loop
      vertex   1.696587e+01 0.000000e+00 -1.223815e+01
      vertex   9.738147e+00 0.000000e+00 -1.946587e+01
      vertex   1.047000e+01 0.000000e+00 -1.936378e+01
    endloop
  endfacet
  facet normal -0.000000e+00 -1.000000e+00 0.000000e+00
    outer loop
      vertex   -4.640720e-01 0.000000e+00 -1.199102e+01
      vertex   -1.380824e+00 0.000000e+00 -1.192029e+01
      vertex   -9.000000e+00 0.000000e+00 -1.950000e+01
    endloop
  endfacet
  facet normal 0.000000e+00 -1.000000e+00 0.000000e+00
    outer loop
      vertex   -9.000000e+00 0.000000e+00 -1.950000e+01
      vertex   -1.380824e+00 0.000000e+00 -1.192029e+01
      vertex   -2.289470e+00 0.000000e+00 -1.177957e+01
    endloop
  endfacet
  facet normal 0.000000e+00 -1.000000e+00 0.000000e+00
    outer loop
      vertex   -9.000000e+00 0.000000e+00 -1.950000e+01
      vertex   -2.289470e+00 0.000000e+00 -1.177957e+01
      vertex   -3.184673e+00 0.000000e+00 -1.156970e+01
    endloop
  endfacet
  facet normal -0.000000e+00 -1.000000e+00 0.000000e+00
    outer loop
      vertex   -3.184673e+00 0.000000e+00 -1.156970e+01
      vertex   -4.061179e+00 0.000000e+00 -1.129189e+01
      vertex   -9.000000e+00 0.000000e+00 -1.950000e+01
    endloop
  endfacet
  facet normal 0.000000e+00 -1.000000e+00 0.000000e+00
    outer loop
      vertex   -9.000000e+00 0.000000e+00 -1.950000e+01
      vertex   -4.061179e+00 0.000000e+00 -1.129189e+01
      vertex   -4.913842e+00 0.000000e+00 -1.094779e+01
    endloop
  endfacet
  facet normal 0.000000e+00 -1.000000e+00 0.000000e+00
    outer loop
      vertex   -9.000000e+00 0.000000e+00 -1.950000e+01
      vertex   -4.913842e+00 0.000000e+00 -1.094779e+01
      vertex   -5.737655e+00 0.000000e+00 -1.053942e+01
    endloop
  endfacet
  facet normal -0.000000e+00 -1.000000e+00 0.000000e+00
    outer loop
      vertex   -5.737655e+00 0.000000e+00 -1.053942e+01
      vertex   -6.527782e+00 0.000000e+00 -1.006916e+01
      vertex   -9.000000e+00 0.000000e+00 -1.950000e+01
    endloop
  endfacet
  facet normal 0.000000e+00 -1.000000e+00 0.000000e+00
    outer loop
      vertex   -9.000000e+00 0.000000e+00 -1.950000e+01
      vertex   -6.527782e+00 0.000000e+00 -1.006916e+01
      vertex   -9.738147e+00 0.000000e+00 -1.946587e+01
    endloop
  endfacet
  facet normal 0.000000e+00 -1.000000e+00 0.000000e+00
    outer loop
      vertex   -9.738147e+00 0.000000e+00 -1.946587e+01
      vertex   -6.527782e+00 0.000000e+00 -1.006916e+01
      vertex   -7.279583e+00 0.000000e+00 -9.539794e+00
    endloop
  endfacet
  facet normal 0.000000e+00 -1.000000e+00 0.000000e+00
    outer loop
      vertex   -9.738147e+00 0.000000e+00 -1.946587e+01
      vertex   -7.279583e+00 0.000000e+00 -9.539794e+00
      vertex   -1.031851e+01 0.000000e+00 -9.100000e+00
    endloop
  endfacet
  facet normal 0.000000e+00 -1.000000e+00 0.000000e+00
    outer loop
      vertex   -1.031851e+01 0.000000e+00 -9.100000e+00
      vertex   -7.279583e+00 0.000000e+00 -9.539794e+00
      vertex   -7.988645e+00 0.000000e+00 -8.954415e+00
    endloop
  endfacet
  facet normal 0.000000e+00 -1.000000e+00 0.000000e+00
    outer loop
      vertex   -1.031851e+01 0.000000e+00 -9.100000e+00
      vertex   -7.988645e+00 0.000000e+00 -8.954415e+00
      vertex   -8.650805e+00 0.000000e+00 -8.316464e+00
    endloop
  endfacet
  facet normal -0.000000e+00 -1.000000e+00 0.000000e+00
    outer loop
      vertex   -8.650805e+00 0.000000e+00 -8.316464e+00
      vertex   -9.262176e+00 0.000000e+00 -7.629686e+00
      vertex   -1.031851e+01 0.000000e+00 -9.100000e+00
    endloop
  endfacet
  facet normal 0.000000e+00 -1.000000e+00 0.000000e+00
    outer loop
      vertex   -1.031851e+01 0.000000e+00 -9.100000e+00
      vertex   -9.262176e+00 0.000000e+00 -7.629686e+00
      vertex   -9.819167e+00 0.000000e+00 -6.898113e+00
    endloop
  endfacet
  facet normal 0.000000e+00 -1.000000e+00 0.000000e+00
    outer loop
      vertex   -1.031851e+01 0.000000e+00 -9.100000e+00
      vertex   -9.819167e+00 0.000000e+00 -6.898113e+00
      vertex   -1.031851e+01 0.000000e+00 -6.126041e+00
    endloop
  endfacet
  facet normal 0.000000e+00 -1.000000e+00 0.000000e+00
    outer loop
      vertex   -1.700000e+01 0.000000e+00 -9.100000e+00
      vertex   -1.700000e+01 0.000000e+00 -1.150000e+01
      vertex   -1.031851e+01 0.000000e+00 -9.100000e+00
    endloop
  endfacet
  facet normal 0.000000e+00 -1.000000e+00 0.000000e+00
    outer loop
      vertex   -1.031851e+01 0.000000e+00 -9.100000e+00
      vertex   -1.700000e+01 0.000000e+00 -1.150000e+01
      vertex   -1.696587e+01 0.000000e+00 -1.223815e+01
    endloop
  endfacet
  facet normal 0.000000e+00 -1.000000e+00 0.000000e+00
    outer loop
      vertex   -1.031851e+01 0.000000e+00 -9.100000e+00
      vertex   -1.696587e+01 0.000000e+00 -1.223815e+01
      vertex   -1.686378e+01 0.000000e+00 -1.297000e+01
    endloop
  endfacet
  facet normal 0.000000e+00 -1.000000e+00 0.000000e+00
    outer loop
      vertex   -1.686378e+01 0.000000e+00 -1.297000e+01
      vertex   -1.669461e+01 0.000000e+00 -1.368930e+01
      vertex   -1.031851e+01 0.000000e+00 -9.100000e+00
    endloop
  endfacet
  facet normal 0.000000e+00 -1.000000e+00 0.000000e+00
    outer loop
      vertex   -1.031851e+01 0.000000e+00 -9.100000e+00
      vertex   -1.669461e+01 0.000000e+00 -1.368930e+01
      vertex   -1.645978e+01 0.000000e+00 -1.438993e+01
    endloop
  endfacet
  facet normal 0.000000e+00 -1.000000e+00 0.000000e+00
    outer loop
      vertex   -1.031851e+01 0.000000e+00 -9.100000e+00
      vertex   -1.645978e+01 0.000000e+00 -1.438993e+01
      vertex   -1.616131e+01 0.000000e+00 -1.506591e+01
    endloop
  endfacet
  facet normal 0.000000e+00 -1.000000e+00 0.000000e+00
    outer loop
      vertex   -1.616131e+01 0.000000e+00 -1.506591e+01
      vertex   -1.580174e+01 0.000000e+00 -1.571146e+01
      vertex   -1.031851e+01 0.000000e+00 -9.100000e+00
    endloop
  endfacet
  facet normal 0.000000e+00 -1.000000e+00 0.000000e+00
    outer loop
      vertex   -1.031851e+01 0.000000e+00 -9.100000e+00
      vertex   -1.580174e+01 0.000000e+00 -1.571146e+01
      vertex   -1.538414e+01 0.000000e+00 -1.632108e+01
    endloop
  endfacet
  facet normal 0.000000e+00 -1.000000e+00 0.000000e+00
    outer loop
      vertex   -1.031851e+01 0.000000e+00 -9.100000e+00
      vertex   -1.538414e+01 0.000000e+00 -1.632108e+01
      vertex   -1.491207e+01 0.000000e+00 -1.688957e+01
    endloop
  endfacet
  facet normal 0.000000e+00 -1.000000e+00 0.000000e+00
    outer loop
      vertex   -1.491207e+01 0.000000e+00 -1.688957e+01
      vertex   -1.438957e+01 0.000000e+00 -1.741207e+01
      vertex   -1.031851e+01 0.000000e+00 -9.100000e+00
    endloop
  endfacet
  facet normal 0.000000e+00 -1.000000e+00 0.000000e+00
    outer loop
      vertex   -1.031851e+01 0.000000e+00 -9.100000e+00
      vertex   -1.438957e+01 0.000000e+00 -1.741207e+01
      vertex   -1.382108e+01 0.000000e+00 -1.788414e+01
    endloop
  endfacet
  facet normal 0.000000e+00 -1.000000e+00 0.000000e+00
    outer loop
      vertex   -1.031851e+01 0.000000e+00 -9.100000e+00
      vertex   -1.382108e+01 0.000000e+00 -1.788414e+01
      vertex   -1.321146e+01 0.000000e+00 -1.830174e+01
    endloop
  endfacet
  facet normal 0.000000e+00 -1.000000e+00 0.000000e+00
    outer loop
      vertex   -1.321146e+01 0.000000e+00 -1.830174e+01
      vertex   -1.256591e+01 0.000000e+00 -1.866131e+01
      vertex   -1.031851e+01 0.000000e+00 -9.100000e+00
    endloop
  endfacet
  facet normal 0.000000e+00 -1.000000e+00 0.000000e+00
    outer loop
      vertex   -1.031851e+01 0.000000e+00 -9.100000e+00
      vertex   -1.256591e+01 0.000000e+00 -1.866131e+01
      vertex   -1.188993e+01 0.000000e+00 -1.895978e+01
    endloop
  endfacet
  facet normal 0.000000e+00 -1.000000e+00 0.000000e+00
    outer loop
      vertex   -1.031851e+01 0.000000e+00 -9.100000e+00
      vertex   -1.188993e+01 0.000000e+00 -1.895978e+01
      vertex   -1.118930e+01 0.000000e+00 -1.919461e+01
    endloop
  endfacet
  facet normal 0.000000e+00 -1.000000e+00 0.000000e+00
    outer loop
      vertex   -1.118930e+01 0.000000e+00 -1.919461e+01
      vertex   -1.047000e+01 0.000000e+00 -1.936378e+01
      vertex   -1.031851e+01 0.000000e+00 -9.100000e+00
    endloop
  endfacet
  facet normal 0.000000e+00 -1.000000e+00 -0.000000e+00
    outer loop
      vertex   -1.031851e+01 0.000000e+00 -9.100000e+00
      vertex   -1.047000e+01 0.000000e+00 -1.936378e+01
      vertex   -9.738147e+00 0.000000e+00 -1.946587e+01
    endloop
  endfacet
  facet normal 0.000000e+00 -1.000000e+00 0.000000e+00
    outer loop
      vertex   1.047000e+01 0.000000e+00 -1.936378e+01
      vertex   1.118930e+01 0.000000e+00 -1.919461e+01
      vertex   1.696587e+01 0.000000e+00 -1.223815e+01
    endloop
  endfacet
  facet normal 0.000000e+00 -1.000000e+00 0.000000e+00
    outer loop
      vertex   1.696587e+01 0.000000e+00 -1.223815e+01
      vertex   1.118930e+01 0.000000e+00 -1.919461e+01
      vertex   1.188993e+01 0.000000e+00 -1.895978e+01
    endloop
  endfacet
  facet normal 0.000000e+00 -1.000000e+00 0.000000e+00
    outer loop
      vertex   1.696587e+01 0.000000e+00 -1.223815e+01
      vertex   1.188993e+01 0.000000e+00 -1.895978e+01
      vertex   1.256591e+01 0.000000e+00 -1.866131e+01
    endloop
  endfacet
  facet normal 0.000000e+00 -1.000000e+00 0.000000e+00
    outer loop
      vertex   1.256591e+01 0.000000e+00 -1.866131e+01
      vertex   1.321146e+01 0.000000e+00 -1.830174e+01
      vertex   1.696587e+01 0.000000e+00 -1.223815e+01
    endloop
  endfacet
  facet normal 0.000000e+00 -1.000000e+00 0.000000e+00
    outer loop
      vertex   1.696587e+01 0.000000e+00 -1.223815e+01
      vertex   1.321146e+01 0.000000e+00 -1.830174e+01
      vertex   1.382108e+01 0.000000e+00 -1.788414e+01
    endloop
  endfacet
  facet normal 0.000000e+00 -1.000000e+00 0.000000e+00
    outer loop
      vertex   1.696587e+01 0.000000e+00 -1.223815e+01
      vertex   1.382108e+01 0.000000e+00 -1.788414e+01
      vertex   1.438957e+01 0.000000e+00 -1.741207e+01
    endloop
  endfacet
  facet normal 0.000000e+00 -1.000000e+00 0.000000e+00
    outer loop
      vertex   1.438957e+01 0.000000e+00 -1.741207e+01
      vertex   1.491207e+01 0.000000e+00 -1.688957e+01
      vertex   1.696587e+01 0.000000e+00 -1.223815e+01
    endloop
  endfacet
  facet normal 0.000000e+00 -1.000000e+00 0.000000e+00
    outer loop
      vertex   1.696587e+01 0.000000e+00 -1.223815e+01
      vertex   1.491207e+01 0.000000e+00 -1.688957e+01
      vertex   1.538414e+01 0.000000e+00 -1.632108e+01
    endloop
  endfacet
  facet normal 0.000000e+00 -1.000000e+00 0.000000e+00
    outer loop
      vertex   1.696587e+01 0.000000e+00 -1.223815e+01
      vertex   1.538414e+01 0.000000e+00 -1.632108e+01
      vertex   1.580174e+01 0.000000e+00 -1.571146e+01
    endloop
  endfacet
  facet normal 0.000000e+00 -1.000000e+00 0.000000e+00
    outer loop
      vertex   1.580174e+01 0.000000e+00 -1.571146e+01
      vertex   1.616131e+01 0.000000e+00 -1.506591e+01
      vertex   1.696587e+01 0.000000e+00 -1.223815e+01
    endloop
  endfacet
  facet normal 0.000000e+00 -1.000000e+00 0.000000e+00
    outer loop
      vertex   1.696587e+01 0.000000e+00 -1.223815e+01
      vertex   1.616131e+01 0.000000e+00 -1.506591e+01
      vertex   1.645978e+01 0.000000e+00 -1.438993e+01
    endloop
  endfacet
  facet normal 0.000000e+00 -1.000000e+00 0.000000e+00
    outer loop
      vertex   1.696587e+01 0.000000e+00 -1.223815e+01
      vertex   1.645978e+01 0.000000e+00 -1.438993e+01
      vertex   1.669461e+01 0.000000e+00 -1.368930e+01
    endloop
  endfacet
  facet normal 0.000000e+00 -1.000000e+00 0.000000e+00
    outer loop
      vertex   1.669461e+01 0.000000e+00 -1.368930e+01
      vertex   1.686378e+01 0.000000e+00 -1.297000e+01
      vertex   1.696587e+01 0.000000e+00 -1.223815e+01
    endloop
  endfacet
  facet normal 0.000000e+00 -1.000000e+00 0.000000e+00
    outer loop
      vertex   1.700000e+01 0.000000e+00 -1.150000e+01
      vertex   1.700000e+01 0.000000e+00 -6.100000e+00
      vertex   1.560000e+01 0.000000e+00 -6.100000e+00
    endloop
  endfacet
  facet normal 0.000000e+00 -1.000000e+00 0.000000e+00
    outer loop
      vertex   1.560000e+01 0.000000e+00 6.100000e+00
      vertex   1.700000e+01 0.000000e+00 6.100000e+00
      vertex   1.700000e+01 0.000000e+00 1.150000e+01
    endloop
  endfacet
  facet normal -0.000000e+00 -1.000000e+00 0.000000e+00
    outer loop
      vertex   1.669461e+01 0.000000e+00 1.368930e+01
      vertex   1.645978e+01 0.000000e+00 1.438993e+01
      vertex   4.554050e-01 0.000000e+00 1.199136e+01
    endloop
  endfacet
  facet normal 0.000000e+00 -1.000000e+00 0.000000e+00
    outer loop
      vertex   4.554050e-01 0.000000e+00 1.199136e+01
      vertex   1.645978e+01 0.000000e+00 1.438993e+01
      vertex   1.616131e+01 0.000000e+00 1.506591e+01
    endloop
  endfacet
  facet normal 0.000000e+00 -1.000000e+00 0.000000e+00
    outer loop
      vertex   4.554050e-01 0.000000e+00 1.199136e+01
      vertex   1.616131e+01 0.000000e+00 1.506591e+01
      vertex   1.580174e+01 0.000000e+00 1.571146e+01
    endloop
  endfacet
  facet normal -0.000000e+00 -1.000000e+00 0.000000e+00
    outer loop
      vertex   1.580174e+01 0.000000e+00 1.571146e+01
      vertex   1.538414e+01 0.000000e+00 1.632108e+01
      vertex   4.554050e-01 0.000000e+00 1.199136e+01
    endloop
  endfacet
  facet normal 0.000000e+00 -1.000000e+00 0.000000e+00
    outer loop
      vertex   4.554050e-01 0.000000e+00 1.199136e+01
      vertex   1.538414e+01 0.000000e+00 1.632108e+01
      vertex   1.491207e+01 0.000000e+00 1.688957e+01
    endloop
  endfacet
  facet normal 0.000000e+00 -1.000000e+00 0.000000e+00
    outer loop
      vertex   -1.438957e+01 0.000000e+00 1.741207e+01
      vertex   1.438957e+01 0.000000e+00 1.741207e+01
      vertex   -1.382108e+01 0.000000e+00 1.788414e+01
    endloop
  endfacet
  facet normal 0.000000e+00 -1.000000e+00 0.000000e+00
    outer loop
      vertex   -1.382108e+01 0.000000e+00 1.788414e+01
      vertex   1.438957e+01 0.000000e+00 1.741207e+01
      vertex   1.382108e+01 0.000000e+00 1.788414e+01
    endloop
  endfacet
  facet normal 0.000000e+00 -1.000000e+00 0.000000e+00
    outer loop
      vertex   -1.382108e+01 0.000000e+00 1.788414e+01
      vertex   1.382108e+01 0.000000e+00 1.788414e+01
      vertex   -1.321146e+01 0.000000e+00 1.830174e+01
    endloop
  endfacet
  facet normal 0.000000e+00 -1.000000e+00 0.000000e+00
    outer loop
      vertex   -1.321146e+01 0.000000e+00 1.830174e+01
      vertex   1.382108e+01 0.000000e+00 1.788414e+01
      vertex   1.321146e+01 0.000000e+00 1.830174e+01
    endloop
  endfacet
  facet normal 0.000000e+00 -1.000000e+00 0.000000e+00
    outer loop
      vertex   -1.321146e+01 0.000000e+00 1.830174e+01
      vertex   1.321146e+01 0.000000e+00 1.830174e+01
      vertex   -1.256591e+01 0.000000e+00 1.866131e+01
    endloop
  endfacet
  facet normal 0.000000e+00 -1.000000e+00 0.000000e+00
    outer loop
      vertex   -1.256591e+01 0.000000e+00 1.866131e+01
      vertex   1.321146e+01 0.000000e+00 1.830174e+01
      vertex   1.256591e+01 0.000000e+00 1.866131e+01
    endloop
  endfacet
  facet normal 0.000000e+00 -1.000000e+00 0.000000e+00
    outer loop
      vertex   -1.256591e+01 0.000000e+00 1.866131e+01
      vertex   1.256591e+01 0.000000e+00 1.866131e+01
      vertex   -1.188993e+01 0.000000e+00 1.895978e+01
    endloop
  endfacet
  facet normal 0.000000e+00 -1.000000e+00 0.000000e+00
    outer loop
      vertex   -1.188993e+01 0.000000e+00 1.895978e+01
      vertex   1.256591e+01 0.000000e+00 1.866131e+01
      vertex   1.188993e+01 0.000000e+00 1.895978e+01
    endloop
  endfacet
  facet normal 0.000000e+00 -1.000000e+00 0.000000e+00
    outer loop
      vertex   -1.188993e+01 0.000000e+00 1.895978e+01
      vertex   1.188993e+01 0.000000e+00 1.895978e+01
      vertex   -1.118930e+01 0.000000e+00 1.919461e+01
    endloop
  endfacet
  facet normal 0.000000e+00 -1.000000e+00 0.000000e+00
    outer loop
      vertex   -1.118930e+01 0.000000e+00 1.919461e+01
      vertex   1.188993e+01 0.000000e+00 1.895978e+01
      vertex   1.118930e+01 0.000000e+00 1.919461e+01
    endloop
  endfacet
  facet normal 0.000000e+00 -1.000000e+00 0.000000e+00
    outer loop
      vertex   -1.118930e+01 0.000000e+00 1.919461e+01
      vertex   1.118930e+01 0.000000e+00 1.919461e+01
      vertex   -1.047000e+01 0.000000e+00 1.936378e+01
    endloop
  endfacet
  facet normal 0.000000e+00 -1.000000e+00 0.000000e+00
    outer loop
      vertex   -1.047000e+01 0.000000e+00 1.936378e+01
      vertex   1.118930e+01 0.000000e+00 1.919461e+01
      vertex   1.047000e+01 0.000000e+00 1.936378e+01
    endloop
  endfacet
  facet normal 0.000000e+00 -1.000000e+00 0.000000e+00
    outer loop
      vertex   -1.047000e+01 0.000000e+00 1.936378e+01
      vertex   1.047000e+01 0.000000e+00 1.936378e+01
      vertex   -9.738147e+00 0.000000e+00 1.946587e+01
    endloop
  endfacet
  facet normal 0.000000e+00 -1.000000e+00 0.000000e+00
    outer loop
      vertex   -9.738147e+00 0.000000e+00 1.946587e+01
      vertex   1.047000e+01 0.000000e+00 1.936378e+01
      vertex   9.738147e+00 0.000000e+00 1.946587e+01
    endloop
  endfacet
  facet normal 0.000000e+00 -1.000000e+00 0.000000e+00
    outer loop
      vertex   -9.738147e+00 0.000000e+00 1.946587e+01
      vertex   9.738147e+00 0.000000e+00 1.946587e+01
      vertex   -9.000000e+00 0.000000e+00 1.950000e+01
    endloop
  endfacet
  facet normal 0.000000e+00 -1.000000e+00 0.000000e+00
    outer loop
      vertex   -9.000000e+00 0.000000e+00 1.950000e+01
      vertex   9.738147e+00 0.000000e+00 1.946587e+01
      vertex   9.000000e+00 0.000000e+00 1.950000e+01
    endloop
  endfacet
  facet normal 1.000000e+00 0.000000e+00 0.000000e+00
    outer loop
      vertex   -1.031851e+01 0.000000e+00 -6.100000e+00
      vertex   -1.031851e+01 -7.600000e+00 -6.100000e+00
      vertex   -1.031851e+01 0.000000e+00 -6.126041e+00
    endloop
  endfacet
  facet normal 1.000000e+00 0.000000e+00 0.000000e+00
    outer loop
      vertex   -1.031851e+01 0.000000e+00 -6.126041e+00
      vertex   -1.031851e+01 -7.600000e+00 -6.100000e+00
      vertex   -1.031851e+01 -7.600000e+00 -9.100000e+00
    endloop
  endfacet
  facet normal 1.000000e+00 0.000000e+00 0.000000e+00
    outer loop
      vertex   -1.031851e+01 0.000000e+00 -6.126041e+00
      vertex   -1.031851e+01 -7.600000e+00 -9.100000e+00
      vertex   -1.031851e+01 0.000000e+00 -9.100000e+00
    endloop
  endfacet
  facet normal -5.317247e-16 0.000000e+00 -1.000000e+00
    outer loop
      vertex   -1.031851e+01 -7.600000e+00 -9.100000e+00
      vertex   -1.700000e+01 -7.600000e+00 -9.100000e+00
      vertex   -1.031851e+01 0.000000e+00 -9.100000e+00
    endloop
  endfacet
  facet normal -5.317247e-16 0.000000e+00 -1.000000e+00
    outer loop
      vertex   -1.031851e+01 0.000000e+00 -9.100000e+00
      vertex   -1.700000e+01 -7.600000e+00 -9.100000e+00
      vertex   -1.700000e+01 0.000000e+00 -9.100000e+00
    endloop
  endfacet
  facet normal 8.055875e-01 0.000000e+00 -5.924768e-01
    outer loop
      vertex   -1.031851e+01 0.000000e+00 -6.100000e+00
      vertex   -9.980527e+00 0.000000e+00 -5.640447e+00
      vertex   -1.031851e+01 -7.600000e+00 -6.100000e+00
    endloop
  endfacet
  facet normal 8.055875e-01 -2.917618e-18 -5.924768e-01
    outer loop
      vertex   -1.031851e+01 -7.600000e+00 -6.100000e+00
      vertex   -9.980527e+00 0.000000e+00 -5.640447e+00
      vertex   -9.980527e+00 -7.600000e+00 -5.640447e+00
    endloop
  endfacet
  facet normal 8.086443e-01 0.000000e+00 -5.882979e-01
    outer loop
      vertex   -9.980527e+00 -7.600000e+00 -5.640447e+00
      vertex   -9.980527e+00 0.000000e+00 -5.640447e+00
      vertex   -9.682227e+00 0.000000e+00 -5.230419e+00
    endloop
  endfacet
  facet normal 8.086443e-01 -4.732352e-19 -5.882979e-01
    outer loop
      vertex   -9.980527e+00 -7.600000e+00 -5.640447e+00
      vertex   -9.682227e+00 0.000000e+00 -5.230419e+00
      vertex   -9.682227e+00 -7.600000e+00 -5.230419e+00
    endloop
  endfacet
  facet normal 8.119638e-01 0.000000e+00 -5.837078e-01
    outer loop
      vertex   -9.682227e+00 -7.600000e+00 -5.230419e+00
      vertex   -9.682227e+00 0.000000e+00 -5.230419e+00
      vertex   -9.417331e+00 0.000000e+00 -4.861937e+00
    endloop
  endfacet
  facet normal 8.119638e-01 -1.269673e-18 -5.837078e-01
    outer loop
      vertex   -9.682227e+00 -7.600000e+00 -5.230419e+00
      vertex   -9.417331e+00 0.000000e+00 -4.861937e+00
      vertex   -9.417331e+00 -7.600000e+00 -4.861937e+00
    endloop
  endfacet
  facet normal 8.155545e-01 0.000000e+00 -5.786803e-01
    outer loop
      vertex   -9.417331e+00 -7.600000e+00 -4.861937e+00
      vertex   -9.417331e+00 0.000000e+00 -4.861937e+00
      vertex   -9.180832e+00 0.000000e+00 -4.528631e+00
    endloop
  endfacet
  facet normal 8.155545e-01 -2.209286e-18 -5.786803e-01
    outer loop
      vertex   -9.417331e+00 -7.600000e+00 -4.861937e+00
      vertex   -9.180832e+00 0.000000e+00 -4.528631e+00
      vertex   -9.180832e+00 -7.600000e+00 -4.528631e+00
    endloop
  endfacet
  facet normal 8.194245e-01 0.000000e+00 -5.731872e-01
    outer loop
      vertex   -9.180832e+00 -7.600000e+00 -4.528631e+00
      vertex   -9.180832e+00 0.000000e+00 -4.528631e+00
      vertex   -8.968689e+00 0.000000e+00 -4.225354e+00
    endloop
  endfacet
  facet normal 8.194245e-01 -1.235003e-18 -5.731872e-01
    outer loop
      vertex   -9.180832e+00 -7.600000e+00 -4.528631e+00
      vertex   -8.968689e+00 0.000000e+00 -4.225354e+00
      vertex   -8.968689e+00 -7.600000e+00 -4.225354e+00
    endloop
  endfacet
  facet normal 8.235809e-01 0.000000e+00 -5.671988e-01
    outer loop
      vertex   -8.968689e+00 -7.600000e+00 -4.225354e+00
      vertex   -8.968689e+00 0.000000e+00 -4.225354e+00
      vertex   -8.777607e+00 0.000000e+00 -3.947899e+00
    endloop
  endfacet
  facet normal 8.235809e-01 3.760205e-19 -5.671988e-01
    outer loop
      vertex   -8.968689e+00 -7.600000e+00 -4.225354e+00
      vertex   -8.777607e+00 0.000000e+00 -3.947899e+00
      vertex   -8.777607e+00 -7.600000e+00 -3.947899e+00
    endloop
  endfacet
  facet normal 8.280302e-01 0.000000e+00 -5.606835e-01
    outer loop
      vertex   -8.777607e+00 -7.600000e+00 -3.947899e+00
      vertex   -8.777607e+00 0.000000e+00 -3.947899e+00
      vertex   -8.604869e+00 0.000000e+00 -3.692795e+00
    endloop
  endfacet
  facet normal 8.280302e-01 -5.347655e-19 -5.606835e-01
    outer loop
      vertex   -8.777607e+00 -7.600000e+00 -3.947899e+00
      vertex   -8.604869e+00 0.000000e+00 -3.692795e+00
      vertex   -8.604869e+00 -7.600000e+00 -3.692795e+00
    endloop
  endfacet
  facet normal 8.327773e-01 0.000000e+00 -5.536082e-01
    outer loop
      vertex   -8.604869e+00 -7.600000e+00 -3.692795e+00
      vertex   -8.604869e+00 0.000000e+00 -3.692795e+00
      vertex   -8.448219e+00 0.000000e+00 -3.457152e+00
    endloop
  endfacet
  facet normal 8.327773e-01 1.038230e-18 -5.536082e-01
    outer loop
      vertex   -8.604869e+00 -7.600000e+00 -3.692795e+00
      vertex   -8.448219e+00 0.000000e+00 -3.457152e+00
      vertex   -8.448219e+00 -7.600000e+00 -3.457152e+00
    endloop
  endfacet
  facet normal 8.378258e-01 0.000000e+00 -5.459377e-01
    outer loop
      vertex   -8.448219e+00 -7.600000e+00 -3.457152e+00
      vertex   -8.448219e+00 0.000000e+00 -3.457152e+00
      vertex   -8.305770e+00 0.000000e+00 -3.238541e+00
    endloop
  endfacet
  facet normal 8.378258e-01 -4.839971e-19 -5.459377e-01
    outer loop
      vertex   -8.448219e+00 -7.600000e+00 -3.457152e+00
      vertex   -8.305770e+00 0.000000e+00 -3.238541e+00
      vertex   -8.305770e+00 -7.600000e+00 -3.238541e+00
    endloop
  endfacet
  facet normal 8.431775e-01 0.000000e+00 -5.376353e-01
    outer loop
      vertex   -8.305770e+00 -7.600000e+00 -3.238541e+00
      vertex   -8.305770e+00 0.000000e+00 -3.238541e+00
      vertex   -8.175926e+00 0.000000e+00 -3.034907e+00
    endloop
  endfacet
  facet normal 8.431775e-01 -6.133375e-19 -5.376353e-01
    outer loop
      vertex   -8.305770e+00 -7.600000e+00 -3.238541e+00
      vertex   -8.175926e+00 0.000000e+00 -3.034907e+00
      vertex   -8.175926e+00 -7.600000e+00 -3.034907e+00
    endloop
  endfacet
  facet normal 8.517181e-01 0.000000e+00 -5.240002e-01
    outer loop
      vertex   -8.175926e+00 -7.600000e+00 -3.034907e+00
      vertex   -8.175926e+00 0.000000e+00 -3.034907e+00
      vertex   -7.948847e+00 0.000000e+00 -2.665809e+00
    endloop
  endfacet
  facet normal 8.517181e-01 2.572228e-19 -5.240002e-01
    outer loop
      vertex   -8.175926e+00 -7.600000e+00 -3.034907e+00
      vertex   -7.948847e+00 0.000000e+00 -2.665809e+00
      vertex   -7.948847e+00 -7.600000e+00 -2.665809e+00
    endloop
  endfacet
  facet normal 8.642150e-01 0.000000e+00 -5.031227e-01
    outer loop
      vertex   -7.948847e+00 -7.600000e+00 -2.665809e+00
      vertex   -7.948847e+00 0.000000e+00 -2.665809e+00
      vertex   -7.758337e+00 0.000000e+00 -2.338569e+00
    endloop
  endfacet
  facet normal 8.642150e-01 -6.212785e-19 -5.031227e-01
    outer loop
      vertex   -7.948847e+00 -7.600000e+00 -2.665809e+00
      vertex   -7.758337e+00 0.000000e+00 -2.338569e+00
      vertex   -7.758337e+00 -7.600000e+00 -2.338569e+00
    endloop
  endfacet
  facet normal 8.778235e-01 0.000000e+00 -4.789843e-01
    outer loop
      vertex   -7.758337e+00 -7.600000e+00 -2.338569e+00
      vertex   -7.758337e+00 0.000000e+00 -2.338569e+00
      vertex   -7.597975e+00 0.000000e+00 -2.044678e+00
    endloop
  endfacet
  facet normal 8.778235e-01 -1.870460e-19 -4.789843e-01
    outer loop
      vertex   -7.758337e+00 -7.600000e+00 -2.338569e+00
      vertex   -7.597975e+00 0.000000e+00 -2.044678e+00
      vertex   -7.597975e+00 -7.600000e+00 -2.044678e+00
    endloop
  endfacet
  facet normal 8.924012e-01 0.000000e+00 -4.512428e-01
    outer loop
      vertex   -7.597975e+00 -7.600000e+00 -2.044678e+00
      vertex   -7.597975e+00 0.000000e+00 -2.044678e+00
      vertex   -7.462914e+00 0.000000e+00 -1.777574e+00
    endloop
  endfacet
  facet normal 8.924012e-01 4.200549e-19 -4.512428e-01
    outer loop
      vertex   -7.597975e+00 -7.600000e+00 -2.044678e+00
      vertex   -7.462914e+00 0.000000e+00 -1.777574e+00
      vertex   -7.462914e+00 -7.600000e+00 -1.777574e+00
    endloop
  endfacet
  facet normal 9.077231e-01 0.000000e+00 -4.195697e-01
    outer loop
      vertex   -7.462914e+00 -7.600000e+00 -1.777574e+00
      vertex   -7.462914e+00 0.000000e+00 -1.777574e+00
      vertex   -7.349446e+00 0.000000e+00 -1.532090e+00
    endloop
  endfacet
  facet normal 9.077231e-01 -3.374611e-19 -4.195697e-01
    outer loop
      vertex   -7.462914e+00 -7.600000e+00 -1.777574e+00
      vertex   -7.349446e+00 0.000000e+00 -1.532090e+00
      vertex   -7.349446e+00 -7.600000e+00 -1.532090e+00
    endloop
  endfacet
  facet normal 9.234664e-01 0.000000e+00 -3.836793e-01
    outer loop
      vertex   -7.349446e+00 -7.600000e+00 -1.532090e+00
      vertex   -7.349446e+00 0.000000e+00 -1.532090e+00
      vertex   -7.254711e+00 0.000000e+00 -1.304074e+00
    endloop
  endfacet
  facet normal 9.234664e-01 8.913572e-19 -3.836793e-01
    outer loop
      vertex   -7.349446e+00 -7.600000e+00 -1.532090e+00
      vertex   -7.254711e+00 0.000000e+00 -1.304074e+00
      vertex   -7.254711e+00 -7.600000e+00 -1.304074e+00
    endloop
  endfacet
  facet normal 9.392015e-01 0.000000e+00 -3.433666e-01
    outer loop
      vertex   -7.254711e+00 -7.600000e+00 -1.304074e+00
      vertex   -7.254711e+00 0.000000e+00 -1.304074e+00
      vertex   -7.176491e+00 0.000000e+00 -1.090123e+00
    endloop
  endfacet
  facet normal 9.392015e-01 1.381915e-19 -3.433666e-01
    outer loop
      vertex   -7.254711e+00 -7.600000e+00 -1.304074e+00
      vertex   -7.176491e+00 0.000000e+00 -1.090123e+00
      vertex   -7.176491e+00 -7.600000e+00 -1.090123e+00
    endloop
  endfacet
  facet normal 9.615119e-01 0.000000e+00 -2.747632e-01
    outer loop
      vertex   -7.176491e+00 -7.600000e+00 -1.090123e+00
      vertex   -7.176491e+00 0.000000e+00 -1.090123e+00
      vertex   -7.063132e+00 0.000000e+00 -6.934315e-01
    endloop
  endfacet
  facet normal 9.615119e-01 1.106111e-18 -2.747632e-01
    outer loop
      vertex   -7.176491e+00 -7.600000e+00 -1.090123e+00
      vertex   -7.063132e+00 0.000000e+00 -6.934315e-01
      vertex   -7.063132e+00 -7.600000e+00 -6.934315e-01
    endloop
  endfacet
  facet normal 9.857438e-01 0.000000e+00 -1.682534e-01
    outer loop
      vertex   -7.063132e+00 -7.600000e+00 -6.934315e-01
      vertex   -7.063132e+00 0.000000e+00 -6.934315e-01
      vertex   -7.000000e+00 0.000000e+00 -3.235601e-01
    endloop
  endfacet
  facet normal 9.857438e-01 -3.323094e-19 -1.682534e-01
    outer loop
      vertex   -7.063132e+00 -7.600000e+00 -6.934315e-01
      vertex   -7.000000e+00 0.000000e+00 -3.235601e-01
      vertex   -7.000000e+00 -7.600000e+00 -3.235601e-01
    endloop
  endfacet
  facet normal 9.857438e-01 4.915758e-18 1.682534e-01
    outer loop
      vertex   -7.000000e+00 0.000000e+00 3.235601e-01
      vertex   -7.063132e+00 0.000000e+00 6.934315e-01
      vertex   -7.000000e+00 -7.600000e+00 3.235601e-01
    endloop
  endfacet
  facet normal 9.857438e-01 8.238562e-20 1.682534e-01
    outer loop
      vertex   -7.000000e+00 -7.600000e+00 3.235601e-01
      vertex   -7.063132e+00 0.000000e+00 6.934315e-01
      vertex   -7.063132e+00 -7.600000e+00 6.934315e-01
    endloop
  endfacet
  facet normal 9.615119e-01 -0.000000e+00 2.747632e-01
    outer loop
      vertex   -7.063132e+00 -7.600000e+00 6.934315e-01
      vertex   -7.063132e+00 0.000000e+00 6.934315e-01
      vertex   -7.176491e+00 0.000000e+00 1.090123e+00
    endloop
  endfacet
  facet normal 9.615119e-01 -4.908120e-19 2.747632e-01
    outer loop
      vertex   -7.063132e+00 -7.600000e+00 6.934315e-01
      vertex   -7.176491e+00 0.000000e+00 1.090123e+00
      vertex   -7.176491e+00 -7.600000e+00 1.090123e+00
    endloop
  endfacet
  facet normal 9.392015e-01 -0.000000e+00 3.433666e-01
    outer loop
      vertex   -7.176491e+00 -7.600000e+00 1.090123e+00
      vertex   -7.176491e+00 0.000000e+00 1.090123e+00
      vertex   -7.254711e+00 0.000000e+00 1.304074e+00
    endloop
  endfacet
  facet normal 9.392015e-01 4.028638e-19 3.433666e-01
    outer loop
      vertex   -7.176491e+00 -7.600000e+00 1.090123e+00
      vertex   -7.254711e+00 0.000000e+00 1.304074e+00
      vertex   -7.254711e+00 -7.600000e+00 1.304074e+00
    endloop
  endfacet
  facet normal 9.234664e-01 -0.000000e+00 3.836793e-01
    outer loop
      vertex   -7.254711e+00 -7.600000e+00 1.304074e+00
      vertex   -7.254711e+00 0.000000e+00 1.304074e+00
      vertex   -7.349446e+00 0.000000e+00 1.532090e+00
    endloop
  endfacet
  facet normal 9.234664e-01 -1.481307e-19 3.836793e-01
    outer loop
      vertex   -7.254711e+00 -7.600000e+00 1.304074e+00
      vertex   -7.349446e+00 0.000000e+00 1.532090e+00
      vertex   -7.349446e+00 -7.600000e+00 1.532090e+00
    endloop
  endfacet
  facet normal 9.077231e-01 -0.000000e+00 4.195697e-01
    outer loop
      vertex   -7.349446e+00 -7.600000e+00 1.532090e+00
      vertex   -7.349446e+00 0.000000e+00 1.532090e+00
      vertex   -7.462914e+00 0.000000e+00 1.777574e+00
    endloop
  endfacet
  facet normal 9.077231e-01 -7.972974e-19 4.195697e-01
    outer loop
      vertex   -7.349446e+00 -7.600000e+00 1.532090e+00
      vertex   -7.462914e+00 0.000000e+00 1.777574e+00
      vertex   -7.462914e+00 -7.600000e+00 1.777574e+00
    endloop
  endfacet
  facet normal 8.924012e-01 -0.000000e+00 4.512428e-01
    outer loop
      vertex   -7.462914e+00 -7.600000e+00 1.777574e+00
      vertex   -7.462914e+00 0.000000e+00 1.777574e+00
      vertex   -7.597975e+00 0.000000e+00 2.044678e+00
    endloop
  endfacet
  facet normal 8.924012e-01 2.964289e-19 4.512428e-01
    outer loop
      vertex   -7.462914e+00 -7.600000e+00 1.777574e+00
      vertex   -7.597975e+00 0.000000e+00 2.044678e+00
      vertex   -7.597975e+00 -7.600000e+00 2.044678e+00
    endloop
  endfacet
  facet normal 8.778235e-01 -0.000000e+00 4.789843e-01
    outer loop
      vertex   -7.597975e+00 -7.600000e+00 2.044678e+00
      vertex   -7.597975e+00 0.000000e+00 2.044678e+00
      vertex   -7.758337e+00 0.000000e+00 2.338569e+00
    endloop
  endfacet
  facet normal 8.778235e-01 9.820256e-19 4.789843e-01
    outer loop
      vertex   -7.597975e+00 -7.600000e+00 2.044678e+00
      vertex   -7.758337e+00 0.000000e+00 2.338569e+00
      vertex   -7.758337e+00 -7.600000e+00 2.338569e+00
    endloop
  endfacet
  facet normal 8.642150e-01 -0.000000e+00 5.031227e-01
    outer loop
      vertex   -7.758337e+00 -7.600000e+00 2.338569e+00
      vertex   -7.758337e+00 0.000000e+00 2.338569e+00
      vertex   -7.948847e+00 0.000000e+00 2.665809e+00
    endloop
  endfacet
  facet normal 8.642150e-01 2.635892e-19 5.031227e-01
    outer loop
      vertex   -7.758337e+00 -7.600000e+00 2.338569e+00
      vertex   -7.948847e+00 0.000000e+00 2.665809e+00
      vertex   -7.948847e+00 -7.600000e+00 2.665809e+00
    endloop
  endfacet
  facet normal 8.517181e-01 -0.000000e+00 5.240002e-01
    outer loop
      vertex   -7.948847e+00 -7.600000e+00 2.665809e+00
      vertex   -7.948847e+00 0.000000e+00 2.665809e+00
      vertex   -8.175926e+00 0.000000e+00 3.034907e+00
    endloop
  endfacet
  facet normal 8.517181e-01 1.217677e-18 5.240002e-01
    outer loop
      vertex   -7.948847e+00 -7.600000e+00 2.665809e+00
      vertex   -8.175926e+00 0.000000e+00 3.034907e+00
      vertex   -8.175926e+00 -7.600000e+00 3.034907e+00
    endloop
  endfacet
  facet normal 8.431775e-01 -0.000000e+00 5.376353e-01
    outer loop
      vertex   -8.175926e+00 -7.600000e+00 3.034907e+00
      vertex   -8.175926e+00 0.000000e+00 3.034907e+00
      vertex   -8.305770e+00 0.000000e+00 3.238541e+00
    endloop
  endfacet
  facet normal 8.431775e-01 -4.069615e-19 5.376353e-01
    outer loop
      vertex   -8.175926e+00 -7.600000e+00 3.034907e+00
      vertex   -8.305770e+00 0.000000e+00 3.238541e+00
      vertex   -8.305770e+00 -7.600000e+00 3.238541e+00
    endloop
  endfacet
  facet normal 8.378258e-01 -0.000000e+00 5.459377e-01
    outer loop
      vertex   -8.305770e+00 -7.600000e+00 3.238541e+00
      vertex   -8.305770e+00 0.000000e+00 3.238541e+00
      vertex   -8.448219e+00 0.000000e+00 3.457152e+00
    endloop
  endfacet
  facet normal 8.378258e-01 2.592106e-19 5.459377e-01
    outer loop
      vertex   -8.305770e+00 -7.600000e+00 3.238541e+00
      vertex   -8.448219e+00 0.000000e+00 3.457152e+00
      vertex   -8.448219e+00 -7.600000e+00 3.457152e+00
    endloop
  endfacet
  facet normal 8.327773e-01 -0.000000e+00 5.536082e-01
    outer loop
      vertex   -8.448219e+00 -7.600000e+00 3.457152e+00
      vertex   -8.448219e+00 0.000000e+00 3.457152e+00
      vertex   -8.604869e+00 0.000000e+00 3.692795e+00
    endloop
  endfacet
  facet normal 8.327773e-01 1.502344e-18 5.536082e-01
    outer loop
      vertex   -8.448219e+00 -7.600000e+00 3.457152e+00
      vertex   -8.604869e+00 0.000000e+00 3.692795e+00
      vertex   -8.604869e+00 -7.600000e+00 3.692795e+00
    endloop
  endfacet
  facet normal 8.280302e-01 -0.000000e+00 5.606835e-01
    outer loop
      vertex   -8.604869e+00 -7.600000e+00 3.692795e+00
      vertex   -8.604869e+00 0.000000e+00 3.692795e+00
      vertex   -8.777607e+00 0.000000e+00 3.947899e+00
    endloop
  endfacet
  facet normal 8.280302e-01 -8.519070e-19 5.606835e-01
    outer loop
      vertex   -8.604869e+00 -7.600000e+00 3.692795e+00
      vertex   -8.777607e+00 0.000000e+00 3.947899e+00
      vertex   -8.777607e+00 -7.600000e+00 3.947899e+00
    endloop
  endfacet
  facet normal 8.235809e-01 -0.000000e+00 5.671988e-01
    outer loop
      vertex   -8.777607e+00 -7.600000e+00 3.947899e+00
      vertex   -8.777607e+00 0.000000e+00 3.947899e+00
      vertex   -8.968689e+00 0.000000e+00 4.225354e+00
    endloop
  endfacet
  facet normal 8.235809e-01 2.219982e-19 5.671988e-01
    outer loop
      vertex   -8.777607e+00 -7.600000e+00 3.947899e+00
      vertex   -8.968689e+00 0.000000e+00 4.225354e+00
      vertex   -8.968689e+00 -7.600000e+00 4.225354e+00
    endloop
  endfacet
  facet normal 8.194245e-01 -0.000000e+00 5.731872e-01
    outer loop
      vertex   -8.968689e+00 -7.600000e+00 4.225354e+00
      vertex   -8.968689e+00 0.000000e+00 4.225354e+00
      vertex   -9.180832e+00 0.000000e+00 4.528631e+00
    endloop
  endfacet
  facet normal 8.194245e-01 -8.024007e-19 5.731872e-01
    outer loop
      vertex   -8.968689e+00 -7.600000e+00 4.225354e+00
      vertex   -9.180832e+00 0.000000e+00 4.528631e+00
      vertex   -9.180832e+00 -7.600000e+00 4.528631e+00
    endloop
  endfacet
  facet normal 8.155545e-01 -0.000000e+00 5.786803e-01
    outer loop
      vertex   -9.180832e+00 -7.600000e+00 4.528631e+00
      vertex   -9.180832e+00 0.000000e+00 4.528631e+00
      vertex   -9.417331e+00 0.000000e+00 4.861937e+00
    endloop
  endfacet
  facet normal 8.155545e-01 -1.244320e-18 5.786803e-01
    outer loop
      vertex   -9.180832e+00 -7.600000e+00 4.528631e+00
      vertex   -9.417331e+00 0.000000e+00 4.861937e+00
      vertex   -9.417331e+00 -7.600000e+00 4.861937e+00
    endloop
  endfacet
  facet normal 8.119638e-01 -0.000000e+00 5.837078e-01
    outer loop
      vertex   -9.417331e+00 -7.600000e+00 4.861937e+00
      vertex   -9.417331e+00 0.000000e+00 4.861937e+00
      vertex   -9.682227e+00 0.000000e+00 5.230419e+00
    endloop
  endfacet
  facet normal 8.119638e-01 6.367395e-19 5.837078e-01
    outer loop
      vertex   -9.417331e+00 -7.600000e+00 4.861937e+00
      vertex   -9.682227e+00 0.000000e+00 5.230419e+00
      vertex   -9.682227e+00 -7.600000e+00 5.230419e+00
    endloop
  endfacet
  facet normal 8.086443e-01 -0.000000e+00 5.882979e-01
    outer loop
      vertex   -9.682227e+00 -7.600000e+00 5.230419e+00
      vertex   -9.682227e+00 0.000000e+00 5.230419e+00
      vertex   -9.980527e+00 0.000000e+00 5.640447e+00
    endloop
  endfacet
  facet normal 8.086443e-01 -1.631683e-18 5.882979e-01
    outer loop
      vertex   -9.682227e+00 -7.600000e+00 5.230419e+00
      vertex   -9.980527e+00 0.000000e+00 5.640447e+00
      vertex   -9.980527e+00 -7.600000e+00 5.640447e+00
    endloop
  endfacet
  facet normal 8.055875e-01 -0.000000e+00 5.924768e-01
    outer loop
      vertex   -9.980527e+00 -7.600000e+00 5.640447e+00
      vertex   -9.980527e+00 0.000000e+00 5.640447e+00
      vertex   -1.031851e+01 0.000000e+00 6.100000e+00
    endloop
  endfacet
  facet normal 8.055875e-01 -2.539884e-18 5.924768e-01
    outer loop
      vertex   -9.980527e+00 -7.600000e+00 5.640447e+00
      vertex   -1.031851e+01 0.000000e+00 6.100000e+00
      vertex   -1.031851e+01 -7.600000e+00 6.100000e+00
    endloop
  endfacet
  facet normal 0.000000e+00 1.000000e+00 0.000000e+00
    outer loop
      vertex   -1.051763e+01 0.000000e+00 -2.458781e-01
      vertex   -1.700000e+01 0.000000e+00 -6.100000e+00
      vertex   -1.055000e+01 0.000000e+00 1.585459e-16
    endloop
  endfacet
  facet normal 0.000000e+00 1.000000e+00 0.000000e+00
    outer loop
      vertex   -1.055000e+01 0.000000e+00 1.585459e-16
      vertex   -1.700000e+01 0.000000e+00 -6.100000e+00
      vertex   -1.700000e+01 0.000000e+00 6.100000e+00
    endloop
  endfacet
  facet normal 0.000000e+00 1.000000e+00 -0.000000e+00
    outer loop
      vertex   -1.055000e+01 0.000000e+00 1.585459e-16
      vertex   -1.700000e+01 0.000000e+00 6.100000e+00
      vertex   -1.051763e+01 0.000000e+00 2.458781e-01
    endloop
  endfacet
  facet normal 0.000000e+00 1.000000e+00 -0.000000e+00
    outer loop
      vertex   -1.051763e+01 0.000000e+00 2.458781e-01
      vertex   -1.700000e+01 0.000000e+00 6.100000e+00
      vertex   -1.042272e+01 0.000000e+00 4.750000e-01
    endloop
  endfacet
  facet normal 0.000000e+00 1.000000e+00 -0.000000e+00
    outer loop
      vertex   -1.042272e+01 0.000000e+00 4.750000e-01
      vertex   -1.700000e+01 0.000000e+00 6.100000e+00
      vertex   -1.033392e+01 0.000000e+00 6.100000e+00
    endloop
  endfacet
  facet normal 0.000000e+00 1.000000e+00 0.000000e+00
    outer loop
      vertex   -1.042272e+01 0.000000e+00 4.750000e-01
      vertex   -1.033392e+01 0.000000e+00 6.100000e+00
      vertex   -1.027175e+01 0.000000e+00 6.717514e-01
    endloop
  endfacet
  facet normal 0.000000e+00 1.000000e+00 -0.000000e+00
    outer loop
      vertex   -1.027175e+01 0.000000e+00 6.717514e-01
      vertex   -1.033392e+01 0.000000e+00 6.100000e+00
      vertex   -9.980527e+00 0.000000e+00 5.640447e+00
    endloop
  endfacet
  facet normal 0.000000e+00 1.000000e+00 0.000000e+00
    outer loop
      vertex   -1.027175e+01 0.000000e+00 6.717514e-01
      vertex   -9.980527e+00 0.000000e+00 5.640447e+00
      vertex   -9.682227e+00 0.000000e+00 5.230419e+00
    endloop
  endfacet
  facet normal 0.000000e+00 1.000000e+00 0.000000e+00
    outer loop
      vertex   -1.051763e+01 0.000000e+00 -2.458781e-01
      vertex   -1.042272e+01 0.000000e+00 -4.750000e-01
      vertex   -1.700000e+01 0.000000e+00 -6.100000e+00
    endloop
  endfacet
  facet normal 0.000000e+00 1.000000e+00 0.000000e+00
    outer loop
      vertex   -1.700000e+01 0.000000e+00 -6.100000e+00
      vertex   -1.042272e+01 0.000000e+00 -4.750000e-01
      vertex   -1.033392e+01 0.000000e+00 -6.100000e+00
    endloop
  endfacet
  facet normal 0.000000e+00 1.000000e+00 -0.000000e+00
    outer loop
      vertex   -1.033392e+01 0.000000e+00 -6.100000e+00
      vertex   -1.042272e+01 0.000000e+00 -4.750000e-01
      vertex   -1.027175e+01 0.000000e+00 -6.717514e-01
    endloop
  endfacet
  facet normal 0.000000e+00 1.000000e+00 0.000000e+00
    outer loop
      vertex   -1.033392e+01 0.000000e+00 -6.100000e+00
      vertex   -1.027175e+01 0.000000e+00 -6.717514e-01
      vertex   -9.980527e+00 0.000000e+00 -5.640447e+00
    endloop
  endfacet
  facet normal 0.000000e+00 1.000000e+00 -0.000000e+00
    outer loop
      vertex   -9.980527e+00 0.000000e+00 -5.640447e+00
      vertex   -1.027175e+01 0.000000e+00 -6.717514e-01
      vertex   -9.682227e+00 0.000000e+00 -5.230419e+00
    endloop
  endfacet
  facet normal 0.000000e+00 1.000000e+00 0.000000e+00
    outer loop
      vertex   -9.682227e+00 0.000000e+00 -5.230419e+00
      vertex   -1.027175e+01 0.000000e+00 -6.717514e-01
      vertex   -1.007500e+01 0.000000e+00 -8.227241e-01
    endloop
  endfacet
  facet normal 0.000000e+00 1.000000e+00 -0.000000e+00
    outer loop
      vertex   -9.682227e+00 0.000000e+00 -5.230419e+00
      vertex   -1.007500e+01 0.000000e+00 -8.227241e-01
      vertex   -9.417331e+00 0.000000e+00 -4.861937e+00
    endloop
  endfacet
  facet normal 0.000000e+00 1.000000e+00 -0.000000e+00
    outer loop
      vertex   -9.417331e+00 0.000000e+00 -4.861937e+00
      vertex   -1.007500e+01 0.000000e+00 -8.227241e-01
      vertex   -9.180832e+00 0.000000e+00 -4.528631e+00
    endloop
  endfacet
  facet normal 0.000000e+00 1.000000e+00 0.000000e+00
    outer loop
      vertex   -9.180832e+00 0.000000e+00 -4.528631e+00
      vertex   -1.007500e+01 0.000000e+00 -8.227241e-01
      vertex   -9.845878e+00 0.000000e+00 -9.176295e-01
    endloop
  endfacet
  facet normal 0.000000e+00 1.000000e+00 -0.000000e+00
    outer loop
      vertex   -9.180832e+00 0.000000e+00 -4.528631e+00
      vertex   -9.845878e+00 0.000000e+00 -9.176295e-01
      vertex   -8.968689e+00 0.000000e+00 -4.225354e+00
    endloop
  endfacet
  facet normal 0.000000e+00 1.000000e+00 -0.000000e+00
    outer loop
      vertex   -8.968689e+00 0.000000e+00 -4.225354e+00
      vertex   -9.845878e+00 0.000000e+00 -9.176295e-01
      vertex   -8.777607e+00 0.000000e+00 -3.947899e+00
    endloop
  endfacet
  facet normal 0.000000e+00 1.000000e+00 0.000000e+00
    outer loop
      vertex   -8.777607e+00 0.000000e+00 -3.947899e+00
      vertex   -9.845878e+00 0.000000e+00 -9.176295e-01
      vertex   -9.600000e+00 0.000000e+00 -9.500000e-01
    endloop
  endfacet
  facet normal 0.000000e+00 1.000000e+00 -0.000000e+00
    outer loop
      vertex   -8.777607e+00 0.000000e+00 -3.947899e+00
      vertex   -9.600000e+00 0.000000e+00 -9.500000e-01
      vertex   -8.604869e+00 0.000000e+00 -3.692795e+00
    endloop
  endfacet
  facet normal 0.000000e+00 1.000000e+00 -0.000000e+00
    outer loop
      vertex   -8.604869e+00 0.000000e+00 -3.692795e+00
      vertex   -9.600000e+00 0.000000e+00 -9.500000e-01
      vertex   -8.448219e+00 0.000000e+00 -3.457152e+00
    endloop
  endfacet
  facet normal 0.000000e+00 1.000000e+00 0.000000e+00
    outer loop
      vertex   -8.448219e+00 0.000000e+00 -3.457152e+00
      vertex   -9.600000e+00 0.000000e+00 -9.500000e-01
      vertex   -9.354122e+00 0.000000e+00 -9.176295e-01
    endloop
  endfacet
  facet normal 0.000000e+00 1.000000e+00 -0.000000e+00
    outer loop
      vertex   -8.448219e+00 0.000000e+00 -3.457152e+00
      vertex   -9.354122e+00 0.000000e+00 -9.176295e-01
      vertex   -8.305770e+00 0.000000e+00 -3.238541e+00
    endloop
  endfacet
  facet normal 0.000000e+00 1.000000e+00 -0.000000e+00
    outer loop
      vertex   -8.305770e+00 0.000000e+00 -3.238541e+00
      vertex   -9.354122e+00 0.000000e+00 -9.176295e-01
      vertex   -8.175926e+00 0.000000e+00 -3.034907e+00
    endloop
  endfacet
  facet normal 0.000000e+00 1.000000e+00 0.000000e+00
    outer loop
      vertex   -8.175926e+00 0.000000e+00 -3.034907e+00
      vertex   -9.354122e+00 0.000000e+00 -9.176295e-01
      vertex   -9.125000e+00 0.000000e+00 -8.227241e-01
    endloop
  endfacet
  facet normal 0.000000e+00 1.000000e+00 -0.000000e+00
    outer loop
      vertex   -8.175926e+00 0.000000e+00 -3.034907e+00
      vertex   -9.125000e+00 0.000000e+00 -8.227241e-01
      vertex   -7.948847e+00 0.000000e+00 -2.665809e+00
    endloop
  endfacet
  facet normal 0.000000e+00 1.000000e+00 -0.000000e+00
    outer loop
      vertex   -7.948847e+00 0.000000e+00 -2.665809e+00
      vertex   -9.125000e+00 0.000000e+00 -8.227241e-01
      vertex   -7.758337e+00 0.000000e+00 -2.338569e+00
    endloop
  endfacet
  facet normal 0.000000e+00 1.000000e+00 0.000000e+00
    outer loop
      vertex   -7.758337e+00 0.000000e+00 -2.338569e+00
      vertex   -9.125000e+00 0.000000e+00 -8.227241e-01
      vertex   -8.928249e+00 0.000000e+00 -6.717514e-01
    endloop
  endfacet
  facet normal 0.000000e+00 1.000000e+00 -0.000000e+00
    outer loop
      vertex   -7.758337e+00 0.000000e+00 -2.338569e+00
      vertex   -8.928249e+00 0.000000e+00 -6.717514e-01
      vertex   -7.597975e+00 0.000000e+00 -2.044678e+00
    endloop
  endfacet
  facet normal 0.000000e+00 1.000000e+00 -0.000000e+00
    outer loop
      vertex   -7.597975e+00 0.000000e+00 -2.044678e+00
      vertex   -8.928249e+00 0.000000e+00 -6.717514e-01
      vertex   -7.462914e+00 0.000000e+00 -1.777574e+00
    endloop
  endfacet
  facet normal 0.000000e+00 1.000000e+00 0.000000e+00
    outer loop
      vertex   -7.462914e+00 0.000000e+00 -1.777574e+00
      vertex   -8.928249e+00 0.000000e+00 -6.717514e-01
      vertex   -8.777276e+00 0.000000e+00 -4.750000e-01
    endloop
  endfacet
  facet normal 0.000000e+00 1.000000e+00 -0.000000e+00
    outer loop
      vertex   -7.462914e+00 0.000000e+00 -1.777574e+00
      vertex   -8.777276e+00 0.000000e+00 -4.750000e-01
      vertex   -7.349446e+00 0.000000e+00 -1.532090e+00
    endloop
  endfacet
  facet normal 0.000000e+00 1.000000e+00 -0.000000e+00
    outer loop
      vertex   -7.349446e+00 0.000000e+00 -1.532090e+00
      vertex   -8.777276e+00 0.000000e+00 -4.750000e-01
      vertex   -7.254711e+00 0.000000e+00 -1.304074e+00
    endloop
  endfacet
  facet normal 0.000000e+00 1.000000e+00 0.000000e+00
    outer loop
      vertex   -7.254711e+00 0.000000e+00 -1.304074e+00
      vertex   -8.777276e+00 0.000000e+00 -4.750000e-01
      vertex   -8.682370e+00 0.000000e+00 -2.458781e-01
    endloop
  endfacet
  facet normal 0.000000e+00 1.000000e+00 -0.000000e+00
    outer loop
      vertex   -7.254711e+00 0.000000e+00 -1.304074e+00
      vertex   -8.682370e+00 0.000000e+00 -2.458781e-01
      vertex   -7.176491e+00 0.000000e+00 -1.090123e+00
    endloop
  endfacet
  facet normal 0.000000e+00 1.000000e+00 -0.000000e+00
    outer loop
      vertex   -7.176491e+00 0.000000e+00 -1.090123e+00
      vertex   -8.682370e+00 0.000000e+00 -2.458781e-01
      vertex   -7.063132e+00 0.000000e+00 -6.934315e-01
    endloop
  endfacet
  facet normal 0.000000e+00 1.000000e+00 -0.000000e+00
    outer loop
      vertex   -7.063132e+00 0.000000e+00 -6.934315e-01
      vertex   -8.682370e+00 0.000000e+00 -2.458781e-01
      vertex   -7.000000e+00 0.000000e+00 -3.235601e-01
    endloop
  endfacet
  facet normal 0.000000e+00 1.000000e+00 0.000000e+00
    outer loop
      vertex   -7.000000e+00 0.000000e+00 -3.235601e-01
      vertex   -8.682370e+00 0.000000e+00 -2.458781e-01
      vertex   -8.650000e+00 0.000000e+00 4.220449e-17
    endloop
  endfacet
  facet normal 0.000000e+00 1.000000e+00 -0.000000e+00
    outer loop
      vertex   -7.000000e+00 0.000000e+00 -3.235601e-01
      vertex   -8.650000e+00 0.000000e+00 4.220449e-17
      vertex   -7.000000e+00 0.000000e+00 3.235601e-01
    endloop
  endfacet
  facet normal 0.000000e+00 1.000000e+00 0.000000e+00
    outer loop
      vertex   -7.000000e+00 0.000000e+00 3.235601e-01
      vertex   -8.650000e+00 0.000000e+00 4.220449e-17
      vertex   -8.682370e+00 0.000000e+00 2.458781e-01
    endloop
  endfacet
  facet normal 0.000000e+00 1.000000e+00 0.000000e+00
    outer loop
      vertex   -7.000000e+00 0.000000e+00 3.235601e-01
      vertex   -8.682370e+00 0.000000e+00 2.458781e-01
      vertex   -7.063132e+00 0.000000e+00 6.934315e-01
    endloop
  endfacet
  facet normal 0.000000e+00 1.000000e+00 0.000000e+00
    outer loop
      vertex   -7.063132e+00 0.000000e+00 6.934315e-01
      vertex   -8.682370e+00 0.000000e+00 2.458781e-01
      vertex   -7.176491e+00 0.000000e+00 1.090123e+00
    endloop
  endfacet
  facet normal 0.000000e+00 1.000000e+00 0.000000e+00
    outer loop
      vertex   -7.176491e+00 0.000000e+00 1.090123e+00
      vertex   -8.682370e+00 0.000000e+00 2.458781e-01
      vertex   -7.254711e+00 0.000000e+00 1.304074e+00
    endloop
  endfacet
  facet normal 0.000000e+00 1.000000e+00 0.000000e+00
    outer loop
      vertex   -7.254711e+00 0.000000e+00 1.304074e+00
      vertex   -8.682370e+00 0.000000e+00 2.458781e-01
      vertex   -8.777276e+00 0.000000e+00 4.750000e-01
    endloop
  endfacet
  facet normal 0.000000e+00 1.000000e+00 0.000000e+00
    outer loop
      vertex   -7.254711e+00 0.000000e+00 1.304074e+00
      vertex   -8.777276e+00 0.000000e+00 4.750000e-01
      vertex   -7.349446e+00 0.000000e+00 1.532090e+00
    endloop
  endfacet
  facet normal 0.000000e+00 1.000000e+00 0.000000e+00
    outer loop
      vertex   -7.349446e+00 0.000000e+00 1.532090e+00
      vertex   -8.777276e+00 0.000000e+00 4.750000e-01
      vertex   -7.462914e+00 0.000000e+00 1.777574e+00
    endloop
  endfacet
  facet normal 0.000000e+00 1.000000e+00 0.000000e+00
    outer loop
      vertex   -7.462914e+00 0.000000e+00 1.777574e+00
      vertex   -8.777276e+00 0.000000e+00 4.750000e-01
      vertex   -8.928249e+00 0.000000e+00 6.717514e-01
    endloop
  endfacet
  facet normal 0.000000e+00 1.000000e+00 0.000000e+00
    outer loop
      vertex   -7.462914e+00 0.000000e+00 1.777574e+00
      vertex   -8.928249e+00 0.000000e+00 6.717514e-01
      vertex   -7.597975e+00 0.000000e+00 2.044678e+00
    endloop
  endfacet
  facet normal 0.000000e+00 1.000000e+00 0.000000e+00
    outer loop
      vertex   -7.597975e+00 0.000000e+00 2.044678e+00
      vertex   -8.928249e+00 0.000000e+00 6.717514e-01
      vertex   -7.758337e+00 0.000000e+00 2.338569e+00
    endloop
  endfacet
  facet normal 0.000000e+00 1.000000e+00 0.000000e+00
    outer loop
      vertex   -7.758337e+00 0.000000e+00 2.338569e+00
      vertex   -8.928249e+00 0.000000e+00 6.717514e-01
      vertex   -9.125000e+00 0.000000e+00 8.227241e-01
    endloop
  endfacet
  facet normal 0.000000e+00 1.000000e+00 0.000000e+00
    outer loop
      vertex   -7.758337e+00 0.000000e+00 2.338569e+00
      vertex   -9.125000e+00 0.000000e+00 8.227241e-01
      vertex   -7.948847e+00 0.000000e+00 2.665809e+00
    endloop
  endfacet
  facet normal 0.000000e+00 1.000000e+00 0.000000e+00
    outer loop
      vertex   -7.948847e+00 0.000000e+00 2.665809e+00
      vertex   -9.125000e+00 0.000000e+00 8.227241e-01
      vertex   -8.175926e+00 0.000000e+00 3.034907e+00
    endloop
  endfacet
  facet normal 0.000000e+00 1.000000e+00 0.000000e+00
    outer loop
      vertex   -8.175926e+00 0.000000e+00 3.034907e+00
      vertex   -9.125000e+00 0.000000e+00 8.227241e-01
      vertex   -9.354122e+00 0.000000e+00 9.176295e-01
    endloop
  endfacet
  facet normal 0.000000e+00 1.000000e+00 0.000000e+00
    outer loop
      vertex   -8.175926e+00 0.000000e+00 3.034907e+00
      vertex   -9.354122e+00 0.000000e+00 9.176295e-01
      vertex   -8.305770e+00 0.000000e+00 3.238541e+00
    endloop
  endfacet
  facet normal 0.000000e+00 1.000000e+00 0.000000e+00
    outer loop
      vertex   -8.305770e+00 0.000000e+00 3.238541e+00
      vertex   -9.354122e+00 0.000000e+00 9.176295e-01
      vertex   -8.448219e+00 0.000000e+00 3.457152e+00
    endloop
  endfacet
  facet normal 0.000000e+00 1.000000e+00 0.000000e+00
    outer loop
      vertex   -8.448219e+00 0.000000e+00 3.457152e+00
      vertex   -9.354122e+00 0.000000e+00 9.176295e-01
      vertex   -9.600000e+00 0.000000e+00 9.500000e-01
    endloop
  endfacet
  facet normal 0.000000e+00 1.000000e+00 0.000000e+00
    outer loop
      vertex   -8.448219e+00 0.000000e+00 3.457152e+00
      vertex   -9.600000e+00 0.000000e+00 9.500000e-01
      vertex   -8.604869e+00 0.000000e+00 3.692795e+00
    endloop
  endfacet
  facet normal 0.000000e+00 1.000000e+00 0.000000e+00
    outer loop
      vertex   -8.604869e+00 0.000000e+00 3.692795e+00
      vertex   -9.600000e+00 0.000000e+00 9.500000e-01
      vertex   -8.777607e+00 0.000000e+00 3.947899e+00
    endloop
  endfacet
  facet normal 0.000000e+00 1.000000e+00 0.000000e+00
    outer loop
      vertex   -8.777607e+00 0.000000e+00 3.947899e+00
      vertex   -9.600000e+00 0.000000e+00 9.500000e-01
      vertex   -9.845878e+00 0.000000e+00 9.176295e-01
    endloop
  endfacet
  facet normal 0.000000e+00 1.000000e+00 0.000000e+00
    outer loop
      vertex   -8.777607e+00 0.000000e+00 3.947899e+00
      vertex   -9.845878e+00 0.000000e+00 9.176295e-01
      vertex   -8.968689e+00 0.000000e+00 4.225354e+00
    endloop
  endfacet
  facet normal 0.000000e+00 1.000000e+00 0.000000e+00
    outer loop
      vertex   -8.968689e+00 0.000000e+00 4.225354e+00
      vertex   -9.845878e+00 0.000000e+00 9.176295e-01
      vertex   -9.180832e+00 0.000000e+00 4.528631e+00
    endloop
  endfacet
  facet normal 0.000000e+00 1.000000e+00 0.000000e+00
    outer loop
      vertex   -9.180832e+00 0.000000e+00 4.528631e+00
      vertex   -9.845878e+00 0.000000e+00 9.176295e-01
      vertex   -1.007500e+01 0.000000e+00 8.227241e-01
    endloop
  endfacet
  facet normal 0.000000e+00 1.000000e+00 0.000000e+00
    outer loop
      vertex   -9.180832e+00 0.000000e+00 4.528631e+00
      vertex   -1.007500e+01 0.000000e+00 8.227241e-01
      vertex   -9.417331e+00 0.000000e+00 4.861937e+00
    endloop
  endfacet
  facet normal 0.000000e+00 1.000000e+00 0.000000e+00
    outer loop
      vertex   -9.417331e+00 0.000000e+00 4.861937e+00
      vertex   -1.007500e+01 0.000000e+00 8.227241e-01
      vertex   -9.682227e+00 0.000000e+00 5.230419e+00
    endloop
  endfacet
  facet normal 0.000000e+00 1.000000e+00 0.000000e+00
    outer loop
      vertex   -9.682227e+00 0.000000e+00 5.230419e+00
      vertex   -1.007500e+01 0.000000e+00 8.227241e-01
      vertex   -1.027175e+01 0.000000e+00 6.717514e-01
    endloop
  endfacet
  facet normal 0.000000e+00 1.000000e+00 0.000000e+00
    outer loop
      vertex   -9.980527e+00 0.000000e+00 -5.640447e+00
      vertex   -1.031851e+01 0.000000e+00 -6.100000e+00
      vertex   -1.033392e+01 0.000000e+00 -6.100000e+00
    endloop
  endfacet
  facet normal 0.000000e+00 1.000000e+00 0.000000e+00
    outer loop
      vertex   -1.033392e+01 0.000000e+00 -6.100000e+00
      vertex   -1.031851e+01 0.000000e+00 -6.100000e+00
      vertex   -1.032879e+01 0.000000e+00 -6.108684e+00
    endloop
  endfacet
  facet normal -0.000000e+00 1.000000e+00 0.000000e+00
    outer loop
      vertex   -1.032879e+01 0.000000e+00 -6.108684e+00
      vertex   -1.031851e+01 0.000000e+00 -6.100000e+00
      vertex   -1.032365e+01 0.000000e+00 -6.117365e+00
    endloop
  endfacet
  facet normal -0.000000e+00 1.000000e+00 0.000000e+00
    outer loop
      vertex   -1.032365e+01 0.000000e+00 -6.117365e+00
      vertex   -1.031851e+01 0.000000e+00 -6.100000e+00
      vertex   -1.031851e+01 0.000000e+00 -6.126041e+00
    endloop
  endfacet
  facet normal 0.000000e+00 1.000000e+00 0.000000e+00
    outer loop
      vertex   -9.980527e+00 0.000000e+00 5.640447e+00
      vertex   -1.033392e+01 0.000000e+00 6.100000e+00
      vertex   -1.031851e+01 0.000000e+00 6.100000e+00
    endloop
  endfacet
  facet normal 0.000000e+00 1.000000e+00 0.000000e+00
    outer loop
      vertex   -1.031851e+01 0.000000e+00 6.100000e+00
      vertex   -1.033392e+01 0.000000e+00 6.100000e+00
      vertex   -1.032879e+01 0.000000e+00 6.108685e+00
    endloop
  endfacet
  facet normal 0.000000e+00 1.000000e+00 0.000000e+00
    outer loop
      vertex   -1.031851e+01 0.000000e+00 6.100000e+00
      vertex   -1.032879e+01 0.000000e+00 6.108685e+00
      vertex   -1.032365e+01 0.000000e+00 6.117365e+00
    endloop
  endfacet
  facet normal -0.000000e+00 1.000000e+00 0.000000e+00
    outer loop
      vertex   -1.032365e+01 0.000000e+00 6.117365e+00
      vertex   -1.031851e+01 0.000000e+00 6.126041e+00
      vertex   -1.031851e+01 0.000000e+00 6.100000e+00
    endloop
  endfacet
  facet normal 0.000000e+00 -1.000000e+00 4.042331e-15
    outer loop
      vertex   5.332682e+00 9.000000e+00 1.075000e+01
      vertex   -5.332682e+00 9.000000e+00 1.075000e+01
      vertex   6.139408e+00 9.000000e+00 1.031056e+01
    endloop
  endfacet
  facet normal -5.847977e-31 -1.000000e+00 4.042331e-15
    outer loop
      vertex   6.139408e+00 9.000000e+00 1.031056e+01
      vertex   -5.332682e+00 9.000000e+00 1.075000e+01
      vertex   -6.139408e+00 9.000000e+00 1.031056e+01
    endloop
  endfacet
  facet normal 0.000000e+00 -1.000000e+00 -0.000000e+00
    outer loop
      vertex   6.139408e+00 9.000000e+00 1.031056e+01
      vertex   -6.139408e+00 9.000000e+00 1.031056e+01
      vertex   6.910153e+00 9.000000e+00 9.810698e+00
    endloop
  endfacet
  facet normal 0.000000e+00 -1.000000e+00 0.000000e+00
    outer loop
      vertex   6.910153e+00 9.000000e+00 9.810698e+00
      vertex   -6.139408e+00 9.000000e+00 1.031056e+01
      vertex   -6.910153e+00 9.000000e+00 9.810698e+00
    endloop
  endfacet
  facet normal -0.000000e+00 -1.000000e+00 -0.000000e+00
    outer loop
      vertex   6.910153e+00 9.000000e+00 9.810698e+00
      vertex   -6.910153e+00 9.000000e+00 9.810698e+00
      vertex   7.640401e+00 9.000000e+00 9.253338e+00
    endloop
  endfacet
  facet normal -0.000000e+00 -1.000000e+00 0.000000e+00
    outer loop
      vertex   7.640401e+00 9.000000e+00 9.253338e+00
      vertex   -6.910153e+00 9.000000e+00 9.810698e+00
      vertex   -7.640401e+00 9.000000e+00 9.253338e+00
    endloop
  endfacet
  facet normal 0.000000e+00 -1.000000e+00 -0.000000e+00
    outer loop
      vertex   7.640401e+00 9.000000e+00 9.253338e+00
      vertex   -7.640401e+00 9.000000e+00 9.253338e+00
      vertex   8.325873e+00 9.000000e+00 8.641750e+00
    endloop
  endfacet
  facet normal -0.000000e+00 -1.000000e+00 0.000000e+00
    outer loop
      vertex   8.325873e+00 9.000000e+00 8.641750e+00
      vertex   -7.640401e+00 9.000000e+00 9.253338e+00
      vertex   -8.325873e+00 9.000000e+00 8.641750e+00
    endloop
  endfacet
  facet normal 0.000000e+00 -1.000000e+00 -0.000000e+00
    outer loop
      vertex   8.325873e+00 9.000000e+00 8.641750e+00
      vertex   -8.325873e+00 9.000000e+00 8.641750e+00
      vertex   8.962551e+00 9.000000e+00 7.979516e+00
    endloop
  endfacet
  facet normal 0.000000e+00 -1.000000e+00 0.000000e+00
    outer loop
      vertex   8.962551e+00 9.000000e+00 7.979516e+00
      vertex   -8.325873e+00 9.000000e+00 8.641750e+00
      vertex   -8.962551e+00 9.000000e+00 7.979516e+00
    endloop
  endfacet
  facet normal -0.000000e+00 -1.000000e+00 -0.000000e+00
    outer loop
      vertex   8.962551e+00 9.000000e+00 7.979516e+00
      vertex   -8.962551e+00 9.000000e+00 7.979516e+00
      vertex   9.546704e+00 9.000000e+00 7.270519e+00
    endloop
  endfacet
  facet normal 0.000000e+00 -1.000000e+00 0.000000e+00
    outer loop
      vertex   9.546704e+00 9.000000e+00 7.270519e+00
      vertex   -8.962551e+00 9.000000e+00 7.979516e+00
      vertex   -9.546704e+00 9.000000e+00 7.270519e+00
    endloop
  endfacet
  facet normal -0.000000e+00 -1.000000e+00 -0.000000e+00
    outer loop
      vertex   9.546704e+00 9.000000e+00 7.270519e+00
      vertex   -9.546704e+00 9.000000e+00 7.270519e+00
      vertex   1.007491e+01 9.000000e+00 6.518912e+00
    endloop
  endfacet
  facet normal 0.000000e+00 -1.000000e+00 0.000000e+00
    outer loop
      vertex   1.007491e+01 9.000000e+00 6.518912e+00
      vertex   -9.546704e+00 9.000000e+00 7.270519e+00
      vertex   -1.007491e+01 9.000000e+00 6.518912e+00
    endloop
  endfacet
  facet normal -0.000000e+00 -1.000000e+00 -0.000000e+00
    outer loop
      vertex   1.007491e+01 9.000000e+00 6.518912e+00
      vertex   -1.007491e+01 9.000000e+00 6.518912e+00
      vertex   1.054407e+01 9.000000e+00 5.729102e+00
    endloop
  endfacet
  facet normal -0.000000e+00 -1.000000e+00 0.000000e+00
    outer loop
      vertex   1.054407e+01 9.000000e+00 5.729102e+00
      vertex   -1.007491e+01 9.000000e+00 6.518912e+00
      vertex   -1.054407e+01 9.000000e+00 5.729102e+00
    endloop
  endfacet
  facet normal 0.000000e+00 -1.000000e+00 -0.000000e+00
    outer loop
      vertex   1.054407e+01 9.000000e+00 5.729102e+00
      vertex   -1.054407e+01 9.000000e+00 5.729102e+00
      vertex   1.095144e+01 9.000000e+00 4.905716e+00
    endloop
  endfacet
  facet normal -0.000000e+00 -1.000000e+00 0.000000e+00
    outer loop
      vertex   1.095144e+01 9.000000e+00 4.905716e+00
      vertex   -1.054407e+01 9.000000e+00 5.729102e+00
      vertex   -1.095144e+01 9.000000e+00 4.905716e+00
    endloop
  endfacet
  facet normal 0.000000e+00 -1.000000e+00 -0.000000e+00
    outer loop
      vertex   1.095144e+01 9.000000e+00 4.905716e+00
      vertex   -1.095144e+01 9.000000e+00 4.905716e+00
      vertex   1.129462e+01 9.000000e+00 4.053580e+00
    endloop
  endfacet
  facet normal 0.000000e+00 -1.000000e+00 0.000000e+00
    outer loop
      vertex   1.129462e+01 9.000000e+00 4.053580e+00
      vertex   -1.095144e+01 9.000000e+00 4.905716e+00
      vertex   -1.129462e+01 9.000000e+00 4.053580e+00
    endloop
  endfacet
  facet normal -0.000000e+00 -1.000000e+00 -0.000000e+00
    outer loop
      vertex   1.129462e+01 9.000000e+00 4.053580e+00
      vertex   -1.129462e+01 9.000000e+00 4.053580e+00
      vertex   1.157162e+01 9.000000e+00 3.177688e+00
    endloop
  endfacet
  facet normal 0.000000e+00 -1.000000e+00 0.000000e+00
    outer loop
      vertex   1.157162e+01 9.000000e+00 3.177688e+00
      vertex   -1.129462e+01 9.000000e+00 4.053580e+00
      vertex   -1.157162e+01 9.000000e+00 3.177688e+00
    endloop
  endfacet
  facet normal -0.000000e+00 -1.000000e+00 -0.000000e+00
    outer loop
      vertex   1.157162e+01 9.000000e+00 3.177688e+00
      vertex   -1.157162e+01 9.000000e+00 3.177688e+00
      vertex   1.178079e+01 9.000000e+00 2.283174e+00
    endloop
  endfacet
  facet normal 0.000000e+00 -1.000000e+00 0.000000e+00
    outer loop
      vertex   1.178079e+01 9.000000e+00 2.283174e+00
      vertex   -1.157162e+01 9.000000e+00 3.177688e+00
      vertex   -1.178079e+01 9.000000e+00 2.283174e+00
    endloop
  endfacet
  facet normal -0.000000e+00 -1.000000e+00 -0.000000e+00
    outer loop
      vertex   1.178079e+01 9.000000e+00 2.283174e+00
      vertex   -1.178079e+01 9.000000e+00 2.283174e+00
      vertex   1.192093e+01 9.000000e+00 1.375278e+00
    endloop
  endfacet
  facet normal -0.000000e+00 -1.000000e+00 0.000000e+00
    outer loop
      vertex   1.192093e+01 9.000000e+00 1.375278e+00
      vertex   -1.178079e+01 9.000000e+00 2.283174e+00
      vertex   -1.192093e+01 9.000000e+00 1.375278e+00
    endloop
  endfacet
  facet normal 0.000000e+00 -1.000000e+00 -0.000000e+00
    outer loop
      vertex   1.192093e+01 9.000000e+00 1.375278e+00
      vertex   -1.192093e+01 9.000000e+00 1.375278e+00
      vertex   1.199121e+01 9.000000e+00 4.593234e-01
    endloop
  endfacet
  facet normal -0.000000e+00 -1.000000e+00 0.000000e+00
    outer loop
      vertex   1.199121e+01 9.000000e+00 4.593234e-01
      vertex   -1.192093e+01 9.000000e+00 1.375278e+00
      vertex   -1.199121e+01 9.000000e+00 4.593234e-01
    endloop
  endfacet
  facet normal 0.000000e+00 -1.000000e+00 -0.000000e+00
    outer loop
      vertex   1.199121e+01 9.000000e+00 4.593234e-01
      vertex   -1.199121e+01 9.000000e+00 4.593234e-01
      vertex   1.199121e+01 9.000000e+00 -4.593234e-01
    endloop
  endfacet
  facet normal 0.000000e+00 -1.000000e+00 0.000000e+00
    outer loop
      vertex   1.199121e+01 9.000000e+00 -4.593234e-01
      vertex   -1.199121e+01 9.000000e+00 4.593234e-01
      vertex   -1.199121e+01 9.000000e+00 -4.593234e-01
    endloop
  endfacet
  facet normal -0.000000e+00 -1.000000e+00 0.000000e+00
    outer loop
      vertex   1.199121e+01 9.000000e+00 -4.593234e-01
      vertex   -1.199121e+01 9.000000e+00 -4.593234e-01
      vertex   1.192093e+01 9.000000e+00 -1.375278e+00
    endloop
  endfacet
  facet normal -0.000000e+00 -1.000000e+00 0.000000e+00
    outer loop
      vertex   1.192093e+01 9.000000e+00 -1.375278e+00
      vertex   -1.199121e+01 9.000000e+00 -4.593234e-01
      vertex   -1.192093e+01 9.000000e+00 -1.375278e+00
    endloop
  endfacet
  facet normal 0.000000e+00 -1.000000e+00 0.000000e+00
    outer loop
      vertex   1.192093e+01 9.000000e+00 -1.375278e+00
      vertex   -1.192093e+01 9.000000e+00 -1.375278e+00
      vertex   1.178079e+01 9.000000e+00 -2.283174e+00
    endloop
  endfacet
  facet normal 0.000000e+00 -1.000000e+00 0.000000e+00
    outer loop
      vertex   1.178079e+01 9.000000e+00 -2.283174e+00
      vertex   -1.192093e+01 9.000000e+00 -1.375278e+00
      vertex   -1.178079e+01 9.000000e+00 -2.283174e+00
    endloop
  endfacet
  facet normal -0.000000e+00 -1.000000e+00 0.000000e+00
    outer loop
      vertex   1.178079e+01 9.000000e+00 -2.283174e+00
      vertex   -1.178079e+01 9.000000e+00 -2.283174e+00
      vertex   1.157162e+01 9.000000e+00 -3.177688e+00
    endloop
  endfacet
  facet normal -0.000000e+00 -1.000000e+00 0.000000e+00
    outer loop
      vertex   1.157162e+01 9.000000e+00 -3.177688e+00
      vertex   -1.178079e+01 9.000000e+00 -2.283174e+00
      vertex   -1.157162e+01 9.000000e+00 -3.177688e+00
    endloop
  endfacet
  facet normal 0.000000e+00 -1.000000e+00 0.000000e+00
    outer loop
      vertex   1.157162e+01 9.000000e+00 -3.177688e+00
      vertex   -1.157162e+01 9.000000e+00 -3.177688e+00
      vertex   1.129462e+01 9.000000e+00 -4.053580e+00
    endloop
  endfacet
  facet normal 0.000000e+00 -1.000000e+00 0.000000e+00
    outer loop
      vertex   1.129462e+01 9.000000e+00 -4.053580e+00
      vertex   -1.157162e+01 9.000000e+00 -3.177688e+00
      vertex   -1.129462e+01 9.000000e+00 -4.053580e+00
    endloop
  endfacet
  facet normal -0.000000e+00 -1.000000e+00 0.000000e+00
    outer loop
      vertex   1.129462e+01 9.000000e+00 -4.053580e+00
      vertex   -1.129462e+01 9.000000e+00 -4.053580e+00
      vertex   1.095144e+01 9.000000e+00 -4.905716e+00
    endloop
  endfacet
  facet normal 0.000000e+00 -1.000000e+00 0.000000e+00
    outer loop
      vertex   1.095144e+01 9.000000e+00 -4.905716e+00
      vertex   -1.129462e+01 9.000000e+00 -4.053580e+00
      vertex   -1.095144e+01 9.000000e+00 -4.905716e+00
    endloop
  endfacet
  facet normal -0.000000e+00 -1.000000e+00 0.000000e+00
    outer loop
      vertex   1.095144e+01 9.000000e+00 -4.905716e+00
      vertex   -1.095144e+01 9.000000e+00 -4.905716e+00
      vertex   1.054407e+01 9.000000e+00 -5.729102e+00
    endloop
  endfacet
  facet normal -0.000000e+00 -1.000000e+00 0.000000e+00
    outer loop
      vertex   1.054407e+01 9.000000e+00 -5.729102e+00
      vertex   -1.095144e+01 9.000000e+00 -4.905716e+00
      vertex   -1.054407e+01 9.000000e+00 -5.729102e+00
    endloop
  endfacet
  facet normal 0.000000e+00 -1.000000e+00 0.000000e+00
    outer loop
      vertex   1.054407e+01 9.000000e+00 -5.729102e+00
      vertex   -1.054407e+01 9.000000e+00 -5.729102e+00
      vertex   1.007491e+01 9.000000e+00 -6.518912e+00
    endloop
  endfacet
  facet normal 0.000000e+00 -1.000000e+00 0.000000e+00
    outer loop
      vertex   1.007491e+01 9.000000e+00 -6.518912e+00
      vertex   -1.054407e+01 9.000000e+00 -5.729102e+00
      vertex   -1.007491e+01 9.000000e+00 -6.518912e+00
    endloop
  endfacet
  facet normal -0.000000e+00 -1.000000e+00 0.000000e+00
    outer loop
      vertex   1.007491e+01 9.000000e+00 -6.518912e+00
      vertex   -1.007491e+01 9.000000e+00 -6.518912e+00
      vertex   9.546704e+00 9.000000e+00 -7.270519e+00
    endloop
  endfacet
  facet normal -0.000000e+00 -1.000000e+00 0.000000e+00
    outer loop
      vertex   9.546704e+00 9.000000e+00 -7.270519e+00
      vertex   -1.007491e+01 9.000000e+00 -6.518912e+00
      vertex   -9.546704e+00 9.000000e+00 -7.270519e+00
    endloop
  endfacet
  facet normal 0.000000e+00 -1.000000e+00 0.000000e+00
    outer loop
      vertex   9.546704e+00 9.000000e+00 -7.270519e+00
      vertex   -9.546704e+00 9.000000e+00 -7.270519e+00
      vertex   8.962551e+00 9.000000e+00 -7.979516e+00
    endloop
  endfacet
  facet normal 0.000000e+00 -1.000000e+00 0.000000e+00
    outer loop
      vertex   8.962551e+00 9.000000e+00 -7.979516e+00
      vertex   -9.546704e+00 9.000000e+00 -7.270519e+00
      vertex   -8.962551e+00 9.000000e+00 -7.979516e+00
    endloop
  endfacet
  facet normal -0.000000e+00 -1.000000e+00 0.000000e+00
    outer loop
      vertex   8.962551e+00 9.000000e+00 -7.979516e+00
      vertex   -8.962551e+00 9.000000e+00 -7.979516e+00
      vertex   8.325873e+00 9.000000e+00 -8.641750e+00
    endloop
  endfacet
  facet normal 0.000000e+00 -1.000000e+00 0.000000e+00
    outer loop
      vertex   8.325873e+00 9.000000e+00 -8.641750e+00
      vertex   -8.962551e+00 9.000000e+00 -7.979516e+00
      vertex   -8.325873e+00 9.000000e+00 -8.641750e+00
    endloop
  endfacet
  facet normal -0.000000e+00 -1.000000e+00 0.000000e+00
    outer loop
      vertex   8.325873e+00 9.000000e+00 -8.641750e+00
      vertex   -8.325873e+00 9.000000e+00 -8.641750e+00
      vertex   7.640401e+00 9.000000e+00 -9.253338e+00
    endloop
  endfacet
  facet normal 0.000000e+00 -1.000000e+00 0.000000e+00
    outer loop
      vertex   7.640401e+00 9.000000e+00 -9.253338e+00
      vertex   -8.325873e+00 9.000000e+00 -8.641750e+00
      vertex   -7.640401e+00 9.000000e+00 -9.253338e+00
    endloop
  endfacet
  facet normal -0.000000e+00 -1.000000e+00 0.000000e+00
    outer loop
      vertex   7.640401e+00 9.000000e+00 -9.253338e+00
      vertex   -7.640401e+00 9.000000e+00 -9.253338e+00
      vertex   6.910153e+00 9.000000e+00 -9.810698e+00
    endloop
  endfacet
  facet normal 0.000000e+00 -1.000000e+00 0.000000e+00
    outer loop
      vertex   6.910153e+00 9.000000e+00 -9.810698e+00
      vertex   -7.640401e+00 9.000000e+00 -9.253338e+00
      vertex   -6.910153e+00 9.000000e+00 -9.810698e+00
    endloop
  endfacet
  facet normal -0.000000e+00 -1.000000e+00 0.000000e+00
    outer loop
      vertex   6.910153e+00 9.000000e+00 -9.810698e+00
      vertex   -6.910153e+00 9.000000e+00 -9.810698e+00
      vertex   6.139408e+00 9.000000e+00 -1.031056e+01
    endloop
  endfacet
  facet normal 0.000000e+00 -1.000000e+00 0.000000e+00
    outer loop
      vertex   6.139408e+00 9.000000e+00 -1.031056e+01
      vertex   -6.910153e+00 9.000000e+00 -9.810698e+00
      vertex   -6.139408e+00 9.000000e+00 -1.031056e+01
    endloop
  endfacet
  facet normal -0.000000e+00 -1.000000e+00 -4.042331e-15
    outer loop
      vertex   6.139408e+00 9.000000e+00 -1.031056e+01
      vertex   -6.139408e+00 9.000000e+00 -1.031056e+01
      vertex   5.332682e+00 9.000000e+00 -1.075000e+01
    endloop
  endfacet
  facet normal -0.000000e+00 -1.000000e+00 -4.042331e-15
    outer loop
      vertex   5.332682e+00 9.000000e+00 -1.075000e+01
      vertex   -6.139408e+00 9.000000e+00 -1.031056e+01
      vertex   -5.332682e+00 9.000000e+00 -1.075000e+01
    endloop
  endfacet
  facet normal 8.609467e-01 -0.000000e+00 5.086952e-01
    outer loop
      vertex   -1.033392e+01 0.000000e+00 -6.100000e+00
      vertex   -1.032879e+01 0.000000e+00 -6.108684e+00
      vertex   -1.033392e+01 4.400000e+00 -6.100000e+00
    endloop
  endfacet
  facet normal 8.605188e-01 -1.927107e-06 5.094188e-01
    outer loop
      vertex   -1.033392e+01 4.400000e+00 -6.100000e+00
      vertex   -1.032879e+01 0.000000e+00 -6.108684e+00
      vertex   -1.032365e+01 0.000000e+00 -6.117365e+00
    endloop
  endfacet
  facet normal 8.600902e-01 -5.781321e-06 5.101419e-01
    outer loop
      vertex   -1.033392e+01 4.400000e+00 -6.100000e+00
      vertex   -1.032365e+01 0.000000e+00 -6.117365e+00
      vertex   -1.031851e+01 0.000000e+00 -6.126041e+00
    endloop
  endfacet
  facet normal 8.396863e-01 -2.721578e-04 5.430717e-01
    outer loop
      vertex   -1.031851e+01 0.000000e+00 -6.126041e+00
      vertex   -9.819167e+00 0.000000e+00 -6.898113e+00
      vertex   -1.033392e+01 4.400000e+00 -6.100000e+00
    endloop
  endfacet
  facet normal 8.437779e-01 1.363967e-03 5.366908e-01
    outer loop
      vertex   -1.033392e+01 4.400000e+00 -6.100000e+00
      vertex   -9.819167e+00 0.000000e+00 -6.898113e+00
      vertex   -1.007491e+01 9.000000e+00 -6.518912e+00
    endloop
  endfacet
  facet normal 8.597526e-01 -1.901794e-03 5.107073e-01
    outer loop
      vertex   -1.033392e+01 4.400000e+00 -6.100000e+00
      vertex   -1.007491e+01 9.000000e+00 -6.518912e+00
      vertex   -1.054407e+01 9.000000e+00 -5.729102e+00
    endloop
  endfacet
  facet normal 8.181664e-01 -9.770887e-04 5.749807e-01
    outer loop
      vertex   -1.007491e+01 9.000000e+00 -6.518912e+00
      vertex   -9.819167e+00 0.000000e+00 -6.898113e+00
      vertex   -9.546704e+00 9.000000e+00 -7.270519e+00
    endloop
  endfacet
  facet normal 7.956397e-01 9.788630e-04 6.057694e-01
    outer loop
      vertex   -9.546704e+00 9.000000e+00 -7.270519e+00
      vertex   -9.819167e+00 0.000000e+00 -6.898113e+00
      vertex   -9.262176e+00 0.000000e+00 -7.629686e+00
    endloop
  endfacet
  facet normal 7.717842e-01 -9.771011e-04 6.358838e-01
    outer loop
      vertex   -9.546704e+00 9.000000e+00 -7.270519e+00
      vertex   -9.262176e+00 0.000000e+00 -7.629686e+00
      vertex   -8.962551e+00 9.000000e+00 -7.979516e+00
    endloop
  endfacet
  facet normal 7.469222e-01 9.788722e-04 6.649107e-01
    outer loop
      vertex   -8.962551e+00 9.000000e+00 -7.979516e+00
      vertex   -9.262176e+00 0.000000e+00 -7.629686e+00
      vertex   -8.650805e+00 0.000000e+00 -8.316464e+00
    endloop
  endfacet
  facet normal 7.208789e-01 -9.771071e-04 6.930603e-01
    outer loop
      vertex   -8.962551e+00 9.000000e+00 -7.979516e+00
      vertex   -8.650805e+00 0.000000e+00 -8.316464e+00
      vertex   -8.325873e+00 9.000000e+00 -8.641750e+00
    endloop
  endfacet
  facet normal 6.938195e-01 9.788750e-04 7.201483e-01
    outer loop
      vertex   -8.325873e+00 9.000000e+00 -8.641750e+00
      vertex   -8.650805e+00 0.000000e+00 -8.316464e+00
      vertex   -7.988645e+00 0.000000e+00 -8.954415e+00
    endloop
  endfacet
  facet normal 6.726357e-01 -5.036228e-04 7.399737e-01
    outer loop
      vertex   -8.325873e+00 9.000000e+00 -8.641750e+00
      vertex   -7.988645e+00 0.000000e+00 -8.954415e+00
      vertex   -7.880197e+00 4.400000e+00 -9.050000e+00
    endloop
  endfacet
  facet normal 6.366432e-01 1.060936e-03 7.711578e-01
    outer loop
      vertex   -7.880197e+00 4.400000e+00 -9.050000e+00
      vertex   -7.988645e+00 0.000000e+00 -8.954415e+00
      vertex   -7.279583e+00 0.000000e+00 -9.539794e+00
    endloop
  endfacet
  facet normal 6.277862e-01 -9.526095e-04 7.783852e-01
    outer loop
      vertex   -7.880197e+00 4.400000e+00 -9.050000e+00
      vertex   -7.279583e+00 0.000000e+00 -9.539794e+00
      vertex   -7.175970e+00 4.400000e+00 -9.617976e+00
    endloop
  endfacet
  facet normal 5.757293e-01 9.707428e-04 8.176398e-01
    outer loop
      vertex   -7.175970e+00 4.400000e+00 -9.617976e+00
      vertex   -7.279583e+00 0.000000e+00 -9.539794e+00
      vertex   -6.527782e+00 0.000000e+00 -1.006916e+01
    endloop
  endfacet
  facet normal 5.673582e-01 -8.603544e-04 8.234707e-01
    outer loop
      vertex   -7.175970e+00 4.400000e+00 -9.617976e+00
      vertex   -6.527782e+00 0.000000e+00 -1.006916e+01
      vertex   -6.430953e+00 4.400000e+00 -1.013128e+01
    endloop
  endfacet
  facet normal 5.114351e-01 8.764254e-04 8.593214e-01
    outer loop
      vertex   -6.430953e+00 4.400000e+00 -1.013128e+01
      vertex   -6.527782e+00 0.000000e+00 -1.006916e+01
      vertex   -5.737655e+00 0.000000e+00 -1.053942e+01
    endloop
  endfacet
  facet normal 5.037052e-01 -7.639746e-04 8.638753e-01
    outer loop
      vertex   -6.430953e+00 4.400000e+00 -1.013128e+01
      vertex   -5.737655e+00 0.000000e+00 -1.053942e+01
      vertex   -5.649382e+00 4.400000e+00 -1.058700e+01
    endloop
  endfacet
  facet normal 4.441383e-01 7.779832e-04 8.959579e-01
    outer loop
      vertex   -5.649382e+00 4.400000e+00 -1.058700e+01
      vertex   -5.737655e+00 0.000000e+00 -1.053942e+01
      vertex   -4.913842e+00 0.000000e+00 -1.094779e+01
    endloop
  endfacet
  facet normal 4.371890e-01 -6.634702e-04 8.993694e-01
    outer loop
      vertex   -5.649382e+00 4.400000e+00 -1.058700e+01
      vertex   -4.913842e+00 0.000000e+00 -1.094779e+01
      vertex   -4.835698e+00 4.400000e+00 -1.098253e+01
    endloop
  endfacet
  facet normal 3.742339e-01 6.754166e-04 9.273341e-01
    outer loop
      vertex   -4.835698e+00 4.400000e+00 -1.098253e+01
      vertex   -4.913842e+00 0.000000e+00 -1.094779e+01
      vertex   -4.061179e+00 0.000000e+00 -1.129189e+01
    endloop
  endfacet
  facet normal 3.681876e-01 -5.588413e-04 9.297513e-01
    outer loop
      vertex   -4.835698e+00 4.400000e+00 -1.098253e+01
      vertex   -4.061179e+00 0.000000e+00 -1.129189e+01
      vertex   -3.994526e+00 4.400000e+00 -1.131564e+01
    endloop
  endfacet
  facet normal 3.021323e-01 5.687257e-04 9.532658e-01
    outer loop
      vertex   -3.994526e+00 4.400000e+00 -1.131564e+01
      vertex   -4.061179e+00 0.000000e+00 -1.129189e+01
      vertex   -3.184673e+00 0.000000e+00 -1.156970e+01
    endloop
  endfacet
  facet normal 2.970934e-01 -4.500883e-04 9.548483e-01
    outer loop
      vertex   -3.994526e+00 4.400000e+00 -1.131564e+01
      vertex   -3.184673e+00 0.000000e+00 -1.156970e+01
      vertex   -3.130649e+00 4.400000e+00 -1.158443e+01
    endloop
  endfacet
  facet normal 2.282568e-01 4.579105e-04 9.736008e-01
    outer loop
      vertex   -3.130649e+00 4.400000e+00 -1.158443e+01
      vertex   -3.184673e+00 0.000000e+00 -1.156970e+01
      vertex   -2.289470e+00 0.000000e+00 -1.177957e+01
    endloop
  endfacet
  facet normal 2.243105e-01 -3.372111e-04 9.745177e-01
    outer loop
      vertex   -3.130649e+00 4.400000e+00 -1.158443e+01
      vertex   -2.289470e+00 0.000000e+00 -1.177957e+01
      vertex   -2.248976e+00 4.400000e+00 -1.178737e+01
    endloop
  endfacet
  facet normal 1.530413e-01 3.429714e-04 9.882197e-01
    outer loop
      vertex   -2.248976e+00 4.400000e+00 -1.178737e+01
      vertex   -2.289470e+00 0.000000e+00 -1.177957e+01
      vertex   -1.380824e+00 0.000000e+00 -1.192029e+01
    endloop
  endfacet
  facet normal 1.502524e-01 -2.202100e-04 9.886476e-01
    outer loop
      vertex   -2.248976e+00 4.400000e+00 -1.178737e+01
      vertex   -1.380824e+00 0.000000e+00 -1.192029e+01
      vertex   -1.354520e+00 4.400000e+00 -1.192331e+01
    endloop
  endfacet
  facet normal 7.692715e-02 2.239084e-04 9.970367e-01
    outer loop
      vertex   -1.354520e+00 4.400000e+00 -1.192331e+01
      vertex   -1.380824e+00 0.000000e+00 -1.192029e+01
      vertex   -4.640720e-01 0.000000e+00 -1.199102e+01
    endloop
  endfacet
  facet normal 7.534035e-02 -9.908515e-05 9.971579e-01
    outer loop
      vertex   -1.354520e+00 4.400000e+00 -1.192331e+01
      vertex   -4.640720e-01 0.000000e+00 -1.199102e+01
      vertex   -4.523636e-01 4.400000e+00 -1.199147e+01
    endloop
  endfacet
  facet normal 3.613888e-04 1.007217e-04 9.999999e-01
    outer loop
      vertex   -4.523636e-01 4.400000e+00 -1.199147e+01
      vertex   -4.640720e-01 0.000000e+00 -1.199102e+01
      vertex   4.554050e-01 0.000000e+00 -1.199136e+01
    endloop
  endfacet
  facet normal -0.000000e+00 2.616324e-05 1.000000e+00
    outer loop
      vertex   -4.523636e-01 4.400000e+00 -1.199147e+01
      vertex   4.554050e-01 0.000000e+00 -1.199136e+01
      vertex   4.523636e-01 4.400000e+00 -1.199147e+01
    endloop
  endfacet
  facet normal -7.534035e-02 -2.598793e-05 9.971579e-01
    outer loop
      vertex   4.523636e-01 4.400000e+00 -1.199147e+01
      vertex   4.554050e-01 0.000000e+00 -1.199136e+01
      vertex   1.354520e+00 4.400000e+00 -1.192331e+01
    endloop
  endfacet
  facet normal -7.620650e-02 1.520227e-04 9.970920e-01
    outer loop
      vertex   1.354520e+00 4.400000e+00 -1.192331e+01
      vertex   4.554050e-01 0.000000e+00 -1.199136e+01
      vertex   1.372208e+00 0.000000e+00 -1.192129e+01
    endloop
  endfacet
  facet normal -1.502524e-01 -1.495358e-04 9.886477e-01
    outer loop
      vertex   1.354520e+00 4.400000e+00 -1.192331e+01
      vertex   1.372208e+00 0.000000e+00 -1.192129e+01
      vertex   2.248976e+00 4.400000e+00 -1.178737e+01
    endloop
  endfacet
  facet normal -1.523270e-01 2.735088e-04 9.883301e-01
    outer loop
      vertex   2.248976e+00 4.400000e+00 -1.178737e+01
      vertex   1.372208e+00 0.000000e+00 -1.192129e+01
      vertex   2.280955e+00 0.000000e+00 -1.178122e+01
    endloop
  endfacet
  facet normal -2.243105e-01 -2.689601e-04 9.745177e-01
    outer loop
      vertex   2.248976e+00 4.400000e+00 -1.178737e+01
      vertex   2.280955e+00 0.000000e+00 -1.178122e+01
      vertex   3.130649e+00 4.400000e+00 -1.158443e+01
    endloop
  endfacet
  facet normal -2.275531e-01 3.908711e-04 9.737656e-01
    outer loop
      vertex   3.130649e+00 4.400000e+00 -1.158443e+01
      vertex   2.280955e+00 0.000000e+00 -1.178122e+01
      vertex   3.176310e+00 0.000000e+00 -1.157199e+01
    endloop
  endfacet
  facet normal -2.970934e-01 -3.842605e-04 9.548483e-01
    outer loop
      vertex   3.130649e+00 4.400000e+00 -1.158443e+01
      vertex   3.176310e+00 0.000000e+00 -1.157199e+01
      vertex   3.994526e+00 4.400000e+00 -1.131564e+01
    endloop
  endfacet
  facet normal -3.014432e-01 5.041096e-04 9.534840e-01
    outer loop
      vertex   3.994526e+00 4.400000e+00 -1.131564e+01
      vertex   3.176310e+00 0.000000e+00 -1.157199e+01
      vertex   4.053017e+00 0.000000e+00 -1.129482e+01
    endloop
  endfacet
  facet normal -3.681876e-01 -4.954370e-04 9.297514e-01
    outer loop
      vertex   3.994526e+00 4.400000e+00 -1.131564e+01
      vertex   4.053017e+00 0.000000e+00 -1.129482e+01
      vertex   4.835698e+00 4.400000e+00 -1.098253e+01
    endloop
  endfacet
  facet normal -3.735636e-01 6.132240e-04 9.276044e-01
    outer loop
      vertex   4.835698e+00 4.400000e+00 -1.098253e+01
      vertex   4.053017e+00 0.000000e+00 -1.129482e+01
      vertex   4.905928e+00 0.000000e+00 -1.095134e+01
    endloop
  endfacet
  facet normal -4.371890e-01 -6.024893e-04 8.993695e-01
    outer loop
      vertex   4.835698e+00 4.400000e+00 -1.098253e+01
      vertex   4.905928e+00 0.000000e+00 -1.095134e+01
      vertex   5.649382e+00 4.400000e+00 -1.058700e+01
    endloop
  endfacet
  facet normal -4.434906e-01 7.182141e-04 8.962787e-01
    outer loop
      vertex   5.649382e+00 4.400000e+00 -1.058700e+01
      vertex   4.905928e+00 0.000000e+00 -1.095134e+01
      vertex   5.730036e+00 0.000000e+00 -1.054356e+01
    endloop
  endfacet
  facet normal -5.037052e-01 -7.054172e-04 8.638753e-01
    outer loop
      vertex   5.649382e+00 4.400000e+00 -1.058700e+01
      vertex   5.730036e+00 0.000000e+00 -1.054356e+01
      vertex   6.430953e+00 4.400000e+00 -1.013128e+01
    endloop
  endfacet
  facet normal -5.108139e-01 8.190798e-04 8.596909e-01
    outer loop
      vertex   6.430953e+00 4.400000e+00 -1.013128e+01
      vertex   5.730036e+00 0.000000e+00 -1.054356e+01
      vertex   6.520502e+00 0.000000e+00 -1.007388e+01
    endloop
  endfacet
  facet normal -5.673582e-01 -8.042207e-04 8.234707e-01
    outer loop
      vertex   6.430953e+00 4.400000e+00 -1.013128e+01
      vertex   6.520502e+00 0.000000e+00 -1.007388e+01
      vertex   7.175970e+00 4.400000e+00 -9.617976e+00
    endloop
  endfacet
  facet normal -5.751382e-01 9.158210e-04 8.180558e-01
    outer loop
      vertex   7.175970e+00 4.400000e+00 -9.617976e+00
      vertex   6.520502e+00 0.000000e+00 -1.007388e+01
      vertex   7.272686e+00 0.000000e+00 -9.545053e+00
    endloop
  endfacet
  facet normal -6.277862e-01 -8.988995e-04 7.783853e-01
    outer loop
      vertex   7.175970e+00 4.400000e+00 -9.617976e+00
      vertex   7.272686e+00 0.000000e+00 -9.545053e+00
      vertex   7.880197e+00 4.400000e+00 -9.050000e+00
    endloop
  endfacet
  facet normal -6.360857e-01 1.008437e-03 7.716178e-01
    outer loop
      vertex   7.880197e+00 4.400000e+00 -9.050000e+00
      vertex   7.272686e+00 0.000000e+00 -9.545053e+00
      vertex   7.982171e+00 0.000000e+00 -8.960187e+00
    endloop
  endfacet
  facet normal -6.609426e-01 0.000000e+00 7.504365e-01
    outer loop
      vertex   7.880197e+00 4.400000e+00 -9.050000e+00
      vertex   7.982171e+00 0.000000e+00 -8.960187e+00
      vertex   7.880197e+00 8.600000e+00 -9.050000e+00
    endloop
  endfacet
  facet normal -6.753181e-01 -3.052813e-04 7.375265e-01
    outer loop
      vertex   7.880197e+00 8.600000e+00 -9.050000e+00
      vertex   7.982171e+00 0.000000e+00 -8.960187e+00
      vertex   8.325873e+00 9.000000e+00 -8.641750e+00
    endloop
  endfacet
  facet normal -6.656189e-01 -1.979022e-02 7.460293e-01
    outer loop
      vertex   7.880197e+00 8.600000e+00 -9.050000e+00
      vertex   8.325873e+00 9.000000e+00 -8.641750e+00
      vertex   7.640401e+00 9.000000e+00 -9.253338e+00
    endloop
  endfacet
  facet normal -6.932988e-01 9.785228e-04 7.206496e-01
    outer loop
      vertex   7.982171e+00 0.000000e+00 -8.960187e+00
      vertex   8.644792e+00 0.000000e+00 -8.322714e+00
      vertex   8.325873e+00 9.000000e+00 -8.641750e+00
    endloop
  endfacet
  facet normal -7.208789e-01 -9.767882e-04 6.930603e-01
    outer loop
      vertex   8.325873e+00 9.000000e+00 -8.641750e+00
      vertex   8.644792e+00 0.000000e+00 -8.322714e+00
      vertex   8.962551e+00 9.000000e+00 -7.979516e+00
    endloop
  endfacet
  facet normal -7.464414e-01 9.785867e-04 6.654504e-01
    outer loop
      vertex   8.962551e+00 9.000000e+00 -7.979516e+00
      vertex   8.644792e+00 0.000000e+00 -8.322714e+00
      vertex   9.256659e+00 0.000000e+00 -7.636378e+00
    endloop
  endfacet
  facet normal -7.717842e-01 -9.768489e-04 6.358838e-01
    outer loop
      vertex   8.962551e+00 9.000000e+00 -7.979516e+00
      vertex   9.256659e+00 0.000000e+00 -7.636378e+00
      vertex   9.546704e+00 9.000000e+00 -7.270519e+00
    endloop
  endfacet
  facet normal -7.952016e-01 9.786442e-04 6.063443e-01
    outer loop
      vertex   9.546704e+00 9.000000e+00 -7.270519e+00
      vertex   9.256659e+00 0.000000e+00 -7.636378e+00
      vertex   9.814179e+00 0.000000e+00 -6.905208e+00
    endloop
  endfacet
  facet normal -8.181664e-01 -9.769032e-04 5.749807e-01
    outer loop
      vertex   9.546704e+00 9.000000e+00 -7.270519e+00
      vertex   9.814179e+00 0.000000e+00 -6.905208e+00
      vertex   1.007491e+01 9.000000e+00 -6.518912e+00
    endloop
  endfacet
  facet normal -8.392931e-01 9.786953e-04 5.436783e-01
    outer loop
      vertex   1.007491e+01 9.000000e+00 -6.518912e+00
      vertex   9.814179e+00 0.000000e+00 -6.905208e+00
      vertex   1.031408e+01 0.000000e+00 -6.133497e+00
    endloop
  endfacet
  facet normal -8.597537e-01 -9.769512e-04 5.107079e-01
    outer loop
      vertex   1.007491e+01 9.000000e+00 -6.518912e+00
      vertex   1.031408e+01 0.000000e+00 -6.133497e+00
      vertex   1.054407e+01 9.000000e+00 -5.729102e+00
    endloop
  endfacet
  facet normal -8.784571e-01 9.787400e-04 4.778203e-01
    outer loop
      vertex   1.054407e+01 9.000000e+00 -5.729102e+00
      vertex   1.031408e+01 0.000000e+00 -6.133497e+00
      vertex   1.075342e+01 0.000000e+00 -5.325775e+00
    endloop
  endfacet
  facet normal -8.963025e-01 -9.769927e-04 4.434422e-01
    outer loop
      vertex   1.054407e+01 9.000000e+00 -5.729102e+00
      vertex   1.075342e+01 0.000000e+00 -5.325775e+00
      vertex   1.095144e+01 9.000000e+00 -4.905716e+00
    endloop
  endfacet
  facet normal -9.124635e-01 9.787784e-04 4.091569e-01
    outer loop
      vertex   1.095144e+01 9.000000e+00 -4.905716e+00
      vertex   1.075342e+01 0.000000e+00 -5.325775e+00
      vertex   1.112963e+01 0.000000e+00 -4.486786e+00
    endloop
  endfacet
  facet normal -9.275984e-01 -9.770278e-04 3.735776e-01
    outer loop
      vertex   1.095144e+01 9.000000e+00 -4.905716e+00
      vertex   1.112963e+01 0.000000e+00 -4.486786e+00
      vertex   1.129462e+01 9.000000e+00 -4.053580e+00
    endloop
  endfacet
  facet normal -9.411128e-01 9.788103e-04 3.380914e-01
    outer loop
      vertex   1.129462e+01 9.000000e+00 -4.053580e+00
      vertex   1.112963e+01 0.000000e+00 -4.486786e+00
      vertex   1.144050e+01 0.000000e+00 -3.621454e+00
    endloop
  endfacet
  facet normal -9.534582e-01 -9.770566e-04 3.015237e-01
    outer loop
      vertex   1.129462e+01 9.000000e+00 -4.053580e+00
      vertex   1.144050e+01 0.000000e+00 -3.621454e+00
      vertex   1.157162e+01 9.000000e+00 -3.177688e+00
    endloop
  endfacet
  facet normal -9.642367e-01 9.788359e-04 2.650409e-01
    outer loop
      vertex   1.157162e+01 9.000000e+00 -3.177688e+00
      vertex   1.144050e+01 0.000000e+00 -3.621454e+00
      vertex   1.168420e+01 0.000000e+00 -2.734860e+00
    endloop
  endfacet
  facet normal -9.737302e-01 -9.770789e-04 2.277027e-01
    outer loop
      vertex   1.157162e+01 9.000000e+00 -3.177688e+00
      vertex   1.168420e+01 0.000000e+00 -2.734860e+00
      vertex   1.178079e+01 9.000000e+00 -2.283174e+00
    endloop
  endfacet
  facet normal -9.816995e-01 9.788550e-04 1.904343e-01
    outer loop
      vertex   1.178079e+01 9.000000e+00 -2.283174e+00
      vertex   1.168420e+01 0.000000e+00 -2.734860e+00
      vertex   1.185930e+01 0.000000e+00 -1.832210e+00
    endloop
  endfacet
  facet normal -9.882957e-01 -9.770949e-04 1.525472e-01
    outer loop
      vertex   1.178079e+01 9.000000e+00 -2.283174e+00
      vertex   1.185930e+01 0.000000e+00 -1.832210e+00
      vertex   1.192093e+01 9.000000e+00 -1.375278e+00
    endloop
  endfacet
  facet normal -9.933986e-01 9.788678e-04 1.147096e-01
    outer loop
      vertex   1.192093e+01 9.000000e+00 -1.375278e+00
      vertex   1.185930e+01 0.000000e+00 -1.832210e+00
      vertex   1.196477e+01 0.000000e+00 -9.188020e-01
    endloop
  endfacet
  facet normal -9.970693e-01 -9.771045e-04 7.649777e-02
    outer loop
      vertex   1.192093e+01 9.000000e+00 -1.375278e+00
      vertex   1.196477e+01 0.000000e+00 -9.188020e-01
      vertex   1.199121e+01 9.000000e+00 -4.593234e-01
    endloop
  endfacet
  facet normal -9.992654e-01 9.788742e-04 3.831152e-02
    outer loop
      vertex   1.199121e+01 9.000000e+00 -4.593234e-01
      vertex   1.196477e+01 0.000000e+00 -9.188020e-01
      vertex   1.200000e+01 0.000000e+00 -5.329071e-15
    endloop
  endfacet
  facet normal -9.999995e-01 -9.771077e-04 0.000000e+00
    outer loop
      vertex   1.199121e+01 9.000000e+00 -4.593234e-01
      vertex   1.200000e+01 0.000000e+00 -5.329071e-15
      vertex   1.199121e+01 9.000000e+00 4.593234e-01
    endloop
  endfacet
  facet normal -9.992654e-01 9.788742e-04 -3.831152e-02
    outer loop
      vertex   1.199121e+01 9.000000e+00 4.593234e-01
      vertex   1.200000e+01 0.000000e+00 -5.329071e-15
      vertex   1.196477e+01 0.000000e+00 9.188020e-01
    endloop
  endfacet
  facet normal -9.970693e-01 -9.771045e-04 -7.649777e-02
    outer loop
      vertex   1.199121e+01 9.000000e+00 4.593234e-01
      vertex   1.196477e+01 0.000000e+00 9.188020e-01
      vertex   1.192093e+01 9.000000e+00 1.375278e+00
    endloop
  endfacet
  facet normal -9.933986e-01 9.788678e-04 -1.147096e-01
    outer loop
      vertex   1.192093e+01 9.000000e+00 1.375278e+00
      vertex   1.196477e+01 0.000000e+00 9.188020e-01
      vertex   1.185930e+01 0.000000e+00 1.832210e+00
    endloop
  endfacet
  facet normal -9.882957e-01 -9.770949e-04 -1.525472e-01
    outer loop
      vertex   1.192093e+01 9.000000e+00 1.375278e+00
      vertex   1.185930e+01 0.000000e+00 1.832210e+00
      vertex   1.178079e+01 9.000000e+00 2.283174e+00
    endloop
  endfacet
  facet normal -9.816995e-01 9.788550e-04 -1.904343e-01
    outer loop
      vertex   1.178079e+01 9.000000e+00 2.283174e+00
      vertex   1.185930e+01 0.000000e+00 1.832210e+00
      vertex   1.168420e+01 0.000000e+00 2.734860e+00
    endloop
  endfacet
  facet normal -9.737302e-01 -9.770789e-04 -2.277027e-01
    outer loop
      vertex   1.178079e+01 9.000000e+00 2.283174e+00
      vertex   1.168420e+01 0.000000e+00 2.734860e+00
      vertex   1.157162e+01 9.000000e+00 3.177688e+00
    endloop
  endfacet
  facet normal -9.642367e-01 9.788359e-04 -2.650409e-01
    outer loop
      vertex   1.157162e+01 9.000000e+00 3.177688e+00
      vertex   1.168420e+01 0.000000e+00 2.734860e+00
      vertex   1.144050e+01 0.000000e+00 3.621454e+00
    endloop
  endfacet
  facet normal -9.534582e-01 -9.770566e-04 -3.015237e-01
    outer loop
      vertex   1.157162e+01 9.000000e+00 3.177688e+00
      vertex   1.144050e+01 0.000000e+00 3.621454e+00
      vertex   1.129462e+01 9.000000e+00 4.053580e+00
    endloop
  endfacet
  facet normal -9.411128e-01 9.788103e-04 -3.380914e-01
    outer loop
      vertex   1.129462e+01 9.000000e+00 4.053580e+00
      vertex   1.144050e+01 0.000000e+00 3.621454e+00
      vertex   1.112963e+01 0.000000e+00 4.486786e+00
    endloop
  endfacet
  facet normal -9.275984e-01 -9.770278e-04 -3.735776e-01
    outer loop
      vertex   1.129462e+01 9.000000e+00 4.053580e+00
      vertex   1.112963e+01 0.000000e+00 4.486786e+00
      vertex   1.095144e+01 9.000000e+00 4.905716e+00
    endloop
  endfacet
  facet normal -9.124635e-01 9.787784e-04 -4.091569e-01
    outer loop
      vertex   1.095144e+01 9.000000e+00 4.905716e+00
      vertex   1.112963e+01 0.000000e+00 4.486786e+00
      vertex   1.075342e+01 0.000000e+00 5.325775e+00
    endloop
  endfacet
  facet normal -8.963025e-01 -9.769927e-04 -4.434422e-01
    outer loop
      vertex   1.095144e+01 9.000000e+00 4.905716e+00
      vertex   1.075342e+01 0.000000e+00 5.325775e+00
      vertex   1.054407e+01 9.000000e+00 5.729102e+00
    endloop
  endfacet
  facet normal -8.784571e-01 9.787400e-04 -4.778203e-01
    outer loop
      vertex   1.054407e+01 9.000000e+00 5.729102e+00
      vertex   1.075342e+01 0.000000e+00 5.325775e+00
      vertex   1.031408e+01 0.000000e+00 6.133497e+00
    endloop
  endfacet
  facet normal -8.597537e-01 -9.769512e-04 -5.107079e-01
    outer loop
      vertex   1.054407e+01 9.000000e+00 5.729102e+00
      vertex   1.031408e+01 0.000000e+00 6.133497e+00
      vertex   1.007491e+01 9.000000e+00 6.518912e+00
    endloop
  endfacet
  facet normal -8.392931e-01 9.786953e-04 -5.436783e-01
    outer loop
      vertex   1.007491e+01 9.000000e+00 6.518912e+00
      vertex   1.031408e+01 0.000000e+00 6.133497e+00
      vertex   9.814179e+00 0.000000e+00 6.905208e+00
    endloop
  endfacet
  facet normal -8.181664e-01 -9.769032e-04 -5.749807e-01
    outer loop
      vertex   1.007491e+01 9.000000e+00 6.518912e+00
      vertex   9.814179e+00 0.000000e+00 6.905208e+00
      vertex   9.546704e+00 9.000000e+00 7.270519e+00
    endloop
  endfacet
  facet normal -7.952016e-01 9.786442e-04 -6.063443e-01
    outer loop
      vertex   9.546704e+00 9.000000e+00 7.270519e+00
      vertex   9.814179e+00 0.000000e+00 6.905208e+00
      vertex   9.256659e+00 0.000000e+00 7.636378e+00
    endloop
  endfacet
  facet normal -7.717842e-01 -9.768489e-04 -6.358838e-01
    outer loop
      vertex   9.546704e+00 9.000000e+00 7.270519e+00
      vertex   9.256659e+00 0.000000e+00 7.636378e+00
      vertex   8.962551e+00 9.000000e+00 7.979516e+00
    endloop
  endfacet
  facet normal -7.464414e-01 9.785867e-04 -6.654504e-01
    outer loop
      vertex   8.962551e+00 9.000000e+00 7.979516e+00
      vertex   9.256659e+00 0.000000e+00 7.636378e+00
      vertex   8.644792e+00 0.000000e+00 8.322714e+00
    endloop
  endfacet
  facet normal -7.208789e-01 -9.767882e-04 -6.930603e-01
    outer loop
      vertex   8.962551e+00 9.000000e+00 7.979516e+00
      vertex   8.644792e+00 0.000000e+00 8.322714e+00
      vertex   8.325873e+00 9.000000e+00 8.641750e+00
    endloop
  endfacet
  facet normal -6.932988e-01 9.785228e-04 -7.206496e-01
    outer loop
      vertex   8.325873e+00 9.000000e+00 8.641750e+00
      vertex   8.644792e+00 0.000000e+00 8.322714e+00
      vertex   7.982171e+00 0.000000e+00 8.960187e+00
    endloop
  endfacet
  facet normal -6.753181e-01 -3.052813e-04 -7.375265e-01
    outer loop
      vertex   8.325873e+00 9.000000e+00 8.641750e+00
      vertex   7.982171e+00 0.000000e+00 8.960187e+00
      vertex   7.880197e+00 8.600000e+00 9.050000e+00
    endloop
  endfacet
  facet normal -6.609426e-01 -0.000000e+00 -7.504365e-01
    outer loop
      vertex   7.880197e+00 8.600000e+00 9.050000e+00
      vertex   7.982171e+00 0.000000e+00 8.960187e+00
      vertex   7.880197e+00 4.400000e+00 9.050000e+00
    endloop
  endfacet
  facet normal -6.360857e-01 1.008437e-03 -7.716178e-01
    outer loop
      vertex   7.880197e+00 4.400000e+00 9.050000e+00
      vertex   7.982171e+00 0.000000e+00 8.960187e+00
      vertex   7.272686e+00 0.000000e+00 9.545053e+00
    endloop
  endfacet
  facet normal -6.277862e-01 -8.988995e-04 -7.783853e-01
    outer loop
      vertex   7.880197e+00 4.400000e+00 9.050000e+00
      vertex   7.272686e+00 0.000000e+00 9.545053e+00
      vertex   7.175970e+00 4.400000e+00 9.617976e+00
    endloop
  endfacet
  facet normal -5.751382e-01 9.158210e-04 -8.180558e-01
    outer loop
      vertex   7.175970e+00 4.400000e+00 9.617976e+00
      vertex   7.272686e+00 0.000000e+00 9.545053e+00
      vertex   6.520502e+00 0.000000e+00 1.007388e+01
    endloop
  endfacet
  facet normal -5.673582e-01 -8.042207e-04 -8.234707e-01
    outer loop
      vertex   7.175970e+00 4.400000e+00 9.617976e+00
      vertex   6.520502e+00 0.000000e+00 1.007388e+01
      vertex   6.430953e+00 4.400000e+00 1.013128e+01
    endloop
  endfacet
  facet normal -5.108139e-01 8.190798e-04 -8.596909e-01
    outer loop
      vertex   6.430953e+00 4.400000e+00 1.013128e+01
      vertex   6.520502e+00 0.000000e+00 1.007388e+01
      vertex   5.730036e+00 0.000000e+00 1.054356e+01
    endloop
  endfacet
  facet normal -5.037052e-01 -7.054172e-04 -8.638753e-01
    outer loop
      vertex   6.430953e+00 4.400000e+00 1.013128e+01
      vertex   5.730036e+00 0.000000e+00 1.054356e+01
      vertex   5.649382e+00 4.400000e+00 1.058700e+01
    endloop
  endfacet
  facet normal -4.434906e-01 7.182141e-04 -8.962787e-01
    outer loop
      vertex   5.649382e+00 4.400000e+00 1.058700e+01
      vertex   5.730036e+00 0.000000e+00 1.054356e+01
      vertex   4.905928e+00 0.000000e+00 1.095134e+01
    endloop
  endfacet
  facet normal -4.371890e-01 -6.024893e-04 -8.993695e-01
    outer loop
      vertex   5.649382e+00 4.400000e+00 1.058700e+01
      vertex   4.905928e+00 0.000000e+00 1.095134e+01
      vertex   4.835698e+00 4.400000e+00 1.098253e+01
    endloop
  endfacet
  facet normal -3.735636e-01 6.132240e-04 -9.276044e-01
    outer loop
      vertex   4.835698e+00 4.400000e+00 1.098253e+01
      vertex   4.905928e+00 0.000000e+00 1.095134e+01
      vertex   4.053017e+00 0.000000e+00 1.129482e+01
    endloop
  endfacet
  facet normal -3.681876e-01 -4.954370e-04 -9.297514e-01
    outer loop
      vertex   4.835698e+00 4.400000e+00 1.098253e+01
      vertex   4.053017e+00 0.000000e+00 1.129482e+01
      vertex   3.994526e+00 4.400000e+00 1.131564e+01
    endloop
  endfacet
  facet normal -3.014432e-01 5.041096e-04 -9.534840e-01
    outer loop
      vertex   3.994526e+00 4.400000e+00 1.131564e+01
      vertex   4.053017e+00 0.000000e+00 1.129482e+01
      vertex   3.176310e+00 0.000000e+00 1.157199e+01
    endloop
  endfacet
  facet normal -2.970934e-01 -3.842605e-04 -9.548483e-01
    outer loop
      vertex   3.994526e+00 4.400000e+00 1.131564e+01
      vertex   3.176310e+00 0.000000e+00 1.157199e+01
      vertex   3.130649e+00 4.400000e+00 1.158443e+01
    endloop
  endfacet
  facet normal -2.275531e-01 3.908711e-04 -9.737656e-01
    outer loop
      vertex   3.130649e+00 4.400000e+00 1.158443e+01
      vertex   3.176310e+00 0.000000e+00 1.157199e+01
      vertex   2.280955e+00 0.000000e+00 1.178122e+01
    endloop
  endfacet
  facet normal -2.243105e-01 -2.689601e-04 -9.745177e-01
    outer loop
      vertex   3.130649e+00 4.400000e+00 1.158443e+01
      vertex   2.280955e+00 0.000000e+00 1.178122e+01
      vertex   2.248976e+00 4.400000e+00 1.178737e+01
    endloop
  endfacet
  facet normal -1.523270e-01 2.735088e-04 -9.883301e-01
    outer loop
      vertex   2.248976e+00 4.400000e+00 1.178737e+01
      vertex   2.280955e+00 0.000000e+00 1.178122e+01
      vertex   1.372208e+00 0.000000e+00 1.192129e+01
    endloop
  endfacet
  facet normal -1.502524e-01 -1.495358e-04 -9.886477e-01
    outer loop
      vertex   2.248976e+00 4.400000e+00 1.178737e+01
      vertex   1.372208e+00 0.000000e+00 1.192129e+01
      vertex   1.354520e+00 4.400000e+00 1.192331e+01
    endloop
  endfacet
  facet normal -7.620650e-02 1.520227e-04 -9.970920e-01
    outer loop
      vertex   1.354520e+00 4.400000e+00 1.192331e+01
      vertex   1.372208e+00 0.000000e+00 1.192129e+01
      vertex   4.554050e-01 0.000000e+00 1.199136e+01
    endloop
  endfacet
  facet normal -7.534035e-02 -2.598793e-05 -9.971579e-01
    outer loop
      vertex   1.354520e+00 4.400000e+00 1.192331e+01
      vertex   4.554050e-01 0.000000e+00 1.199136e+01
      vertex   4.523636e-01 4.400000e+00 1.199147e+01
    endloop
  endfacet
  facet normal 0.000000e+00 2.616324e-05 -1.000000e+00
    outer loop
      vertex   4.523636e-01 4.400000e+00 1.199147e+01
      vertex   4.554050e-01 0.000000e+00 1.199136e+01
      vertex   -4.523636e-01 4.400000e+00 1.199147e+01
    endloop
  endfacet
  facet normal 3.613888e-04 1.007217e-04 -9.999999e-01
    outer loop
      vertex   -4.523636e-01 4.400000e+00 1.199147e+01
      vertex   4.554050e-01 0.000000e+00 1.199136e+01
      vertex   -4.640720e-01 0.000000e+00 1.199102e+01
    endloop
  endfacet
  facet normal 7.534035e-02 -9.908515e-05 -9.971579e-01
    outer loop
      vertex   -4.523636e-01 4.400000e+00 1.199147e+01
      vertex   -4.640720e-01 0.000000e+00 1.199102e+01
      vertex   -1.354520e+00 4.400000e+00 1.192331e+01
    endloop
  endfacet
  facet normal 7.692715e-02 2.239084e-04 -9.970367e-01
    outer loop
      vertex   -1.354520e+00 4.400000e+00 1.192331e+01
      vertex   -4.640720e-01 0.000000e+00 1.199102e+01
      vertex   -1.380824e+00 0.000000e+00 1.192029e+01
    endloop
  endfacet
  facet normal 1.502524e-01 -2.202100e-04 -9.886476e-01
    outer loop
      vertex   -1.354520e+00 4.400000e+00 1.192331e+01
      vertex   -1.380824e+00 0.000000e+00 1.192029e+01
      vertex   -2.248976e+00 4.400000e+00 1.178737e+01
    endloop
  endfacet
  facet normal 1.530413e-01 3.429714e-04 -9.882197e-01
    outer loop
      vertex   -2.248976e+00 4.400000e+00 1.178737e+01
      vertex   -1.380824e+00 0.000000e+00 1.192029e+01
      vertex   -2.289470e+00 0.000000e+00 1.177957e+01
    endloop
  endfacet
  facet normal 2.243105e-01 -3.372111e-04 -9.745177e-01
    outer loop
      vertex   -2.248976e+00 4.400000e+00 1.178737e+01
      vertex   -2.289470e+00 0.000000e+00 1.177957e+01
      vertex   -3.130649e+00 4.400000e+00 1.158443e+01
    endloop
  endfacet
  facet normal 2.282568e-01 4.579105e-04 -9.736008e-01
    outer loop
      vertex   -3.130649e+00 4.400000e+00 1.158443e+01
      vertex   -2.289470e+00 0.000000e+00 1.177957e+01
      vertex   -3.184673e+00 0.000000e+00 1.156970e+01
    endloop
  endfacet
  facet normal 2.970934e-01 -4.500883e-04 -9.548483e-01
    outer loop
      vertex   -3.130649e+00 4.400000e+00 1.158443e+01
      vertex   -3.184673e+00 0.000000e+00 1.156970e+01
      vertex   -3.994526e+00 4.400000e+00 1.131564e+01
    endloop
  endfacet
  facet normal 3.021323e-01 5.687257e-04 -9.532658e-01
    outer loop
      vertex   -3.994526e+00 4.400000e+00 1.131564e+01
      vertex   -3.184673e+00 0.000000e+00 1.156970e+01
      vertex   -4.061179e+00 0.000000e+00 1.129189e+01
    endloop
  endfacet
  facet normal 3.681876e-01 -5.588413e-04 -9.297513e-01
    outer loop
      vertex   -3.994526e+00 4.400000e+00 1.131564e+01
      vertex   -4.061179e+00 0.000000e+00 1.129189e+01
      vertex   -4.835698e+00 4.400000e+00 1.098253e+01
    endloop
  endfacet
  facet normal 3.742339e-01 6.754166e-04 -9.273341e-01
    outer loop
      vertex   -4.835698e+00 4.400000e+00 1.098253e+01
      vertex   -4.061179e+00 0.000000e+00 1.129189e+01
      vertex   -4.913842e+00 0.000000e+00 1.094779e+01
    endloop
  endfacet
  facet normal 4.371890e-01 -6.634702e-04 -8.993694e-01
    outer loop
      vertex   -4.835698e+00 4.400000e+00 1.098253e+01
      vertex   -4.913842e+00 0.000000e+00 1.094779e+01
      vertex   -5.649382e+00 4.400000e+00 1.058700e+01
    endloop
  endfacet
  facet normal 4.441383e-01 7.779832e-04 -8.959579e-01
    outer loop
      vertex   -5.649382e+00 4.400000e+00 1.058700e+01
      vertex   -4.913842e+00 0.000000e+00 1.094779e+01
      vertex   -5.737655e+00 0.000000e+00 1.053942e+01
    endloop
  endfacet
  facet normal 5.037052e-01 -7.639746e-04 -8.638753e-01
    outer loop
      vertex   -5.649382e+00 4.400000e+00 1.058700e+01
      vertex   -5.737655e+00 0.000000e+00 1.053942e+01
      vertex   -6.430953e+00 4.400000e+00 1.013128e+01
    endloop
  endfacet
  facet normal 5.114351e-01 8.764254e-04 -8.593214e-01
    outer loop
      vertex   -6.430953e+00 4.400000e+00 1.013128e+01
      vertex   -5.737655e+00 0.000000e+00 1.053942e+01
      vertex   -6.527782e+00 0.000000e+00 1.006916e+01
    endloop
  endfacet
  facet normal 5.673582e-01 -8.603544e-04 -8.234707e-01
    outer loop
      vertex   -6.430953e+00 4.400000e+00 1.013128e+01
      vertex   -6.527782e+00 0.000000e+00 1.006916e+01
      vertex   -7.175970e+00 4.400000e+00 9.617976e+00
    endloop
  endfacet
  facet normal 5.757293e-01 9.707428e-04 -8.176398e-01
    outer loop
      vertex   -7.175970e+00 4.400000e+00 9.617976e+00
      vertex   -6.527782e+00 0.000000e+00 1.006916e+01
      vertex   -7.279583e+00 0.000000e+00 9.539794e+00
    endloop
  endfacet
  facet normal 6.277862e-01 -9.526095e-04 -7.783852e-01
    outer loop
      vertex   -7.175970e+00 4.400000e+00 9.617976e+00
      vertex   -7.279583e+00 0.000000e+00 9.539794e+00
      vertex   -7.880197e+00 4.400000e+00 9.050000e+00
    endloop
  endfacet
  facet normal 6.366432e-01 1.060936e-03 -7.711578e-01
    outer loop
      vertex   -7.880197e+00 4.400000e+00 9.050000e+00
      vertex   -7.279583e+00 0.000000e+00 9.539794e+00
      vertex   -7.988645e+00 0.000000e+00 8.954415e+00
    endloop
  endfacet
  facet normal 6.612137e-01 0.000000e+00 -7.501976e-01
    outer loop
      vertex   -7.880197e+00 4.400000e+00 9.050000e+00
      vertex   -7.988645e+00 0.000000e+00 8.954415e+00
      vertex   -7.880197e+00 8.600000e+00 9.050000e+00
    endloop
  endfacet
  facet normal 6.753116e-01 -3.185453e-04 -7.375324e-01
    outer loop
      vertex   -7.880197e+00 8.600000e+00 9.050000e+00
      vertex   -7.988645e+00 0.000000e+00 8.954415e+00
      vertex   -8.325873e+00 9.000000e+00 8.641750e+00
    endloop
  endfacet
  facet normal 6.656189e-01 -1.979022e-02 -7.460293e-01
    outer loop
      vertex   -7.880197e+00 8.600000e+00 9.050000e+00
      vertex   -8.325873e+00 9.000000e+00 8.641750e+00
      vertex   -7.640401e+00 9.000000e+00 9.253338e+00
    endloop
  endfacet
  facet normal 6.938195e-01 9.788750e-04 -7.201483e-01
    outer loop
      vertex   -7.988645e+00 0.000000e+00 8.954415e+00
      vertex   -8.650805e+00 0.000000e+00 8.316464e+00
      vertex   -8.325873e+00 9.000000e+00 8.641750e+00
    endloop
  endfacet
  facet normal 7.208789e-01 -9.771071e-04 -6.930603e-01
    outer loop
      vertex   -8.325873e+00 9.000000e+00 8.641750e+00
      vertex   -8.650805e+00 0.000000e+00 8.316464e+00
      vertex   -8.962551e+00 9.000000e+00 7.979516e+00
    endloop
  endfacet
  facet normal 7.469222e-01 9.788722e-04 -6.649107e-01
    outer loop
      vertex   -8.962551e+00 9.000000e+00 7.979516e+00
      vertex   -8.650805e+00 0.000000e+00 8.316464e+00
      vertex   -9.262176e+00 0.000000e+00 7.629686e+00
    endloop
  endfacet
  facet normal 7.717842e-01 -9.771011e-04 -6.358838e-01
    outer loop
      vertex   -8.962551e+00 9.000000e+00 7.979516e+00
      vertex   -9.262176e+00 0.000000e+00 7.629686e+00
      vertex   -9.546704e+00 9.000000e+00 7.270519e+00
    endloop
  endfacet
  facet normal 7.956397e-01 9.788630e-04 -6.057694e-01
    outer loop
      vertex   -9.546704e+00 9.000000e+00 7.270519e+00
      vertex   -9.262176e+00 0.000000e+00 7.629686e+00
      vertex   -9.819167e+00 0.000000e+00 6.898113e+00
    endloop
  endfacet
  facet normal 8.181664e-01 -9.770887e-04 -5.749807e-01
    outer loop
      vertex   -9.546704e+00 9.000000e+00 7.270519e+00
      vertex   -9.819167e+00 0.000000e+00 6.898113e+00
      vertex   -1.007491e+01 9.000000e+00 6.518912e+00
    endloop
  endfacet
  facet normal 8.396859e-01 9.788474e-04 -5.430715e-01
    outer loop
      vertex   -1.007491e+01 9.000000e+00 6.518912e+00
      vertex   -9.819167e+00 0.000000e+00 6.898113e+00
      vertex   -1.031851e+01 0.000000e+00 6.126041e+00
    endloop
  endfacet
  facet normal 8.511580e-01 -1.244756e-04 -5.249096e-01
    outer loop
      vertex   -1.007491e+01 9.000000e+00 6.518912e+00
      vertex   -1.031851e+01 0.000000e+00 6.126041e+00
      vertex   -1.033392e+01 4.400000e+00 6.100000e+00
    endloop
  endfacet
  facet normal 8.600902e-01 -5.781281e-06 -5.101419e-01
    outer loop
      vertex   -1.033392e+01 4.400000e+00 6.100000e+00
      vertex   -1.031851e+01 0.000000e+00 6.126041e+00
      vertex   -1.032365e+01 0.000000e+00 6.117365e+00
    endloop
  endfacet
  facet normal 8.605188e-01 -1.927094e-06 -5.094188e-01
    outer loop
      vertex   -1.033392e+01 4.400000e+00 6.100000e+00
      vertex   -1.032365e+01 0.000000e+00 6.117365e+00
      vertex   -1.032879e+01 0.000000e+00 6.108685e+00
    endloop
  endfacet
  facet normal 8.609467e-01 3.415373e-20 -5.086952e-01
    outer loop
      vertex   -1.032879e+01 0.000000e+00 6.108685e+00
      vertex   -1.033392e+01 0.000000e+00 6.100000e+00
      vertex   -1.033392e+01 4.400000e+00 6.100000e+00
    endloop
  endfacet
  facet normal 8.597526e-01 -1.901794e-03 -5.107073e-01
    outer loop
      vertex   -1.007491e+01 9.000000e+00 6.518912e+00
      vertex   -1.033392e+01 4.400000e+00 6.100000e+00
      vertex   -1.054407e+01 9.000000e+00 5.729102e+00
    endloop
  endfacet
  facet normal 8.798915e-01 1.883528e-03 -4.751708e-01
    outer loop
      vertex   -1.054407e+01 9.000000e+00 5.729102e+00
      vertex   -1.033392e+01 4.400000e+00 6.100000e+00
      vertex   -1.076819e+01 4.400000e+00 5.295849e+00
    endloop
  endfacet
  facet normal 8.963013e-01 -1.904430e-03 -4.434416e-01
    outer loop
      vertex   -1.054407e+01 9.000000e+00 5.729102e+00
      vertex   -1.076819e+01 4.400000e+00 5.295849e+00
      vertex   -1.095144e+01 9.000000e+00 4.905716e+00
    endloop
  endfacet
  facet normal 9.135024e-01 1.885962e-03 -4.068289e-01
    outer loop
      vertex   -1.095144e+01 9.000000e+00 4.905716e+00
      vertex   -1.076819e+01 4.400000e+00 5.295849e+00
      vertex   -1.114000e+01 4.400000e+00 4.460980e+00
    endloop
  endfacet
  facet normal 9.275972e-01 -1.906661e-03 -3.735771e-01
    outer loop
      vertex   -1.095144e+01 9.000000e+00 4.905716e+00
      vertex   -1.114000e+01 4.400000e+00 4.460980e+00
      vertex   -1.129462e+01 9.000000e+00 4.053580e+00
    endloop
  endfacet
  facet normal 9.418147e-01 1.887989e-03 -3.361272e-01
    outer loop
      vertex   -1.129462e+01 9.000000e+00 4.053580e+00
      vertex   -1.114000e+01 4.400000e+00 4.460980e+00
      vertex   -1.144720e+01 4.400000e+00 3.600237e+00
    endloop
  endfacet
  facet normal 9.534569e-01 -1.908486e-03 -3.015233e-01
    outer loop
      vertex   -1.129462e+01 9.000000e+00 4.053580e+00
      vertex   -1.144720e+01 4.400000e+00 3.600237e+00
      vertex   -1.157162e+01 9.000000e+00 3.177688e+00
    endloop
  endfacet
  facet normal 9.646641e-01 1.889611e-03 -2.634759e-01
    outer loop
      vertex   -1.157162e+01 9.000000e+00 3.177688e+00
      vertex   -1.144720e+01 4.400000e+00 3.600237e+00
      vertex   -1.168799e+01 4.400000e+00 2.718610e+00
    endloop
  endfacet
  facet normal 9.737289e-01 -1.909905e-03 -2.277024e-01
    outer loop
      vertex   -1.157162e+01 9.000000e+00 3.177688e+00
      vertex   -1.168799e+01 4.400000e+00 2.718610e+00
      vertex   -1.178079e+01 9.000000e+00 2.283174e+00
    endloop
  endfacet
  facet normal 9.819182e-01 1.890828e-03 -1.892963e-01
    outer loop
      vertex   -1.178079e+01 9.000000e+00 2.283174e+00
      vertex   -1.168799e+01 4.400000e+00 2.718610e+00
      vertex   -1.186099e+01 4.400000e+00 1.821215e+00
    endloop
  endfacet
  facet normal 9.882944e-01 -1.910919e-03 -1.525470e-01
    outer loop
      vertex   -1.178079e+01 9.000000e+00 2.283174e+00
      vertex   -1.186099e+01 4.400000e+00 1.821215e+00
      vertex   -1.192093e+01 9.000000e+00 1.375278e+00
    endloop
  endfacet
  facet normal 9.934768e-01 1.891639e-03 -1.140188e-01
    outer loop
      vertex   -1.192093e+01 9.000000e+00 1.375278e+00
      vertex   -1.186099e+01 4.400000e+00 1.821215e+00
      vertex   -1.196520e+01 4.400000e+00 9.132561e-01
    endloop
  endfacet
  facet normal 9.970679e-01 -1.911527e-03 -7.649767e-02
    outer loop
      vertex   -1.192093e+01 9.000000e+00 1.375278e+00
      vertex   -1.196520e+01 4.400000e+00 9.132561e-01
      vertex   -1.199121e+01 9.000000e+00 4.593234e-01
    endloop
  endfacet
  facet normal 9.992729e-01 1.892045e-03 -3.807989e-02
    outer loop
      vertex   -1.199121e+01 9.000000e+00 4.593234e-01
      vertex   -1.196520e+01 4.400000e+00 9.132561e-01
      vertex   -1.200000e+01 4.400000e+00 5.277593e-08
    endloop
  endfacet
  facet normal 9.999982e-01 -1.911730e-03 0.000000e+00
    outer loop
      vertex   -1.199121e+01 9.000000e+00 4.593234e-01
      vertex   -1.200000e+01 4.400000e+00 5.277593e-08
      vertex   -1.199121e+01 9.000000e+00 -4.593234e-01
    endloop
  endfacet
  facet normal 9.992729e-01 1.892045e-03 3.807988e-02
    outer loop
      vertex   -1.199121e+01 9.000000e+00 -4.593234e-01
      vertex   -1.200000e+01 4.400000e+00 5.277593e-08
      vertex   -1.196520e+01 4.400000e+00 -9.132560e-01
    endloop
  endfacet
  facet normal 9.970679e-01 -1.911527e-03 7.649767e-02
    outer loop
      vertex   -1.199121e+01 9.000000e+00 -4.593234e-01
      vertex   -1.196520e+01 4.400000e+00 -9.132560e-01
      vertex   -1.192093e+01 9.000000e+00 -1.375278e+00
    endloop
  endfacet
  facet normal 9.934768e-01 1.891639e-03 1.140188e-01
    outer loop
      vertex   -1.192093e+01 9.000000e+00 -1.375278e+00
      vertex   -1.196520e+01 4.400000e+00 -9.132560e-01
      vertex   -1.186099e+01 4.400000e+00 -1.821215e+00
    endloop
  endfacet
  facet normal 9.882944e-01 -1.910919e-03 1.525470e-01
    outer loop
      vertex   -1.192093e+01 9.000000e+00 -1.375278e+00
      vertex   -1.186099e+01 4.400000e+00 -1.821215e+00
      vertex   -1.178079e+01 9.000000e+00 -2.283174e+00
    endloop
  endfacet
  facet normal 9.819182e-01 1.890828e-03 1.892963e-01
    outer loop
      vertex   -1.178079e+01 9.000000e+00 -2.283174e+00
      vertex   -1.186099e+01 4.400000e+00 -1.821215e+00
      vertex   -1.168799e+01 4.400000e+00 -2.718610e+00
    endloop
  endfacet
  facet normal 9.737289e-01 -1.909905e-03 2.277024e-01
    outer loop
      vertex   -1.178079e+01 9.000000e+00 -2.283174e+00
      vertex   -1.168799e+01 4.400000e+00 -2.718610e+00
      vertex   -1.157162e+01 9.000000e+00 -3.177688e+00
    endloop
  endfacet
  facet normal 9.646641e-01 1.889611e-03 2.634759e-01
    outer loop
      vertex   -1.157162e+01 9.000000e+00 -3.177688e+00
      vertex   -1.168799e+01 4.400000e+00 -2.718610e+00
      vertex   -1.144720e+01 4.400000e+00 -3.600237e+00
    endloop
  endfacet
  facet normal 9.534569e-01 -1.908485e-03 3.015233e-01
    outer loop
      vertex   -1.157162e+01 9.000000e+00 -3.177688e+00
      vertex   -1.144720e+01 4.400000e+00 -3.600237e+00
      vertex   -1.129462e+01 9.000000e+00 -4.053580e+00
    endloop
  endfacet
  facet normal 9.418147e-01 1.887989e-03 3.361272e-01
    outer loop
      vertex   -1.129462e+01 9.000000e+00 -4.053580e+00
      vertex   -1.144720e+01 4.400000e+00 -3.600237e+00
      vertex   -1.114000e+01 4.400000e+00 -4.460980e+00
    endloop
  endfacet
  facet normal 9.275972e-01 -1.906661e-03 3.735771e-01
    outer loop
      vertex   -1.129462e+01 9.000000e+00 -4.053580e+00
      vertex   -1.114000e+01 4.400000e+00 -4.460980e+00
      vertex   -1.095144e+01 9.000000e+00 -4.905716e+00
    endloop
  endfacet
  facet normal 9.135024e-01 1.885962e-03 4.068289e-01
    outer loop
      vertex   -1.095144e+01 9.000000e+00 -4.905716e+00
      vertex   -1.114000e+01 4.400000e+00 -4.460980e+00
      vertex   -1.076819e+01 4.400000e+00 -5.295849e+00
    endloop
  endfacet
  facet normal 8.963013e-01 -1.904430e-03 4.434416e-01
    outer loop
      vertex   -1.095144e+01 9.000000e+00 -4.905716e+00
      vertex   -1.076819e+01 4.400000e+00 -5.295849e+00
      vertex   -1.054407e+01 9.000000e+00 -5.729102e+00
    endloop
  endfacet
  facet normal 8.798915e-01 1.883528e-03 4.751708e-01
    outer loop
      vertex   -1.054407e+01 9.000000e+00 -5.729102e+00
      vertex   -1.076819e+01 4.400000e+00 -5.295849e+00
      vertex   -1.033392e+01 4.400000e+00 -6.100000e+00
    endloop
  endfacet
  facet normal 4.728155e-01 0.000000e+00 -8.811615e-01
    outer loop
      vertex   -5.332682e+00 8.600000e+00 1.075000e+01
      vertex   -6.009084e+00 8.600000e+00 1.038705e+01
      vertex   -5.332682e+00 9.000000e+00 1.075000e+01
    endloop
  endfacet
  facet normal 4.783194e-01 -1.208236e-02 -8.781028e-01
    outer loop
      vertex   -5.332682e+00 9.000000e+00 1.075000e+01
      vertex   -6.009084e+00 8.600000e+00 1.038705e+01
      vertex   -6.139408e+00 9.000000e+00 1.031056e+01
    endloop
  endfacet
  facet normal 5.281612e-01 9.705060e-03 -8.490887e-01
    outer loop
      vertex   -6.139408e+00 9.000000e+00 1.031056e+01
      vertex   -6.009084e+00 8.600000e+00 1.038705e+01
      vertex   -6.660897e+00 8.600000e+00 9.981606e+00
    endloop
  endfacet
  facet normal 5.440280e-01 -1.940699e-02 -8.388426e-01
    outer loop
      vertex   -6.139408e+00 9.000000e+00 1.031056e+01
      vertex   -6.660897e+00 8.600000e+00 9.981606e+00
      vertex   -6.910153e+00 9.000000e+00 9.810698e+00
    endloop
  endfacet
  facet normal 5.813329e-01 1.465296e-02 -8.135338e-01
    outer loop
      vertex   -6.910153e+00 9.000000e+00 9.810698e+00
      vertex   -6.660897e+00 8.600000e+00 9.981606e+00
      vertex   -7.285453e+00 8.600000e+00 9.535312e+00
    endloop
  endfacet
  facet normal 6.065712e-01 -2.197576e-02 -7.947254e-01
    outer loop
      vertex   -6.910153e+00 9.000000e+00 9.810698e+00
      vertex   -7.285453e+00 8.600000e+00 9.535312e+00
      vertex   -7.640401e+00 9.000000e+00 9.253338e+00
    endloop
  endfacet
  facet normal 6.321559e-01 1.484462e-02 -7.746990e-01
    outer loop
      vertex   -7.640401e+00 9.000000e+00 9.253338e+00
      vertex   -7.285453e+00 8.600000e+00 9.535312e+00
      vertex   -7.880197e+00 8.600000e+00 9.050000e+00
    endloop
  endfacet
  facet normal -6.656189e-01 -1.979022e-02 -7.460293e-01
    outer loop
      vertex   8.325873e+00 9.000000e+00 8.641750e+00
      vertex   7.880197e+00 8.600000e+00 9.050000e+00
      vertex   7.640401e+00 9.000000e+00 9.253338e+00
    endloop
  endfacet
  facet normal -6.321559e-01 1.484462e-02 -7.746990e-01
    outer loop
      vertex   7.640401e+00 9.000000e+00 9.253338e+00
      vertex   7.880197e+00 8.600000e+00 9.050000e+00
      vertex   7.285453e+00 8.600000e+00 9.535312e+00
    endloop
  endfacet
  facet normal -6.065712e-01 -2.197576e-02 -7.947254e-01
    outer loop
      vertex   7.640401e+00 9.000000e+00 9.253338e+00
      vertex   7.285453e+00 8.600000e+00 9.535312e+00
      vertex   6.910153e+00 9.000000e+00 9.810698e+00
    endloop
  endfacet
  facet normal -5.813329e-01 1.465296e-02 -8.135338e-01
    outer loop
      vertex   6.910153e+00 9.000000e+00 9.810698e+00
      vertex   7.285453e+00 8.600000e+00 9.535312e+00
      vertex   6.660897e+00 8.600000e+00 9.981606e+00
    endloop
  endfacet
  facet normal -5.440280e-01 -1.940699e-02 -8.388426e-01
    outer loop
      vertex   6.910153e+00 9.000000e+00 9.810698e+00
      vertex   6.660897e+00 8.600000e+00 9.981606e+00
      vertex   6.139408e+00 9.000000e+00 1.031056e+01
    endloop
  endfacet
  facet normal -5.281612e-01 9.705060e-03 -8.490887e-01
    outer loop
      vertex   6.139408e+00 9.000000e+00 1.031056e+01
      vertex   6.660897e+00 8.600000e+00 9.981606e+00
      vertex   6.009084e+00 8.600000e+00 1.038705e+01
    endloop
  endfacet
  facet normal -4.783194e-01 -1.208236e-02 -8.781028e-01
    outer loop
      vertex   6.139408e+00 9.000000e+00 1.031056e+01
      vertex   6.009084e+00 8.600000e+00 1.038705e+01
      vertex   5.332682e+00 9.000000e+00 1.075000e+01
    endloop
  endfacet
  facet normal -4.728155e-01 -0.000000e+00 -8.811615e-01
    outer loop
      vertex   5.332682e+00 9.000000e+00 1.075000e+01
      vertex   6.009084e+00 8.600000e+00 1.038705e+01
      vertex   5.332682e+00 8.600000e+00 1.075000e+01
    endloop
  endfacet
  facet normal -6.321559e-01 1.484462e-02 7.746990e-01
    outer loop
      vertex   7.880197e+00 8.600000e+00 -9.050000e+00
      vertex   7.640401e+00 9.000000e+00 -9.253338e+00
      vertex   7.285453e+00 8.600000e+00 -9.535312e+00
    endloop
  endfacet
  facet normal -6.065712e-01 -2.197576e-02 7.947254e-01
    outer loop
      vertex   7.285453e+00 8.600000e+00 -9.535312e+00
      vertex   7.640401e+00 9.000000e+00 -9.253338e+00
      vertex   6.910153e+00 9.000000e+00 -9.810698e+00
    endloop
  endfacet
  facet normal -5.813329e-01 1.465296e-02 8.135338e-01
    outer loop
      vertex   7.285453e+00 8.600000e+00 -9.535312e+00
      vertex   6.910153e+00 9.000000e+00 -9.810698e+00
      vertex   6.660897e+00 8.600000e+00 -9.981606e+00
    endloop
  endfacet
  facet normal -5.440280e-01 -1.940699e-02 8.388426e-01
    outer loop
      vertex   6.660897e+00 8.600000e+00 -9.981606e+00
      vertex   6.910153e+00 9.000000e+00 -9.810698e+00
      vertex   6.139408e+00 9.000000e+00 -1.031056e+01
    endloop
  endfacet
  facet normal -5.281612e-01 9.705060e-03 8.490887e-01
    outer loop
      vertex   6.660897e+00 8.600000e+00 -9.981606e+00
      vertex   6.139408e+00 9.000000e+00 -1.031056e+01
      vertex   6.009084e+00 8.600000e+00 -1.038705e+01
    endloop
  endfacet
  facet normal -4.783194e-01 -1.208236e-02 8.781028e-01
    outer loop
      vertex   6.009084e+00 8.600000e+00 -1.038705e+01
      vertex   6.139408e+00 9.000000e+00 -1.031056e+01
      vertex   5.332682e+00 9.000000e+00 -1.075000e+01
    endloop
  endfacet
  facet normal -4.728155e-01 -2.235712e-17 8.811615e-01
    outer loop
      vertex   6.009084e+00 8.600000e+00 -1.038705e+01
      vertex   5.332682e+00 9.000000e+00 -1.075000e+01
      vertex   5.332682e+00 8.600000e+00 -1.075000e+01
    endloop
  endfacet
  facet normal 6.754671e-01 -0.000000e+00 7.373901e-01
    outer loop
      vertex   -7.880197e+00 4.400000e+00 -9.050000e+00
      vertex   -7.880197e+00 8.600000e+00 -9.050000e+00
      vertex   -8.325873e+00 9.000000e+00 -8.641750e+00
    endloop
  endfacet
  facet normal 6.656189e-01 -1.979022e-02 7.460293e-01
    outer loop
      vertex   -8.325873e+00 9.000000e+00 -8.641750e+00
      vertex   -7.880197e+00 8.600000e+00 -9.050000e+00
      vertex   -7.640401e+00 9.000000e+00 -9.253338e+00
    endloop
  endfacet
  facet normal 6.321559e-01 1.484462e-02 7.746990e-01
    outer loop
      vertex   -7.640401e+00 9.000000e+00 -9.253338e+00
      vertex   -7.880197e+00 8.600000e+00 -9.050000e+00
      vertex   -7.285453e+00 8.600000e+00 -9.535312e+00
    endloop
  endfacet
  facet normal 6.065712e-01 -2.197576e-02 7.947254e-01
    outer loop
      vertex   -7.640401e+00 9.000000e+00 -9.253338e+00
      vertex   -7.285453e+00 8.600000e+00 -9.535312e+00
      vertex   -6.910153e+00 9.000000e+00 -9.810698e+00
    endloop
  endfacet
  facet normal 5.813329e-01 1.465296e-02 8.135338e-01
    outer loop
      vertex   -6.910153e+00 9.000000e+00 -9.810698e+00
      vertex   -7.285453e+00 8.600000e+00 -9.535312e+00
      vertex   -6.660897e+00 8.600000e+00 -9.981606e+00
    endloop
  endfacet
  facet normal 5.440280e-01 -1.940699e-02 8.388426e-01
    outer loop
      vertex   -6.910153e+00 9.000000e+00 -9.810698e+00
      vertex   -6.660897e+00 8.600000e+00 -9.981606e+00
      vertex   -6.139408e+00 9.000000e+00 -1.031056e+01
    endloop
  endfacet
  facet normal 5.281612e-01 9.705060e-03 8.490887e-01
    outer loop
      vertex   -6.139408e+00 9.000000e+00 -1.031056e+01
      vertex   -6.660897e+00 8.600000e+00 -9.981606e+00
      vertex   -6.009084e+00 8.600000e+00 -1.038705e+01
    endloop
  endfacet
  facet normal 4.783194e-01 -1.208236e-02 8.781028e-01
    outer loop
      vertex   -6.139408e+00 9.000000e+00 -1.031056e+01
      vertex   -6.009084e+00 8.600000e+00 -1.038705e+01
      vertex   -5.332682e+00 9.000000e+00 -1.075000e+01
    endloop
  endfacet
  facet normal 4.728155e-01 0.000000e+00 8.811615e-01
    outer loop
      vertex   -5.332682e+00 9.000000e+00 -1.075000e+01
      vertex   -6.009084e+00 8.600000e+00 -1.038705e+01
      vertex   -5.332682e+00 8.600000e+00 -1.075000e+01
    endloop
  endfacet
  facet normal 0.000000e+00 -0.000000e+00 1.000000e+00
    outer loop
      vertex   -5.332682e+00 8.600000e+00 1.075000e+01
      vertex   -5.332682e+00 9.000000e+00 1.075000e+01
      vertex   -1.700000e+01 8.600000e+00 1.075000e+01
    endloop
  endfacet
  facet normal 0.000000e+00 0.000000e+00 1.000000e+00
    outer loop
      vertex   -1.700000e+01 8.600000e+00 1.075000e+01
      vertex   -5.332682e+00 9.000000e+00 1.075000e+01
      vertex   -1.700000e+01 1.000000e+01 1.075000e+01
    endloop
  endfacet
  facet normal 0.000000e+00 0.000000e+00 1.000000e+00
    outer loop
      vertex   -1.700000e+01 1.000000e+01 1.075000e+01
      vertex   -5.332682e+00 9.000000e+00 1.075000e+01
      vertex   5.332682e+00 9.000000e+00 1.075000e+01
    endloop
  endfacet
  facet normal -0.000000e+00 0.000000e+00 1.000000e+00
    outer loop
      vertex   -1.700000e+01 1.000000e+01 1.075000e+01
      vertex   5.332682e+00 9.000000e+00 1.075000e+01
      vertex   1.700000e+01 1.000000e+01 1.075000e+01
    endloop
  endfacet
  facet normal 0.000000e+00 0.000000e+00 1.000000e+00
    outer loop
      vertex   1.700000e+01 1.000000e+01 1.075000e+01
      vertex   5.332682e+00 9.000000e+00 1.075000e+01
      vertex   1.700000e+01 8.600000e+00 1.075000e+01
    endloop
  endfacet
  facet normal 0.000000e+00 0.000000e+00 1.000000e+00
    outer loop
      vertex   1.700000e+01 8.600000e+00 1.075000e+01
      vertex   5.332682e+00 9.000000e+00 1.075000e+01
      vertex   5.332682e+00 8.600000e+00 1.075000e+01
    endloop
  endfacet
  facet normal 0.000000e+00 -1.000000e+00 -1.957714e-14
    outer loop
      vertex   5.332682e+00 8.600000e+00 1.075000e+01
      vertex   6.009084e+00 8.600000e+00 1.038705e+01
      vertex   1.700000e+01 8.600000e+00 1.075000e+01
    endloop
  endfacet
  facet normal -6.138917e-16 -1.000000e+00 -9.869118e-16
    outer loop
      vertex   1.700000e+01 8.600000e+00 1.075000e+01
      vertex   6.009084e+00 8.600000e+00 1.038705e+01
      vertex   6.660897e+00 8.600000e+00 9.981606e+00
    endloop
  endfacet
  facet normal -6.224959e-16 -1.000000e+00 -8.711385e-16
    outer loop
      vertex   1.700000e+01 8.600000e+00 1.075000e+01
      vertex   6.660897e+00 8.600000e+00 9.981606e+00
      vertex   7.285453e+00 8.600000e+00 9.535312e+00
    endloop
  endfacet
  facet normal 0.000000e+00 -1.000000e+00 1.464094e-14
    outer loop
      vertex   7.880197e+00 8.600000e+00 9.050000e+00
      vertex   1.700000e+01 8.600000e+00 9.050000e+00
      vertex   7.285453e+00 8.600000e+00 9.535312e+00
    endloop
  endfacet
  facet normal -7.314214e-16 -1.000000e+00 0.000000e+00
    outer loop
      vertex   7.285453e+00 8.600000e+00 9.535312e+00
      vertex   1.700000e+01 8.600000e+00 9.050000e+00
      vertex   1.700000e+01 8.600000e+00 1.075000e+01
    endloop
  endfacet
  facet normal -0.000000e+00 0.000000e+00 1.000000e+00
    outer loop
      vertex   7.880197e+00 8.600000e+00 9.050000e+00
      vertex   7.880197e+00 4.400000e+00 9.050000e+00
      vertex   1.700000e+01 8.600000e+00 9.050000e+00
    endloop
  endfacet
  facet normal 0.000000e+00 0.000000e+00 1.000000e+00
    outer loop
      vertex   1.700000e+01 8.600000e+00 9.050000e+00
      vertex   7.880197e+00 4.400000e+00 9.050000e+00
      vertex   1.700000e+01 4.400000e+00 9.050000e+00
    endloop
  endfacet
  facet normal 0.000000e+00 0.000000e+00 -1.000000e+00
    outer loop
      vertex   5.332682e+00 8.600000e+00 -1.075000e+01
      vertex   5.332682e+00 9.000000e+00 -1.075000e+01
      vertex   1.700000e+01 8.600000e+00 -1.075000e+01
    endloop
  endfacet
  facet normal 0.000000e+00 0.000000e+00 -1.000000e+00
    outer loop
      vertex   1.700000e+01 8.600000e+00 -1.075000e+01
      vertex   5.332682e+00 9.000000e+00 -1.075000e+01
      vertex   1.700000e+01 1.000000e+01 -1.075000e+01
    endloop
  endfacet
  facet normal -0.000000e+00 0.000000e+00 -1.000000e+00
    outer loop
      vertex   1.700000e+01 1.000000e+01 -1.075000e+01
      vertex   5.332682e+00 9.000000e+00 -1.075000e+01
      vertex   -1.700000e+01 1.000000e+01 -1.075000e+01
    endloop
  endfacet
  facet normal 0.000000e+00 0.000000e+00 -1.000000e+00
    outer loop
      vertex   -1.700000e+01 1.000000e+01 -1.075000e+01
      vertex   5.332682e+00 9.000000e+00 -1.075000e+01
      vertex   -5.332682e+00 9.000000e+00 -1.075000e+01
    endloop
  endfacet
  facet normal 0.000000e+00 0.000000e+00 -1.000000e+00
    outer loop
      vertex   -1.700000e+01 1.000000e+01 -1.075000e+01
      vertex   -5.332682e+00 9.000000e+00 -1.075000e+01
      vertex   -1.700000e+01 8.600000e+00 -1.075000e+01
    endloop
  endfacet
  facet normal 0.000000e+00 0.000000e+00 -1.000000e+00
    outer loop
      vertex   -1.700000e+01 8.600000e+00 -1.075000e+01
      vertex   -5.332682e+00 9.000000e+00 -1.075000e+01
      vertex   -5.332682e+00 8.600000e+00 -1.075000e+01
    endloop
  endfacet
  facet normal 0.000000e+00 -1.000000e+00 1.957714e-14
    outer loop
      vertex   -5.332682e+00 8.600000e+00 -1.075000e+01
      vertex   -6.009084e+00 8.600000e+00 -1.038705e+01
      vertex   -1.700000e+01 8.600000e+00 -1.075000e+01
    endloop
  endfacet
  facet normal 6.138917e-16 -1.000000e+00 9.869118e-16
    outer loop
      vertex   -1.700000e+01 8.600000e+00 -1.075000e+01
      vertex   -6.009084e+00 8.600000e+00 -1.038705e+01
      vertex   -6.660897e+00 8.600000e+00 -9.981606e+00
    endloop
  endfacet
  facet normal 6.224959e-16 -1.000000e+00 8.711385e-16
    outer loop
      vertex   -1.700000e+01 8.600000e+00 -1.075000e+01
      vertex   -6.660897e+00 8.600000e+00 -9.981606e+00
      vertex   -7.285453e+00 8.600000e+00 -9.535312e+00
    endloop
  endfacet
  facet normal -0.000000e+00 -1.000000e+00 -1.464094e-14
    outer loop
      vertex   -7.880197e+00 8.600000e+00 -9.050000e+00
      vertex   -1.700000e+01 8.600000e+00 -9.050000e+00
      vertex   -7.285453e+00 8.600000e+00 -9.535312e+00
    endloop
  endfacet
  facet normal 7.314214e-16 -1.000000e+00 0.000000e+00
    outer loop
      vertex   -7.285453e+00 8.600000e+00 -9.535312e+00
      vertex   -1.700000e+01 8.600000e+00 -9.050000e+00
      vertex   -1.700000e+01 8.600000e+00 -1.075000e+01
    endloop
  endfacet
  facet normal -0.000000e+00 -0.000000e+00 -1.000000e+00
    outer loop
      vertex   -7.880197e+00 8.600000e+00 -9.050000e+00
      vertex   -7.880197e+00 4.400000e+00 -9.050000e+00
      vertex   -1.700000e+01 8.600000e+00 -9.050000e+00
    endloop
  endfacet
  facet normal 0.000000e+00 0.000000e+00 -1.000000e+00
    outer loop
      vertex   -1.700000e+01 8.600000e+00 -9.050000e+00
      vertex   -7.880197e+00 4.400000e+00 -9.050000e+00
      vertex   -1.700000e+01 4.400000e+00 -9.050000e+00
    endloop
  endfacet
  facet normal 1.000000e+00 0.000000e+00 -5.490037e-15
    outer loop
      vertex   -7.000000e+00 0.000000e+00 -3.235601e-01
      vertex   -7.000000e+00 0.000000e+00 3.235601e-01
      vertex   -7.000000e+00 -7.600000e+00 -3.235601e-01
    endloop
  endfacet
  facet normal 1.000000e+00 -1.603991e-31 -5.490037e-15
    outer loop
      vertex   -7.000000e+00 -7.600000e+00 -3.235601e-01
      vertex   -7.000000e+00 0.000000e+00 3.235601e-01
      vertex   -7.000000e+00 -7.600000e+00 3.235601e-01
    endloop
  endfacet
  facet normal 9.914449e-01 -9.569739e-18 1.305262e-01
    outer loop
      vertex   1.728237e+01 -7.600000e+00 -2.458781e-01
      vertex   1.728237e+01 -2.300000e+00 -2.458781e-01
      vertex   1.725000e+01 -7.600000e+00 -1.163414e-16
    endloop
  endfacet
  facet normal 9.914449e-01 -5.730417e-18 1.305262e-01
    outer loop
      vertex   1.725000e+01 -7.600000e+00 -1.163414e-16
      vertex   1.728237e+01 -2.300000e+00 -2.458781e-01
      vertex   1.725000e+01 -2.300000e+00 1.163414e-16
    endloop
  endfacet
  facet normal 9.914449e-01 5.730417e-18 -1.305262e-01
    outer loop
      vertex   1.725000e+01 -7.600000e+00 -1.163414e-16
      vertex   1.725000e+01 -2.300000e+00 1.163414e-16
      vertex   1.728237e+01 -7.600000e+00 2.458781e-01
    endloop
  endfacet
  facet normal 9.914449e-01 -1.162040e-17 -1.305262e-01
    outer loop
      vertex   1.728237e+01 -7.600000e+00 2.458781e-01
      vertex   1.725000e+01 -2.300000e+00 1.163414e-16
      vertex   1.728237e+01 -2.300000e+00 2.458781e-01
    endloop
  endfacet
  facet normal 9.238795e-01 -3.406928e-17 -3.826834e-01
    outer loop
      vertex   1.728237e+01 -7.600000e+00 2.458781e-01
      vertex   1.728237e+01 -2.300000e+00 2.458781e-01
      vertex   1.737728e+01 -7.600000e+00 4.750000e-01
    endloop
  endfacet
  facet normal 9.238795e-01 0.000000e+00 -3.826834e-01
    outer loop
      vertex   1.737728e+01 -7.600000e+00 4.750000e-01
      vertex   1.728237e+01 -2.300000e+00 2.458781e-01
      vertex   1.737728e+01 -2.300000e+00 4.750000e-01
    endloop
  endfacet
  facet normal 7.933533e-01 0.000000e+00 -6.087614e-01
    outer loop
      vertex   1.737728e+01 -7.600000e+00 4.750000e-01
      vertex   1.737728e+01 -2.300000e+00 4.750000e-01
      vertex   1.752825e+01 -7.600000e+00 6.717514e-01
    endloop
  endfacet
  facet normal 7.933533e-01 0.000000e+00 -6.087614e-01
    outer loop
      vertex   1.752825e+01 -7.600000e+00 6.717514e-01
      vertex   1.737728e+01 -2.300000e+00 4.750000e-01
      vertex   1.752825e+01 -2.300000e+00 6.717514e-01
    endloop
  endfacet
  facet normal 6.087614e-01 0.000000e+00 -7.933533e-01
    outer loop
      vertex   1.752825e+01 -7.600000e+00 6.717514e-01
      vertex   1.752825e+01 -2.300000e+00 6.717514e-01
      vertex   1.772500e+01 -7.600000e+00 8.227241e-01
    endloop
  endfacet
  facet normal 6.087614e-01 -4.985656e-17 -7.933533e-01
    outer loop
      vertex   1.772500e+01 -7.600000e+00 8.227241e-01
      vertex   1.752825e+01 -2.300000e+00 6.717514e-01
      vertex   1.772500e+01 -2.300000e+00 8.227241e-01
    endloop
  endfacet
  facet normal 3.826834e-01 -5.805919e-17 -9.238795e-01
    outer loop
      vertex   1.772500e+01 -7.600000e+00 8.227241e-01
      vertex   1.772500e+01 -2.300000e+00 8.227241e-01
      vertex   1.795412e+01 -7.600000e+00 9.176295e-01
    endloop
  endfacet
  facet normal 3.826834e-01 -5.805919e-17 -9.238795e-01
    outer loop
      vertex   1.795412e+01 -7.600000e+00 9.176295e-01
      vertex   1.772500e+01 -2.300000e+00 8.227241e-01
      vertex   1.795412e+01 -2.300000e+00 9.176295e-01
    endloop
  endfacet
  facet normal 1.305262e-01 -6.230518e-17 -9.914449e-01
    outer loop
      vertex   1.795412e+01 -7.600000e+00 9.176295e-01
      vertex   1.795412e+01 -2.300000e+00 9.176295e-01
      vertex   1.820000e+01 -7.600000e+00 9.500000e-01
    endloop
  endfacet
  facet normal 1.305262e-01 0.000000e+00 -9.914449e-01
    outer loop
      vertex   1.820000e+01 -7.600000e+00 9.500000e-01
      vertex   1.795412e+01 -2.300000e+00 9.176295e-01
      vertex   1.820000e+01 -2.300000e+00 9.500000e-01
    endloop
  endfacet
  facet normal -1.305262e-01 0.000000e+00 -9.914449e-01
    outer loop
      vertex   1.820000e+01 -7.600000e+00 9.500000e-01
      vertex   1.820000e+01 -2.300000e+00 9.500000e-01
      vertex   1.844588e+01 -7.600000e+00 9.176295e-01
    endloop
  endfacet
  facet normal -1.305262e-01 4.153679e-17 -9.914449e-01
    outer loop
      vertex   1.844588e+01 -7.600000e+00 9.176295e-01
      vertex   1.820000e+01 -2.300000e+00 9.500000e-01
      vertex   1.844588e+01 -2.300000e+00 9.176295e-01
    endloop
  endfacet
  facet normal -3.826834e-01 3.870613e-17 -9.238795e-01
    outer loop
      vertex   1.844588e+01 -7.600000e+00 9.176295e-01
      vertex   1.844588e+01 -2.300000e+00 9.176295e-01
      vertex   1.867500e+01 -7.600000e+00 8.227241e-01
    endloop
  endfacet
  facet normal -3.826834e-01 7.741225e-17 -9.238795e-01
    outer loop
      vertex   1.867500e+01 -7.600000e+00 8.227241e-01
      vertex   1.844588e+01 -2.300000e+00 9.176295e-01
      vertex   1.867500e+01 -2.300000e+00 8.227241e-01
    endloop
  endfacet
  facet normal -6.087614e-01 6.647541e-17 -7.933533e-01
    outer loop
      vertex   1.867500e+01 -7.600000e+00 8.227241e-01
      vertex   1.867500e+01 -2.300000e+00 8.227241e-01
      vertex   1.887175e+01 -7.600000e+00 6.717514e-01
    endloop
  endfacet
  facet normal -6.087614e-01 1.661885e-17 -7.933533e-01
    outer loop
      vertex   1.887175e+01 -7.600000e+00 6.717514e-01
      vertex   1.867500e+01 -2.300000e+00 8.227241e-01
      vertex   1.887175e+01 -2.300000e+00 6.717514e-01
    endloop
  endfacet
  facet normal -7.933533e-01 1.275209e-17 -6.087614e-01
    outer loop
      vertex   1.887175e+01 -7.600000e+00 6.717514e-01
      vertex   1.887175e+01 -2.300000e+00 6.717514e-01
      vertex   1.902272e+01 -7.600000e+00 4.750000e-01
    endloop
  endfacet
  facet normal -7.933533e-01 0.000000e+00 -6.087614e-01
    outer loop
      vertex   1.902272e+01 -7.600000e+00 4.750000e-01
      vertex   1.887175e+01 -2.300000e+00 6.717514e-01
      vertex   1.902272e+01 -2.300000e+00 4.750000e-01
    endloop
  endfacet
  facet normal -9.238795e-01 0.000000e+00 -3.826834e-01
    outer loop
      vertex   1.902272e+01 -7.600000e+00 4.750000e-01
      vertex   1.902272e+01 -2.300000e+00 4.750000e-01
      vertex   1.911763e+01 -7.600000e+00 2.458781e-01
    endloop
  endfacet
  facet normal -9.238795e-01 -1.803668e-17 -3.826834e-01
    outer loop
      vertex   1.911763e+01 -7.600000e+00 2.458781e-01
      vertex   1.902272e+01 -2.300000e+00 4.750000e-01
      vertex   1.911763e+01 -2.300000e+00 2.458781e-01
    endloop
  endfacet
  facet normal -9.914449e-01 -6.151975e-18 -1.305262e-01
    outer loop
      vertex   1.911763e+01 -7.600000e+00 2.458781e-01
      vertex   1.911763e+01 -2.300000e+00 2.458781e-01
      vertex   1.915000e+01 -7.600000e+00 0.000000e+00
    endloop
  endfacet
  facet normal -9.914449e-01 0.000000e+00 -1.305262e-01
    outer loop
      vertex   1.915000e+01 -7.600000e+00 0.000000e+00
      vertex   1.911763e+01 -2.300000e+00 2.458781e-01
      vertex   1.915000e+01 -2.300000e+00 0.000000e+00
    endloop
  endfacet
  facet normal -9.914449e-01 0.000000e+00 1.305262e-01
    outer loop
      vertex   1.915000e+01 -7.600000e+00 0.000000e+00
      vertex   1.915000e+01 -2.300000e+00 0.000000e+00
      vertex   1.911763e+01 -7.600000e+00 -2.458781e-01
    endloop
  endfacet
  facet normal -9.914449e-01 -5.468422e-18 1.305262e-01
    outer loop
      vertex   1.911763e+01 -7.600000e+00 -2.458781e-01
      vertex   1.915000e+01 -2.300000e+00 0.000000e+00
      vertex   1.911763e+01 -2.300000e+00 -2.458781e-01
    endloop
  endfacet
  facet normal -9.238795e-01 -1.603260e-17 3.826834e-01
    outer loop
      vertex   1.911763e+01 -7.600000e+00 -2.458781e-01
      vertex   1.911763e+01 -2.300000e+00 -2.458781e-01
      vertex   1.902272e+01 -7.600000e+00 -4.750000e-01
    endloop
  endfacet
  facet normal -9.238795e-01 8.016301e-18 3.826834e-01
    outer loop
      vertex   1.902272e+01 -7.600000e+00 -4.750000e-01
      vertex   1.911763e+01 -2.300000e+00 -2.458781e-01
      vertex   1.902272e+01 -2.300000e+00 -4.750000e-01
    endloop
  endfacet
  facet normal -7.933533e-01 1.275209e-17 6.087614e-01
    outer loop
      vertex   1.902272e+01 -7.600000e+00 -4.750000e-01
      vertex   1.902272e+01 -2.300000e+00 -4.750000e-01
      vertex   1.887175e+01 -7.600000e+00 -6.717514e-01
    endloop
  endfacet
  facet normal -7.933533e-01 1.275209e-17 6.087614e-01
    outer loop
      vertex   1.887175e+01 -7.600000e+00 -6.717514e-01
      vertex   1.902272e+01 -2.300000e+00 -4.750000e-01
      vertex   1.887175e+01 -2.300000e+00 -6.717514e-01
    endloop
  endfacet
  facet normal -6.087614e-01 1.661885e-17 7.933533e-01
    outer loop
      vertex   1.887175e+01 -7.600000e+00 -6.717514e-01
      vertex   1.887175e+01 -2.300000e+00 -6.717514e-01
      vertex   1.867500e+01 -7.600000e+00 -8.227241e-01
    endloop
  endfacet
  facet normal -6.087614e-01 -4.985656e-17 7.933533e-01
    outer loop
      vertex   1.867500e+01 -7.600000e+00 -8.227241e-01
      vertex   1.887175e+01 -2.300000e+00 -6.717514e-01
      vertex   1.867500e+01 -2.300000e+00 -8.227241e-01
    endloop
  endfacet
  facet normal -3.826834e-01 -5.805919e-17 9.238795e-01
    outer loop
      vertex   1.867500e+01 -7.600000e+00 -8.227241e-01
      vertex   1.867500e+01 -2.300000e+00 -8.227241e-01
      vertex   1.844588e+01 -7.600000e+00 -9.176295e-01
    endloop
  endfacet
  facet normal -3.826834e-01 -1.935306e-17 9.238795e-01
    outer loop
      vertex   1.844588e+01 -7.600000e+00 -9.176295e-01
      vertex   1.867500e+01 -2.300000e+00 -8.227241e-01
      vertex   1.844588e+01 -2.300000e+00 -9.176295e-01
    endloop
  endfacet
  facet normal -1.305262e-01 -2.076839e-17 9.914449e-01
    outer loop
      vertex   1.844588e+01 -7.600000e+00 -9.176295e-01
      vertex   1.844588e+01 -2.300000e+00 -9.176295e-01
      vertex   1.820000e+01 -7.600000e+00 -9.500000e-01
    endloop
  endfacet
  facet normal -1.305262e-01 0.000000e+00 9.914449e-01
    outer loop
      vertex   1.820000e+01 -7.600000e+00 -9.500000e-01
      vertex   1.844588e+01 -2.300000e+00 -9.176295e-01
      vertex   1.820000e+01 -2.300000e+00 -9.500000e-01
    endloop
  endfacet
  facet normal 1.305262e-01 -0.000000e+00 9.914449e-01
    outer loop
      vertex   1.820000e+01 -7.600000e+00 -9.500000e-01
      vertex   1.820000e+01 -2.300000e+00 -9.500000e-01
      vertex   1.795412e+01 -7.600000e+00 -9.176295e-01
    endloop
  endfacet
  facet normal 1.305262e-01 4.153679e-17 9.914449e-01
    outer loop
      vertex   1.795412e+01 -7.600000e+00 -9.176295e-01
      vertex   1.820000e+01 -2.300000e+00 -9.500000e-01
      vertex   1.795412e+01 -2.300000e+00 -9.176295e-01
    endloop
  endfacet
  facet normal 3.826834e-01 3.870613e-17 9.238795e-01
    outer loop
      vertex   1.795412e+01 -7.600000e+00 -9.176295e-01
      vertex   1.795412e+01 -2.300000e+00 -9.176295e-01
      vertex   1.772500e+01 -7.600000e+00 -8.227241e-01
    endloop
  endfacet
  facet normal 3.826834e-01 1.935306e-17 9.238795e-01
    outer loop
      vertex   1.772500e+01 -7.600000e+00 -8.227241e-01
      vertex   1.795412e+01 -2.300000e+00 -9.176295e-01
      vertex   1.772500e+01 -2.300000e+00 -8.227241e-01
    endloop
  endfacet
  facet normal 6.087614e-01 1.661885e-17 7.933533e-01
    outer loop
      vertex   1.772500e+01 -7.600000e+00 -8.227241e-01
      vertex   1.772500e+01 -2.300000e+00 -8.227241e-01
      vertex   1.752825e+01 -7.600000e+00 -6.717514e-01
    endloop
  endfacet
  facet normal 6.087614e-01 -0.000000e+00 7.933533e-01
    outer loop
      vertex   1.752825e+01 -7.600000e+00 -6.717514e-01
      vertex   1.772500e+01 -2.300000e+00 -8.227241e-01
      vertex   1.752825e+01 -2.300000e+00 -6.717514e-01
    endloop
  endfacet
  facet normal 7.933533e-01 -0.000000e+00 6.087614e-01
    outer loop
      vertex   1.752825e+01 -7.600000e+00 -6.717514e-01
      vertex   1.752825e+01 -2.300000e+00 -6.717514e-01
      vertex   1.737728e+01 -7.600000e+00 -4.750000e-01
    endloop
  endfacet
  facet normal 7.933533e-01 -0.000000e+00 6.087614e-01
    outer loop
      vertex   1.737728e+01 -7.600000e+00 -4.750000e-01
      vertex   1.752825e+01 -2.300000e+00 -6.717514e-01
      vertex   1.737728e+01 -2.300000e+00 -4.750000e-01
    endloop
  endfacet
  facet normal 9.238795e-01 -0.000000e+00 3.826834e-01
    outer loop
      vertex   1.737728e+01 -7.600000e+00 -4.750000e-01
      vertex   1.737728e+01 -2.300000e+00 -4.750000e-01
      vertex   1.728237e+01 -7.600000e+00 -2.458781e-01
    endloop
  endfacet
  facet normal 9.238795e-01 -2.805705e-17 3.826834e-01
    outer loop
      vertex   1.728237e+01 -7.600000e+00 -2.458781e-01
      vertex   1.737728e+01 -2.300000e+00 -4.750000e-01
      vertex   1.728237e+01 -2.300000e+00 -2.458781e-01
    endloop
  endfacet
  facet normal 9.914449e-01 1.162040e-17 -1.305262e-01
    outer loop
      vertex   1.728237e+01 3.000000e+00 2.458781e-01
      vertex   1.728237e+01 -2.300000e+00 2.458781e-01
      vertex   1.725000e+01 3.000000e+00 1.163414e-16
    endloop
  endfacet
  facet normal 9.914449e-01 0.000000e+00 -1.305262e-01
    outer loop
      vertex   1.725000e+01 3.000000e+00 1.163414e-16
      vertex   1.728237e+01 -2.300000e+00 2.458781e-01
      vertex   1.725000e+01 -2.300000e+00 1.163414e-16
    endloop
  endfacet
  facet normal 9.914449e-01 0.000000e+00 1.305262e-01
    outer loop
      vertex   1.725000e+01 3.000000e+00 1.163414e-16
      vertex   1.725000e+01 -2.300000e+00 1.163414e-16
      vertex   1.728237e+01 3.000000e+00 -2.458781e-01
    endloop
  endfacet
  facet normal 9.914449e-01 9.569739e-18 1.305262e-01
    outer loop
      vertex   1.728237e+01 3.000000e+00 -2.458781e-01
      vertex   1.725000e+01 -2.300000e+00 1.163414e-16
      vertex   1.728237e+01 -2.300000e+00 -2.458781e-01
    endloop
  endfacet
  facet normal 9.238795e-01 2.805705e-17 3.826834e-01
    outer loop
      vertex   1.728237e+01 3.000000e+00 -2.458781e-01
      vertex   1.728237e+01 -2.300000e+00 -2.458781e-01
      vertex   1.737728e+01 3.000000e+00 -4.750000e-01
    endloop
  endfacet
  facet normal 9.238795e-01 0.000000e+00 3.826834e-01
    outer loop
      vertex   1.737728e+01 3.000000e+00 -4.750000e-01
      vertex   1.728237e+01 -2.300000e+00 -2.458781e-01
      vertex   1.737728e+01 -2.300000e+00 -4.750000e-01
    endloop
  endfacet
  facet normal 7.933533e-01 0.000000e+00 6.087614e-01
    outer loop
      vertex   1.737728e+01 3.000000e+00 -4.750000e-01
      vertex   1.737728e+01 -2.300000e+00 -4.750000e-01
      vertex   1.752825e+01 3.000000e+00 -6.717514e-01
    endloop
  endfacet
  facet normal 7.933533e-01 0.000000e+00 6.087614e-01
    outer loop
      vertex   1.752825e+01 3.000000e+00 -6.717514e-01
      vertex   1.737728e+01 -2.300000e+00 -4.750000e-01
      vertex   1.752825e+01 -2.300000e+00 -6.717514e-01
    endloop
  endfacet
  facet normal 6.087614e-01 0.000000e+00 7.933533e-01
    outer loop
      vertex   1.752825e+01 3.000000e+00 -6.717514e-01
      vertex   1.752825e+01 -2.300000e+00 -6.717514e-01
      vertex   1.772500e+01 3.000000e+00 -8.227241e-01
    endloop
  endfacet
  facet normal 6.087614e-01 -1.661885e-17 7.933533e-01
    outer loop
      vertex   1.772500e+01 3.000000e+00 -8.227241e-01
      vertex   1.752825e+01 -2.300000e+00 -6.717514e-01
      vertex   1.772500e+01 -2.300000e+00 -8.227241e-01
    endloop
  endfacet
  facet normal 3.826834e-01 -1.935306e-17 9.238795e-01
    outer loop
      vertex   1.772500e+01 3.000000e+00 -8.227241e-01
      vertex   1.772500e+01 -2.300000e+00 -8.227241e-01
      vertex   1.795412e+01 3.000000e+00 -9.176295e-01
    endloop
  endfacet
  facet normal 3.826834e-01 -3.870613e-17 9.238795e-01
    outer loop
      vertex   1.795412e+01 3.000000e+00 -9.176295e-01
      vertex   1.772500e+01 -2.300000e+00 -8.227241e-01
      vertex   1.795412e+01 -2.300000e+00 -9.176295e-01
    endloop
  endfacet
  facet normal 1.305262e-01 -4.153679e-17 9.914449e-01
    outer loop
      vertex   1.795412e+01 3.000000e+00 -9.176295e-01
      vertex   1.795412e+01 -2.300000e+00 -9.176295e-01
      vertex   1.820000e+01 3.000000e+00 -9.500000e-01
    endloop
  endfacet
  facet normal 1.305262e-01 0.000000e+00 9.914449e-01
    outer loop
      vertex   1.820000e+01 3.000000e+00 -9.500000e-01
      vertex   1.795412e+01 -2.300000e+00 -9.176295e-01
      vertex   1.820000e+01 -2.300000e+00 -9.500000e-01
    endloop
  endfacet
  facet normal -1.305262e-01 0.000000e+00 9.914449e-01
    outer loop
      vertex   1.820000e+01 3.000000e+00 -9.500000e-01
      vertex   1.820000e+01 -2.300000e+00 -9.500000e-01
      vertex   1.844588e+01 3.000000e+00 -9.176295e-01
    endloop
  endfacet
  facet normal -1.305262e-01 2.076839e-17 9.914449e-01
    outer loop
      vertex   1.844588e+01 3.000000e+00 -9.176295e-01
      vertex   1.820000e+01 -2.300000e+00 -9.500000e-01
      vertex   1.844588e+01 -2.300000e+00 -9.176295e-01
    endloop
  endfacet
  facet normal -3.826834e-01 1.935306e-17 9.238795e-01
    outer loop
      vertex   1.844588e+01 3.000000e+00 -9.176295e-01
      vertex   1.844588e+01 -2.300000e+00 -9.176295e-01
      vertex   1.867500e+01 3.000000e+00 -8.227241e-01
    endloop
  endfacet
  facet normal -3.826834e-01 5.805919e-17 9.238795e-01
    outer loop
      vertex   1.867500e+01 3.000000e+00 -8.227241e-01
      vertex   1.844588e+01 -2.300000e+00 -9.176295e-01
      vertex   1.867500e+01 -2.300000e+00 -8.227241e-01
    endloop
  endfacet
  facet normal -6.087614e-01 4.985656e-17 7.933533e-01
    outer loop
      vertex   1.867500e+01 3.000000e+00 -8.227241e-01
      vertex   1.867500e+01 -2.300000e+00 -8.227241e-01
      vertex   1.887175e+01 3.000000e+00 -6.717514e-01
    endloop
  endfacet
  facet normal -6.087614e-01 -1.661885e-17 7.933533e-01
    outer loop
      vertex   1.887175e+01 3.000000e+00 -6.717514e-01
      vertex   1.867500e+01 -2.300000e+00 -8.227241e-01
      vertex   1.887175e+01 -2.300000e+00 -6.717514e-01
    endloop
  endfacet
  facet normal -7.933533e-01 -1.275209e-17 6.087614e-01
    outer loop
      vertex   1.887175e+01 3.000000e+00 -6.717514e-01
      vertex   1.887175e+01 -2.300000e+00 -6.717514e-01
      vertex   1.902272e+01 3.000000e+00 -4.750000e-01
    endloop
  endfacet
  facet normal -7.933533e-01 -1.275209e-17 6.087614e-01
    outer loop
      vertex   1.902272e+01 3.000000e+00 -4.750000e-01
      vertex   1.887175e+01 -2.300000e+00 -6.717514e-01
      vertex   1.902272e+01 -2.300000e+00 -4.750000e-01
    endloop
  endfacet
  facet normal -9.238795e-01 -8.016301e-18 3.826834e-01
    outer loop
      vertex   1.902272e+01 3.000000e+00 -4.750000e-01
      vertex   1.902272e+01 -2.300000e+00 -4.750000e-01
      vertex   1.911763e+01 3.000000e+00 -2.458781e-01
    endloop
  endfacet
  facet normal -9.238795e-01 1.603260e-17 3.826834e-01
    outer loop
      vertex   1.911763e+01 3.000000e+00 -2.458781e-01
      vertex   1.902272e+01 -2.300000e+00 -4.750000e-01
      vertex   1.911763e+01 -2.300000e+00 -2.458781e-01
    endloop
  endfacet
  facet normal -9.914449e-01 5.468422e-18 1.305262e-01
    outer loop
      vertex   1.911763e+01 3.000000e+00 -2.458781e-01
      vertex   1.911763e+01 -2.300000e+00 -2.458781e-01
      vertex   1.915000e+01 3.000000e+00 0.000000e+00
    endloop
  endfacet
  facet normal -9.914449e-01 0.000000e+00 1.305262e-01
    outer loop
      vertex   1.915000e+01 3.000000e+00 0.000000e+00
      vertex   1.911763e+01 -2.300000e+00 -2.458781e-01
      vertex   1.915000e+01 -2.300000e+00 0.000000e+00
    endloop
  endfacet
  facet normal -9.914449e-01 -0.000000e+00 -1.305262e-01
    outer loop
      vertex   1.915000e+01 3.000000e+00 0.000000e+00
      vertex   1.915000e+01 -2.300000e+00 0.000000e+00
      vertex   1.911763e+01 3.000000e+00 2.458781e-01
    endloop
  endfacet
  facet normal -9.914449e-01 6.151975e-18 -1.305262e-01
    outer loop
      vertex   1.911763e+01 3.000000e+00 2.458781e-01
      vertex   1.915000e+01 -2.300000e+00 0.000000e+00
      vertex   1.911763e+01 -2.300000e+00 2.458781e-01
    endloop
  endfacet
  facet normal -9.238795e-01 1.803668e-17 -3.826834e-01
    outer loop
      vertex   1.911763e+01 3.000000e+00 2.458781e-01
      vertex   1.911763e+01 -2.300000e+00 2.458781e-01
      vertex   1.902272e+01 3.000000e+00 4.750000e-01
    endloop
  endfacet
  facet normal -9.238795e-01 -0.000000e+00 -3.826834e-01
    outer loop
      vertex   1.902272e+01 3.000000e+00 4.750000e-01
      vertex   1.911763e+01 -2.300000e+00 2.458781e-01
      vertex   1.902272e+01 -2.300000e+00 4.750000e-01
    endloop
  endfacet
  facet normal -7.933533e-01 -0.000000e+00 -6.087614e-01
    outer loop
      vertex   1.902272e+01 3.000000e+00 4.750000e-01
      vertex   1.902272e+01 -2.300000e+00 4.750000e-01
      vertex   1.887175e+01 3.000000e+00 6.717514e-01
    endloop
  endfacet
  facet normal -7.933533e-01 -1.275209e-17 -6.087614e-01
    outer loop
      vertex   1.887175e+01 3.000000e+00 6.717514e-01
      vertex   1.902272e+01 -2.300000e+00 4.750000e-01
      vertex   1.887175e+01 -2.300000e+00 6.717514e-01
    endloop
  endfacet
  facet normal -6.087614e-01 -1.661885e-17 -7.933533e-01
    outer loop
      vertex   1.887175e+01 3.000000e+00 6.717514e-01
      vertex   1.887175e+01 -2.300000e+00 6.717514e-01
      vertex   1.867500e+01 3.000000e+00 8.227241e-01
    endloop
  endfacet
  facet normal -6.087614e-01 -6.647541e-17 -7.933533e-01
    outer loop
      vertex   1.867500e+01 3.000000e+00 8.227241e-01
      vertex   1.887175e+01 -2.300000e+00 6.717514e-01
      vertex   1.867500e+01 -2.300000e+00 8.227241e-01
    endloop
  endfacet
  facet normal -3.826834e-01 -7.741225e-17 -9.238795e-01
    outer loop
      vertex   1.867500e+01 3.000000e+00 8.227241e-01
      vertex   1.867500e+01 -2.300000e+00 8.227241e-01
      vertex   1.844588e+01 3.000000e+00 9.176295e-01
    endloop
  endfacet
  facet normal -3.826834e-01 -3.870613e-17 -9.238795e-01
    outer loop
      vertex   1.844588e+01 3.000000e+00 9.176295e-01
      vertex   1.867500e+01 -2.300000e+00 8.227241e-01
      vertex   1.844588e+01 -2.300000e+00 9.176295e-01
    endloop
  endfacet
  facet normal -1.305262e-01 -4.153679e-17 -9.914449e-01
    outer loop
      vertex   1.844588e+01 3.000000e+00 9.176295e-01
      vertex   1.844588e+01 -2.300000e+00 9.176295e-01
      vertex   1.820000e+01 3.000000e+00 9.500000e-01
    endloop
  endfacet
  facet normal -1.305262e-01 -0.000000e+00 -9.914449e-01
    outer loop
      vertex   1.820000e+01 3.000000e+00 9.500000e-01
      vertex   1.844588e+01 -2.300000e+00 9.176295e-01
      vertex   1.820000e+01 -2.300000e+00 9.500000e-01
    endloop
  endfacet
  facet normal 1.305262e-01 0.000000e+00 -9.914449e-01
    outer loop
      vertex   1.820000e+01 3.000000e+00 9.500000e-01
      vertex   1.820000e+01 -2.300000e+00 9.500000e-01
      vertex   1.795412e+01 3.000000e+00 9.176295e-01
    endloop
  endfacet
  facet normal 1.305262e-01 6.230518e-17 -9.914449e-01
    outer loop
      vertex   1.795412e+01 3.000000e+00 9.176295e-01
      vertex   1.820000e+01 -2.300000e+00 9.500000e-01
      vertex   1.795412e+01 -2.300000e+00 9.176295e-01
    endloop
  endfacet
  facet normal 3.826834e-01 5.805919e-17 -9.238795e-01
    outer loop
      vertex   1.795412e+01 3.000000e+00 9.176295e-01
      vertex   1.795412e+01 -2.300000e+00 9.176295e-01
      vertex   1.772500e+01 3.000000e+00 8.227241e-01
    endloop
  endfacet
  facet normal 3.826834e-01 5.805919e-17 -9.238795e-01
    outer loop
      vertex   1.772500e+01 3.000000e+00 8.227241e-01
      vertex   1.795412e+01 -2.300000e+00 9.176295e-01
      vertex   1.772500e+01 -2.300000e+00 8.227241e-01
    endloop
  endfacet
  facet normal 6.087614e-01 4.985656e-17 -7.933533e-01
    outer loop
      vertex   1.772500e+01 3.000000e+00 8.227241e-01
      vertex   1.772500e+01 -2.300000e+00 8.227241e-01
      vertex   1.752825e+01 3.000000e+00 6.717514e-01
    endloop
  endfacet
  facet normal 6.087614e-01 0.000000e+00 -7.933533e-01
    outer loop
      vertex   1.752825e+01 3.000000e+00 6.717514e-01
      vertex   1.772500e+01 -2.300000e+00 8.227241e-01
      vertex   1.752825e+01 -2.300000e+00 6.717514e-01
    endloop
  endfacet
  facet normal 7.933533e-01 0.000000e+00 -6.087614e-01
    outer loop
      vertex   1.752825e+01 3.000000e+00 6.717514e-01
      vertex   1.752825e+01 -2.300000e+00 6.717514e-01
      vertex   1.737728e+01 3.000000e+00 4.750000e-01
    endloop
  endfacet
  facet normal 7.933533e-01 0.000000e+00 -6.087614e-01
    outer loop
      vertex   1.737728e+01 3.000000e+00 4.750000e-01
      vertex   1.752825e+01 -2.300000e+00 6.717514e-01
      vertex   1.737728e+01 -2.300000e+00 4.750000e-01
    endloop
  endfacet
  facet normal 9.238795e-01 0.000000e+00 -3.826834e-01
    outer loop
      vertex   1.737728e+01 3.000000e+00 4.750000e-01
      vertex   1.737728e+01 -2.300000e+00 4.750000e-01
      vertex   1.728237e+01 3.000000e+00 2.458781e-01
    endloop
  endfacet
  facet normal 9.238795e-01 3.406928e-17 -3.826834e-01
    outer loop
      vertex   1.728237e+01 3.000000e+00 2.458781e-01
      vertex   1.737728e+01 -2.300000e+00 4.750000e-01
      vertex   1.728237e+01 -2.300000e+00 2.458781e-01
    endloop
  endfacet
  facet normal -1.000000e+00 -0.000000e+00 -0.000000e+00
    outer loop
      vertex   1.560000e+01 0.000000e+00 6.100000e+00
      vertex   1.560000e+01 0.000000e+00 -6.100000e+00
      vertex   1.560000e+01 -7.600000e+00 6.100000e+00
    endloop
  endfacet
  facet normal -1.000000e+00 0.000000e+00 0.000000e+00
    outer loop
      vertex   1.560000e+01 -7.600000e+00 6.100000e+00
      vertex   1.560000e+01 0.000000e+00 -6.100000e+00
      vertex   1.560000e+01 -7.600000e+00 -6.100000e+00
    endloop
  endfacet
  facet normal -0.000000e+00 0.000000e+00 1.000000e+00
    outer loop
      vertex   1.700000e+01 3.000000e+00 6.100000e+00
      vertex   1.700000e+01 0.000000e+00 6.100000e+00
      vertex   2.050000e+01 3.000000e+00 6.100000e+00
    endloop
  endfacet
  facet normal 0.000000e+00 0.000000e+00 1.000000e+00
    outer loop
      vertex   2.050000e+01 3.000000e+00 6.100000e+00
      vertex   1.700000e+01 0.000000e+00 6.100000e+00
      vertex   2.050000e+01 -7.600000e+00 6.100000e+00
    endloop
  endfacet
  facet normal -3.625218e-16 -1.669508e-16 1.000000e+00
    outer loop
      vertex   2.050000e+01 -7.600000e+00 6.100000e+00
      vertex   1.700000e+01 0.000000e+00 6.100000e+00
      vertex   1.560000e+01 -7.600000e+00 6.100000e+00
    endloop
  endfacet
  facet normal -1.268826e-15 0.000000e+00 1.000000e+00
    outer loop
      vertex   1.560000e+01 -7.600000e+00 6.100000e+00
      vertex   1.700000e+01 0.000000e+00 6.100000e+00
      vertex   1.560000e+01 0.000000e+00 6.100000e+00
    endloop
  endfacet
  facet normal 1.000000e+00 0.000000e+00 -0.000000e+00
    outer loop
      vertex   2.050000e+01 3.000000e+00 -6.100000e+00
      vertex   2.050000e+01 3.000000e+00 6.100000e+00
      vertex   2.050000e+01 -7.600000e+00 -6.100000e+00
    endloop
  endfacet
  facet normal 1.000000e+00 0.000000e+00 0.000000e+00
    outer loop
      vertex   2.050000e+01 -7.600000e+00 -6.100000e+00
      vertex   2.050000e+01 3.000000e+00 6.100000e+00
      vertex   2.050000e+01 -7.600000e+00 6.100000e+00
    endloop
  endfacet
  facet normal 6.344132e-16 0.000000e+00 -1.000000e+00
    outer loop
      vertex   1.560000e+01 0.000000e+00 -6.100000e+00
      vertex   1.700000e+01 0.000000e+00 -6.100000e+00
      vertex   1.560000e+01 -7.600000e+00 -6.100000e+00
    endloop
  endfacet
  facet normal 1.812609e-16 8.347542e-17 -1.000000e+00
    outer loop
      vertex   1.560000e+01 -7.600000e+00 -6.100000e+00
      vertex   1.700000e+01 0.000000e+00 -6.100000e+00
      vertex   2.050000e+01 -7.600000e+00 -6.100000e+00
    endloop
  endfacet
  facet normal 0.000000e+00 0.000000e+00 -1.000000e+00
    outer loop
      vertex   2.050000e+01 -7.600000e+00 -6.100000e+00
      vertex   1.700000e+01 0.000000e+00 -6.100000e+00
      vertex   2.050000e+01 3.000000e+00 -6.100000e+00
    endloop
  endfacet
  facet normal -0.000000e+00 0.000000e+00 -1.000000e+00
    outer loop
      vertex   2.050000e+01 3.000000e+00 -6.100000e+00
      vertex   1.700000e+01 0.000000e+00 -6.100000e+00
      vertex   1.700000e+01 3.000000e+00 -6.100000e+00
    endloop
  endfacet
  facet normal 0.000000e+00 1.000000e+00 -0.000000e+00
    outer loop
      vertex   2.050000e+01 3.000000e+00 -6.100000e+00
      vertex   1.915000e+01 3.000000e+00 0.000000e+00
      vertex   2.050000e+01 3.000000e+00 6.100000e+00
    endloop
  endfacet
  facet normal 0.000000e+00 1.000000e+00 0.000000e+00
    outer loop
      vertex   2.050000e+01 3.000000e+00 6.100000e+00
      vertex   1.915000e+01 3.000000e+00 0.000000e+00
      vertex   1.911763e+01 3.000000e+00 2.458781e-01
    endloop
  endfacet
  facet normal 0.000000e+00 1.000000e+00 0.000000e+00
    outer loop
      vertex   2.050000e+01 3.000000e+00 6.100000e+00
      vertex   1.911763e+01 3.000000e+00 2.458781e-01
      vertex   1.902272e+01 3.000000e+00 4.750000e-01
    endloop
  endfacet
  facet normal 0.000000e+00 1.000000e+00 0.000000e+00
    outer loop
      vertex   1.700000e+01 3.000000e+00 -6.100000e+00
      vertex   1.844588e+01 3.000000e+00 -9.176295e-01
      vertex   2.050000e+01 3.000000e+00 -6.100000e+00
    endloop
  endfacet
  facet normal 0.000000e+00 1.000000e+00 0.000000e+00
    outer loop
      vertex   2.050000e+01 3.000000e+00 -6.100000e+00
      vertex   1.844588e+01 3.000000e+00 -9.176295e-01
      vertex   1.867500e+01 3.000000e+00 -8.227241e-01
    endloop
  endfacet
  facet normal 0.000000e+00 1.000000e+00 0.000000e+00
    outer loop
      vertex   2.050000e+01 3.000000e+00 -6.100000e+00
      vertex   1.867500e+01 3.000000e+00 -8.227241e-01
      vertex   1.887175e+01 3.000000e+00 -6.717514e-01
    endloop
  endfacet
  facet normal 0.000000e+00 1.000000e+00 0.000000e+00
    outer loop
      vertex   1.700000e+01 3.000000e+00 6.100000e+00
      vertex   1.725000e+01 3.000000e+00 1.163414e-16
      vertex   1.700000e+01 3.000000e+00 -6.100000e+00
    endloop
  endfacet
  facet normal 0.000000e+00 1.000000e+00 0.000000e+00
    outer loop
      vertex   1.700000e+01 3.000000e+00 -6.100000e+00
      vertex   1.725000e+01 3.000000e+00 1.163414e-16
      vertex   1.728237e+01 3.000000e+00 -2.458781e-01
    endloop
  endfacet
  facet normal 0.000000e+00 1.000000e+00 0.000000e+00
    outer loop
      vertex   1.700000e+01 3.000000e+00 -6.100000e+00
      vertex   1.728237e+01 3.000000e+00 -2.458781e-01
      vertex   1.737728e+01 3.000000e+00 -4.750000e-01
    endloop
  endfacet
  facet normal 0.000000e+00 1.000000e+00 0.000000e+00
    outer loop
      vertex   2.050000e+01 3.000000e+00 6.100000e+00
      vertex   1.844588e+01 3.000000e+00 9.176295e-01
      vertex   1.700000e+01 3.000000e+00 6.100000e+00
    endloop
  endfacet
  facet normal 0.000000e+00 1.000000e+00 0.000000e+00
    outer loop
      vertex   1.700000e+01 3.000000e+00 6.100000e+00
      vertex   1.844588e+01 3.000000e+00 9.176295e-01
      vertex   1.820000e+01 3.000000e+00 9.500000e-01
    endloop
  endfacet
  facet normal 0.000000e+00 1.000000e+00 0.000000e+00
    outer loop
      vertex   1.700000e+01 3.000000e+00 6.100000e+00
      vertex   1.820000e+01 3.000000e+00 9.500000e-01
      vertex   1.795412e+01 3.000000e+00 9.176295e-01
    endloop
  endfacet
  facet normal 0.000000e+00 1.000000e+00 0.000000e+00
    outer loop
      vertex   1.737728e+01 3.000000e+00 -4.750000e-01
      vertex   1.752825e+01 3.000000e+00 -6.717514e-01
      vertex   1.700000e+01 3.000000e+00 -6.100000e+00
    endloop
  endfacet
  facet normal 0.000000e+00 1.000000e+00 0.000000e+00
    outer loop
      vertex   1.700000e+01 3.000000e+00 -6.100000e+00
      vertex   1.752825e+01 3.000000e+00 -6.717514e-01
      vertex   1.772500e+01 3.000000e+00 -8.227241e-01
    endloop
  endfacet
  facet normal 0.000000e+00 1.000000e+00 0.000000e+00
    outer loop
      vertex   1.700000e+01 3.000000e+00 -6.100000e+00
      vertex   1.772500e+01 3.000000e+00 -8.227241e-01
      vertex   1.795412e+01 3.000000e+00 -9.176295e-01
    endloop
  endfacet
  facet normal 0.000000e+00 1.000000e+00 0.000000e+00
    outer loop
      vertex   1.795412e+01 3.000000e+00 -9.176295e-01
      vertex   1.820000e+01 3.000000e+00 -9.500000e-01
      vertex   1.700000e+01 3.000000e+00 -6.100000e+00
    endloop
  endfacet
  facet normal 0.000000e+00 1.000000e+00 0.000000e+00
    outer loop
      vertex   1.700000e+01 3.000000e+00 -6.100000e+00
      vertex   1.820000e+01 3.000000e+00 -9.500000e-01
      vertex   1.844588e+01 3.000000e+00 -9.176295e-01
    endloop
  endfacet
  facet normal -0.000000e+00 1.000000e+00 0.000000e+00
    outer loop
      vertex   1.887175e+01 3.000000e+00 -6.717514e-01
      vertex   1.902272e+01 3.000000e+00 -4.750000e-01
      vertex   2.050000e+01 3.000000e+00 -6.100000e+00
    endloop
  endfacet
  facet normal 0.000000e+00 1.000000e+00 0.000000e+00
    outer loop
      vertex   2.050000e+01 3.000000e+00 -6.100000e+00
      vertex   1.902272e+01 3.000000e+00 -4.750000e-01
      vertex   1.911763e+01 3.000000e+00 -2.458781e-01
    endloop
  endfacet
  facet normal 0.000000e+00 1.000000e+00 0.000000e+00
    outer loop
      vertex   2.050000e+01 3.000000e+00 -6.100000e+00
      vertex   1.911763e+01 3.000000e+00 -2.458781e-01
      vertex   1.915000e+01 3.000000e+00 0.000000e+00
    endloop
  endfacet
  facet normal 0.000000e+00 1.000000e+00 -0.000000e+00
    outer loop
      vertex   1.902272e+01 3.000000e+00 4.750000e-01
      vertex   1.887175e+01 3.000000e+00 6.717514e-01
      vertex   2.050000e+01 3.000000e+00 6.100000e+00
    endloop
  endfacet
  facet normal 0.000000e+00 1.000000e+00 0.000000e+00
    outer loop
      vertex   2.050000e+01 3.000000e+00 6.100000e+00
      vertex   1.887175e+01 3.000000e+00 6.717514e-01
      vertex   1.867500e+01 3.000000e+00 8.227241e-01
    endloop
  endfacet
  facet normal 0.000000e+00 1.000000e+00 0.000000e+00
    outer loop
      vertex   2.050000e+01 3.000000e+00 6.100000e+00
      vertex   1.867500e+01 3.000000e+00 8.227241e-01
      vertex   1.844588e+01 3.000000e+00 9.176295e-01
    endloop
  endfacet
  facet normal 0.000000e+00 1.000000e+00 0.000000e+00
    outer loop
      vertex   1.795412e+01 3.000000e+00 9.176295e-01
      vertex   1.772500e+01 3.000000e+00 8.227241e-01
      vertex   1.700000e+01 3.000000e+00 6.100000e+00
    endloop
  endfacet
  facet normal 0.000000e+00 1.000000e+00 0.000000e+00
    outer loop
      vertex   1.700000e+01 3.000000e+00 6.100000e+00
      vertex   1.772500e+01 3.000000e+00 8.227241e-01
      vertex   1.752825e+01 3.000000e+00 6.717514e-01
    endloop
  endfacet
  facet normal 0.000000e+00 1.000000e+00 0.000000e+00
    outer loop
      vertex   1.700000e+01 3.000000e+00 6.100000e+00
      vertex   1.752825e+01 3.000000e+00 6.717514e-01
      vertex   1.737728e+01 3.000000e+00 4.750000e-01
    endloop
  endfacet
  facet normal 0.000000e+00 1.000000e+00 0.000000e+00
    outer loop
      vertex   1.737728e+01 3.000000e+00 4.750000e-01
      vertex   1.728237e+01 3.000000e+00 2.458781e-01
      vertex   1.700000e+01 3.000000e+00 6.100000e+00
    endloop
  endfacet
  facet normal 0.000000e+00 1.000000e+00 0.000000e+00
    outer loop
      vertex   1.700000e+01 3.000000e+00 6.100000e+00
      vertex   1.728237e+01 3.000000e+00 2.458781e-01
      vertex   1.725000e+01 3.000000e+00 1.163414e-16
    endloop
  endfacet
  facet normal 9.914449e-01 -0.000000e+00 1.305262e-01
    outer loop
      vertex   -1.051763e+01 -7.600000e+00 -2.458781e-01
      vertex   -1.051763e+01 -3.800000e+00 -2.458781e-01
      vertex   -1.055000e+01 -7.600000e+00 -7.413695e-17
    endloop
  endfacet
  facet normal 9.914449e-01 -7.992424e-18 1.305262e-01
    outer loop
      vertex   -1.055000e+01 -7.600000e+00 -7.413695e-17
      vertex   -1.051763e+01 -3.800000e+00 -2.458781e-01
      vertex   -1.055000e+01 -3.800000e+00 1.585459e-16
    endloop
  endfacet
  facet normal 9.914449e-01 7.992424e-18 -1.305262e-01
    outer loop
      vertex   -1.055000e+01 -7.600000e+00 -7.413695e-17
      vertex   -1.055000e+01 -3.800000e+00 1.585459e-16
      vertex   -1.051763e+01 -7.600000e+00 2.458781e-01
    endloop
  endfacet
  facet normal 9.914449e-01 0.000000e+00 -1.305262e-01
    outer loop
      vertex   -1.051763e+01 -7.600000e+00 2.458781e-01
      vertex   -1.055000e+01 -3.800000e+00 1.585459e-16
      vertex   -1.051763e+01 -3.800000e+00 2.458781e-01
    endloop
  endfacet
  facet normal 9.238795e-01 0.000000e+00 -3.826834e-01
    outer loop
      vertex   -1.051763e+01 -7.600000e+00 2.458781e-01
      vertex   -1.051763e+01 -3.800000e+00 2.458781e-01
      vertex   -1.042272e+01 -7.600000e+00 4.750000e-01
    endloop
  endfacet
  facet normal 9.238795e-01 -3.354189e-17 -3.826834e-01
    outer loop
      vertex   -1.042272e+01 -7.600000e+00 4.750000e-01
      vertex   -1.051763e+01 -3.800000e+00 2.458781e-01
      vertex   -1.042272e+01 -3.800000e+00 4.750000e-01
    endloop
  endfacet
  facet normal 7.933533e-01 -5.335744e-17 -6.087614e-01
    outer loop
      vertex   -1.042272e+01 -7.600000e+00 4.750000e-01
      vertex   -1.042272e+01 -3.800000e+00 4.750000e-01
      vertex   -1.027175e+01 -7.600000e+00 6.717514e-01
    endloop
  endfacet
  facet normal 7.933533e-01 -7.114326e-17 -6.087614e-01
    outer loop
      vertex   -1.027175e+01 -7.600000e+00 6.717514e-01
      vertex   -1.042272e+01 -3.800000e+00 4.750000e-01
      vertex   -1.027175e+01 -3.800000e+00 6.717514e-01
    endloop
  endfacet
  facet normal 6.087614e-01 -9.271570e-17 -7.933533e-01
    outer loop
      vertex   -1.027175e+01 -7.600000e+00 6.717514e-01
      vertex   -1.027175e+01 -3.800000e+00 6.717514e-01
      vertex   -1.007500e+01 -7.600000e+00 8.227241e-01
    endloop
  endfacet
  facet normal 6.087614e-01 0.000000e+00 -7.933533e-01
    outer loop
      vertex   -1.007500e+01 -7.600000e+00 8.227241e-01
      vertex   -1.027175e+01 -3.800000e+00 6.717514e-01
      vertex   -1.007500e+01 -3.800000e+00 8.227241e-01
    endloop
  endfacet
  facet normal 3.826834e-01 0.000000e+00 -9.238795e-01
    outer loop
      vertex   -1.007500e+01 -7.600000e+00 8.227241e-01
      vertex   -1.007500e+01 -3.800000e+00 8.227241e-01
      vertex   -9.845878e+00 -7.600000e+00 9.176295e-01
    endloop
  endfacet
  facet normal 3.826834e-01 0.000000e+00 -9.238795e-01
    outer loop
      vertex   -9.845878e+00 -7.600000e+00 9.176295e-01
      vertex   -1.007500e+01 -3.800000e+00 8.227241e-01
      vertex   -9.845878e+00 -3.800000e+00 9.176295e-01
    endloop
  endfacet
  facet normal 1.305262e-01 0.000000e+00 -9.914449e-01
    outer loop
      vertex   -9.845878e+00 -7.600000e+00 9.176295e-01
      vertex   -9.845878e+00 -3.800000e+00 9.176295e-01
      vertex   -9.600000e+00 -7.600000e+00 9.500000e-01
    endloop
  endfacet
  facet normal 1.305262e-01 0.000000e+00 -9.914449e-01
    outer loop
      vertex   -9.600000e+00 -7.600000e+00 9.500000e-01
      vertex   -9.845878e+00 -3.800000e+00 9.176295e-01
      vertex   -9.600000e+00 -3.800000e+00 9.500000e-01
    endloop
  endfacet
  facet normal -1.305262e-01 0.000000e+00 -9.914449e-01
    outer loop
      vertex   -9.600000e+00 -7.600000e+00 9.500000e-01
      vertex   -9.600000e+00 -3.800000e+00 9.500000e-01
      vertex   -9.354122e+00 -7.600000e+00 9.176295e-01
    endloop
  endfacet
  facet normal -1.305262e-01 0.000000e+00 -9.914449e-01
    outer loop
      vertex   -9.354122e+00 -7.600000e+00 9.176295e-01
      vertex   -9.600000e+00 -3.800000e+00 9.500000e-01
      vertex   -9.354122e+00 -3.800000e+00 9.176295e-01
    endloop
  endfacet
  facet normal -3.826834e-01 0.000000e+00 -9.238795e-01
    outer loop
      vertex   -9.354122e+00 -7.600000e+00 9.176295e-01
      vertex   -9.354122e+00 -3.800000e+00 9.176295e-01
      vertex   -9.125000e+00 -7.600000e+00 8.227241e-01
    endloop
  endfacet
  facet normal -3.826834e-01 0.000000e+00 -9.238795e-01
    outer loop
      vertex   -9.125000e+00 -7.600000e+00 8.227241e-01
      vertex   -9.354122e+00 -3.800000e+00 9.176295e-01
      vertex   -9.125000e+00 -3.800000e+00 8.227241e-01
    endloop
  endfacet
  facet normal -6.087614e-01 0.000000e+00 -7.933533e-01
    outer loop
      vertex   -9.125000e+00 -7.600000e+00 8.227241e-01
      vertex   -9.125000e+00 -3.800000e+00 8.227241e-01
      vertex   -8.928249e+00 -7.600000e+00 6.717514e-01
    endloop
  endfacet
  facet normal -6.087614e-01 2.317892e-17 -7.933533e-01
    outer loop
      vertex   -8.928249e+00 -7.600000e+00 6.717514e-01
      vertex   -9.125000e+00 -3.800000e+00 8.227241e-01
      vertex   -8.928249e+00 -3.800000e+00 6.717514e-01
    endloop
  endfacet
  facet normal -7.933533e-01 1.778581e-17 -6.087614e-01
    outer loop
      vertex   -8.928249e+00 -7.600000e+00 6.717514e-01
      vertex   -8.928249e+00 -3.800000e+00 6.717514e-01
      vertex   -8.777276e+00 -7.600000e+00 4.750000e-01
    endloop
  endfacet
  facet normal -7.933533e-01 0.000000e+00 -6.087614e-01
    outer loop
      vertex   -8.777276e+00 -7.600000e+00 4.750000e-01
      vertex   -8.928249e+00 -3.800000e+00 6.717514e-01
      vertex   -8.777276e+00 -3.800000e+00 4.750000e-01
    endloop
  endfacet
  facet normal -9.238795e-01 0.000000e+00 -3.826834e-01
    outer loop
      vertex   -8.777276e+00 -7.600000e+00 4.750000e-01
      vertex   -8.777276e+00 -3.800000e+00 4.750000e-01
      vertex   -8.682370e+00 -7.600000e+00 2.458781e-01
    endloop
  endfacet
  facet normal -9.238795e-01 2.795158e-18 -3.826834e-01
    outer loop
      vertex   -8.682370e+00 -7.600000e+00 2.458781e-01
      vertex   -8.777276e+00 -3.800000e+00 4.750000e-01
      vertex   -8.682370e+00 -3.800000e+00 2.458781e-01
    endloop
  endfacet
  facet normal -9.914449e-01 9.533762e-19 -1.305262e-01
    outer loop
      vertex   -8.682370e+00 -7.600000e+00 2.458781e-01
      vertex   -8.682370e+00 -3.800000e+00 2.458781e-01
      vertex   -8.650000e+00 -7.600000e+00 4.220449e-17
    endloop
  endfacet
  facet normal -9.914449e-01 0.000000e+00 -1.305262e-01
    outer loop
      vertex   -8.650000e+00 -7.600000e+00 4.220449e-17
      vertex   -8.682370e+00 -3.800000e+00 2.458781e-01
      vertex   -8.650000e+00 -3.800000e+00 4.220449e-17
    endloop
  endfacet
  facet normal -9.914449e-01 0.000000e+00 1.305262e-01
    outer loop
      vertex   -8.650000e+00 -7.600000e+00 4.220449e-17
      vertex   -8.650000e+00 -3.800000e+00 4.220449e-17
      vertex   -8.682370e+00 -7.600000e+00 -2.458781e-01
    endloop
  endfacet
  facet normal -9.914449e-01 2.860129e-18 1.305262e-01
    outer loop
      vertex   -8.682370e+00 -7.600000e+00 -2.458781e-01
      vertex   -8.650000e+00 -3.800000e+00 4.220449e-17
      vertex   -8.682370e+00 -3.800000e+00 -2.458781e-01
    endloop
  endfacet
  facet normal -9.238795e-01 8.385473e-18 3.826834e-01
    outer loop
      vertex   -8.682370e+00 -7.600000e+00 -2.458781e-01
      vertex   -8.682370e+00 -3.800000e+00 -2.458781e-01
      vertex   -8.777276e+00 -7.600000e+00 -4.750000e-01
    endloop
  endfacet
  facet normal -9.238795e-01 1.677095e-17 3.826834e-01
    outer loop
      vertex   -8.777276e+00 -7.600000e+00 -4.750000e-01
      vertex   -8.682370e+00 -3.800000e+00 -2.458781e-01
      vertex   -8.777276e+00 -3.800000e+00 -4.750000e-01
    endloop
  endfacet
  facet normal -7.933533e-01 2.667872e-17 6.087614e-01
    outer loop
      vertex   -8.777276e+00 -7.600000e+00 -4.750000e-01
      vertex   -8.777276e+00 -3.800000e+00 -4.750000e-01
      vertex   -8.928249e+00 -7.600000e+00 -6.717514e-01
    endloop
  endfacet
  facet normal -7.933533e-01 -3.557163e-17 6.087614e-01
    outer loop
      vertex   -8.928249e+00 -7.600000e+00 -6.717514e-01
      vertex   -8.777276e+00 -3.800000e+00 -4.750000e-01
      vertex   -8.928249e+00 -3.800000e+00 -6.717514e-01
    endloop
  endfacet
  facet normal -6.087614e-01 -4.635785e-17 7.933533e-01
    outer loop
      vertex   -8.928249e+00 -7.600000e+00 -6.717514e-01
      vertex   -8.928249e+00 -3.800000e+00 -6.717514e-01
      vertex   -9.125000e+00 -7.600000e+00 -8.227241e-01
    endloop
  endfacet
  facet normal -6.087614e-01 0.000000e+00 7.933533e-01
    outer loop
      vertex   -9.125000e+00 -7.600000e+00 -8.227241e-01
      vertex   -8.928249e+00 -3.800000e+00 -6.717514e-01
      vertex   -9.125000e+00 -3.800000e+00 -8.227241e-01
    endloop
  endfacet
  facet normal -3.826834e-01 0.000000e+00 9.238795e-01
    outer loop
      vertex   -9.125000e+00 -7.600000e+00 -8.227241e-01
      vertex   -9.125000e+00 -3.800000e+00 -8.227241e-01
      vertex   -9.354122e+00 -7.600000e+00 -9.176295e-01
    endloop
  endfacet
  facet normal -3.826834e-01 2.699243e-17 9.238795e-01
    outer loop
      vertex   -9.354122e+00 -7.600000e+00 -9.176295e-01
      vertex   -9.125000e+00 -3.800000e+00 -8.227241e-01
      vertex   -9.354122e+00 -3.800000e+00 -9.176295e-01
    endloop
  endfacet
  facet normal -1.305262e-01 2.896645e-17 9.914449e-01
    outer loop
      vertex   -9.354122e+00 -7.600000e+00 -9.176295e-01
      vertex   -9.354122e+00 -3.800000e+00 -9.176295e-01
      vertex   -9.600000e+00 -7.600000e+00 -9.500000e-01
    endloop
  endfacet
  facet normal -1.305262e-01 0.000000e+00 9.914449e-01
    outer loop
      vertex   -9.600000e+00 -7.600000e+00 -9.500000e-01
      vertex   -9.354122e+00 -3.800000e+00 -9.176295e-01
      vertex   -9.600000e+00 -3.800000e+00 -9.500000e-01
    endloop
  endfacet
  facet normal 1.305262e-01 -0.000000e+00 9.914449e-01
    outer loop
      vertex   -9.600000e+00 -7.600000e+00 -9.500000e-01
      vertex   -9.600000e+00 -3.800000e+00 -9.500000e-01
      vertex   -9.845878e+00 -7.600000e+00 -9.176295e-01
    endloop
  endfacet
  facet normal 1.305262e-01 -0.000000e+00 9.914449e-01
    outer loop
      vertex   -9.845878e+00 -7.600000e+00 -9.176295e-01
      vertex   -9.600000e+00 -3.800000e+00 -9.500000e-01
      vertex   -9.845878e+00 -3.800000e+00 -9.176295e-01
    endloop
  endfacet
  facet normal 3.826834e-01 -0.000000e+00 9.238795e-01
    outer loop
      vertex   -9.845878e+00 -7.600000e+00 -9.176295e-01
      vertex   -9.845878e+00 -3.800000e+00 -9.176295e-01
      vertex   -1.007500e+01 -7.600000e+00 -8.227241e-01
    endloop
  endfacet
  facet normal 3.826834e-01 -8.097729e-17 9.238795e-01
    outer loop
      vertex   -1.007500e+01 -7.600000e+00 -8.227241e-01
      vertex   -9.845878e+00 -3.800000e+00 -9.176295e-01
      vertex   -1.007500e+01 -3.800000e+00 -8.227241e-01
    endloop
  endfacet
  facet normal 6.087614e-01 -6.953677e-17 7.933533e-01
    outer loop
      vertex   -1.007500e+01 -7.600000e+00 -8.227241e-01
      vertex   -1.007500e+01 -3.800000e+00 -8.227241e-01
      vertex   -1.027175e+01 -7.600000e+00 -6.717514e-01
    endloop
  endfacet
  facet normal 6.087614e-01 -9.271570e-17 7.933533e-01
    outer loop
      vertex   -1.027175e+01 -7.600000e+00 -6.717514e-01
      vertex   -1.007500e+01 -3.800000e+00 -8.227241e-01
      vertex   -1.027175e+01 -3.800000e+00 -6.717514e-01
    endloop
  endfacet
  facet normal 7.933533e-01 -7.114326e-17 6.087614e-01
    outer loop
      vertex   -1.027175e+01 -7.600000e+00 -6.717514e-01
      vertex   -1.027175e+01 -3.800000e+00 -6.717514e-01
      vertex   -1.042272e+01 -7.600000e+00 -4.750000e-01
    endloop
  endfacet
  facet normal 7.933533e-01 -6.225035e-17 6.087614e-01
    outer loop
      vertex   -1.042272e+01 -7.600000e+00 -4.750000e-01
      vertex   -1.027175e+01 -3.800000e+00 -6.717514e-01
      vertex   -1.042272e+01 -3.800000e+00 -4.750000e-01
    endloop
  endfacet
  facet normal 9.238795e-01 -3.913221e-17 3.826834e-01
    outer loop
      vertex   -1.042272e+01 -7.600000e+00 -4.750000e-01
      vertex   -1.042272e+01 -3.800000e+00 -4.750000e-01
      vertex   -1.051763e+01 -7.600000e+00 -2.458781e-01
    endloop
  endfacet
  facet normal 9.238795e-01 -0.000000e+00 3.826834e-01
    outer loop
      vertex   -1.051763e+01 -7.600000e+00 -2.458781e-01
      vertex   -1.042272e+01 -3.800000e+00 -4.750000e-01
      vertex   -1.051763e+01 -3.800000e+00 -2.458781e-01
    endloop
  endfacet
  facet normal 9.914449e-01 0.000000e+00 -1.305262e-01
    outer loop
      vertex   -1.051763e+01 0.000000e+00 2.458781e-01
      vertex   -1.051763e+01 -3.800000e+00 2.458781e-01
      vertex   -1.055000e+01 0.000000e+00 1.585459e-16
    endloop
  endfacet
  facet normal 9.914449e-01 0.000000e+00 -1.305262e-01
    outer loop
      vertex   -1.055000e+01 0.000000e+00 1.585459e-16
      vertex   -1.051763e+01 -3.800000e+00 2.458781e-01
      vertex   -1.055000e+01 -3.800000e+00 1.585459e-16
    endloop
  endfacet
  facet normal 9.914449e-01 0.000000e+00 1.305262e-01
    outer loop
      vertex   -1.055000e+01 0.000000e+00 1.585459e-16
      vertex   -1.055000e+01 -3.800000e+00 1.585459e-16
      vertex   -1.051763e+01 0.000000e+00 -2.458781e-01
    endloop
  endfacet
  facet normal 9.914449e-01 0.000000e+00 1.305262e-01
    outer loop
      vertex   -1.051763e+01 0.000000e+00 -2.458781e-01
      vertex   -1.055000e+01 -3.800000e+00 1.585459e-16
      vertex   -1.051763e+01 -3.800000e+00 -2.458781e-01
    endloop
  endfacet
  facet normal 9.238795e-01 0.000000e+00 3.826834e-01
    outer loop
      vertex   -1.051763e+01 0.000000e+00 -2.458781e-01
      vertex   -1.051763e+01 -3.800000e+00 -2.458781e-01
      vertex   -1.042272e+01 0.000000e+00 -4.750000e-01
    endloop
  endfacet
  facet normal 9.238795e-01 3.913221e-17 3.826834e-01
    outer loop
      vertex   -1.042272e+01 0.000000e+00 -4.750000e-01
      vertex   -1.051763e+01 -3.800000e+00 -2.458781e-01
      vertex   -1.042272e+01 -3.800000e+00 -4.750000e-01
    endloop
  endfacet
  facet normal 7.933533e-01 6.225035e-17 6.087614e-01
    outer loop
      vertex   -1.042272e+01 0.000000e+00 -4.750000e-01
      vertex   -1.042272e+01 -3.800000e+00 -4.750000e-01
      vertex   -1.027175e+01 0.000000e+00 -6.717514e-01
    endloop
  endfacet
  facet normal 7.933533e-01 7.114326e-17 6.087614e-01
    outer loop
      vertex   -1.027175e+01 0.000000e+00 -6.717514e-01
      vertex   -1.042272e+01 -3.800000e+00 -4.750000e-01
      vertex   -1.027175e+01 -3.800000e+00 -6.717514e-01
    endloop
  endfacet
  facet normal 6.087614e-01 9.271570e-17 7.933533e-01
    outer loop
      vertex   -1.027175e+01 0.000000e+00 -6.717514e-01
      vertex   -1.027175e+01 -3.800000e+00 -6.717514e-01
      vertex   -1.007500e+01 0.000000e+00 -8.227241e-01
    endloop
  endfacet
  facet normal 6.087614e-01 6.953677e-17 7.933533e-01
    outer loop
      vertex   -1.007500e+01 0.000000e+00 -8.227241e-01
      vertex   -1.027175e+01 -3.800000e+00 -6.717514e-01
      vertex   -1.007500e+01 -3.800000e+00 -8.227241e-01
    endloop
  endfacet
  facet normal 3.826834e-01 8.097729e-17 9.238795e-01
    outer loop
      vertex   -1.007500e+01 0.000000e+00 -8.227241e-01
      vertex   -1.007500e+01 -3.800000e+00 -8.227241e-01
      vertex   -9.845878e+00 0.000000e+00 -9.176295e-01
    endloop
  endfacet
  facet normal 3.826834e-01 0.000000e+00 9.238795e-01
    outer loop
      vertex   -9.845878e+00 0.000000e+00 -9.176295e-01
      vertex   -1.007500e+01 -3.800000e+00 -8.227241e-01
      vertex   -9.845878e+00 -3.800000e+00 -9.176295e-01
    endloop
  endfacet
  facet normal 1.305262e-01 0.000000e+00 9.914449e-01
    outer loop
      vertex   -9.845878e+00 0.000000e+00 -9.176295e-01
      vertex   -9.845878e+00 -3.800000e+00 -9.176295e-01
      vertex   -9.600000e+00 0.000000e+00 -9.500000e-01
    endloop
  endfacet
  facet normal 1.305262e-01 0.000000e+00 9.914449e-01
    outer loop
      vertex   -9.600000e+00 0.000000e+00 -9.500000e-01
      vertex   -9.845878e+00 -3.800000e+00 -9.176295e-01
      vertex   -9.600000e+00 -3.800000e+00 -9.500000e-01
    endloop
  endfacet
  facet normal -1.305262e-01 0.000000e+00 9.914449e-01
    outer loop
      vertex   -9.600000e+00 0.000000e+00 -9.500000e-01
      vertex   -9.600000e+00 -3.800000e+00 -9.500000e-01
      vertex   -9.354122e+00 0.000000e+00 -9.176295e-01
    endloop
  endfacet
  facet normal -1.305262e-01 -2.896645e-17 9.914449e-01
    outer loop
      vertex   -9.354122e+00 0.000000e+00 -9.176295e-01
      vertex   -9.600000e+00 -3.800000e+00 -9.500000e-01
      vertex   -9.354122e+00 -3.800000e+00 -9.176295e-01
    endloop
  endfacet
  facet normal -3.826834e-01 -2.699243e-17 9.238795e-01
    outer loop
      vertex   -9.354122e+00 0.000000e+00 -9.176295e-01
      vertex   -9.354122e+00 -3.800000e+00 -9.176295e-01
      vertex   -9.125000e+00 0.000000e+00 -8.227241e-01
    endloop
  endfacet
  facet normal -3.826834e-01 0.000000e+00 9.238795e-01
    outer loop
      vertex   -9.125000e+00 0.000000e+00 -8.227241e-01
      vertex   -9.354122e+00 -3.800000e+00 -9.176295e-01
      vertex   -9.125000e+00 -3.800000e+00 -8.227241e-01
    endloop
  endfacet
  facet normal -6.087614e-01 0.000000e+00 7.933533e-01
    outer loop
      vertex   -9.125000e+00 0.000000e+00 -8.227241e-01
      vertex   -9.125000e+00 -3.800000e+00 -8.227241e-01
      vertex   -8.928249e+00 0.000000e+00 -6.717514e-01
    endloop
  endfacet
  facet normal -6.087614e-01 4.635785e-17 7.933533e-01
    outer loop
      vertex   -8.928249e+00 0.000000e+00 -6.717514e-01
      vertex   -9.125000e+00 -3.800000e+00 -8.227241e-01
      vertex   -8.928249e+00 -3.800000e+00 -6.717514e-01
    endloop
  endfacet
  facet normal -7.933533e-01 3.557163e-17 6.087614e-01
    outer loop
      vertex   -8.928249e+00 0.000000e+00 -6.717514e-01
      vertex   -8.928249e+00 -3.800000e+00 -6.717514e-01
      vertex   -8.777276e+00 0.000000e+00 -4.750000e-01
    endloop
  endfacet
  facet normal -7.933533e-01 -2.667872e-17 6.087614e-01
    outer loop
      vertex   -8.777276e+00 0.000000e+00 -4.750000e-01
      vertex   -8.928249e+00 -3.800000e+00 -6.717514e-01
      vertex   -8.777276e+00 -3.800000e+00 -4.750000e-01
    endloop
  endfacet
  facet normal -9.238795e-01 -1.677095e-17 3.826834e-01
    outer loop
      vertex   -8.777276e+00 0.000000e+00 -4.750000e-01
      vertex   -8.777276e+00 -3.800000e+00 -4.750000e-01
      vertex   -8.682370e+00 0.000000e+00 -2.458781e-01
    endloop
  endfacet
  facet normal -9.238795e-01 -8.385473e-18 3.826834e-01
    outer loop
      vertex   -8.682370e+00 0.000000e+00 -2.458781e-01
      vertex   -8.777276e+00 -3.800000e+00 -4.750000e-01
      vertex   -8.682370e+00 -3.800000e+00 -2.458781e-01
    endloop
  endfacet
  facet normal -9.914449e-01 -2.860129e-18 1.305262e-01
    outer loop
      vertex   -8.682370e+00 0.000000e+00 -2.458781e-01
      vertex   -8.682370e+00 -3.800000e+00 -2.458781e-01
      vertex   -8.650000e+00 0.000000e+00 4.220449e-17
    endloop
  endfacet
  facet normal -9.914449e-01 0.000000e+00 1.305262e-01
    outer loop
      vertex   -8.650000e+00 0.000000e+00 4.220449e-17
      vertex   -8.682370e+00 -3.800000e+00 -2.458781e-01
      vertex   -8.650000e+00 -3.800000e+00 4.220449e-17
    endloop
  endfacet
  facet normal -9.914449e-01 -0.000000e+00 -1.305262e-01
    outer loop
      vertex   -8.650000e+00 0.000000e+00 4.220449e-17
      vertex   -8.650000e+00 -3.800000e+00 4.220449e-17
      vertex   -8.682370e+00 0.000000e+00 2.458781e-01
    endloop
  endfacet
  facet normal -9.914449e-01 -9.533762e-19 -1.305262e-01
    outer loop
      vertex   -8.682370e+00 0.000000e+00 2.458781e-01
      vertex   -8.650000e+00 -3.800000e+00 4.220449e-17
      vertex   -8.682370e+00 -3.800000e+00 2.458781e-01
    endloop
  endfacet
  facet normal -9.238795e-01 -2.795158e-18 -3.826834e-01
    outer loop
      vertex   -8.682370e+00 0.000000e+00 2.458781e-01
      vertex   -8.682370e+00 -3.800000e+00 2.458781e-01
      vertex   -8.777276e+00 0.000000e+00 4.750000e-01
    endloop
  endfacet
  facet normal -9.238795e-01 -0.000000e+00 -3.826834e-01
    outer loop
      vertex   -8.777276e+00 0.000000e+00 4.750000e-01
      vertex   -8.682370e+00 -3.800000e+00 2.458781e-01
      vertex   -8.777276e+00 -3.800000e+00 4.750000e-01
    endloop
  endfacet
  facet normal -7.933533e-01 -0.000000e+00 -6.087614e-01
    outer loop
      vertex   -8.777276e+00 0.000000e+00 4.750000e-01
      vertex   -8.777276e+00 -3.800000e+00 4.750000e-01
      vertex   -8.928249e+00 0.000000e+00 6.717514e-01
    endloop
  endfacet
  facet normal -7.933533e-01 -1.778581e-17 -6.087614e-01
    outer loop
      vertex   -8.928249e+00 0.000000e+00 6.717514e-01
      vertex   -8.777276e+00 -3.800000e+00 4.750000e-01
      vertex   -8.928249e+00 -3.800000e+00 6.717514e-01
    endloop
  endfacet
  facet normal -6.087614e-01 -2.317892e-17 -7.933533e-01
    outer loop
      vertex   -8.928249e+00 0.000000e+00 6.717514e-01
      vertex   -8.928249e+00 -3.800000e+00 6.717514e-01
      vertex   -9.125000e+00 0.000000e+00 8.227241e-01
    endloop
  endfacet
  facet normal -6.087614e-01 -0.000000e+00 -7.933533e-01
    outer loop
      vertex   -9.125000e+00 0.000000e+00 8.227241e-01
      vertex   -8.928249e+00 -3.800000e+00 6.717514e-01
      vertex   -9.125000e+00 -3.800000e+00 8.227241e-01
    endloop
  endfacet
  facet normal -3.826834e-01 -0.000000e+00 -9.238795e-01
    outer loop
      vertex   -9.125000e+00 0.000000e+00 8.227241e-01
      vertex   -9.125000e+00 -3.800000e+00 8.227241e-01
      vertex   -9.354122e+00 0.000000e+00 9.176295e-01
    endloop
  endfacet
  facet normal -3.826834e-01 -0.000000e+00 -9.238795e-01
    outer loop
      vertex   -9.354122e+00 0.000000e+00 9.176295e-01
      vertex   -9.125000e+00 -3.800000e+00 8.227241e-01
      vertex   -9.354122e+00 -3.800000e+00 9.176295e-01
    endloop
  endfacet
  facet normal -1.305262e-01 -0.000000e+00 -9.914449e-01
    outer loop
      vertex   -9.354122e+00 0.000000e+00 9.176295e-01
      vertex   -9.354122e+00 -3.800000e+00 9.176295e-01
      vertex   -9.600000e+00 0.000000e+00 9.500000e-01
    endloop
  endfacet
  facet normal -1.305262e-01 -0.000000e+00 -9.914449e-01
    outer loop
      vertex   -9.600000e+00 0.000000e+00 9.500000e-01
      vertex   -9.354122e+00 -3.800000e+00 9.176295e-01
      vertex   -9.600000e+00 -3.800000e+00 9.500000e-01
    endloop
  endfacet
  facet normal 1.305262e-01 0.000000e+00 -9.914449e-01
    outer loop
      vertex   -9.600000e+00 0.000000e+00 9.500000e-01
      vertex   -9.600000e+00 -3.800000e+00 9.500000e-01
      vertex   -9.845878e+00 0.000000e+00 9.176295e-01
    endloop
  endfacet
  facet normal 1.305262e-01 0.000000e+00 -9.914449e-01
    outer loop
      vertex   -9.845878e+00 0.000000e+00 9.176295e-01
      vertex   -9.600000e+00 -3.800000e+00 9.500000e-01
      vertex   -9.845878e+00 -3.800000e+00 9.176295e-01
    endloop
  endfacet
  facet normal 3.826834e-01 0.000000e+00 -9.238795e-01
    outer loop
      vertex   -9.845878e+00 0.000000e+00 9.176295e-01
      vertex   -9.845878e+00 -3.800000e+00 9.176295e-01
      vertex   -1.007500e+01 0.000000e+00 8.227241e-01
    endloop
  endfacet
  facet normal 3.826834e-01 0.000000e+00 -9.238795e-01
    outer loop
      vertex   -1.007500e+01 0.000000e+00 8.227241e-01
      vertex   -9.845878e+00 -3.800000e+00 9.176295e-01
      vertex   -1.007500e+01 -3.800000e+00 8.227241e-01
    endloop
  endfacet
  facet normal 6.087614e-01 0.000000e+00 -7.933533e-01
    outer loop
      vertex   -1.007500e+01 0.000000e+00 8.227241e-01
      vertex   -1.007500e+01 -3.800000e+00 8.227241e-01
      vertex   -1.027175e+01 0.000000e+00 6.717514e-01
    endloop
  endfacet
  facet normal 6.087614e-01 9.271570e-17 -7.933533e-01
    outer loop
      vertex   -1.027175e+01 0.000000e+00 6.717514e-01
      vertex   -1.007500e+01 -3.800000e+00 8.227241e-01
      vertex   -1.027175e+01 -3.800000e+00 6.717514e-01
    endloop
  endfacet
  facet normal 7.933533e-01 7.114326e-17 -6.087614e-01
    outer loop
      vertex   -1.027175e+01 0.000000e+00 6.717514e-01
      vertex   -1.027175e+01 -3.800000e+00 6.717514e-01
      vertex   -1.042272e+01 0.000000e+00 4.750000e-01
    endloop
  endfacet
  facet normal 7.933533e-01 5.335744e-17 -6.087614e-01
    outer loop
      vertex   -1.042272e+01 0.000000e+00 4.750000e-01
      vertex   -1.027175e+01 -3.800000e+00 6.717514e-01
      vertex   -1.042272e+01 -3.800000e+00 4.750000e-01
    endloop
  endfacet
  facet normal 9.238795e-01 3.354189e-17 -3.826834e-01
    outer loop
      vertex   -1.042272e+01 0.000000e+00 4.750000e-01
      vertex   -1.042272e+01 -3.800000e+00 4.750000e-01
      vertex   -1.051763e+01 0.000000e+00 2.458781e-01
    endloop
  endfacet
  facet normal 9.238795e-01 0.000000e+00 -3.826834e-01
    outer loop
      vertex   -1.051763e+01 0.000000e+00 2.458781e-01
      vertex   -1.042272e+01 -3.800000e+00 4.750000e-01
      vertex   -1.051763e+01 -3.800000e+00 2.458781e-01
    endloop
  endfacet
  facet normal 2.664772e-16 0.000000e+00 -1.000000e+00
    outer loop
      vertex   -1.033392e+01 0.000000e+00 6.100000e+00
      vertex   -1.700000e+01 0.000000e+00 6.100000e+00
      vertex   -1.033392e+01 4.400000e+00 6.100000e+00
    endloop
  endfacet
  facet normal 0.000000e+00 4.037175e-16 -1.000000e+00
    outer loop
      vertex   -1.033392e+01 4.400000e+00 6.100000e+00
      vertex   -1.700000e+01 0.000000e+00 6.100000e+00
      vertex   -1.700000e+01 4.400000e+00 6.100000e+00
    endloop
  endfacet
  facet normal 0.000000e+00 0.000000e+00 1.000000e+00
    outer loop
      vertex   -1.700000e+01 0.000000e+00 -6.100000e+00
      vertex   -1.033392e+01 0.000000e+00 -6.100000e+00
      vertex   -1.700000e+01 4.400000e+00 -6.100000e+00
    endloop
  endfacet
  facet normal -0.000000e+00 0.000000e+00 1.000000e+00
    outer loop
      vertex   -1.700000e+01 4.400000e+00 -6.100000e+00
      vertex   -1.033392e+01 0.000000e+00 -6.100000e+00
      vertex   -1.033392e+01 4.400000e+00 -6.100000e+00
    endloop
  endfacet
  facet normal 0.000000e+00 -1.000000e+00 0.000000e+00
    outer loop
      vertex   -1.033392e+01 4.400000e+00 -6.100000e+00
      vertex   -1.076819e+01 4.400000e+00 -5.295849e+00
      vertex   -1.700000e+01 4.400000e+00 -6.100000e+00
    endloop
  endfacet
  facet normal 0.000000e+00 -1.000000e+00 0.000000e+00
    outer loop
      vertex   -1.700000e+01 4.400000e+00 -6.100000e+00
      vertex   -1.076819e+01 4.400000e+00 -5.295849e+00
      vertex   -1.114000e+01 4.400000e+00 -4.460980e+00
    endloop
  endfacet
  facet normal 0.000000e+00 -1.000000e+00 0.000000e+00
    outer loop
      vertex   -1.700000e+01 4.400000e+00 -6.100000e+00
      vertex   -1.114000e+01 4.400000e+00 -4.460980e+00
      vertex   -1.144720e+01 4.400000e+00 -3.600237e+00
    endloop
  endfacet
  facet normal -0.000000e+00 -1.000000e+00 0.000000e+00
    outer loop
      vertex   -1.144720e+01 4.400000e+00 -3.600237e+00
      vertex   -1.168799e+01 4.400000e+00 -2.718610e+00
      vertex   -1.700000e+01 4.400000e+00 -6.100000e+00
    endloop
  endfacet
  facet normal 0.000000e+00 -1.000000e+00 0.000000e+00
    outer loop
      vertex   -1.700000e+01 4.400000e+00 -6.100000e+00
      vertex   -1.168799e+01 4.400000e+00 -2.718610e+00
      vertex   -1.186099e+01 4.400000e+00 -1.821215e+00
    endloop
  endfacet
  facet normal 0.000000e+00 -1.000000e+00 0.000000e+00
    outer loop
      vertex   -1.700000e+01 4.400000e+00 -6.100000e+00
      vertex   -1.186099e+01 4.400000e+00 -1.821215e+00
      vertex   -1.196520e+01 4.400000e+00 -9.132560e-01
    endloop
  endfacet
  facet normal -0.000000e+00 -1.000000e+00 0.000000e+00
    outer loop
      vertex   -1.196520e+01 4.400000e+00 -9.132560e-01
      vertex   -1.200000e+01 4.400000e+00 5.277593e-08
      vertex   -1.700000e+01 4.400000e+00 -6.100000e+00
    endloop
  endfacet
  facet normal 0.000000e+00 -1.000000e+00 0.000000e+00
    outer loop
      vertex   -1.700000e+01 4.400000e+00 -6.100000e+00
      vertex   -1.200000e+01 4.400000e+00 5.277593e-08
      vertex   -1.700000e+01 4.400000e+00 6.100000e+00
    endloop
  endfacet
  facet normal 0.000000e+00 -1.000000e+00 0.000000e+00
    outer loop
      vertex   -1.700000e+01 4.400000e+00 6.100000e+00
      vertex   -1.200000e+01 4.400000e+00 5.277593e-08
      vertex   -1.196520e+01 4.400000e+00 9.132561e-01
    endloop
  endfacet
  facet normal 0.000000e+00 -1.000000e+00 0.000000e+00
    outer loop
      vertex   -1.700000e+01 4.400000e+00 6.100000e+00
      vertex   -1.196520e+01 4.400000e+00 9.132561e-01
      vertex   -1.186099e+01 4.400000e+00 1.821215e+00
    endloop
  endfacet
  facet normal 0.000000e+00 -1.000000e+00 0.000000e+00
    outer loop
      vertex   -1.186099e+01 4.400000e+00 1.821215e+00
      vertex   -1.168799e+01 4.400000e+00 2.718610e+00
      vertex   -1.700000e+01 4.400000e+00 6.100000e+00
    endloop
  endfacet
  facet normal 0.000000e+00 -1.000000e+00 0.000000e+00
    outer loop
      vertex   -1.700000e+01 4.400000e+00 6.100000e+00
      vertex   -1.168799e+01 4.400000e+00 2.718610e+00
      vertex   -1.144720e+01 4.400000e+00 3.600237e+00
    endloop
  endfacet
  facet normal 0.000000e+00 -1.000000e+00 0.000000e+00
    outer loop
      vertex   -1.700000e+01 4.400000e+00 6.100000e+00
      vertex   -1.144720e+01 4.400000e+00 3.600237e+00
      vertex   -1.114000e+01 4.400000e+00 4.460980e+00
    endloop
  endfacet
  facet normal 0.000000e+00 -1.000000e+00 0.000000e+00
    outer loop
      vertex   -1.114000e+01 4.400000e+00 4.460980e+00
      vertex   -1.076819e+01 4.400000e+00 5.295849e+00
      vertex   -1.700000e+01 4.400000e+00 6.100000e+00
    endloop
  endfacet
  facet normal 0.000000e+00 -1.000000e+00 0.000000e+00
    outer loop
      vertex   -1.700000e+01 4.400000e+00 6.100000e+00
      vertex   -1.076819e+01 4.400000e+00 5.295849e+00
      vertex   -1.033392e+01 4.400000e+00 6.100000e+00
    endloop
  endfacet
  facet normal -1.000000e+00 -8.074349e-16 1.055499e-07
    outer loop
      vertex   -1.700000e+01 0.000000e+00 1.150000e+01
      vertex   -1.700000e+01 4.400000e+00 1.150000e+01
      vertex   -1.700000e+01 0.000000e+00 9.100000e+00
    endloop
  endfacet
  facet normal -1.000000e+00 5.757267e-08 7.366358e-24
    outer loop
      vertex   -1.700000e+01 0.000000e+00 9.100000e+00
      vertex   -1.700000e+01 4.400000e+00 1.150000e+01
      vertex   -1.700000e+01 4.400000e+00 9.050000e+00
    endloop
  endfacet
  facet normal -1.000000e+00 5.757267e-08 0.000000e+00
    outer loop
      vertex   -1.700000e+01 0.000000e+00 9.100000e+00
      vertex   -1.700000e+01 4.400000e+00 9.050000e+00
      vertex   -1.700000e+01 0.000000e+00 6.100000e+00
    endloop
  endfacet
  facet normal -1.000000e+00 -3.466766e-23 8.587110e-08
    outer loop
      vertex   -1.700000e+01 0.000000e+00 6.100000e+00
      vertex   -1.700000e+01 4.400000e+00 9.050000e+00
      vertex   -1.700000e+01 4.400000e+00 6.100000e+00
    endloop
  endfacet
  facet normal -1.000000e+00 2.136383e-24 8.587110e-08
    outer loop
      vertex   -1.700000e+01 4.400000e+00 6.100000e+00
      vertex   -1.700000e+01 4.400000e+00 9.050000e+00
      vertex   -1.700000e+01 8.600000e+00 9.050000e+00
    endloop
  endfacet
  facet normal -1.000000e+00 6.031422e-08 0.000000e+00
    outer loop
      vertex   -1.700000e+01 4.400000e+00 6.100000e+00
      vertex   -1.700000e+01 8.600000e+00 9.050000e+00
      vertex   -1.700000e+01 4.400000e+00 -6.100000e+00
    endloop
  endfacet
  facet normal -1.000000e+00 6.031422e-08 -1.044585e-24
    outer loop
      vertex   -1.700000e+01 4.400000e+00 -6.100000e+00
      vertex   -1.700000e+01 8.600000e+00 9.050000e+00
      vertex   -1.700000e+01 8.600000e+00 -9.050000e+00
    endloop
  endfacet
  facet normal -1.000000e+00 -4.272765e-24 -8.587110e-08
    outer loop
      vertex   -1.700000e+01 4.400000e+00 -6.100000e+00
      vertex   -1.700000e+01 8.600000e+00 -9.050000e+00
      vertex   -1.700000e+01 4.400000e+00 -9.050000e+00
    endloop
  endfacet
  facet normal -1.000000e+00 0.000000e+00 0.000000e+00
    outer loop
      vertex   -1.700000e+01 8.600000e+00 1.075000e+01
      vertex   -1.700000e+01 1.000000e+01 1.075000e+01
      vertex   -1.700000e+01 8.600000e+00 9.050000e+00
    endloop
  endfacet
  facet normal -1.000000e+00 0.000000e+00 0.000000e+00
    outer loop
      vertex   -1.700000e+01 8.600000e+00 9.050000e+00
      vertex   -1.700000e+01 1.000000e+01 1.075000e+01
      vertex   -1.700000e+01 1.000000e+01 -1.075000e+01
    endloop
  endfacet
  facet normal -1.000000e+00 0.000000e+00 0.000000e+00
    outer loop
      vertex   -1.700000e+01 8.600000e+00 9.050000e+00
      vertex   -1.700000e+01 1.000000e+01 -1.075000e+01
      vertex   -1.700000e+01 8.600000e+00 -9.050000e+00
    endloop
  endfacet
  facet normal -1.000000e+00 0.000000e+00 0.000000e+00
    outer loop
      vertex   -1.700000e+01 8.600000e+00 -9.050000e+00
      vertex   -1.700000e+01 1.000000e+01 -1.075000e+01
      vertex   -1.700000e+01 8.600000e+00 -1.075000e+01
    endloop
  endfacet
  facet normal -1.000000e+00 5.757267e-08 -1.450087e-15
    outer loop
      vertex   -1.700000e+01 4.400000e+00 -1.150000e+01
      vertex   -1.700000e+01 0.000000e+00 -9.100000e+00
      vertex   -1.700000e+01 4.400000e+00 -9.050000e+00
    endloop
  endfacet
  facet normal -1.000000e+00 5.757267e-08 6.015859e-24
    outer loop
      vertex   -1.700000e+01 4.400000e+00 -9.050000e+00
      vertex   -1.700000e+01 0.000000e+00 -9.100000e+00
      vertex   -1.700000e+01 0.000000e+00 -6.100000e+00
    endloop
  endfacet
  facet normal -1.000000e+00 -4.078548e-24 -8.587110e-08
    outer loop
      vertex   -1.700000e+01 4.400000e+00 -9.050000e+00
      vertex   -1.700000e+01 0.000000e+00 -6.100000e+00
      vertex   -1.700000e+01 4.400000e+00 -6.100000e+00
    endloop
  endfacet
  facet normal -1.000000e+00 -0.000000e+00 -1.055499e-07
    outer loop
      vertex   -1.700000e+01 4.400000e+00 -1.150000e+01
      vertex   -1.700000e+01 0.000000e+00 -1.150000e+01
      vertex   -1.700000e+01 0.000000e+00 -9.100000e+00
    endloop
  endfacet
  facet normal -1.000000e+00 0.000000e+00 0.000000e+00
    outer loop
      vertex   -1.700000e+01 0.000000e+00 -9.100000e+00
      vertex   -1.700000e+01 -7.600000e+00 -9.100000e+00
      vertex   -1.700000e+01 0.000000e+00 -6.100000e+00
    endloop
  endfacet
  facet normal -1.000000e+00 -0.000000e+00 0.000000e+00
    outer loop
      vertex   -1.700000e+01 0.000000e+00 -6.100000e+00
      vertex   -1.700000e+01 -7.600000e+00 -9.100000e+00
      vertex   -1.700000e+01 -7.600000e+00 9.100000e+00
    endloop
  endfacet
  facet normal -1.000000e+00 0.000000e+00 0.000000e+00
    outer loop
      vertex   -1.700000e+01 0.000000e+00 -6.100000e+00
      vertex   -1.700000e+01 -7.600000e+00 9.100000e+00
      vertex   -1.700000e+01 0.000000e+00 6.100000e+00
    endloop
  endfacet
  facet normal -1.000000e+00 0.000000e+00 0.000000e+00
    outer loop
      vertex   -1.700000e+01 0.000000e+00 6.100000e+00
      vertex   -1.700000e+01 -7.600000e+00 9.100000e+00
      vertex   -1.700000e+01 0.000000e+00 9.100000e+00
    endloop
  endfacet
  facet normal -0.000000e+00 -0.000000e+00 -1.000000e+00
    outer loop
      vertex   1.507947e+01 8.600000e+00 1.670000e+01
      vertex   1.507947e+01 4.400000e+00 1.670000e+01
      vertex   -1.507947e+01 8.600000e+00 1.670000e+01
    endloop
  endfacet
  facet normal 0.000000e+00 0.000000e+00 -1.000000e+00
    outer loop
      vertex   -1.507947e+01 8.600000e+00 1.670000e+01
      vertex   1.507947e+01 4.400000e+00 1.670000e+01
      vertex   -1.507947e+01 4.400000e+00 1.670000e+01
    endloop
  endfacet
  facet normal 5.484700e-17 -1.000000e+00 -2.943033e-15
    outer loop
      vertex   1.619375e+01 8.600000e+00 1.500000e+01
      vertex   1.587095e+01 8.600000e+00 1.559756e+01
      vertex   -1.619375e+01 8.600000e+00 1.500000e+01
    endloop
  endfacet
  facet normal 5.596252e-17 -1.000000e+00 -3.002891e-15
    outer loop
      vertex   -1.619375e+01 8.600000e+00 1.500000e+01
      vertex   1.587095e+01 8.600000e+00 1.559756e+01
      vertex   -1.587095e+01 8.600000e+00 1.559756e+01
    endloop
  endfacet
  facet normal 5.596252e-17 -1.000000e+00 -3.163897e-15
    outer loop
      vertex   -1.587095e+01 8.600000e+00 1.559756e+01
      vertex   1.587095e+01 8.600000e+00 1.559756e+01
      vertex   -1.549863e+01 8.600000e+00 1.616560e+01
    endloop
  endfacet
  facet normal 1.146138e-16 -1.000000e+00 7.512419e-17
    outer loop
      vertex   -1.549863e+01 8.600000e+00 1.616560e+01
      vertex   1.587095e+01 8.600000e+00 1.559756e+01
      vertex   1.549863e+01 8.600000e+00 1.616560e+01
    endloop
  endfacet
  facet normal 1.146138e-16 -1.000000e+00 6.558095e-15
    outer loop
      vertex   -1.549863e+01 8.600000e+00 1.616560e+01
      vertex   1.549863e+01 8.600000e+00 1.616560e+01
      vertex   -1.507947e+01 8.600000e+00 1.670000e+01
    endloop
  endfacet
  facet normal 0.000000e+00 -1.000000e+00 0.000000e+00
    outer loop
      vertex   -1.507947e+01 8.600000e+00 1.670000e+01
      vertex   1.549863e+01 8.600000e+00 1.616560e+01
      vertex   1.507947e+01 8.600000e+00 1.670000e+01
    endloop
  endfacet
  facet normal -0.000000e+00 -0.000000e+00 -1.000000e+00
    outer loop
      vertex   1.619375e+01 1.000000e+01 1.500000e+01
      vertex   1.619375e+01 8.600000e+00 1.500000e+01
      vertex   -1.619375e+01 1.000000e+01 1.500000e+01
    endloop
  endfacet
  facet normal 0.000000e+00 0.000000e+00 -1.000000e+00
    outer loop
      vertex   -1.619375e+01 1.000000e+01 1.500000e+01
      vertex   1.619375e+01 8.600000e+00 1.500000e+01
      vertex   -1.619375e+01 8.600000e+00 1.500000e+01
    endloop
  endfacet
  facet normal 0.000000e+00 1.000000e+00 -0.000000e+00
    outer loop
      vertex   7.880197e+00 4.400000e+00 9.050000e+00
      vertex   7.175970e+00 4.400000e+00 9.617976e+00
      vertex   1.700000e+01 4.400000e+00 9.050000e+00
    endloop
  endfacet
  facet normal 0.000000e+00 1.000000e+00 0.000000e+00
    outer loop
      vertex   1.700000e+01 4.400000e+00 9.050000e+00
      vertex   7.175970e+00 4.400000e+00 9.617976e+00
      vertex   1.700000e+01 4.400000e+00 1.150000e+01
    endloop
  endfacet
  facet normal 0.000000e+00 1.000000e+00 0.000000e+00
    outer loop
      vertex   1.700000e+01 4.400000e+00 1.150000e+01
      vertex   7.175970e+00 4.400000e+00 9.617976e+00
      vertex   6.430953e+00 4.400000e+00 1.013128e+01
    endloop
  endfacet
  facet normal 0.000000e+00 1.000000e+00 0.000000e+00
    outer loop
      vertex   1.700000e+01 4.400000e+00 1.150000e+01
      vertex   6.430953e+00 4.400000e+00 1.013128e+01
      vertex   5.649382e+00 4.400000e+00 1.058700e+01
    endloop
  endfacet
  facet normal 0.000000e+00 1.000000e+00 -0.000000e+00
    outer loop
      vertex   5.649382e+00 4.400000e+00 1.058700e+01
      vertex   4.835698e+00 4.400000e+00 1.098253e+01
      vertex   1.700000e+01 4.400000e+00 1.150000e+01
    endloop
  endfacet
  facet normal 0.000000e+00 1.000000e+00 0.000000e+00
    outer loop
      vertex   1.700000e+01 4.400000e+00 1.150000e+01
      vertex   4.835698e+00 4.400000e+00 1.098253e+01
      vertex   1.696873e+01 4.400000e+00 1.220666e+01
    endloop
  endfacet
  facet normal 0.000000e+00 1.000000e+00 0.000000e+00
    outer loop
      vertex   1.696873e+01 4.400000e+00 1.220666e+01
      vertex   4.835698e+00 4.400000e+00 1.098253e+01
      vertex   3.994526e+00 4.400000e+00 1.131564e+01
    endloop
  endfacet
  facet normal 0.000000e+00 1.000000e+00 0.000000e+00
    outer loop
      vertex   1.696873e+01 4.400000e+00 1.220666e+01
      vertex   3.994526e+00 4.400000e+00 1.131564e+01
      vertex   3.130649e+00 4.400000e+00 1.158443e+01
    endloop
  endfacet
  facet normal 0.000000e+00 1.000000e+00 0.000000e+00
    outer loop
      vertex   1.696873e+01 4.400000e+00 1.220666e+01
      vertex   3.130649e+00 4.400000e+00 1.158443e+01
      vertex   1.687516e+01 4.400000e+00 1.290780e+01
    endloop
  endfacet
  facet normal 0.000000e+00 1.000000e+00 0.000000e+00
    outer loop
      vertex   1.687516e+01 4.400000e+00 1.290780e+01
      vertex   3.130649e+00 4.400000e+00 1.158443e+01
      vertex   2.248976e+00 4.400000e+00 1.178737e+01
    endloop
  endfacet
  facet normal 0.000000e+00 1.000000e+00 0.000000e+00
    outer loop
      vertex   1.687516e+01 4.400000e+00 1.290780e+01
      vertex   2.248976e+00 4.400000e+00 1.178737e+01
      vertex   1.672002e+01 4.400000e+00 1.359793e+01
    endloop
  endfacet
  facet normal 0.000000e+00 1.000000e+00 0.000000e+00
    outer loop
      vertex   1.672002e+01 4.400000e+00 1.359793e+01
      vertex   2.248976e+00 4.400000e+00 1.178737e+01
      vertex   1.354520e+00 4.400000e+00 1.192331e+01
    endloop
  endfacet
  facet normal 0.000000e+00 1.000000e+00 0.000000e+00
    outer loop
      vertex   1.672002e+01 4.400000e+00 1.359793e+01
      vertex   1.354520e+00 4.400000e+00 1.192331e+01
      vertex   1.650452e+01 4.400000e+00 1.427166e+01
    endloop
  endfacet
  facet normal 0.000000e+00 1.000000e+00 0.000000e+00
    outer loop
      vertex   1.650452e+01 4.400000e+00 1.427166e+01
      vertex   1.354520e+00 4.400000e+00 1.192331e+01
      vertex   1.623036e+01 4.400000e+00 1.492372e+01
    endloop
  endfacet
  facet normal 0.000000e+00 1.000000e+00 0.000000e+00
    outer loop
      vertex   1.623036e+01 4.400000e+00 1.492372e+01
      vertex   1.354520e+00 4.400000e+00 1.192331e+01
      vertex   4.523636e-01 4.400000e+00 1.199147e+01
    endloop
  endfacet
  facet normal 0.000000e+00 1.000000e+00 0.000000e+00
    outer loop
      vertex   1.623036e+01 4.400000e+00 1.492372e+01
      vertex   4.523636e-01 4.400000e+00 1.199147e+01
      vertex   1.589967e+01 4.400000e+00 1.554902e+01
    endloop
  endfacet
  facet normal 0.000000e+00 1.000000e+00 0.000000e+00
    outer loop
      vertex   1.589967e+01 4.400000e+00 1.554902e+01
      vertex   4.523636e-01 4.400000e+00 1.199147e+01
      vertex   1.551504e+01 4.400000e+00 1.614266e+01
    endloop
  endfacet
  facet normal 0.000000e+00 1.000000e+00 0.000000e+00
    outer loop
      vertex   1.551504e+01 4.400000e+00 1.614266e+01
      vertex   4.523636e-01 4.400000e+00 1.199147e+01
      vertex   -4.523636e-01 4.400000e+00 1.199147e+01
    endloop
  endfacet
  facet normal 0.000000e+00 1.000000e+00 0.000000e+00
    outer loop
      vertex   1.551504e+01 4.400000e+00 1.614266e+01
      vertex   -4.523636e-01 4.400000e+00 1.199147e+01
      vertex   -1.551504e+01 4.400000e+00 1.614266e+01
    endloop
  endfacet
  facet normal 0.000000e+00 1.000000e+00 0.000000e+00
    outer loop
      vertex   -1.551504e+01 4.400000e+00 1.614266e+01
      vertex   -4.523636e-01 4.400000e+00 1.199147e+01
      vertex   -1.589967e+01 4.400000e+00 1.554902e+01
    endloop
  endfacet
  facet normal 0.000000e+00 1.000000e+00 0.000000e+00
    outer loop
      vertex   -1.589967e+01 4.400000e+00 1.554902e+01
      vertex   -4.523636e-01 4.400000e+00 1.199147e+01
      vertex   -1.623036e+01 4.400000e+00 1.492372e+01
    endloop
  endfacet
  facet normal 0.000000e+00 1.000000e+00 0.000000e+00
    outer loop
      vertex   -1.623036e+01 4.400000e+00 1.492372e+01
      vertex   -4.523636e-01 4.400000e+00 1.199147e+01
      vertex   -1.354520e+00 4.400000e+00 1.192331e+01
    endloop
  endfacet
  facet normal 0.000000e+00 1.000000e+00 0.000000e+00
    outer loop
      vertex   -1.623036e+01 4.400000e+00 1.492372e+01
      vertex   -1.354520e+00 4.400000e+00 1.192331e+01
      vertex   -1.650452e+01 4.400000e+00 1.427166e+01
    endloop
  endfacet
  facet normal 0.000000e+00 1.000000e+00 0.000000e+00
    outer loop
      vertex   -1.650452e+01 4.400000e+00 1.427166e+01
      vertex   -1.354520e+00 4.400000e+00 1.192331e+01
      vertex   -1.672002e+01 4.400000e+00 1.359793e+01
    endloop
  endfacet
  facet normal 0.000000e+00 1.000000e+00 0.000000e+00
    outer loop
      vertex   -1.672002e+01 4.400000e+00 1.359793e+01
      vertex   -1.354520e+00 4.400000e+00 1.192331e+01
      vertex   -2.248976e+00 4.400000e+00 1.178737e+01
    endloop
  endfacet
  facet normal 0.000000e+00 1.000000e+00 0.000000e+00
    outer loop
      vertex   -1.672002e+01 4.400000e+00 1.359793e+01
      vertex   -2.248976e+00 4.400000e+00 1.178737e+01
      vertex   -1.687516e+01 4.400000e+00 1.290780e+01
    endloop
  endfacet
  facet normal 0.000000e+00 1.000000e+00 0.000000e+00
    outer loop
      vertex   -1.687516e+01 4.400000e+00 1.290780e+01
      vertex   -2.248976e+00 4.400000e+00 1.178737e+01
      vertex   -3.130649e+00 4.400000e+00 1.158443e+01
    endloop
  endfacet
  facet normal 0.000000e+00 1.000000e+00 0.000000e+00
    outer loop
      vertex   -1.687516e+01 4.400000e+00 1.290780e+01
      vertex   -3.130649e+00 4.400000e+00 1.158443e+01
      vertex   -1.696873e+01 4.400000e+00 1.220666e+01
    endloop
  endfacet
  facet normal 0.000000e+00 1.000000e+00 0.000000e+00
    outer loop
      vertex   -1.696873e+01 4.400000e+00 1.220666e+01
      vertex   -3.130649e+00 4.400000e+00 1.158443e+01
      vertex   -3.994526e+00 4.400000e+00 1.131564e+01
    endloop
  endfacet
  facet normal 0.000000e+00 1.000000e+00 0.000000e+00
    outer loop
      vertex   -1.696873e+01 4.400000e+00 1.220666e+01
      vertex   -3.994526e+00 4.400000e+00 1.131564e+01
      vertex   -4.835698e+00 4.400000e+00 1.098253e+01
    endloop
  endfacet
  facet normal 0.000000e+00 1.000000e+00 0.000000e+00
    outer loop
      vertex   -1.696873e+01 4.400000e+00 1.220666e+01
      vertex   -4.835698e+00 4.400000e+00 1.098253e+01
      vertex   -1.700000e+01 4.400000e+00 1.150000e+01
    endloop
  endfacet
  facet normal 0.000000e+00 1.000000e+00 0.000000e+00
    outer loop
      vertex   -1.700000e+01 4.400000e+00 1.150000e+01
      vertex   -4.835698e+00 4.400000e+00 1.098253e+01
      vertex   -5.649382e+00 4.400000e+00 1.058700e+01
    endloop
  endfacet
  facet normal 0.000000e+00 1.000000e+00 0.000000e+00
    outer loop
      vertex   -1.700000e+01 4.400000e+00 1.150000e+01
      vertex   -5.649382e+00 4.400000e+00 1.058700e+01
      vertex   -6.430953e+00 4.400000e+00 1.013128e+01
    endloop
  endfacet
  facet normal 0.000000e+00 1.000000e+00 0.000000e+00
    outer loop
      vertex   -6.430953e+00 4.400000e+00 1.013128e+01
      vertex   -7.175970e+00 4.400000e+00 9.617976e+00
      vertex   -1.700000e+01 4.400000e+00 1.150000e+01
    endloop
  endfacet
  facet normal 0.000000e+00 1.000000e+00 0.000000e+00
    outer loop
      vertex   -1.700000e+01 4.400000e+00 1.150000e+01
      vertex   -7.175970e+00 4.400000e+00 9.617976e+00
      vertex   -1.700000e+01 4.400000e+00 9.050000e+00
    endloop
  endfacet
  facet normal 0.000000e+00 1.000000e+00 0.000000e+00
    outer loop
      vertex   -1.700000e+01 4.400000e+00 9.050000e+00
      vertex   -7.175970e+00 4.400000e+00 9.617976e+00
      vertex   -7.880197e+00 4.400000e+00 9.050000e+00
    endloop
  endfacet
  facet normal 0.000000e+00 1.000000e+00 0.000000e+00
    outer loop
      vertex   -1.551504e+01 4.400000e+00 1.614266e+01
      vertex   -1.507947e+01 4.400000e+00 1.670000e+01
      vertex   1.551504e+01 4.400000e+00 1.614266e+01
    endloop
  endfacet
  facet normal -2.944991e-17 1.000000e+00 -1.616608e-15
    outer loop
      vertex   1.551504e+01 4.400000e+00 1.614266e+01
      vertex   -1.507947e+01 4.400000e+00 1.670000e+01
      vertex   1.507947e+01 4.400000e+00 1.670000e+01
    endloop
  endfacet
  facet normal 0.000000e+00 -0.000000e+00 1.000000e+00
    outer loop
      vertex   -7.880197e+00 4.400000e+00 9.050000e+00
      vertex   -7.880197e+00 8.600000e+00 9.050000e+00
      vertex   -1.700000e+01 4.400000e+00 9.050000e+00
    endloop
  endfacet
  facet normal 0.000000e+00 0.000000e+00 1.000000e+00
    outer loop
      vertex   -1.700000e+01 4.400000e+00 9.050000e+00
      vertex   -7.880197e+00 8.600000e+00 9.050000e+00
      vertex   -1.700000e+01 8.600000e+00 9.050000e+00
    endloop
  endfacet
  facet normal 0.000000e+00 -1.000000e+00 1.464094e-14
    outer loop
      vertex   -7.880197e+00 8.600000e+00 9.050000e+00
      vertex   -7.285453e+00 8.600000e+00 9.535312e+00
      vertex   -1.700000e+01 8.600000e+00 9.050000e+00
    endloop
  endfacet
  facet normal 7.314214e-16 -1.000000e+00 0.000000e+00
    outer loop
      vertex   -1.700000e+01 8.600000e+00 9.050000e+00
      vertex   -7.285453e+00 8.600000e+00 9.535312e+00
      vertex   -1.700000e+01 8.600000e+00 1.075000e+01
    endloop
  endfacet
  facet normal 6.224959e-16 -1.000000e+00 -8.711385e-16
    outer loop
      vertex   -1.700000e+01 8.600000e+00 1.075000e+01
      vertex   -7.285453e+00 8.600000e+00 9.535312e+00
      vertex   -6.660897e+00 8.600000e+00 9.981606e+00
    endloop
  endfacet
  facet normal 6.138917e-16 -1.000000e+00 -9.869118e-16
    outer loop
      vertex   -1.700000e+01 8.600000e+00 1.075000e+01
      vertex   -6.660897e+00 8.600000e+00 9.981606e+00
      vertex   -6.009084e+00 8.600000e+00 1.038705e+01
    endloop
  endfacet
  facet normal 0.000000e+00 -1.000000e+00 -1.957714e-14
    outer loop
      vertex   -6.009084e+00 8.600000e+00 1.038705e+01
      vertex   -5.332682e+00 8.600000e+00 1.075000e+01
      vertex   -1.700000e+01 8.600000e+00 1.075000e+01
    endloop
  endfacet
  facet normal 9.990223e-01 0.000000e+00 4.420961e-02
    outer loop
      vertex   1.700000e+01 4.400000e+00 1.150000e+01
      vertex   1.696873e+01 4.400000e+00 1.220666e+01
      vertex   1.700000e+01 0.000000e+00 1.150000e+01
    endloop
  endfacet
  facet normal 9.989329e-01 -3.176442e-04 4.618346e-02
    outer loop
      vertex   1.700000e+01 0.000000e+00 1.150000e+01
      vertex   1.696873e+01 4.400000e+00 1.220666e+01
      vertex   1.696587e+01 0.000000e+00 1.223815e+01
    endloop
  endfacet
  facet normal 9.912119e-01 3.034610e-04 1.322832e-01
    outer loop
      vertex   1.696587e+01 0.000000e+00 1.223815e+01
      vertex   1.696873e+01 4.400000e+00 1.220666e+01
      vertex   1.687516e+01 4.400000e+00 1.290780e+01
    endloop
  endfacet
  facet normal 9.904102e-01 -6.069206e-04 1.381563e-01
    outer loop
      vertex   1.696587e+01 0.000000e+00 1.223815e+01
      vertex   1.687516e+01 4.400000e+00 1.290780e+01
      vertex   1.686378e+01 0.000000e+00 1.297000e+01
    endloop
  endfacet
  facet normal 9.756522e-01 5.785519e-04 2.193226e-01
    outer loop
      vertex   1.686378e+01 0.000000e+00 1.297000e+01
      vertex   1.687516e+01 4.400000e+00 1.290780e+01
      vertex   1.672002e+01 4.400000e+00 1.359793e+01
    endloop
  endfacet
  facet normal 9.734377e-01 -8.678248e-04 2.289505e-01
    outer loop
      vertex   1.686378e+01 0.000000e+00 1.297000e+01
      vertex   1.672002e+01 4.400000e+00 1.359793e+01
      vertex   1.669461e+01 0.000000e+00 1.368930e+01
    endloop
  endfacet
  facet normal 9.524649e-01 8.252684e-04 3.046473e-01
    outer loop
      vertex   1.669461e+01 0.000000e+00 1.368930e+01
      vertex   1.672002e+01 4.400000e+00 1.359793e+01
      vertex   1.650452e+01 4.400000e+00 1.427166e+01
    endloop
  endfacet
  facet normal 9.481601e-01 -1.100353e-03 3.177912e-01
    outer loop
      vertex   1.669461e+01 0.000000e+00 1.368930e+01
      vertex   1.650452e+01 4.400000e+00 1.427166e+01
      vertex   1.645978e+01 0.000000e+00 1.438993e+01
    endloop
  endfacet
  facet normal 9.218312e-01 1.043607e-03 3.875902e-01
    outer loop
      vertex   1.645978e+01 0.000000e+00 1.438993e+01
      vertex   1.650452e+01 4.400000e+00 1.427166e+01
      vertex   1.623036e+01 4.400000e+00 1.492372e+01
    endloop
  endfacet
  facet normal 9.147931e-01 -1.304500e-03 4.039207e-01
    outer loop
      vertex   1.645978e+01 0.000000e+00 1.438993e+01
      vertex   1.623036e+01 4.400000e+00 1.492372e+01
      vertex   1.616131e+01 0.000000e+00 1.506591e+01
    endloop
  endfacet
  facet normal 8.839907e-01 1.233563e-03 4.675029e-01
    outer loop
      vertex   1.616131e+01 0.000000e+00 1.506591e+01
      vertex   1.623036e+01 4.400000e+00 1.492372e+01
      vertex   1.589967e+01 4.400000e+00 1.554902e+01
    endloop
  endfacet
  facet normal 8.736214e-01 -1.480265e-03 4.866039e-01
    outer loop
      vertex   1.616131e+01 0.000000e+00 1.506591e+01
      vertex   1.589967e+01 4.400000e+00 1.554902e+01
      vertex   1.580174e+01 0.000000e+00 1.571146e+01
    endloop
  endfacet
  facet normal 8.392391e-01 1.395136e-03 5.437607e-01
    outer loop
      vertex   1.580174e+01 0.000000e+00 1.571146e+01
      vertex   1.589967e+01 4.400000e+00 1.554902e+01
      vertex   1.551504e+01 4.400000e+00 1.614266e+01
    endloop
  endfacet
  facet normal 8.249964e-01 -1.627644e-03 5.651357e-01
    outer loop
      vertex   1.580174e+01 0.000000e+00 1.571146e+01
      vertex   1.551504e+01 4.400000e+00 1.614266e+01
      vertex   1.538414e+01 0.000000e+00 1.632108e+01
    endloop
  endfacet
  facet normal 7.879265e-01 1.528321e-03 6.157674e-01
    outer loop
      vertex   1.538414e+01 0.000000e+00 1.632108e+01
      vertex   1.551504e+01 4.400000e+00 1.614266e+01
      vertex   1.507947e+01 4.400000e+00 1.670000e+01
    endloop
  endfacet
  facet normal 7.693328e-01 -1.746635e-03 6.388458e-01
    outer loop
      vertex   1.538414e+01 0.000000e+00 1.632108e+01
      vertex   1.507947e+01 4.400000e+00 1.670000e+01
      vertex   1.491207e+01 0.000000e+00 1.688957e+01
    endloop
  endfacet
  facet normal 7.504321e-01 -7.533420e-05 6.609475e-01
    outer loop
      vertex   1.491207e+01 0.000000e+00 1.688957e+01
      vertex   1.507947e+01 4.400000e+00 1.670000e+01
      vertex   1.494905e+01 1.000000e+01 1.684872e+01
    endloop
  endfacet
  facet normal 7.116909e-01 2.375962e-04 7.024927e-01
    outer loop
      vertex   1.491207e+01 0.000000e+00 1.688957e+01
      vertex   1.494905e+01 1.000000e+01 1.684872e+01
      vertex   1.442565e+01 1.000000e+01 1.737897e+01
    endloop
  endfacet
  facet normal 7.518400e-01 -0.000000e+00 6.593456e-01
    outer loop
      vertex   1.507947e+01 4.400000e+00 1.670000e+01
      vertex   1.507947e+01 8.600000e+00 1.670000e+01
      vertex   1.494905e+01 1.000000e+01 1.684872e+01
    endloop
  endfacet
  facet normal 7.739486e-01 4.833934e-03 6.332300e-01
    outer loop
      vertex   1.494905e+01 1.000000e+01 1.684872e+01
      vertex   1.507947e+01 8.600000e+00 1.670000e+01
      vertex   1.542084e+01 1.000000e+01 1.627209e+01
    endloop
  endfacet
  facet normal 7.868367e-01 -3.222689e-03 6.171528e-01
    outer loop
      vertex   1.542084e+01 1.000000e+01 1.627209e+01
      vertex   1.507947e+01 8.600000e+00 1.670000e+01
      vertex   1.549863e+01 8.600000e+00 1.616560e+01
    endloop
  endfacet
  facet normal 8.295060e-01 3.610631e-03 5.584861e-01
    outer loop
      vertex   1.542084e+01 1.000000e+01 1.627209e+01
      vertex   1.549863e+01 8.600000e+00 1.616560e+01
      vertex   1.583694e+01 1.000000e+01 1.565406e+01
    endloop
  endfacet
  facet normal 8.363514e-01 -1.805340e-03 5.481908e-01
    outer loop
      vertex   1.583694e+01 1.000000e+01 1.565406e+01
      vertex   1.549863e+01 8.600000e+00 1.616560e+01
      vertex   1.587095e+01 8.600000e+00 1.559756e+01
    endloop
  endfacet
  facet normal 8.778687e-01 1.999284e-03 4.788971e-01
    outer loop
      vertex   1.583694e+01 1.000000e+01 1.565406e+01
      vertex   1.587095e+01 8.600000e+00 1.559756e+01
      vertex   1.619375e+01 1.000000e+01 1.500000e+01
    endloop
  endfacet
  facet normal 8.798367e-01 0.000000e+00 4.752762e-01
    outer loop
      vertex   1.619375e+01 1.000000e+01 1.500000e+01
      vertex   1.587095e+01 8.600000e+00 1.559756e+01
      vertex   1.619375e+01 8.600000e+00 1.500000e+01
    endloop
  endfacet
  facet normal 7.071068e-01 -2.111968e-04 7.071068e-01
    outer loop
      vertex   1.491207e+01 0.000000e+00 1.688957e+01
      vertex   1.442565e+01 1.000000e+01 1.737897e+01
      vertex   1.438957e+01 0.000000e+00 1.741207e+01
    endloop
  endfacet
  facet normal 6.432514e-01 2.130687e-04 7.656550e-01
    outer loop
      vertex   1.438957e+01 0.000000e+00 1.741207e+01
      vertex   1.442565e+01 1.000000e+01 1.737897e+01
      vertex   1.385520e+01 1.000000e+01 1.785822e+01
    endloop
  endfacet
  facet normal 6.388468e-01 -1.864351e-04 7.693340e-01
    outer loop
      vertex   1.438957e+01 0.000000e+00 1.741207e+01
      vertex   1.385520e+01 1.000000e+01 1.785822e+01
      vertex   1.382108e+01 0.000000e+00 1.788414e+01
    endloop
  endfacet
  facet normal 5.692327e-01 1.880730e-04 8.221764e-01
    outer loop
      vertex   1.382108e+01 0.000000e+00 1.788414e+01
      vertex   1.385520e+01 1.000000e+01 1.785822e+01
      vertex   1.324264e+01 1.000000e+01 1.828233e+01
    endloop
  endfacet
  facet normal 5.651364e-01 -1.612055e-04 8.249975e-01
    outer loop
      vertex   1.382108e+01 0.000000e+00 1.788414e+01
      vertex   1.324264e+01 1.000000e+01 1.828233e+01
      vertex   1.321146e+01 0.000000e+00 1.830174e+01
    endloop
  endfacet
  facet normal 4.902768e-01 1.626094e-04 8.715667e-01
    outer loop
      vertex   1.321146e+01 0.000000e+00 1.830174e+01
      vertex   1.324264e+01 1.000000e+01 1.828233e+01
      vertex   1.259328e+01 1.000000e+01 1.864761e+01
    endloop
  endfacet
  facet normal 4.866045e-01 -1.355079e-04 8.736224e-01
    outer loop
      vertex   1.321146e+01 0.000000e+00 1.830174e+01
      vertex   1.259328e+01 1.000000e+01 1.864761e+01
      vertex   1.256591e+01 0.000000e+00 1.866131e+01
    endloop
  endfacet
  facet normal 4.070686e-01 1.366778e-04 9.133976e-01
    outer loop
      vertex   1.256591e+01 0.000000e+00 1.866131e+01
      vertex   1.259328e+01 1.000000e+01 1.864761e+01
      vertex   1.191275e+01 1.000000e+01 1.895090e+01
    endloop
  endfacet
  facet normal 4.039210e-01 -1.093422e-04 9.147939e-01
    outer loop
      vertex   1.256591e+01 0.000000e+00 1.866131e+01
      vertex   1.191275e+01 1.000000e+01 1.895090e+01
      vertex   1.188993e+01 0.000000e+00 1.895978e+01
    endloop
  endfacet
  facet normal 3.203296e-01 1.102781e-04 9.473061e-01
    outer loop
      vertex   1.188993e+01 0.000000e+00 1.895978e+01
      vertex   1.191275e+01 1.000000e+01 1.895090e+01
      vertex   1.120696e+01 1.000000e+01 1.918956e+01
    endloop
  endfacet
  facet normal 3.177914e-01 -8.270860e-05 9.481606e-01
    outer loop
      vertex   1.188993e+01 0.000000e+00 1.895978e+01
      vertex   1.120696e+01 1.000000e+01 1.918956e+01
      vertex   1.118930e+01 0.000000e+00 1.919461e+01
    endloop
  endfacet
  facet normal 2.308123e-01 8.341051e-05 9.729983e-01
    outer loop
      vertex   1.118930e+01 0.000000e+00 1.919461e+01
      vertex   1.120696e+01 1.000000e+01 1.918956e+01
      vertex   1.048203e+01 1.000000e+01 1.936153e+01
    endloop
  endfacet
  facet normal 2.289505e-01 -5.560701e-05 9.734381e-01
    outer loop
      vertex   1.118930e+01 0.000000e+00 1.919461e+01
      vertex   1.048203e+01 1.000000e+01 1.936153e+01
      vertex   1.047000e+01 0.000000e+00 1.936378e+01
    endloop
  endfacet
  facet normal 1.392930e-01 5.607494e-05 9.902512e-01
    outer loop
      vertex   1.047000e+01 0.000000e+00 1.936378e+01
      vertex   1.048203e+01 1.000000e+01 1.936153e+01
      vertex   9.744242e+00 1.000000e+01 1.946531e+01
    endloop
  endfacet
  facet normal 1.381564e-01 -2.803747e-05 9.904104e-01
    outer loop
      vertex   1.047000e+01 0.000000e+00 1.936378e+01
      vertex   9.744242e+00 1.000000e+01 1.946531e+01
      vertex   9.738147e+00 0.000000e+00 1.946587e+01
    endloop
  endfacet
  facet normal 4.656564e-02 2.827143e-05 9.989152e-01
    outer loop
      vertex   9.738147e+00 0.000000e+00 1.946587e+01
      vertex   9.744242e+00 1.000000e+01 1.946531e+01
      vertex   9.000000e+00 1.000000e+01 1.950000e+01
    endloop
  endfacet
  facet normal 4.618346e-02 -2.246197e-20 9.989330e-01
    outer loop
      vertex   9.738147e+00 0.000000e+00 1.946587e+01
      vertex   9.000000e+00 1.000000e+01 1.950000e+01
      vertex   9.000000e+00 0.000000e+00 1.950000e+01
    endloop
  endfacet
  facet normal 0.000000e+00 1.000000e+00 -2.715902e-15
    outer loop
      vertex   1.619375e+01 1.000000e+01 1.500000e+01
      vertex   -1.619375e+01 1.000000e+01 1.500000e+01
      vertex   1.583694e+01 1.000000e+01 1.565406e+01
    endloop
  endfacet
  facet normal 0.000000e+00 1.000000e+00 -2.715902e-15
    outer loop
      vertex   1.583694e+01 1.000000e+01 1.565406e+01
      vertex   -1.619375e+01 1.000000e+01 1.500000e+01
      vertex   -1.583694e+01 1.000000e+01 1.565406e+01
    endloop
  endfacet
  facet normal 0.000000e+00 1.000000e+00 0.000000e+00
    outer loop
      vertex   1.583694e+01 1.000000e+01 1.565406e+01
      vertex   -1.583694e+01 1.000000e+01 1.565406e+01
      vertex   1.542084e+01 1.000000e+01 1.627209e+01
    endloop
  endfacet
  facet normal 0.000000e+00 1.000000e+00 0.000000e+00
    outer loop
      vertex   1.542084e+01 1.000000e+01 1.627209e+01
      vertex   -1.583694e+01 1.000000e+01 1.565406e+01
      vertex   -1.542084e+01 1.000000e+01 1.627209e+01
    endloop
  endfacet
  facet normal 0.000000e+00 1.000000e+00 0.000000e+00
    outer loop
      vertex   1.542084e+01 1.000000e+01 1.627209e+01
      vertex   -1.542084e+01 1.000000e+01 1.627209e+01
      vertex   1.494905e+01 1.000000e+01 1.684872e+01
    endloop
  endfacet
  facet normal 0.000000e+00 1.000000e+00 0.000000e+00
    outer loop
      vertex   1.494905e+01 1.000000e+01 1.684872e+01
      vertex   -1.542084e+01 1.000000e+01 1.627209e+01
      vertex   -1.494905e+01 1.000000e+01 1.684872e+01
    endloop
  endfacet
  facet normal 0.000000e+00 1.000000e+00 0.000000e+00
    outer loop
      vertex   1.494905e+01 1.000000e+01 1.684872e+01
      vertex   -1.494905e+01 1.000000e+01 1.684872e+01
      vertex   1.442565e+01 1.000000e+01 1.737897e+01
    endloop
  endfacet
  facet normal 0.000000e+00 1.000000e+00 0.000000e+00
    outer loop
      vertex   1.442565e+01 1.000000e+01 1.737897e+01
      vertex   -1.494905e+01 1.000000e+01 1.684872e+01
      vertex   -1.442565e+01 1.000000e+01 1.737897e+01
    endloop
  endfacet
  facet normal 0.000000e+00 1.000000e+00 0.000000e+00
    outer loop
      vertex   1.442565e+01 1.000000e+01 1.737897e+01
      vertex   -1.442565e+01 1.000000e+01 1.737897e+01
      vertex   1.385520e+01 1.000000e+01 1.785822e+01
    endloop
  endfacet
  facet normal 0.000000e+00 1.000000e+00 0.000000e+00
    outer loop
      vertex   1.385520e+01 1.000000e+01 1.785822e+01
      vertex   -1.442565e+01 1.000000e+01 1.737897e+01
      vertex   -1.385520e+01 1.000000e+01 1.785822e+01
    endloop
  endfacet
  facet normal 0.000000e+00 1.000000e+00 0.000000e+00
    outer loop
      vertex   1.385520e+01 1.000000e+01 1.785822e+01
      vertex   -1.385520e+01 1.000000e+01 1.785822e+01
      vertex   1.324264e+01 1.000000e+01 1.828233e+01
    endloop
  endfacet
  facet normal 0.000000e+00 1.000000e+00 0.000000e+00
    outer loop
      vertex   1.324264e+01 1.000000e+01 1.828233e+01
      vertex   -1.385520e+01 1.000000e+01 1.785822e+01
      vertex   -1.324264e+01 1.000000e+01 1.828233e+01
    endloop
  endfacet
  facet normal 0.000000e+00 1.000000e+00 0.000000e+00
    outer loop
      vertex   1.324264e+01 1.000000e+01 1.828233e+01
      vertex   -1.324264e+01 1.000000e+01 1.828233e+01
      vertex   1.259328e+01 1.000000e+01 1.864761e+01
    endloop
  endfacet
  facet normal 0.000000e+00 1.000000e+00 0.000000e+00
    outer loop
      vertex   1.259328e+01 1.000000e+01 1.864761e+01
      vertex   -1.324264e+01 1.000000e+01 1.828233e+01
      vertex   -1.259328e+01 1.000000e+01 1.864761e+01
    endloop
  endfacet
  facet normal 0.000000e+00 1.000000e+00 0.000000e+00
    outer loop
      vertex   1.259328e+01 1.000000e+01 1.864761e+01
      vertex   -1.259328e+01 1.000000e+01 1.864761e+01
      vertex   9.000000e+00 1.000000e+01 1.950000e+01
    endloop
  endfacet
  facet normal 0.000000e+00 1.000000e+00 0.000000e+00
    outer loop
      vertex   9.000000e+00 1.000000e+01 1.950000e+01
      vertex   -1.259328e+01 1.000000e+01 1.864761e+01
      vertex   -9.000000e+00 1.000000e+01 1.950000e+01
    endloop
  endfacet
  facet normal 0.000000e+00 1.000000e+00 0.000000e+00
    outer loop
      vertex   -9.000000e+00 1.000000e+01 1.950000e+01
      vertex   -1.259328e+01 1.000000e+01 1.864761e+01
      vertex   -1.191275e+01 1.000000e+01 1.895090e+01
    endloop
  endfacet
  facet normal 0.000000e+00 1.000000e+00 0.000000e+00
    outer loop
      vertex   -9.000000e+00 1.000000e+01 1.950000e+01
      vertex   -1.191275e+01 1.000000e+01 1.895090e+01
      vertex   -1.120696e+01 1.000000e+01 1.918956e+01
    endloop
  endfacet
  facet normal 0.000000e+00 1.000000e+00 0.000000e+00
    outer loop
      vertex   -1.120696e+01 1.000000e+01 1.918956e+01
      vertex   -1.048203e+01 1.000000e+01 1.936153e+01
      vertex   -9.000000e+00 1.000000e+01 1.950000e+01
    endloop
  endfacet
  facet normal 0.000000e+00 1.000000e+00 0.000000e+00
    outer loop
      vertex   -9.000000e+00 1.000000e+01 1.950000e+01
      vertex   -1.048203e+01 1.000000e+01 1.936153e+01
      vertex   -9.744242e+00 1.000000e+01 1.946531e+01
    endloop
  endfacet
  facet normal 0.000000e+00 1.000000e+00 0.000000e+00
    outer loop
      vertex   9.744242e+00 1.000000e+01 1.946531e+01
      vertex   1.048203e+01 1.000000e+01 1.936153e+01
      vertex   9.000000e+00 1.000000e+01 1.950000e+01
    endloop
  endfacet
  facet normal 0.000000e+00 1.000000e+00 0.000000e+00
    outer loop
      vertex   9.000000e+00 1.000000e+01 1.950000e+01
      vertex   1.048203e+01 1.000000e+01 1.936153e+01
      vertex   1.120696e+01 1.000000e+01 1.918956e+01
    endloop
  endfacet
  facet normal 0.000000e+00 1.000000e+00 0.000000e+00
    outer loop
      vertex   9.000000e+00 1.000000e+01 1.950000e+01
      vertex   1.120696e+01 1.000000e+01 1.918956e+01
      vertex   1.191275e+01 1.000000e+01 1.895090e+01
    endloop
  endfacet
  facet normal 0.000000e+00 1.000000e+00 0.000000e+00
    outer loop
      vertex   1.191275e+01 1.000000e+01 1.895090e+01
      vertex   1.259328e+01 1.000000e+01 1.864761e+01
      vertex   9.000000e+00 1.000000e+01 1.950000e+01
    endloop
  endfacet
  facet normal -0.000000e+00 0.000000e+00 1.000000e+00
    outer loop
      vertex   -1.507947e+01 8.600000e+00 -1.670000e+01
      vertex   -1.507947e+01 4.400000e+00 -1.670000e+01
      vertex   1.507947e+01 8.600000e+00 -1.670000e+01
    endloop
  endfacet
  facet normal 0.000000e+00 0.000000e+00 1.000000e+00
    outer loop
      vertex   1.507947e+01 8.600000e+00 -1.670000e+01
      vertex   -1.507947e+01 4.400000e+00 -1.670000e+01
      vertex   1.507947e+01 4.400000e+00 -1.670000e+01
    endloop
  endfacet
  facet normal 0.000000e+00 -1.000000e+00 2.972661e-15
    outer loop
      vertex   1.619375e+01 8.600000e+00 -1.500000e+01
      vertex   -1.619375e+01 8.600000e+00 -1.500000e+01
      vertex   1.587095e+01 8.600000e+00 -1.559756e+01
    endloop
  endfacet
  facet normal -5.596252e-17 -1.000000e+00 -3.023022e-17
    outer loop
      vertex   1.587095e+01 8.600000e+00 -1.559756e+01
      vertex   -1.619375e+01 8.600000e+00 -1.500000e+01
      vertex   -1.587095e+01 8.600000e+00 -1.559756e+01
    endloop
  endfacet
  facet normal -5.596252e-17 -1.000000e+00 -3.668092e-17
    outer loop
      vertex   1.587095e+01 8.600000e+00 -1.559756e+01
      vertex   -1.587095e+01 8.600000e+00 -1.559756e+01
      vertex   -1.549863e+01 8.600000e+00 -1.616560e+01
    endloop
  endfacet
  facet normal -1.146138e-16 -1.000000e+00 3.202340e-15
    outer loop
      vertex   1.587095e+01 8.600000e+00 -1.559756e+01
      vertex   -1.549863e+01 8.600000e+00 -1.616560e+01
      vertex   1.549863e+01 8.600000e+00 -1.616560e+01
    endloop
  endfacet
  facet normal -1.146138e-16 -1.000000e+00 3.234099e-15
    outer loop
      vertex   1.549863e+01 8.600000e+00 -1.616560e+01
      vertex   -1.549863e+01 8.600000e+00 -1.616560e+01
      vertex   -1.507947e+01 8.600000e+00 -1.670000e+01
    endloop
  endfacet
  facet normal 5.889983e-17 -1.000000e+00 -6.694190e-15
    outer loop
      vertex   1.549863e+01 8.600000e+00 -1.616560e+01
      vertex   -1.507947e+01 8.600000e+00 -1.670000e+01
      vertex   1.507947e+01 8.600000e+00 -1.670000e+01
    endloop
  endfacet
  facet normal 0.000000e+00 0.000000e+00 1.000000e+00
    outer loop
      vertex   -1.619375e+01 1.000000e+01 -1.500000e+01
      vertex   -1.619375e+01 8.600000e+00 -1.500000e+01
      vertex   1.619375e+01 1.000000e+01 -1.500000e+01
    endloop
  endfacet
  facet normal 0.000000e+00 0.000000e+00 1.000000e+00
    outer loop
      vertex   1.619375e+01 1.000000e+01 -1.500000e+01
      vertex   -1.619375e+01 8.600000e+00 -1.500000e+01
      vertex   1.619375e+01 8.600000e+00 -1.500000e+01
    endloop
  endfacet
  facet normal 0.000000e+00 1.000000e+00 0.000000e+00
    outer loop
      vertex   -7.880197e+00 4.400000e+00 -9.050000e+00
      vertex   -7.175970e+00 4.400000e+00 -9.617976e+00
      vertex   -1.700000e+01 4.400000e+00 -9.050000e+00
    endloop
  endfacet
  facet normal 0.000000e+00 1.000000e+00 0.000000e+00
    outer loop
      vertex   -1.700000e+01 4.400000e+00 -9.050000e+00
      vertex   -7.175970e+00 4.400000e+00 -9.617976e+00
      vertex   -1.700000e+01 4.400000e+00 -1.150000e+01
    endloop
  endfacet
  facet normal 0.000000e+00 1.000000e+00 0.000000e+00
    outer loop
      vertex   -1.700000e+01 4.400000e+00 -1.150000e+01
      vertex   -7.175970e+00 4.400000e+00 -9.617976e+00
      vertex   -6.430953e+00 4.400000e+00 -1.013128e+01
    endloop
  endfacet
  facet normal 0.000000e+00 1.000000e+00 0.000000e+00
    outer loop
      vertex   -1.700000e+01 4.400000e+00 -1.150000e+01
      vertex   -6.430953e+00 4.400000e+00 -1.013128e+01
      vertex   -5.649382e+00 4.400000e+00 -1.058700e+01
    endloop
  endfacet
  facet normal 0.000000e+00 1.000000e+00 0.000000e+00
    outer loop
      vertex   -5.649382e+00 4.400000e+00 -1.058700e+01
      vertex   -4.835698e+00 4.400000e+00 -1.098253e+01
      vertex   -1.700000e+01 4.400000e+00 -1.150000e+01
    endloop
  endfacet
  facet normal -0.000000e+00 1.000000e+00 0.000000e+00
    outer loop
      vertex   -1.700000e+01 4.400000e+00 -1.150000e+01
      vertex   -4.835698e+00 4.400000e+00 -1.098253e+01
      vertex   -1.696873e+01 4.400000e+00 -1.220666e+01
    endloop
  endfacet
  facet normal 0.000000e+00 1.000000e+00 0.000000e+00
    outer loop
      vertex   -1.696873e+01 4.400000e+00 -1.220666e+01
      vertex   -4.835698e+00 4.400000e+00 -1.098253e+01
      vertex   -3.994526e+00 4.400000e+00 -1.131564e+01
    endloop
  endfacet
  facet normal 0.000000e+00 1.000000e+00 0.000000e+00
    outer loop
      vertex   -1.696873e+01 4.400000e+00 -1.220666e+01
      vertex   -3.994526e+00 4.400000e+00 -1.131564e+01
      vertex   -3.130649e+00 4.400000e+00 -1.158443e+01
    endloop
  endfacet
  facet normal -0.000000e+00 1.000000e+00 0.000000e+00
    outer loop
      vertex   -1.696873e+01 4.400000e+00 -1.220666e+01
      vertex   -3.130649e+00 4.400000e+00 -1.158443e+01
      vertex   -1.687516e+01 4.400000e+00 -1.290780e+01
    endloop
  endfacet
  facet normal 0.000000e+00 1.000000e+00 0.000000e+00
    outer loop
      vertex   -1.687516e+01 4.400000e+00 -1.290780e+01
      vertex   -3.130649e+00 4.400000e+00 -1.158443e+01
      vertex   -2.248976e+00 4.400000e+00 -1.178737e+01
    endloop
  endfacet
  facet normal -0.000000e+00 1.000000e+00 0.000000e+00
    outer loop
      vertex   -1.687516e+01 4.400000e+00 -1.290780e+01
      vertex   -2.248976e+00 4.400000e+00 -1.178737e+01
      vertex   -1.672002e+01 4.400000e+00 -1.359793e+01
    endloop
  endfacet
  facet normal 0.000000e+00 1.000000e+00 0.000000e+00
    outer loop
      vertex   -1.672002e+01 4.400000e+00 -1.359793e+01
      vertex   -2.248976e+00 4.400000e+00 -1.178737e+01
      vertex   -1.354520e+00 4.400000e+00 -1.192331e+01
    endloop
  endfacet
  facet normal -0.000000e+00 1.000000e+00 0.000000e+00
    outer loop
      vertex   -1.672002e+01 4.400000e+00 -1.359793e+01
      vertex   -1.354520e+00 4.400000e+00 -1.192331e+01
      vertex   -1.650452e+01 4.400000e+00 -1.427166e+01
    endloop
  endfacet
  facet normal -0.000000e+00 1.000000e+00 0.000000e+00
    outer loop
      vertex   -1.650452e+01 4.400000e+00 -1.427166e+01
      vertex   -1.354520e+00 4.400000e+00 -1.192331e+01
      vertex   -1.623036e+01 4.400000e+00 -1.492372e+01
    endloop
  endfacet
  facet normal 0.000000e+00 1.000000e+00 0.000000e+00
    outer loop
      vertex   -1.623036e+01 4.400000e+00 -1.492372e+01
      vertex   -1.354520e+00 4.400000e+00 -1.192331e+01
      vertex   -4.523636e-01 4.400000e+00 -1.199147e+01
    endloop
  endfacet
  facet normal -0.000000e+00 1.000000e+00 0.000000e+00
    outer loop
      vertex   -1.623036e+01 4.400000e+00 -1.492372e+01
      vertex   -4.523636e-01 4.400000e+00 -1.199147e+01
      vertex   -1.589967e+01 4.400000e+00 -1.554902e+01
    endloop
  endfacet
  facet normal -0.000000e+00 1.000000e+00 0.000000e+00
    outer loop
      vertex   -1.589967e+01 4.400000e+00 -1.554902e+01
      vertex   -4.523636e-01 4.400000e+00 -1.199147e+01
      vertex   -1.551504e+01 4.400000e+00 -1.614266e+01
    endloop
  endfacet
  facet normal 0.000000e+00 1.000000e+00 0.000000e+00
    outer loop
      vertex   -1.551504e+01 4.400000e+00 -1.614266e+01
      vertex   -4.523636e-01 4.400000e+00 -1.199147e+01
      vertex   1.551504e+01 4.400000e+00 -1.614266e+01
    endloop
  endfacet
  facet normal -0.000000e+00 1.000000e+00 0.000000e+00
    outer loop
      vertex   -1.551504e+01 4.400000e+00 -1.614266e+01
      vertex   1.551504e+01 4.400000e+00 -1.614266e+01
      vertex   -1.507947e+01 4.400000e+00 -1.670000e+01
    endloop
  endfacet
  facet normal 0.000000e+00 1.000000e+00 0.000000e+00
    outer loop
      vertex   -1.507947e+01 4.400000e+00 -1.670000e+01
      vertex   1.551504e+01 4.400000e+00 -1.614266e+01
      vertex   1.507947e+01 4.400000e+00 -1.670000e+01
    endloop
  endfacet
  facet normal -0.000000e+00 1.000000e+00 0.000000e+00
    outer loop
      vertex   -4.523636e-01 4.400000e+00 -1.199147e+01
      vertex   4.523636e-01 4.400000e+00 -1.199147e+01
      vertex   1.551504e+01 4.400000e+00 -1.614266e+01
    endloop
  endfacet
  facet normal 0.000000e+00 1.000000e+00 -0.000000e+00
    outer loop
      vertex   1.551504e+01 4.400000e+00 -1.614266e+01
      vertex   4.523636e-01 4.400000e+00 -1.199147e+01
      vertex   1.589967e+01 4.400000e+00 -1.554902e+01
    endloop
  endfacet
  facet normal 0.000000e+00 1.000000e+00 -0.000000e+00
    outer loop
      vertex   1.589967e+01 4.400000e+00 -1.554902e+01
      vertex   4.523636e-01 4.400000e+00 -1.199147e+01
      vertex   1.623036e+01 4.400000e+00 -1.492372e+01
    endloop
  endfacet
  facet normal 0.000000e+00 1.000000e+00 0.000000e+00
    outer loop
      vertex   1.623036e+01 4.400000e+00 -1.492372e+01
      vertex   4.523636e-01 4.400000e+00 -1.199147e+01
      vertex   1.354520e+00 4.400000e+00 -1.192331e+01
    endloop
  endfacet
  facet normal 0.000000e+00 1.000000e+00 -0.000000e+00
    outer loop
      vertex   1.623036e+01 4.400000e+00 -1.492372e+01
      vertex   1.354520e+00 4.400000e+00 -1.192331e+01
      vertex   1.650452e+01 4.400000e+00 -1.427166e+01
    endloop
  endfacet
  facet normal 0.000000e+00 1.000000e+00 -0.000000e+00
    outer loop
      vertex   1.650452e+01 4.400000e+00 -1.427166e+01
      vertex   1.354520e+00 4.400000e+00 -1.192331e+01
      vertex   1.672002e+01 4.400000e+00 -1.359793e+01
    endloop
  endfacet
  facet normal 0.000000e+00 1.000000e+00 0.000000e+00
    outer loop
      vertex   1.672002e+01 4.400000e+00 -1.359793e+01
      vertex   1.354520e+00 4.400000e+00 -1.192331e+01
      vertex   2.248976e+00 4.400000e+00 -1.178737e+01
    endloop
  endfacet
  facet normal 0.000000e+00 1.000000e+00 -0.000000e+00
    outer loop
      vertex   1.672002e+01 4.400000e+00 -1.359793e+01
      vertex   2.248976e+00 4.400000e+00 -1.178737e+01
      vertex   1.687516e+01 4.400000e+00 -1.290780e+01
    endloop
  endfacet
  facet normal 0.000000e+00 1.000000e+00 0.000000e+00
    outer loop
      vertex   1.687516e+01 4.400000e+00 -1.290780e+01
      vertex   2.248976e+00 4.400000e+00 -1.178737e+01
      vertex   3.130649e+00 4.400000e+00 -1.158443e+01
    endloop
  endfacet
  facet normal 0.000000e+00 1.000000e+00 -0.000000e+00
    outer loop
      vertex   1.687516e+01 4.400000e+00 -1.290780e+01
      vertex   3.130649e+00 4.400000e+00 -1.158443e+01
      vertex   1.696873e+01 4.400000e+00 -1.220666e+01
    endloop
  endfacet
  facet normal 0.000000e+00 1.000000e+00 0.000000e+00
    outer loop
      vertex   1.696873e+01 4.400000e+00 -1.220666e+01
      vertex   3.130649e+00 4.400000e+00 -1.158443e+01
      vertex   3.994526e+00 4.400000e+00 -1.131564e+01
    endloop
  endfacet
  facet normal 0.000000e+00 1.000000e+00 0.000000e+00
    outer loop
      vertex   1.696873e+01 4.400000e+00 -1.220666e+01
      vertex   3.994526e+00 4.400000e+00 -1.131564e+01
      vertex   4.835698e+00 4.400000e+00 -1.098253e+01
    endloop
  endfacet
  facet normal 0.000000e+00 1.000000e+00 -0.000000e+00
    outer loop
      vertex   1.696873e+01 4.400000e+00 -1.220666e+01
      vertex   4.835698e+00 4.400000e+00 -1.098253e+01
      vertex   1.700000e+01 4.400000e+00 -1.150000e+01
    endloop
  endfacet
  facet normal 0.000000e+00 1.000000e+00 0.000000e+00
    outer loop
      vertex   1.700000e+01 4.400000e+00 -1.150000e+01
      vertex   4.835698e+00 4.400000e+00 -1.098253e+01
      vertex   5.649382e+00 4.400000e+00 -1.058700e+01
    endloop
  endfacet
  facet normal 0.000000e+00 1.000000e+00 0.000000e+00
    outer loop
      vertex   1.700000e+01 4.400000e+00 -1.150000e+01
      vertex   5.649382e+00 4.400000e+00 -1.058700e+01
      vertex   6.430953e+00 4.400000e+00 -1.013128e+01
    endloop
  endfacet
  facet normal -0.000000e+00 1.000000e+00 0.000000e+00
    outer loop
      vertex   6.430953e+00 4.400000e+00 -1.013128e+01
      vertex   7.175970e+00 4.400000e+00 -9.617976e+00
      vertex   1.700000e+01 4.400000e+00 -1.150000e+01
    endloop
  endfacet
  facet normal 0.000000e+00 1.000000e+00 -0.000000e+00
    outer loop
      vertex   1.700000e+01 4.400000e+00 -1.150000e+01
      vertex   7.175970e+00 4.400000e+00 -9.617976e+00
      vertex   1.700000e+01 4.400000e+00 -9.050000e+00
    endloop
  endfacet
  facet normal 0.000000e+00 1.000000e+00 0.000000e+00
    outer loop
      vertex   1.700000e+01 4.400000e+00 -9.050000e+00
      vertex   7.175970e+00 4.400000e+00 -9.617976e+00
      vertex   7.880197e+00 4.400000e+00 -9.050000e+00
    endloop
  endfacet
  facet normal 0.000000e+00 0.000000e+00 -1.000000e+00
    outer loop
      vertex   7.880197e+00 4.400000e+00 -9.050000e+00
      vertex   7.880197e+00 8.600000e+00 -9.050000e+00
      vertex   1.700000e+01 4.400000e+00 -9.050000e+00
    endloop
  endfacet
  facet normal 0.000000e+00 0.000000e+00 -1.000000e+00
    outer loop
      vertex   1.700000e+01 4.400000e+00 -9.050000e+00
      vertex   7.880197e+00 8.600000e+00 -9.050000e+00
      vertex   1.700000e+01 8.600000e+00 -9.050000e+00
    endloop
  endfacet
  facet normal 0.000000e+00 -1.000000e+00 -1.464094e-14
    outer loop
      vertex   7.880197e+00 8.600000e+00 -9.050000e+00
      vertex   7.285453e+00 8.600000e+00 -9.535312e+00
      vertex   1.700000e+01 8.600000e+00 -9.050000e+00
    endloop
  endfacet
  facet normal -7.314214e-16 -1.000000e+00 -0.000000e+00
    outer loop
      vertex   1.700000e+01 8.600000e+00 -9.050000e+00
      vertex   7.285453e+00 8.600000e+00 -9.535312e+00
      vertex   1.700000e+01 8.600000e+00 -1.075000e+01
    endloop
  endfacet
  facet normal -6.224959e-16 -1.000000e+00 8.711385e-16
    outer loop
      vertex   1.700000e+01 8.600000e+00 -1.075000e+01
      vertex   7.285453e+00 8.600000e+00 -9.535312e+00
      vertex   6.660897e+00 8.600000e+00 -9.981606e+00
    endloop
  endfacet
  facet normal -6.138917e-16 -1.000000e+00 9.869118e-16
    outer loop
      vertex   1.700000e+01 8.600000e+00 -1.075000e+01
      vertex   6.660897e+00 8.600000e+00 -9.981606e+00
      vertex   6.009084e+00 8.600000e+00 -1.038705e+01
    endloop
  endfacet
  facet normal 0.000000e+00 -1.000000e+00 1.957714e-14
    outer loop
      vertex   6.009084e+00 8.600000e+00 -1.038705e+01
      vertex   5.332682e+00 8.600000e+00 -1.075000e+01
      vertex   1.700000e+01 8.600000e+00 -1.075000e+01
    endloop
  endfacet
  facet normal -9.990223e-01 -0.000000e+00 -4.420961e-02
    outer loop
      vertex   -1.700000e+01 4.400000e+00 -1.150000e+01
      vertex   -1.696873e+01 4.400000e+00 -1.220666e+01
      vertex   -1.700000e+01 0.000000e+00 -1.150000e+01
    endloop
  endfacet
  facet normal -9.989329e-01 -3.176442e-04 -4.618346e-02
    outer loop
      vertex   -1.700000e+01 0.000000e+00 -1.150000e+01
      vertex   -1.696873e+01 4.400000e+00 -1.220666e+01
      vertex   -1.696587e+01 0.000000e+00 -1.223815e+01
    endloop
  endfacet
  facet normal -9.912119e-01 3.034610e-04 -1.322832e-01
    outer loop
      vertex   -1.696587e+01 0.000000e+00 -1.223815e+01
      vertex   -1.696873e+01 4.400000e+00 -1.220666e+01
      vertex   -1.687516e+01 4.400000e+00 -1.290780e+01
    endloop
  endfacet
  facet normal -9.904102e-01 -6.069206e-04 -1.381563e-01
    outer loop
      vertex   -1.696587e+01 0.000000e+00 -1.223815e+01
      vertex   -1.687516e+01 4.400000e+00 -1.290780e+01
      vertex   -1.686378e+01 0.000000e+00 -1.297000e+01
    endloop
  endfacet
  facet normal -9.756522e-01 5.785519e-04 -2.193226e-01
    outer loop
      vertex   -1.686378e+01 0.000000e+00 -1.297000e+01
      vertex   -1.687516e+01 4.400000e+00 -1.290780e+01
      vertex   -1.672002e+01 4.400000e+00 -1.359793e+01
    endloop
  endfacet
  facet normal -9.734377e-01 -8.678248e-04 -2.289505e-01
    outer loop
      vertex   -1.686378e+01 0.000000e+00 -1.297000e+01
      vertex   -1.672002e+01 4.400000e+00 -1.359793e+01
      vertex   -1.669461e+01 0.000000e+00 -1.368930e+01
    endloop
  endfacet
  facet normal -9.524649e-01 8.252684e-04 -3.046473e-01
    outer loop
      vertex   -1.669461e+01 0.000000e+00 -1.368930e+01
      vertex   -1.672002e+01 4.400000e+00 -1.359793e+01
      vertex   -1.650452e+01 4.400000e+00 -1.427166e+01
    endloop
  endfacet
  facet normal -9.481601e-01 -1.100353e-03 -3.177912e-01
    outer loop
      vertex   -1.669461e+01 0.000000e+00 -1.368930e+01
      vertex   -1.650452e+01 4.400000e+00 -1.427166e+01
      vertex   -1.645978e+01 0.000000e+00 -1.438993e+01
    endloop
  endfacet
  facet normal -9.218312e-01 1.043607e-03 -3.875902e-01
    outer loop
      vertex   -1.645978e+01 0.000000e+00 -1.438993e+01
      vertex   -1.650452e+01 4.400000e+00 -1.427166e+01
      vertex   -1.623036e+01 4.400000e+00 -1.492372e+01
    endloop
  endfacet
  facet normal -9.147931e-01 -1.304500e-03 -4.039207e-01
    outer loop
      vertex   -1.645978e+01 0.000000e+00 -1.438993e+01
      vertex   -1.623036e+01 4.400000e+00 -1.492372e+01
      vertex   -1.616131e+01 0.000000e+00 -1.506591e+01
    endloop
  endfacet
  facet normal -8.839907e-01 1.233563e-03 -4.675029e-01
    outer loop
      vertex   -1.616131e+01 0.000000e+00 -1.506591e+01
      vertex   -1.623036e+01 4.400000e+00 -1.492372e+01
      vertex   -1.589967e+01 4.400000e+00 -1.554902e+01
    endloop
  endfacet
  facet normal -8.736214e-01 -1.480265e-03 -4.866039e-01
    outer loop
      vertex   -1.616131e+01 0.000000e+00 -1.506591e+01
      vertex   -1.589967e+01 4.400000e+00 -1.554902e+01
      vertex   -1.580174e+01 0.000000e+00 -1.571146e+01
    endloop
  endfacet
  facet normal -8.392391e-01 1.395136e-03 -5.437607e-01
    outer loop
      vertex   -1.580174e+01 0.000000e+00 -1.571146e+01
      vertex   -1.589967e+01 4.400000e+00 -1.554902e+01
      vertex   -1.551504e+01 4.400000e+00 -1.614266e+01
    endloop
  endfacet
  facet normal -8.249964e-01 -1.627644e-03 -5.651357e-01
    outer loop
      vertex   -1.580174e+01 0.000000e+00 -1.571146e+01
      vertex   -1.551504e+01 4.400000e+00 -1.614266e+01
      vertex   -1.538414e+01 0.000000e+00 -1.632108e+01
    endloop
  endfacet
  facet normal -7.879265e-01 1.528321e-03 -6.157674e-01
    outer loop
      vertex   -1.538414e+01 0.000000e+00 -1.632108e+01
      vertex   -1.551504e+01 4.400000e+00 -1.614266e+01
      vertex   -1.507947e+01 4.400000e+00 -1.670000e+01
    endloop
  endfacet
  facet normal -7.693328e-01 -1.746635e-03 -6.388458e-01
    outer loop
      vertex   -1.538414e+01 0.000000e+00 -1.632108e+01
      vertex   -1.507947e+01 4.400000e+00 -1.670000e+01
      vertex   -1.491207e+01 0.000000e+00 -1.688957e+01
    endloop
  endfacet
  facet normal -7.504321e-01 -7.533420e-05 -6.609475e-01
    outer loop
      vertex   -1.491207e+01 0.000000e+00 -1.688957e+01
      vertex   -1.507947e+01 4.400000e+00 -1.670000e+01
      vertex   -1.494905e+01 1.000000e+01 -1.684872e+01
    endloop
  endfacet
  facet normal -7.116909e-01 2.375962e-04 -7.024927e-01
    outer loop
      vertex   -1.491207e+01 0.000000e+00 -1.688957e+01
      vertex   -1.494905e+01 1.000000e+01 -1.684872e+01
      vertex   -1.442565e+01 1.000000e+01 -1.737897e+01
    endloop
  endfacet
  facet normal -7.518400e-01 0.000000e+00 -6.593456e-01
    outer loop
      vertex   -1.507947e+01 4.400000e+00 -1.670000e+01
      vertex   -1.507947e+01 8.600000e+00 -1.670000e+01
      vertex   -1.494905e+01 1.000000e+01 -1.684872e+01
    endloop
  endfacet
  facet normal -7.739486e-01 4.833934e-03 -6.332300e-01
    outer loop
      vertex   -1.494905e+01 1.000000e+01 -1.684872e+01
      vertex   -1.507947e+01 8.600000e+00 -1.670000e+01
      vertex   -1.542084e+01 1.000000e+01 -1.627209e+01
    endloop
  endfacet
  facet normal -7.868367e-01 -3.222689e-03 -6.171528e-01
    outer loop
      vertex   -1.542084e+01 1.000000e+01 -1.627209e+01
      vertex   -1.507947e+01 8.600000e+00 -1.670000e+01
      vertex   -1.549863e+01 8.600000e+00 -1.616560e+01
    endloop
  endfacet
  facet normal -8.295060e-01 3.610631e-03 -5.584861e-01
    outer loop
      vertex   -1.542084e+01 1.000000e+01 -1.627209e+01
      vertex   -1.549863e+01 8.600000e+00 -1.616560e+01
      vertex   -1.583694e+01 1.000000e+01 -1.565406e+01
    endloop
  endfacet
  facet normal -8.363514e-01 -1.805340e-03 -5.481908e-01
    outer loop
      vertex   -1.583694e+01 1.000000e+01 -1.565406e+01
      vertex   -1.549863e+01 8.600000e+00 -1.616560e+01
      vertex   -1.587095e+01 8.600000e+00 -1.559756e+01
    endloop
  endfacet
  facet normal -8.778687e-01 1.999284e-03 -4.788971e-01
    outer loop
      vertex   -1.583694e+01 1.000000e+01 -1.565406e+01
      vertex   -1.587095e+01 8.600000e+00 -1.559756e+01
      vertex   -1.619375e+01 1.000000e+01 -1.500000e+01
    endloop
  endfacet
  facet normal -8.798367e-01 -0.000000e+00 -4.752762e-01
    outer loop
      vertex   -1.619375e+01 1.000000e+01 -1.500000e+01
      vertex   -1.587095e+01 8.600000e+00 -1.559756e+01
      vertex   -1.619375e+01 8.600000e+00 -1.500000e+01
    endloop
  endfacet
  facet normal -7.071068e-01 -2.111968e-04 -7.071068e-01
    outer loop
      vertex   -1.491207e+01 0.000000e+00 -1.688957e+01
      vertex   -1.442565e+01 1.000000e+01 -1.737897e+01
      vertex   -1.438957e+01 0.000000e+00 -1.741207e+01
    endloop
  endfacet
  facet normal -6.432514e-01 2.130687e-04 -7.656550e-01
    outer loop
      vertex   -1.438957e+01 0.000000e+00 -1.741207e+01
      vertex   -1.442565e+01 1.000000e+01 -1.737897e+01
      vertex   -1.385520e+01 1.000000e+01 -1.785822e+01
    endloop
  endfacet
  facet normal -6.388468e-01 -1.864351e-04 -7.693340e-01
    outer loop
      vertex   -1.438957e+01 0.000000e+00 -1.741207e+01
      vertex   -1.385520e+01 1.000000e+01 -1.785822e+01
      vertex   -1.382108e+01 0.000000e+00 -1.788414e+01
    endloop
  endfacet
  facet normal -5.692327e-01 1.880730e-04 -8.221764e-01
    outer loop
      vertex   -1.382108e+01 0.000000e+00 -1.788414e+01
      vertex   -1.385520e+01 1.000000e+01 -1.785822e+01
      vertex   -1.324264e+01 1.000000e+01 -1.828233e+01
    endloop
  endfacet
  facet normal -5.651364e-01 -1.612055e-04 -8.249975e-01
    outer loop
      vertex   -1.382108e+01 0.000000e+00 -1.788414e+01
      vertex   -1.324264e+01 1.000000e+01 -1.828233e+01
      vertex   -1.321146e+01 0.000000e+00 -1.830174e+01
    endloop
  endfacet
  facet normal -4.902768e-01 1.626094e-04 -8.715667e-01
    outer loop
      vertex   -1.321146e+01 0.000000e+00 -1.830174e+01
      vertex   -1.324264e+01 1.000000e+01 -1.828233e+01
      vertex   -1.259328e+01 1.000000e+01 -1.864761e+01
    endloop
  endfacet
  facet normal -4.866045e-01 -1.355079e-04 -8.736224e-01
    outer loop
      vertex   -1.321146e+01 0.000000e+00 -1.830174e+01
      vertex   -1.259328e+01 1.000000e+01 -1.864761e+01
      vertex   -1.256591e+01 0.000000e+00 -1.866131e+01
    endloop
  endfacet
  facet normal -4.070686e-01 1.366778e-04 -9.133976e-01
    outer loop
      vertex   -1.256591e+01 0.000000e+00 -1.866131e+01
      vertex   -1.259328e+01 1.000000e+01 -1.864761e+01
      vertex   -1.191275e+01 1.000000e+01 -1.895090e+01
    endloop
  endfacet
  facet normal -4.039210e-01 -1.093422e-04 -9.147939e-01
    outer loop
      vertex   -1.256591e+01 0.000000e+00 -1.866131e+01
      vertex   -1.191275e+01 1.000000e+01 -1.895090e+01
      vertex   -1.188993e+01 0.000000e+00 -1.895978e+01
    endloop
  endfacet
  facet normal -3.203296e-01 1.102781e-04 -9.473061e-01
    outer loop
      vertex   -1.188993e+01 0.000000e+00 -1.895978e+01
      vertex   -1.191275e+01 1.000000e+01 -1.895090e+01
      vertex   -1.120696e+01 1.000000e+01 -1.918956e+01
    endloop
  endfacet
  facet normal -3.177914e-01 -8.270860e-05 -9.481606e-01
    outer loop
      vertex   -1.188993e+01 0.000000e+00 -1.895978e+01
      vertex   -1.120696e+01 1.000000e+01 -1.918956e+01
      vertex   -1.118930e+01 0.000000e+00 -1.919461e+01
    endloop
  endfacet
  facet normal -2.308123e-01 8.341051e-05 -9.729983e-01
    outer loop
      vertex   -1.118930e+01 0.000000e+00 -1.919461e+01
      vertex   -1.120696e+01 1.000000e+01 -1.918956e+01
      vertex   -1.048203e+01 1.000000e+01 -1.936153e+01
    endloop
  endfacet
  facet normal -2.289505e-01 -5.560701e-05 -9.734381e-01
    outer loop
      vertex   -1.118930e+01 0.000000e+00 -1.919461e+01
      vertex   -1.048203e+01 1.000000e+01 -1.936153e+01
      vertex   -1.047000e+01 0.000000e+00 -1.936378e+01
    endloop
  endfacet
  facet normal -1.392930e-01 5.607494e-05 -9.902512e-01
    outer loop
      vertex   -1.047000e+01 0.000000e+00 -1.936378e+01
      vertex   -1.048203e+01 1.000000e+01 -1.936153e+01
      vertex   -9.744242e+00 1.000000e+01 -1.946531e+01
    endloop
  endfacet
  facet normal -1.381564e-01 -2.803747e-05 -9.904104e-01
    outer loop
      vertex   -1.047000e+01 0.000000e+00 -1.936378e+01
      vertex   -9.744242e+00 1.000000e+01 -1.946531e+01
      vertex   -9.738147e+00 0.000000e+00 -1.946587e+01
    endloop
  endfacet
  facet normal -4.656564e-02 2.827143e-05 -9.989152e-01
    outer loop
      vertex   -9.738147e+00 0.000000e+00 -1.946587e+01
      vertex   -9.744242e+00 1.000000e+01 -1.946531e+01
      vertex   -9.000000e+00 1.000000e+01 -1.950000e+01
    endloop
  endfacet
  facet normal -4.618346e-02 8.181368e-18 -9.989330e-01
    outer loop
      vertex   -9.738147e+00 0.000000e+00 -1.946587e+01
      vertex   -9.000000e+00 1.000000e+01 -1.950000e+01
      vertex   -9.000000e+00 0.000000e+00 -1.950000e+01
    endloop
  endfacet
  facet normal 5.484700e-17 1.000000e+00 2.745823e-15
    outer loop
      vertex   -1.619375e+01 1.000000e+01 -1.500000e+01
      vertex   1.619375e+01 1.000000e+01 -1.500000e+01
      vertex   -1.583694e+01 1.000000e+01 -1.565406e+01
    endloop
  endfacet
  facet normal -6.092605e-31 1.000000e+00 5.431805e-15
    outer loop
      vertex   -1.583694e+01 1.000000e+01 -1.565406e+01
      vertex   1.619375e+01 1.000000e+01 -1.500000e+01
      vertex   1.583694e+01 1.000000e+01 -1.565406e+01
    endloop
  endfacet
  facet normal -0.000000e+00 1.000000e+00 0.000000e+00
    outer loop
      vertex   -1.583694e+01 1.000000e+01 -1.565406e+01
      vertex   1.583694e+01 1.000000e+01 -1.565406e+01
      vertex   -1.542084e+01 1.000000e+01 -1.627209e+01
    endloop
  endfacet
  facet normal 0.000000e+00 1.000000e+00 0.000000e+00
    outer loop
      vertex   -1.542084e+01 1.000000e+01 -1.627209e+01
      vertex   1.583694e+01 1.000000e+01 -1.565406e+01
      vertex   1.542084e+01 1.000000e+01 -1.627209e+01
    endloop
  endfacet
  facet normal -0.000000e+00 1.000000e+00 0.000000e+00
    outer loop
      vertex   -1.542084e+01 1.000000e+01 -1.627209e+01
      vertex   1.542084e+01 1.000000e+01 -1.627209e+01
      vertex   -1.494905e+01 1.000000e+01 -1.684872e+01
    endloop
  endfacet
  facet normal 0.000000e+00 1.000000e+00 0.000000e+00
    outer loop
      vertex   -1.494905e+01 1.000000e+01 -1.684872e+01
      vertex   1.542084e+01 1.000000e+01 -1.627209e+01
      vertex   1.494905e+01 1.000000e+01 -1.684872e+01
    endloop
  endfacet
  facet normal -0.000000e+00 1.000000e+00 0.000000e+00
    outer loop
      vertex   -1.494905e+01 1.000000e+01 -1.684872e+01
      vertex   1.494905e+01 1.000000e+01 -1.684872e+01
      vertex   -1.442565e+01 1.000000e+01 -1.737897e+01
    endloop
  endfacet
  facet normal 0.000000e+00 1.000000e+00 0.000000e+00
    outer loop
      vertex   -1.442565e+01 1.000000e+01 -1.737897e+01
      vertex   1.494905e+01 1.000000e+01 -1.684872e+01
      vertex   1.442565e+01 1.000000e+01 -1.737897e+01
    endloop
  endfacet
  facet normal -0.000000e+00 1.000000e+00 0.000000e+00
    outer loop
      vertex   -1.442565e+01 1.000000e+01 -1.737897e+01
      vertex   1.442565e+01 1.000000e+01 -1.737897e+01
      vertex   -1.385520e+01 1.000000e+01 -1.785822e+01
    endloop
  endfacet
  facet normal 0.000000e+00 1.000000e+00 0.000000e+00
    outer loop
      vertex   -1.385520e+01 1.000000e+01 -1.785822e+01
      vertex   1.442565e+01 1.000000e+01 -1.737897e+01
      vertex   1.385520e+01 1.000000e+01 -1.785822e+01
    endloop
  endfacet
  facet normal -0.000000e+00 1.000000e+00 0.000000e+00
    outer loop
      vertex   -1.385520e+01 1.000000e+01 -1.785822e+01
      vertex   1.385520e+01 1.000000e+01 -1.785822e+01
      vertex   -1.324264e+01 1.000000e+01 -1.828233e+01
    endloop
  endfacet
  facet normal 0.000000e+00 1.000000e+00 0.000000e+00
    outer loop
      vertex   -1.324264e+01 1.000000e+01 -1.828233e+01
      vertex   1.385520e+01 1.000000e+01 -1.785822e+01
      vertex   1.324264e+01 1.000000e+01 -1.828233e+01
    endloop
  endfacet
  facet normal -0.000000e+00 1.000000e+00 0.000000e+00
    outer loop
      vertex   -1.324264e+01 1.000000e+01 -1.828233e+01
      vertex   1.324264e+01 1.000000e+01 -1.828233e+01
      vertex   -1.259328e+01 1.000000e+01 -1.864761e+01
    endloop
  endfacet
  facet normal 0.000000e+00 1.000000e+00 0.000000e+00
    outer loop
      vertex   -1.259328e+01 1.000000e+01 -1.864761e+01
      vertex   1.324264e+01 1.000000e+01 -1.828233e+01
      vertex   1.259328e+01 1.000000e+01 -1.864761e+01
    endloop
  endfacet
  facet normal -0.000000e+00 1.000000e+00 0.000000e+00
    outer loop
      vertex   -1.259328e+01 1.000000e+01 -1.864761e+01
      vertex   1.259328e+01 1.000000e+01 -1.864761e+01
      vertex   -9.000000e+00 1.000000e+01 -1.950000e+01
    endloop
  endfacet
  facet normal 0.000000e+00 1.000000e+00 0.000000e+00
    outer loop
      vertex   -9.000000e+00 1.000000e+01 -1.950000e+01
      vertex   1.259328e+01 1.000000e+01 -1.864761e+01
      vertex   9.000000e+00 1.000000e+01 -1.950000e+01
    endloop
  endfacet
  facet normal 0.000000e+00 1.000000e+00 0.000000e+00
    outer loop
      vertex   9.000000e+00 1.000000e+01 -1.950000e+01
      vertex   1.259328e+01 1.000000e+01 -1.864761e+01
      vertex   1.191275e+01 1.000000e+01 -1.895090e+01
    endloop
  endfacet
  facet normal 0.000000e+00 1.000000e+00 0.000000e+00
    outer loop
      vertex   9.000000e+00 1.000000e+01 -1.950000e+01
      vertex   1.191275e+01 1.000000e+01 -1.895090e+01
      vertex   1.120696e+01 1.000000e+01 -1.918956e+01
    endloop
  endfacet
  facet normal 0.000000e+00 1.000000e+00 0.000000e+00
    outer loop
      vertex   1.120696e+01 1.000000e+01 -1.918956e+01
      vertex   1.048203e+01 1.000000e+01 -1.936153e+01
      vertex   9.000000e+00 1.000000e+01 -1.950000e+01
    endloop
  endfacet
  facet normal 0.000000e+00 1.000000e+00 0.000000e+00
    outer loop
      vertex   9.000000e+00 1.000000e+01 -1.950000e+01
      vertex   1.048203e+01 1.000000e+01 -1.936153e+01
      vertex   9.744242e+00 1.000000e+01 -1.946531e+01
    endloop
  endfacet
  facet normal -0.000000e+00 1.000000e+00 -0.000000e+00
    outer loop
      vertex   -9.744242e+00 1.000000e+01 -1.946531e+01
      vertex   -1.048203e+01 1.000000e+01 -1.936153e+01
      vertex   -9.000000e+00 1.000000e+01 -1.950000e+01
    endloop
  endfacet
  facet normal 0.000000e+00 1.000000e+00 0.000000e+00
    outer loop
      vertex   -9.000000e+00 1.000000e+01 -1.950000e+01
      vertex   -1.048203e+01 1.000000e+01 -1.936153e+01
      vertex   -1.120696e+01 1.000000e+01 -1.918956e+01
    endloop
  endfacet
  facet normal 0.000000e+00 1.000000e+00 0.000000e+00
    outer loop
      vertex   -9.000000e+00 1.000000e+01 -1.950000e+01
      vertex   -1.120696e+01 1.000000e+01 -1.918956e+01
      vertex   -1.191275e+01 1.000000e+01 -1.895090e+01
    endloop
  endfacet
  facet normal -0.000000e+00 1.000000e+00 -0.000000e+00
    outer loop
      vertex   -1.191275e+01 1.000000e+01 -1.895090e+01
      vertex   -1.259328e+01 1.000000e+01 -1.864761e+01
      vertex   -9.000000e+00 1.000000e+01 -1.950000e+01
    endloop
  endfacet
  facet normal 0.000000e+00 0.000000e+00 1.000000e+00
    outer loop
      vertex   -9.000000e+00 0.000000e+00 1.950000e+01
      vertex   9.000000e+00 0.000000e+00 1.950000e+01
      vertex   -9.000000e+00 1.000000e+01 1.950000e+01
    endloop
  endfacet
  facet normal -0.000000e+00 0.000000e+00 1.000000e+00
    outer loop
      vertex   -9.000000e+00 1.000000e+01 1.950000e+01
      vertex   9.000000e+00 0.000000e+00 1.950000e+01
      vertex   9.000000e+00 1.000000e+01 1.950000e+01
    endloop
  endfacet
  facet normal -7.879265e-01 1.528321e-03 6.157674e-01
    outer loop
      vertex   -1.551504e+01 4.400000e+00 1.614266e+01
      vertex   -1.538414e+01 0.000000e+00 1.632108e+01
      vertex   -1.507947e+01 4.400000e+00 1.670000e+01
    endloop
  endfacet
  facet normal -7.693328e-01 -1.746635e-03 6.388458e-01
    outer loop
      vertex   -1.507947e+01 4.400000e+00 1.670000e+01
      vertex   -1.538414e+01 0.000000e+00 1.632108e+01
      vertex   -1.491207e+01 0.000000e+00 1.688957e+01
    endloop
  endfacet
  facet normal -7.504321e-01 -7.533420e-05 6.609475e-01
    outer loop
      vertex   -1.507947e+01 4.400000e+00 1.670000e+01
      vertex   -1.491207e+01 0.000000e+00 1.688957e+01
      vertex   -1.494905e+01 1.000000e+01 1.684872e+01
    endloop
  endfacet
  facet normal -7.116909e-01 2.375962e-04 7.024927e-01
    outer loop
      vertex   -1.494905e+01 1.000000e+01 1.684872e+01
      vertex   -1.491207e+01 0.000000e+00 1.688957e+01
      vertex   -1.442565e+01 1.000000e+01 1.737897e+01
    endloop
  endfacet
  facet normal -7.071068e-01 -2.111968e-04 7.071068e-01
    outer loop
      vertex   -1.442565e+01 1.000000e+01 1.737897e+01
      vertex   -1.491207e+01 0.000000e+00 1.688957e+01
      vertex   -1.438957e+01 0.000000e+00 1.741207e+01
    endloop
  endfacet
  facet normal -6.432514e-01 2.130687e-04 7.656550e-01
    outer loop
      vertex   -1.442565e+01 1.000000e+01 1.737897e+01
      vertex   -1.438957e+01 0.000000e+00 1.741207e+01
      vertex   -1.385520e+01 1.000000e+01 1.785822e+01
    endloop
  endfacet
  facet normal -6.388468e-01 -1.864351e-04 7.693340e-01
    outer loop
      vertex   -1.385520e+01 1.000000e+01 1.785822e+01
      vertex   -1.438957e+01 0.000000e+00 1.741207e+01
      vertex   -1.382108e+01 0.000000e+00 1.788414e+01
    endloop
  endfacet
  facet normal -5.692327e-01 1.880730e-04 8.221764e-01
    outer loop
      vertex   -1.385520e+01 1.000000e+01 1.785822e+01
      vertex   -1.382108e+01 0.000000e+00 1.788414e+01
      vertex   -1.324264e+01 1.000000e+01 1.828233e+01
    endloop
  endfacet
  facet normal -5.651364e-01 -1.612055e-04 8.249975e-01
    outer loop
      vertex   -1.324264e+01 1.000000e+01 1.828233e+01
      vertex   -1.382108e+01 0.000000e+00 1.788414e+01
      vertex   -1.321146e+01 0.000000e+00 1.830174e+01
    endloop
  endfacet
  facet normal -4.902768e-01 1.626094e-04 8.715667e-01
    outer loop
      vertex   -1.324264e+01 1.000000e+01 1.828233e+01
      vertex   -1.321146e+01 0.000000e+00 1.830174e+01
      vertex   -1.259328e+01 1.000000e+01 1.864761e+01
    endloop
  endfacet
  facet normal -4.866045e-01 -1.355079e-04 8.736224e-01
    outer loop
      vertex   -1.259328e+01 1.000000e+01 1.864761e+01
      vertex   -1.321146e+01 0.000000e+00 1.830174e+01
      vertex   -1.256591e+01 0.000000e+00 1.866131e+01
    endloop
  endfacet
  facet normal -4.070686e-01 1.366778e-04 9.133976e-01
    outer loop
      vertex   -1.259328e+01 1.000000e+01 1.864761e+01
      vertex   -1.256591e+01 0.000000e+00 1.866131e+01
      vertex   -1.191275e+01 1.000000e+01 1.895090e+01
    endloop
  endfacet
  facet normal -4.039210e-01 -1.093422e-04 9.147939e-01
    outer loop
      vertex   -1.191275e+01 1.000000e+01 1.895090e+01
      vertex   -1.256591e+01 0.000000e+00 1.866131e+01
      vertex   -1.188993e+01 0.000000e+00 1.895978e+01
    endloop
  endfacet
  facet normal -3.203296e-01 1.102781e-04 9.473061e-01
    outer loop
      vertex   -1.191275e+01 1.000000e+01 1.895090e+01
      vertex   -1.188993e+01 0.000000e+00 1.895978e+01
      vertex   -1.120696e+01 1.000000e+01 1.918956e+01
    endloop
  endfacet
  facet normal -3.177914e-01 -8.270860e-05 9.481606e-01
    outer loop
      vertex   -1.120696e+01 1.000000e+01 1.918956e+01
      vertex   -1.188993e+01 0.000000e+00 1.895978e+01
      vertex   -1.118930e+01 0.000000e+00 1.919461e+01
    endloop
  endfacet
  facet normal -2.308123e-01 8.341051e-05 9.729983e-01
    outer loop
      vertex   -1.120696e+01 1.000000e+01 1.918956e+01
      vertex   -1.118930e+01 0.000000e+00 1.919461e+01
      vertex   -1.048203e+01 1.000000e+01 1.936153e+01
    endloop
  endfacet
  facet normal -2.289505e-01 -5.560701e-05 9.734381e-01
    outer loop
      vertex   -1.048203e+01 1.000000e+01 1.936153e+01
      vertex   -1.118930e+01 0.000000e+00 1.919461e+01
      vertex   -1.047000e+01 0.000000e+00 1.936378e+01
    endloop
  endfacet
  facet normal -1.392930e-01 5.607494e-05 9.902512e-01
    outer loop
      vertex   -1.048203e+01 1.000000e+01 1.936153e+01
      vertex   -1.047000e+01 0.000000e+00 1.936378e+01
      vertex   -9.744242e+00 1.000000e+01 1.946531e+01
    endloop
  endfacet
  facet normal -1.381564e-01 -2.803747e-05 9.904104e-01
    outer loop
      vertex   -9.744242e+00 1.000000e+01 1.946531e+01
      vertex   -1.047000e+01 0.000000e+00 1.936378e+01
      vertex   -9.738147e+00 0.000000e+00 1.946587e+01
    endloop
  endfacet
  facet normal -4.656564e-02 2.827143e-05 9.989152e-01
    outer loop
      vertex   -9.744242e+00 1.000000e+01 1.946531e+01
      vertex   -9.738147e+00 0.000000e+00 1.946587e+01
      vertex   -9.000000e+00 1.000000e+01 1.950000e+01
    endloop
  endfacet
  facet normal -4.618346e-02 8.203830e-18 9.989330e-01
    outer loop
      vertex   -9.000000e+00 1.000000e+01 1.950000e+01
      vertex   -9.738147e+00 0.000000e+00 1.946587e+01
      vertex   -9.000000e+00 0.000000e+00 1.950000e+01
    endloop
  endfacet
  facet normal -8.249964e-01 -1.627644e-03 5.651357e-01
    outer loop
      vertex   -1.538414e+01 0.000000e+00 1.632108e+01
      vertex   -1.551504e+01 4.400000e+00 1.614266e+01
      vertex   -1.580174e+01 0.000000e+00 1.571146e+01
    endloop
  endfacet
  facet normal -8.392391e-01 1.395136e-03 5.437607e-01
    outer loop
      vertex   -1.580174e+01 0.000000e+00 1.571146e+01
      vertex   -1.551504e+01 4.400000e+00 1.614266e+01
      vertex   -1.589967e+01 4.400000e+00 1.554902e+01
    endloop
  endfacet
  facet normal -8.736214e-01 -1.480265e-03 4.866039e-01
    outer loop
      vertex   -1.580174e+01 0.000000e+00 1.571146e+01
      vertex   -1.589967e+01 4.400000e+00 1.554902e+01
      vertex   -1.616131e+01 0.000000e+00 1.506591e+01
    endloop
  endfacet
  facet normal -8.839907e-01 1.233563e-03 4.675029e-01
    outer loop
      vertex   -1.616131e+01 0.000000e+00 1.506591e+01
      vertex   -1.589967e+01 4.400000e+00 1.554902e+01
      vertex   -1.623036e+01 4.400000e+00 1.492372e+01
    endloop
  endfacet
  facet normal -9.147931e-01 -1.304500e-03 4.039207e-01
    outer loop
      vertex   -1.616131e+01 0.000000e+00 1.506591e+01
      vertex   -1.623036e+01 4.400000e+00 1.492372e+01
      vertex   -1.645978e+01 0.000000e+00 1.438993e+01
    endloop
  endfacet
  facet normal -9.218312e-01 1.043607e-03 3.875902e-01
    outer loop
      vertex   -1.645978e+01 0.000000e+00 1.438993e+01
      vertex   -1.623036e+01 4.400000e+00 1.492372e+01
      vertex   -1.650452e+01 4.400000e+00 1.427166e+01
    endloop
  endfacet
  facet normal -9.481601e-01 -1.100353e-03 3.177912e-01
    outer loop
      vertex   -1.645978e+01 0.000000e+00 1.438993e+01
      vertex   -1.650452e+01 4.400000e+00 1.427166e+01
      vertex   -1.669461e+01 0.000000e+00 1.368930e+01
    endloop
  endfacet
  facet normal -9.524649e-01 8.252684e-04 3.046473e-01
    outer loop
      vertex   -1.669461e+01 0.000000e+00 1.368930e+01
      vertex   -1.650452e+01 4.400000e+00 1.427166e+01
      vertex   -1.672002e+01 4.400000e+00 1.359793e+01
    endloop
  endfacet
  facet normal -9.734377e-01 -8.678248e-04 2.289505e-01
    outer loop
      vertex   -1.669461e+01 0.000000e+00 1.368930e+01
      vertex   -1.672002e+01 4.400000e+00 1.359793e+01
      vertex   -1.686378e+01 0.000000e+00 1.297000e+01
    endloop
  endfacet
  facet normal -9.756522e-01 5.785519e-04 2.193226e-01
    outer loop
      vertex   -1.686378e+01 0.000000e+00 1.297000e+01
      vertex   -1.672002e+01 4.400000e+00 1.359793e+01
      vertex   -1.687516e+01 4.400000e+00 1.290780e+01
    endloop
  endfacet
  facet normal -9.904102e-01 -6.069206e-04 1.381563e-01
    outer loop
      vertex   -1.686378e+01 0.000000e+00 1.297000e+01
      vertex   -1.687516e+01 4.400000e+00 1.290780e+01
      vertex   -1.696587e+01 0.000000e+00 1.223815e+01
    endloop
  endfacet
  facet normal -9.912119e-01 3.034610e-04 1.322832e-01
    outer loop
      vertex   -1.696587e+01 0.000000e+00 1.223815e+01
      vertex   -1.687516e+01 4.400000e+00 1.290780e+01
      vertex   -1.696873e+01 4.400000e+00 1.220666e+01
    endloop
  endfacet
  facet normal -9.989329e-01 -3.176442e-04 4.618346e-02
    outer loop
      vertex   -1.696587e+01 0.000000e+00 1.223815e+01
      vertex   -1.696873e+01 4.400000e+00 1.220666e+01
      vertex   -1.700000e+01 0.000000e+00 1.150000e+01
    endloop
  endfacet
  facet normal -9.990223e-01 -7.887973e-16 4.420961e-02
    outer loop
      vertex   -1.700000e+01 0.000000e+00 1.150000e+01
      vertex   -1.696873e+01 4.400000e+00 1.220666e+01
      vertex   -1.700000e+01 4.400000e+00 1.150000e+01
    endloop
  endfacet
  facet normal -7.518400e-01 0.000000e+00 6.593456e-01
    outer loop
      vertex   -1.507947e+01 4.400000e+00 1.670000e+01
      vertex   -1.494905e+01 1.000000e+01 1.684872e+01
      vertex   -1.507947e+01 8.600000e+00 1.670000e+01
    endloop
  endfacet
  facet normal -7.739486e-01 4.833934e-03 6.332300e-01
    outer loop
      vertex   -1.507947e+01 8.600000e+00 1.670000e+01
      vertex   -1.494905e+01 1.000000e+01 1.684872e+01
      vertex   -1.542084e+01 1.000000e+01 1.627209e+01
    endloop
  endfacet
  facet normal -7.868367e-01 -3.222689e-03 6.171528e-01
    outer loop
      vertex   -1.507947e+01 8.600000e+00 1.670000e+01
      vertex   -1.542084e+01 1.000000e+01 1.627209e+01
      vertex   -1.549863e+01 8.600000e+00 1.616560e+01
    endloop
  endfacet
  facet normal -8.295060e-01 3.610631e-03 5.584861e-01
    outer loop
      vertex   -1.549863e+01 8.600000e+00 1.616560e+01
      vertex   -1.542084e+01 1.000000e+01 1.627209e+01
      vertex   -1.583694e+01 1.000000e+01 1.565406e+01
    endloop
  endfacet
  facet normal -8.363514e-01 -1.805340e-03 5.481908e-01
    outer loop
      vertex   -1.549863e+01 8.600000e+00 1.616560e+01
      vertex   -1.583694e+01 1.000000e+01 1.565406e+01
      vertex   -1.587095e+01 8.600000e+00 1.559756e+01
    endloop
  endfacet
  facet normal -8.778687e-01 1.999284e-03 4.788971e-01
    outer loop
      vertex   -1.587095e+01 8.600000e+00 1.559756e+01
      vertex   -1.583694e+01 1.000000e+01 1.565406e+01
      vertex   -1.619375e+01 1.000000e+01 1.500000e+01
    endloop
  endfacet
  facet normal -8.798367e-01 -1.327330e-17 4.752762e-01
    outer loop
      vertex   -1.587095e+01 8.600000e+00 1.559756e+01
      vertex   -1.619375e+01 1.000000e+01 1.500000e+01
      vertex   -1.619375e+01 8.600000e+00 1.500000e+01
    endloop
  endfacet
  facet normal 0.000000e+00 0.000000e+00 -1.000000e+00
    outer loop
      vertex   9.000000e+00 0.000000e+00 -1.950000e+01
      vertex   -9.000000e+00 0.000000e+00 -1.950000e+01
      vertex   9.000000e+00 1.000000e+01 -1.950000e+01
    endloop
  endfacet
  facet normal -0.000000e+00 0.000000e+00 -1.000000e+00
    outer loop
      vertex   9.000000e+00 1.000000e+01 -1.950000e+01
      vertex   -9.000000e+00 0.000000e+00 -1.950000e+01
      vertex   -9.000000e+00 1.000000e+01 -1.950000e+01
    endloop
  endfacet
  facet normal 7.879265e-01 1.528321e-03 -6.157674e-01
    outer loop
      vertex   1.551504e+01 4.400000e+00 -1.614266e+01
      vertex   1.538414e+01 0.000000e+00 -1.632108e+01
      vertex   1.507947e+01 4.400000e+00 -1.670000e+01
    endloop
  endfacet
  facet normal 7.693328e-01 -1.746635e-03 -6.388458e-01
    outer loop
      vertex   1.507947e+01 4.400000e+00 -1.670000e+01
      vertex   1.538414e+01 0.000000e+00 -1.632108e+01
      vertex   1.491207e+01 0.000000e+00 -1.688957e+01
    endloop
  endfacet
  facet normal 7.504321e-01 -7.533420e-05 -6.609475e-01
    outer loop
      vertex   1.507947e+01 4.400000e+00 -1.670000e+01
      vertex   1.491207e+01 0.000000e+00 -1.688957e+01
      vertex   1.494905e+01 1.000000e+01 -1.684872e+01
    endloop
  endfacet
  facet normal 7.116909e-01 2.375962e-04 -7.024927e-01
    outer loop
      vertex   1.494905e+01 1.000000e+01 -1.684872e+01
      vertex   1.491207e+01 0.000000e+00 -1.688957e+01
      vertex   1.442565e+01 1.000000e+01 -1.737897e+01
    endloop
  endfacet
  facet normal 7.071068e-01 -2.111968e-04 -7.071068e-01
    outer loop
      vertex   1.442565e+01 1.000000e+01 -1.737897e+01
      vertex   1.491207e+01 0.000000e+00 -1.688957e+01
      vertex   1.438957e+01 0.000000e+00 -1.741207e+01
    endloop
  endfacet
  facet normal 6.432514e-01 2.130687e-04 -7.656550e-01
    outer loop
      vertex   1.442565e+01 1.000000e+01 -1.737897e+01
      vertex   1.438957e+01 0.000000e+00 -1.741207e+01
      vertex   1.385520e+01 1.000000e+01 -1.785822e+01
    endloop
  endfacet
  facet normal 6.388468e-01 -1.864351e-04 -7.693340e-01
    outer loop
      vertex   1.385520e+01 1.000000e+01 -1.785822e+01
      vertex   1.438957e+01 0.000000e+00 -1.741207e+01
      vertex   1.382108e+01 0.000000e+00 -1.788414e+01
    endloop
  endfacet
  facet normal 5.692327e-01 1.880730e-04 -8.221764e-01
    outer loop
      vertex   1.385520e+01 1.000000e+01 -1.785822e+01
      vertex   1.382108e+01 0.000000e+00 -1.788414e+01
      vertex   1.324264e+01 1.000000e+01 -1.828233e+01
    endloop
  endfacet
  facet normal 5.651364e-01 -1.612055e-04 -8.249975e-01
    outer loop
      vertex   1.324264e+01 1.000000e+01 -1.828233e+01
      vertex   1.382108e+01 0.000000e+00 -1.788414e+01
      vertex   1.321146e+01 0.000000e+00 -1.830174e+01
    endloop
  endfacet
  facet normal 4.902768e-01 1.626094e-04 -8.715667e-01
    outer loop
      vertex   1.324264e+01 1.000000e+01 -1.828233e+01
      vertex   1.321146e+01 0.000000e+00 -1.830174e+01
      vertex   1.259328e+01 1.000000e+01 -1.864761e+01
    endloop
  endfacet
  facet normal 4.866045e-01 -1.355079e-04 -8.736224e-01
    outer loop
      vertex   1.259328e+01 1.000000e+01 -1.864761e+01
      vertex   1.321146e+01 0.000000e+00 -1.830174e+01
      vertex   1.256591e+01 0.000000e+00 -1.866131e+01
    endloop
  endfacet
  facet normal 4.070686e-01 1.366778e-04 -9.133976e-01
    outer loop
      vertex   1.259328e+01 1.000000e+01 -1.864761e+01
      vertex   1.256591e+01 0.000000e+00 -1.866131e+01
      vertex   1.191275e+01 1.000000e+01 -1.895090e+01
    endloop
  endfacet
  facet normal 4.039210e-01 -1.093422e-04 -9.147939e-01
    outer loop
      vertex   1.191275e+01 1.000000e+01 -1.895090e+01
      vertex   1.256591e+01 0.000000e+00 -1.866131e+01
      vertex   1.188993e+01 0.000000e+00 -1.895978e+01
    endloop
  endfacet
  facet normal 3.203296e-01 1.102781e-04 -9.473061e-01
    outer loop
      vertex   1.191275e+01 1.000000e+01 -1.895090e+01
      vertex   1.188993e+01 0.000000e+00 -1.895978e+01
      vertex   1.120696e+01 1.000000e+01 -1.918956e+01
    endloop
  endfacet
  facet normal 3.177914e-01 -8.270860e-05 -9.481606e-01
    outer loop
      vertex   1.120696e+01 1.000000e+01 -1.918956e+01
      vertex   1.188993e+01 0.000000e+00 -1.895978e+01
      vertex   1.118930e+01 0.000000e+00 -1.919461e+01
    endloop
  endfacet
  facet normal 2.308123e-01 8.341051e-05 -9.729983e-01
    outer loop
      vertex   1.120696e+01 1.000000e+01 -1.918956e+01
      vertex   1.118930e+01 0.000000e+00 -1.919461e+01
      vertex   1.048203e+01 1.000000e+01 -1.936153e+01
    endloop
  endfacet
  facet normal 2.289505e-01 -5.560701e-05 -9.734381e-01
    outer loop
      vertex   1.048203e+01 1.000000e+01 -1.936153e+01
      vertex   1.118930e+01 0.000000e+00 -1.919461e+01
      vertex   1.047000e+01 0.000000e+00 -1.936378e+01
    endloop
  endfacet
  facet normal 1.392930e-01 5.607494e-05 -9.902512e-01
    outer loop
      vertex   1.048203e+01 1.000000e+01 -1.936153e+01
      vertex   1.047000e+01 0.000000e+00 -1.936378e+01
      vertex   9.744242e+00 1.000000e+01 -1.946531e+01
    endloop
  endfacet
  facet normal 1.381564e-01 -2.803747e-05 -9.904104e-01
    outer loop
      vertex   9.744242e+00 1.000000e+01 -1.946531e+01
      vertex   1.047000e+01 0.000000e+00 -1.936378e+01
      vertex   9.738147e+00 0.000000e+00 -1.946587e+01
    endloop
  endfacet
  facet normal 4.656564e-02 2.827143e-05 -9.989152e-01
    outer loop
      vertex   9.744242e+00 1.000000e+01 -1.946531e+01
      vertex   9.738147e+00 0.000000e+00 -1.946587e+01
      vertex   9.000000e+00 1.000000e+01 -1.950000e+01
    endloop
  endfacet
  facet normal 4.618346e-02 0.000000e+00 -9.989330e-01
    outer loop
      vertex   9.000000e+00 1.000000e+01 -1.950000e+01
      vertex   9.738147e+00 0.000000e+00 -1.946587e+01
      vertex   9.000000e+00 0.000000e+00 -1.950000e+01
    endloop
  endfacet
  facet normal 8.249964e-01 -1.627644e-03 -5.651357e-01
    outer loop
      vertex   1.538414e+01 0.000000e+00 -1.632108e+01
      vertex   1.551504e+01 4.400000e+00 -1.614266e+01
      vertex   1.580174e+01 0.000000e+00 -1.571146e+01
    endloop
  endfacet
  facet normal 8.392391e-01 1.395136e-03 -5.437607e-01
    outer loop
      vertex   1.580174e+01 0.000000e+00 -1.571146e+01
      vertex   1.551504e+01 4.400000e+00 -1.614266e+01
      vertex   1.589967e+01 4.400000e+00 -1.554902e+01
    endloop
  endfacet
  facet normal 8.736214e-01 -1.480265e-03 -4.866039e-01
    outer loop
      vertex   1.580174e+01 0.000000e+00 -1.571146e+01
      vertex   1.589967e+01 4.400000e+00 -1.554902e+01
      vertex   1.616131e+01 0.000000e+00 -1.506591e+01
    endloop
  endfacet
  facet normal 8.839907e-01 1.233563e-03 -4.675029e-01
    outer loop
      vertex   1.616131e+01 0.000000e+00 -1.506591e+01
      vertex   1.589967e+01 4.400000e+00 -1.554902e+01
      vertex   1.623036e+01 4.400000e+00 -1.492372e+01
    endloop
  endfacet
  facet normal 9.147931e-01 -1.304500e-03 -4.039207e-01
    outer loop
      vertex   1.616131e+01 0.000000e+00 -1.506591e+01
      vertex   1.623036e+01 4.400000e+00 -1.492372e+01
      vertex   1.645978e+01 0.000000e+00 -1.438993e+01
    endloop
  endfacet
  facet normal 9.218312e-01 1.043607e-03 -3.875902e-01
    outer loop
      vertex   1.645978e+01 0.000000e+00 -1.438993e+01
      vertex   1.623036e+01 4.400000e+00 -1.492372e+01
      vertex   1.650452e+01 4.400000e+00 -1.427166e+01
    endloop
  endfacet
  facet normal 9.481601e-01 -1.100353e-03 -3.177912e-01
    outer loop
      vertex   1.645978e+01 0.000000e+00 -1.438993e+01
      vertex   1.650452e+01 4.400000e+00 -1.427166e+01
      vertex   1.669461e+01 0.000000e+00 -1.368930e+01
    endloop
  endfacet
  facet normal 9.524649e-01 8.252684e-04 -3.046473e-01
    outer loop
      vertex   1.669461e+01 0.000000e+00 -1.368930e+01
      vertex   1.650452e+01 4.400000e+00 -1.427166e+01
      vertex   1.672002e+01 4.400000e+00 -1.359793e+01
    endloop
  endfacet
  facet normal 9.734377e-01 -8.678248e-04 -2.289505e-01
    outer loop
      vertex   1.669461e+01 0.000000e+00 -1.368930e+01
      vertex   1.672002e+01 4.400000e+00 -1.359793e+01
      vertex   1.686378e+01 0.000000e+00 -1.297000e+01
    endloop
  endfacet
  facet normal 9.756522e-01 5.785519e-04 -2.193226e-01
    outer loop
      vertex   1.686378e+01 0.000000e+00 -1.297000e+01
      vertex   1.672002e+01 4.400000e+00 -1.359793e+01
      vertex   1.687516e+01 4.400000e+00 -1.290780e+01
    endloop
  endfacet
  facet normal 9.904102e-01 -6.069206e-04 -1.381563e-01
    outer loop
      vertex   1.686378e+01 0.000000e+00 -1.297000e+01
      vertex   1.687516e+01 4.400000e+00 -1.290780e+01
      vertex   1.696587e+01 0.000000e+00 -1.223815e+01
    endloop
  endfacet
  facet normal 9.912119e-01 3.034610e-04 -1.322832e-01
    outer loop
      vertex   1.696587e+01 0.000000e+00 -1.223815e+01
      vertex   1.687516e+01 4.400000e+00 -1.290780e+01
      vertex   1.696873e+01 4.400000e+00 -1.220666e+01
    endloop
  endfacet
  facet normal 9.989329e-01 -3.176442e-04 -4.618346e-02
    outer loop
      vertex   1.696587e+01 0.000000e+00 -1.223815e+01
      vertex   1.696873e+01 4.400000e+00 -1.220666e+01
      vertex   1.700000e+01 0.000000e+00 -1.150000e+01
    endloop
  endfacet
  facet normal 9.990223e-01 -8.066455e-16 -4.420961e-02
    outer loop
      vertex   1.700000e+01 0.000000e+00 -1.150000e+01
      vertex   1.696873e+01 4.400000e+00 -1.220666e+01
      vertex   1.700000e+01 4.400000e+00 -1.150000e+01
    endloop
  endfacet
  facet normal 7.518400e-01 0.000000e+00 -6.593456e-01
    outer loop
      vertex   1.507947e+01 4.400000e+00 -1.670000e+01
      vertex   1.494905e+01 1.000000e+01 -1.684872e+01
      vertex   1.507947e+01 8.600000e+00 -1.670000e+01
    endloop
  endfacet
  facet normal 7.739486e-01 4.833934e-03 -6.332300e-01
    outer loop
      vertex   1.507947e+01 8.600000e+00 -1.670000e+01
      vertex   1.494905e+01 1.000000e+01 -1.684872e+01
      vertex   1.542084e+01 1.000000e+01 -1.627209e+01
    endloop
  endfacet
  facet normal 7.868367e-01 -3.222689e-03 -6.171528e-01
    outer loop
      vertex   1.507947e+01 8.600000e+00 -1.670000e+01
      vertex   1.542084e+01 1.000000e+01 -1.627209e+01
      vertex   1.549863e+01 8.600000e+00 -1.616560e+01
    endloop
  endfacet
  facet normal 8.295060e-01 3.610631e-03 -5.584861e-01
    outer loop
      vertex   1.549863e+01 8.600000e+00 -1.616560e+01
      vertex   1.542084e+01 1.000000e+01 -1.627209e+01
      vertex   1.583694e+01 1.000000e+01 -1.565406e+01
    endloop
  endfacet
  facet normal 8.363514e-01 -1.805340e-03 -5.481908e-01
    outer loop
      vertex   1.549863e+01 8.600000e+00 -1.616560e+01
      vertex   1.583694e+01 1.000000e+01 -1.565406e+01
      vertex   1.587095e+01 8.600000e+00 -1.559756e+01
    endloop
  endfacet
  facet normal 8.778687e-01 1.999284e-03 -4.788971e-01
    outer loop
      vertex   1.587095e+01 8.600000e+00 -1.559756e+01
      vertex   1.583694e+01 1.000000e+01 -1.565406e+01
      vertex   1.619375e+01 1.000000e+01 -1.500000e+01
    endloop
  endfacet
  facet normal 8.798367e-01 -1.044520e-17 -4.752762e-01
    outer loop
      vertex   1.587095e+01 8.600000e+00 -1.559756e+01
      vertex   1.619375e+01 1.000000e+01 -1.500000e+01
      vertex   1.619375e+01 8.600000e+00 -1.500000e+01
    endloop
  endfacet
  facet normal 1.000000e+00 0.000000e+00 -1.204310e-15
    outer loop
      vertex   1.700000e+01 8.600000e+00 9.050000e+00
      vertex   1.700000e+01 4.400000e+00 9.050000e+00
      vertex   1.700000e+01 3.000000e+00 6.100000e+00
    endloop
  endfacet
  facet normal 1.000000e+00 -5.593193e-15 1.450087e-15
    outer loop
      vertex   1.700000e+01 3.000000e+00 6.100000e+00
      vertex   1.700000e+01 4.400000e+00 9.050000e+00
      vertex   1.700000e+01 4.400000e+00 1.150000e+01
    endloop
  endfacet
  facet normal 1.000000e+00 0.000000e+00 -0.000000e+00
    outer loop
      vertex   1.700000e+01 3.000000e+00 6.100000e+00
      vertex   1.700000e+01 4.400000e+00 1.150000e+01
      vertex   1.700000e+01 0.000000e+00 1.150000e+01
    endloop
  endfacet
  facet normal 1.000000e+00 0.000000e+00 0.000000e+00
    outer loop
      vertex   1.700000e+01 0.000000e+00 1.150000e+01
      vertex   1.700000e+01 0.000000e+00 6.100000e+00
      vertex   1.700000e+01 3.000000e+00 6.100000e+00
    endloop
  endfacet
  facet normal 1.000000e+00 -6.344132e-16 0.000000e+00
    outer loop
      vertex   1.700000e+01 3.000000e+00 6.100000e+00
      vertex   1.700000e+01 3.000000e+00 -6.100000e+00
      vertex   1.700000e+01 8.600000e+00 9.050000e+00
    endloop
  endfacet
  facet normal 1.000000e+00 -1.704323e-15 3.954783e-16
    outer loop
      vertex   1.700000e+01 8.600000e+00 9.050000e+00
      vertex   1.700000e+01 3.000000e+00 -6.100000e+00
      vertex   1.700000e+01 4.400000e+00 -9.050000e+00
    endloop
  endfacet
  facet normal 1.000000e+00 0.000000e+00 0.000000e+00
    outer loop
      vertex   1.700000e+01 8.600000e+00 9.050000e+00
      vertex   1.700000e+01 4.400000e+00 -9.050000e+00
      vertex   1.700000e+01 8.600000e+00 -9.050000e+00
    endloop
  endfacet
  facet normal 1.000000e+00 -0.000000e+00 0.000000e+00
    outer loop
      vertex   1.700000e+01 0.000000e+00 -6.100000e+00
      vertex   1.700000e+01 0.000000e+00 -1.150000e+01
      vertex   1.700000e+01 3.000000e+00 -6.100000e+00
    endloop
  endfacet
  facet normal 1.000000e+00 -8.074349e-16 4.485750e-16
    outer loop
      vertex   1.700000e+01 3.000000e+00 -6.100000e+00
      vertex   1.700000e+01 0.000000e+00 -1.150000e+01
      vertex   1.700000e+01 4.400000e+00 -1.150000e+01
    endloop
  endfacet
  facet normal 1.000000e+00 -2.537653e-15 0.000000e+00
    outer loop
      vertex   1.700000e+01 3.000000e+00 -6.100000e+00
      vertex   1.700000e+01 4.400000e+00 -1.150000e+01
      vertex   1.700000e+01 4.400000e+00 -9.050000e+00
    endloop
  endfacet
  facet normal 1.000000e+00 0.000000e+00 0.000000e+00
    outer loop
      vertex   1.700000e+01 8.600000e+00 -1.075000e+01
      vertex   1.700000e+01 1.000000e+01 -1.075000e+01
      vertex   1.700000e+01 8.600000e+00 -9.050000e+00
    endloop
  endfacet
  facet normal 1.000000e+00 -0.000000e+00 0.000000e+00
    outer loop
      vertex   1.700000e+01 8.600000e+00 -9.050000e+00
      vertex   1.700000e+01 1.000000e+01 -1.075000e+01
      vertex   1.700000e+01 1.000000e+01 1.075000e+01
    endloop
  endfacet
  facet normal 1.000000e+00 0.000000e+00 0.000000e+00
    outer loop
      vertex   1.700000e+01 8.600000e+00 -9.050000e+00
      vertex   1.700000e+01 1.000000e+01 1.075000e+01
      vertex   1.700000e+01 8.600000e+00 9.050000e+00
    endloop
  endfacet
  facet normal 1.000000e+00 0.000000e+00 0.000000e+00
    outer loop
      vertex   1.700000e+01 8.600000e+00 9.050000e+00
      vertex   1.700000e+01 1.000000e+01 1.075000e+01
      vertex   1.700000e+01 8.600000e+00 1.075000e+01
    endloop
  endfacet
  facet normal -0.000000e+00 1.000000e+00 0.000000e+00
    outer loop
      vertex   -1.700000e+01 1.000000e+01 1.075000e+01
      vertex   1.700000e+01 1.000000e+01 1.075000e+01
      vertex   -1.700000e+01 1.000000e+01 -1.075000e+01
    endloop
  endfacet
  facet normal 0.000000e+00 1.000000e+00 0.000000e+00
    outer loop
      vertex   -1.700000e+01 1.000000e+01 -1.075000e+01
      vertex   1.700000e+01 1.000000e+01 1.075000e+01
      vertex   1.700000e+01 1.000000e+01 -1.075000e+01
    endloop
  endfacet
endsolid
