solid ASCII
  facet normal -1.232057e-13 1.000000e+00 1.819098e-14
    outer loop
      vertex   6.493827e+01 4.313221e-01 1.300000e+00
      vertex   6.497253e+01 4.313221e-01 1.531992e+00
      vertex   6.500000e+01 4.313221e-01 1.300000e+00
    endloop
  endfacet
  facet normal -1.586681e-13 1.000000e+00 1.399141e-14
    outer loop
      vertex   6.500000e+01 4.313221e-01 1.300000e+00
      vertex   6.497253e+01 4.313221e-01 1.531992e+00
      vertex   6.499313e+01 4.313221e-01 1.765593e+00
    endloop
  endfacet
  facet normal -1.106312e-12 1.000000e+00 0.000000e+00
    outer loop
      vertex   6.500000e+01 4.313221e-01 1.300000e+00
      vertex   6.499313e+01 4.313221e-01 1.765593e+00
      vertex   6.500000e+01 4.313221e-01 2.000000e+00
    endloop
  endfacet
  facet normal -1.334933e-15 1.000000e+00 -1.540058e-14
    outer loop
      vertex   5.930306e+01 4.313221e-01 3.000000e+00
      vertex   5.923768e+01 4.313221e-01 3.005668e+00
      vertex   6.500000e+01 4.313221e-01 3.000000e+00
    endloop
  endfacet
  facet normal -1.324695e-15 1.000000e+00 -4.991834e-15
    outer loop
      vertex   6.500000e+01 4.313221e-01 3.000000e+00
      vertex   5.923768e+01 4.313221e-01 3.005668e+00
      vertex   5.917424e+01 4.313221e-01 3.022502e+00
    endloop
  endfacet
  facet normal -1.305414e-15 1.000000e+00 0.000000e+00
    outer loop
      vertex   6.500000e+01 4.313221e-01 3.000000e+00
      vertex   5.917424e+01 4.313221e-01 3.022502e+00
      vertex   6.500000e+01 4.313221e-01 3.050000e+00
    endloop
  endfacet
  facet normal -1.292196e-15 1.000000e+00 -2.800384e-15
    outer loop
      vertex   6.500000e+01 4.313221e-01 3.050000e+00
      vertex   5.917424e+01 4.313221e-01 3.022502e+00
      vertex   5.911465e+01 4.313221e-01 3.050000e+00
    endloop
  endfacet
  facet normal 2.188245e-15 -3.088800e-14 1.000000e+00
    outer loop
      vertex   5.911465e+01 4.313221e-01 3.050000e+00
      vertex   5.911465e+01 0.000000e+00 3.050000e+00
      vertex   6.500000e+01 4.313221e-01 3.050000e+00
    endloop
  endfacet
  facet normal -7.107712e-17 -5.975911e-17 1.000000e+00
    outer loop
      vertex   6.500000e+01 4.313221e-01 3.050000e+00
      vertex   5.911465e+01 0.000000e+00 3.050000e+00
      vertex   6.500000e+01 -7.000000e+00 3.050000e+00
    endloop
  endfacet
  facet normal 0.000000e+00 0.000000e+00 1.000000e+00
    outer loop
      vertex   6.500000e+01 -7.000000e+00 3.050000e+00
      vertex   5.911465e+01 0.000000e+00 3.050000e+00
      vertex   5.900000e+01 -7.000000e+00 3.050000e+00
    endloop
  endfacet
  facet normal 0.000000e+00 0.000000e+00 1.000000e+00
    outer loop
      vertex   5.900000e+01 -7.000000e+00 3.050000e+00
      vertex   5.911465e+01 0.000000e+00 3.050000e+00
      vertex   5.900000e+01 0.000000e+00 3.050000e+00
    endloop
  endfacet
  facet normal 1.000000e+00 0.000000e+00 0.000000e+00
    outer loop
      vertex   6.500000e+01 4.313221e-01 3.050000e+00
      vertex   6.500000e+01 -7.000000e+00 3.050000e+00
      vertex   6.500000e+01 4.313221e-01 3.000000e+00
    endloop
  endfacet
  facet normal 1.000000e+00 0.000000e+00 0.000000e+00
    outer loop
      vertex   6.500000e+01 4.313221e-01 3.000000e+00
      vertex   6.500000e+01 -7.000000e+00 3.050000e+00
      vertex   6.500000e+01 4.313221e-01 2.000000e+00
    endloop
  endfacet
  facet normal 1.000000e+00 0.000000e+00 0.000000e+00
    outer loop
      vertex   6.500000e+01 4.313221e-01 3.000000e+00
      vertex   6.500000e+01 4.313221e-01 2.000000e+00
      vertex   6.500000e+01 3.500000e+00 2.000000e+00
    endloop
  endfacet
  facet normal 1.000000e+00 0.000000e+00 0.000000e+00
    outer loop
      vertex   6.500000e+01 -7.000000e+00 5.074831e+00
      vertex   6.500000e+01 -3.000000e+01 5.074831e+00
      vertex   6.500000e+01 -7.000000e+00 3.050000e+00
    endloop
  endfacet
  facet normal 1.000000e+00 0.000000e+00 0.000000e+00
    outer loop
      vertex   6.500000e+01 -7.000000e+00 3.050000e+00
      vertex   6.500000e+01 -3.000000e+01 5.074831e+00
      vertex   6.500000e+01 -3.000000e+01 0.000000e+00
    endloop
  endfacet
  facet normal 1.000000e+00 0.000000e+00 0.000000e+00
    outer loop
      vertex   6.500000e+01 -7.000000e+00 3.050000e+00
      vertex   6.500000e+01 -3.000000e+01 0.000000e+00
      vertex   6.500000e+01 4.313221e-01 1.300000e+00
    endloop
  endfacet
  facet normal 1.000000e+00 0.000000e+00 0.000000e+00
    outer loop
      vertex   6.500000e+01 4.313221e-01 1.300000e+00
      vertex   6.500000e+01 -3.000000e+01 0.000000e+00
      vertex   6.500000e+01 6.279750e-01 9.469788e-01
    endloop
  endfacet
  facet normal 1.000000e+00 0.000000e+00 0.000000e+00
    outer loop
      vertex   6.500000e+01 6.279750e-01 9.469788e-01
      vertex   6.500000e+01 -3.000000e+01 0.000000e+00
      vertex   6.500000e+01 1.149387e+00 -2.775558e-16
    endloop
  endfacet
  facet normal 1.000000e+00 0.000000e+00 -0.000000e+00
    outer loop
      vertex   6.500000e+01 4.313221e-01 1.300000e+00
      vertex   6.500000e+01 4.313221e-01 2.000000e+00
      vertex   6.500000e+01 -7.000000e+00 3.050000e+00
    endloop
  endfacet
  facet normal 1.000000e+00 0.000000e+00 -0.000000e+00
    outer loop
      vertex   6.500000e+01 3.500000e+00 2.000000e+00
      vertex   6.500000e+01 3.500000e+00 3.000000e+00
      vertex   6.500000e+01 4.313221e-01 3.000000e+00
    endloop
  endfacet
  facet normal 9.995703e-01 0.000000e+00 -2.931343e-02
    outer loop
      vertex   6.500000e+01 4.313221e-01 2.000000e+00
      vertex   6.499313e+01 4.313221e-01 1.765593e+00
      vertex   6.500000e+01 3.500000e+00 2.000000e+00
    endloop
  endfacet
  facet normal 9.969103e-01 3.759999e-03 -7.845854e-02
    outer loop
      vertex   6.500000e+01 3.500000e+00 2.000000e+00
      vertex   6.499313e+01 4.313221e-01 1.765593e+00
      vertex   6.495075e+01 3.500000e+00 1.374262e+00
    endloop
  endfacet
  facet normal 9.961314e-01 2.552976e-03 -8.783925e-02
    outer loop
      vertex   6.495075e+01 3.500000e+00 1.374262e+00
      vertex   6.499313e+01 4.313221e-01 1.765593e+00
      vertex   6.497253e+01 4.313221e-01 1.531992e+00
    endloop
  endfacet
  facet normal 9.892751e-01 -4.884131e-04 -1.460637e-01
    outer loop
      vertex   6.495075e+01 3.500000e+00 1.374262e+00
      vertex   6.497253e+01 4.313221e-01 1.531992e+00
      vertex   6.493827e+01 4.313221e-01 1.300000e+00
    endloop
  endfacet
  facet normal 9.758153e-01 1.321528e-03 -2.185926e-01
    outer loop
      vertex   6.493827e+01 4.313221e-01 1.300000e+00
      vertex   6.485893e+01 6.279723e-01 9.469717e-01
      vertex   6.495075e+01 3.500000e+00 1.374262e+00
    endloop
  endfacet
  facet normal 9.723635e-01 3.641401e-03 -2.334438e-01
    outer loop
      vertex   6.495075e+01 3.500000e+00 1.374262e+00
      vertex   6.485893e+01 6.279723e-01 9.469717e-01
      vertex   6.480423e+01 3.500000e+00 7.639320e-01
    endloop
  endfacet
  facet normal 9.454506e-01 -2.754262e-03 -3.257539e-01
    outer loop
      vertex   6.480423e+01 3.500000e+00 7.639320e-01
      vertex   6.485893e+01 6.279723e-01 9.469717e-01
      vertex   6.469311e+01 8.942050e-01 4.634570e-01
    endloop
  endfacet
  facet normal 9.238692e-01 4.730111e-03 -3.826792e-01
    outer loop
      vertex   6.480423e+01 3.500000e+00 7.639320e-01
      vertex   6.469311e+01 8.942050e-01 4.634570e-01
      vertex   6.456403e+01 3.500000e+00 1.840380e-01
    endloop
  endfacet
  facet normal 8.958006e-01 -3.283326e-03 -4.444440e-01
    outer loop
      vertex   6.456403e+01 3.500000e+00 1.840380e-01
      vertex   6.469311e+01 8.942050e-01 4.634570e-01
      vertex   6.446410e+01 1.149387e+00 2.359224e-15
    endloop
  endfacet
  facet normal 8.526309e-01 4.662548e-03 -5.224929e-01
    outer loop
      vertex   6.456403e+01 3.500000e+00 1.840380e-01
      vertex   6.446410e+01 1.149387e+00 2.359224e-15
      vertex   6.423607e+01 3.500000e+00 -3.511410e-01
    endloop
  endfacet
  facet normal 8.386706e-01 1.100730e-15 -5.446390e-01
    outer loop
      vertex   6.423607e+01 3.500000e+00 -3.511410e-01
      vertex   6.446410e+01 1.149387e+00 2.359224e-15
      vertex   6.446410e+01 -5.878470e-32 0.000000e+00
    endloop
  endfacet
  facet normal 8.262358e-01 -2.684145e-03 -5.633180e-01
    outer loop
      vertex   6.423607e+01 3.500000e+00 -3.511410e-01
      vertex   6.446410e+01 -5.878470e-32 0.000000e+00
      vertex   6.412733e+01 -1.050922e-33 -4.939592e-01
    endloop
  endfacet
  facet normal 7.604028e-01 2.875673e-03 -6.494454e-01
    outer loop
      vertex   6.423607e+01 3.500000e+00 -3.511410e-01
      vertex   6.412733e+01 -1.050922e-33 -4.939592e-01
      vertex   6.382843e+01 3.500000e+00 -8.284271e-01
    endloop
  endfacet
  facet normal 7.330498e-01 -2.396459e-03 -6.801708e-01
    outer loop
      vertex   6.382843e+01 3.500000e+00 -8.284271e-01
      vertex   6.412733e+01 -1.050922e-33 -4.939592e-01
      vertex   6.372069e+01 3.509615e-34 -9.322075e-01
    endloop
  endfacet
  facet normal 6.494459e-01 2.556037e-03 -7.604035e-01
    outer loop
      vertex   6.382843e+01 3.500000e+00 -8.284271e-01
      vertex   6.372069e+01 3.509615e-34 -9.322075e-01
      vertex   6.335114e+01 3.500000e+00 -1.236068e+00
    endloop
  endfacet
  facet normal 6.234885e-01 -2.044875e-03 -7.818298e-01
    outer loop
      vertex   6.335114e+01 3.500000e+00 -1.236068e+00
      vertex   6.372069e+01 3.509615e-34 -9.322075e-01
      vertex   6.325328e+01 1.745005e-33 -1.304955e+00
    endloop
  endfacet
  facet normal 5.224973e-01 2.172512e-03 -8.526382e-01
    outer loop
      vertex   6.335114e+01 3.500000e+00 -1.236068e+00
      vertex   6.325328e+01 1.745005e-33 -1.304955e+00
      vertex   6.281596e+01 3.500000e+00 -1.564026e+00
    endloop
  endfacet
  facet normal 4.999993e-01 -1.629412e-03 -8.660243e-01
    outer loop
      vertex   6.281596e+01 3.500000e+00 -1.564026e+00
      vertex   6.325328e+01 1.745005e-33 -1.304955e+00
      vertex   6.273553e+01 3.100068e-33 -1.603875e+00
    endloop
  endfacet
  facet normal 3.826829e-01 1.725119e-03 -9.238782e-01
    outer loop
      vertex   6.281596e+01 3.500000e+00 -1.564026e+00
      vertex   6.273553e+01 3.100068e-33 -1.603875e+00
      vertex   6.223607e+01 3.500000e+00 -1.804226e+00
    endloop
  endfacet
  facet normal 3.653408e-01 -1.150094e-03 -9.308731e-01
    outer loop
      vertex   6.223607e+01 3.500000e+00 -1.804226e+00
      vertex   6.273553e+01 3.100068e-33 -1.603875e+00
      vertex   6.217902e+01 4.385880e-33 -1.822291e+00
    endloop
  endfacet
  facet normal 2.334452e-01 1.213883e-03 -9.723692e-01
    outer loop
      vertex   6.223607e+01 3.500000e+00 -1.804226e+00
      vertex   6.217902e+01 4.385880e-33 -1.822291e+00
      vertex   6.162574e+01 3.500000e+00 -1.950753e+00
    endloop
  endfacet
  facet normal 2.225209e-01 -6.069460e-04 -9.749277e-01
    outer loop
      vertex   6.162574e+01 3.500000e+00 -1.950753e+00
      vertex   6.217902e+01 4.385880e-33 -1.822291e+00
      vertex   6.159617e+01 5.573719e-33 -1.955323e+00
    endloop
  endfacet
  facet normal 7.845908e-02 6.388324e-04 -9.969171e-01
    outer loop
      vertex   6.162574e+01 3.500000e+00 -1.950753e+00
      vertex   6.159617e+01 5.573719e-33 -1.955323e+00
      vertex   6.100000e+01 3.500000e+00 -2.000000e+00
    endloop
  endfacet
  facet normal 7.473009e-02 0.000000e+00 -9.972038e-01
    outer loop
      vertex   6.100000e+01 3.500000e+00 -2.000000e+00
      vertex   6.159617e+01 5.573719e-33 -1.955323e+00
      vertex   6.100000e+01 -2.024301e-31 -2.000000e+00
    endloop
  endfacet
  facet normal 0.000000e+00 1.000000e+00 -1.445248e-13
    outer loop
      vertex   5.900000e+01 -7.000000e+00 3.050000e+00
      vertex   6.335150e+01 -7.000000e+00 9.545801e+00
      vertex   6.500000e+01 -7.000000e+00 3.050000e+00
    endloop
  endfacet
  facet normal 5.524683e-13 1.000000e+00 -4.319972e-15
    outer loop
      vertex   6.500000e+01 -7.000000e+00 3.050000e+00
      vertex   6.335150e+01 -7.000000e+00 9.545801e+00
      vertex   6.407929e+01 -7.000000e+00 8.045434e+00
    endloop
  endfacet
  facet normal 6.486754e-13 1.000000e+00 1.341197e-14
    outer loop
      vertex   6.500000e+01 -7.000000e+00 3.050000e+00
      vertex   6.407929e+01 -7.000000e+00 8.045434e+00
      vertex   6.440117e+01 -7.000000e+00 7.311650e+00
    endloop
  endfacet
  facet normal -5.075051e-13 1.000000e+00 3.422653e-17
    outer loop
      vertex   5.900000e+01 -7.000000e+00 2.900000e+01
      vertex   6.147564e+01 -7.000000e+00 1.807295e+01
      vertex   5.900000e+01 -7.000000e+00 3.050000e+00
    endloop
  endfacet
  facet normal -4.074783e-13 1.000000e+00 -1.644922e-14
    outer loop
      vertex   5.900000e+01 -7.000000e+00 3.050000e+00
      vertex   6.147564e+01 -7.000000e+00 1.807295e+01
      vertex   6.153611e+01 -7.000000e+00 1.630501e+01
    endloop
  endfacet
  facet normal -3.623077e-13 1.000000e+00 -2.509181e-14
    outer loop
      vertex   5.900000e+01 -7.000000e+00 3.050000e+00
      vertex   6.153611e+01 -7.000000e+00 1.630501e+01
      vertex   6.159830e+01 -7.000000e+00 1.544245e+01
    endloop
  endfacet
  facet normal 0.000000e+00 1.000000e+00 0.000000e+00
    outer loop
      vertex   5.902274e+01 -7.000000e+00 2.900000e+01
      vertex   5.914638e+01 -7.000000e+00 2.898178e+01
      vertex   5.900000e+01 -7.000000e+00 2.900000e+01
    endloop
  endfacet
  facet normal 1.611989e-14 1.000000e+00 1.295023e-13
    outer loop
      vertex   5.900000e+01 -7.000000e+00 2.900000e+01
      vertex   5.914638e+01 -7.000000e+00 2.898178e+01
      vertex   6.145694e+01 -7.000000e+00 1.898954e+01
    endloop
  endfacet
  facet normal -5.578949e-13 1.000000e+00 -1.138212e-14
    outer loop
      vertex   5.900000e+01 -7.000000e+00 2.900000e+01
      vertex   6.145694e+01 -7.000000e+00 1.898954e+01
      vertex   6.147564e+01 -7.000000e+00 1.807295e+01
    endloop
  endfacet
  facet normal 5.406092e-14 1.000000e+00 1.382756e-13
    outer loop
      vertex   5.914638e+01 -7.000000e+00 2.898178e+01
      vertex   5.926365e+01 -7.000000e+00 2.893593e+01
      vertex   6.145694e+01 -7.000000e+00 1.898954e+01
    endloop
  endfacet
  facet normal 9.075981e-14 1.000000e+00 1.463681e-13
    outer loop
      vertex   6.145694e+01 -7.000000e+00 1.898954e+01
      vertex   5.926365e+01 -7.000000e+00 2.893593e+01
      vertex   5.937168e+01 -7.000000e+00 2.886895e+01
    endloop
  endfacet
  facet normal 1.281099e-13 1.000000e+00 1.542516e-13
    outer loop
      vertex   6.145694e+01 -7.000000e+00 1.898954e+01
      vertex   5.937168e+01 -7.000000e+00 2.886895e+01
      vertex   5.946942e+01 -7.000000e+00 2.878777e+01
    endloop
  endfacet
  facet normal 1.839562e-13 1.000000e+00 1.655797e-13
    outer loop
      vertex   5.946942e+01 -7.000000e+00 2.878777e+01
      vertex   5.964387e+01 -7.000000e+00 2.859395e+01
      vertex   6.145694e+01 -7.000000e+00 1.898954e+01
    endloop
  endfacet
  facet normal 2.767454e-13 1.000000e+00 1.830959e-13
    outer loop
      vertex   6.145694e+01 -7.000000e+00 1.898954e+01
      vertex   5.964387e+01 -7.000000e+00 2.859395e+01
      vertex   5.979094e+01 -7.000000e+00 2.838137e+01
    endloop
  endfacet
  facet normal 1.288374e-12 1.000000e+00 3.625467e-13
    outer loop
      vertex   6.145694e+01 -7.000000e+00 1.898954e+01
      vertex   5.979094e+01 -7.000000e+00 2.838137e+01
      vertex   6.004272e+01 -7.000000e+00 2.791043e+01
    endloop
  endfacet
  facet normal 2.467151e-12 1.000000e+00 5.494165e-13
    outer loop
      vertex   6.004272e+01 -7.000000e+00 2.791043e+01
      vertex   6.025610e+01 -7.000000e+00 2.740004e+01
      vertex   6.145694e+01 -7.000000e+00 1.898954e+01
    endloop
  endfacet
  facet normal 1.703757e-12 1.000000e+00 4.404206e-13
    outer loop
      vertex   6.145694e+01 -7.000000e+00 1.898954e+01
      vertex   6.025610e+01 -7.000000e+00 2.740004e+01
      vertex   6.042898e+01 -7.000000e+00 2.690472e+01
    endloop
  endfacet
  facet normal -8.861479e-15 1.000000e+00 2.179992e-13
    outer loop
      vertex   6.145694e+01 -7.000000e+00 1.898954e+01
      vertex   6.042898e+01 -7.000000e+00 2.690472e+01
      vertex   6.058680e+01 -7.000000e+00 2.638556e+01
    endloop
  endfacet
  facet normal -2.390875e-12 1.000000e+00 -6.224177e-14
    outer loop
      vertex   6.145694e+01 -7.000000e+00 1.898954e+01
      vertex   6.058680e+01 -7.000000e+00 2.638556e+01
      vertex   6.143232e+01 -7.000000e+00 1.993533e+01
    endloop
  endfacet
  facet normal -1.141865e-12 1.000000e+00 1.014814e-13
    outer loop
      vertex   6.143232e+01 -7.000000e+00 1.993533e+01
      vertex   6.058680e+01 -7.000000e+00 2.638556e+01
      vertex   6.073872e+01 -7.000000e+00 2.581061e+01
    endloop
  endfacet
  facet normal -2.291192e-12 1.000000e+00 -3.420000e-14
    outer loop
      vertex   6.143232e+01 -7.000000e+00 1.993533e+01
      vertex   6.073872e+01 -7.000000e+00 2.581061e+01
      vertex   6.088234e+01 -7.000000e+00 2.517473e+01
    endloop
  endfacet
  facet normal -3.162272e-12 1.000000e+00 -1.256366e-13
    outer loop
      vertex   6.088234e+01 -7.000000e+00 2.517473e+01
      vertex   6.101527e+01 -7.000000e+00 2.447276e+01
      vertex   6.143232e+01 -7.000000e+00 1.993533e+01
    endloop
  endfacet
  facet normal -3.277131e-12 1.000000e+00 -1.361935e-13
    outer loop
      vertex   6.143232e+01 -7.000000e+00 1.993533e+01
      vertex   6.101527e+01 -7.000000e+00 2.447276e+01
      vertex   6.139156e+01 -7.000000e+00 2.091593e+01
    endloop
  endfacet
  facet normal -4.054300e-12 1.000000e+00 -2.184131e-13
    outer loop
      vertex   6.139156e+01 -7.000000e+00 2.091593e+01
      vertex   6.101527e+01 -7.000000e+00 2.447276e+01
      vertex   6.113514e+01 -7.000000e+00 2.369954e+01
    endloop
  endfacet
  facet normal -4.847450e-12 1.000000e+00 -2.914783e-13
    outer loop
      vertex   6.139156e+01 -7.000000e+00 2.091593e+01
      vertex   6.113514e+01 -7.000000e+00 2.369954e+01
      vertex   6.123954e+01 -7.000000e+00 2.284993e+01
    endloop
  endfacet
  facet normal -4.989904e-12 1.000000e+00 -3.026759e-13
    outer loop
      vertex   6.123954e+01 -7.000000e+00 2.284993e+01
      vertex   6.132610e+01 -7.000000e+00 2.191877e+01
      vertex   6.139156e+01 -7.000000e+00 2.091593e+01
    endloop
  endfacet
  facet normal -3.095208e-13 1.000000e+00 -3.615951e-14
    outer loop
      vertex   6.159830e+01 -7.000000e+00 1.544245e+01
      vertex   6.169540e+01 -7.000000e+00 1.458671e+01
      vertex   5.900000e+01 -7.000000e+00 3.050000e+00
    endloop
  endfacet
  facet normal -2.711380e-13 1.000000e+00 -4.512713e-14
    outer loop
      vertex   5.900000e+01 -7.000000e+00 3.050000e+00
      vertex   6.169540e+01 -7.000000e+00 1.458671e+01
      vertex   6.183762e+01 -7.000000e+00 1.373218e+01
    endloop
  endfacet
  facet normal -2.363628e-13 1.000000e+00 -5.436485e-14
    outer loop
      vertex   5.900000e+01 -7.000000e+00 3.050000e+00
      vertex   6.183762e+01 -7.000000e+00 1.373218e+01
      vertex   6.203518e+01 -7.000000e+00 1.287326e+01
    endloop
  endfacet
  facet normal -2.082416e-13 1.000000e+00 -6.305372e-14
    outer loop
      vertex   6.203518e+01 -7.000000e+00 1.287326e+01
      vertex   6.229828e+01 -7.000000e+00 1.200435e+01
      vertex   5.900000e+01 -7.000000e+00 3.050000e+00
    endloop
  endfacet
  facet normal -1.305425e-13 1.000000e+00 -9.167366e-14
    outer loop
      vertex   5.900000e+01 -7.000000e+00 3.050000e+00
      vertex   6.229828e+01 -7.000000e+00 1.200435e+01
      vertex   6.262207e+01 -7.000000e+00 1.114605e+01
    endloop
  endfacet
  facet normal -1.847387e-14 1.000000e+00 -1.418117e-13
    outer loop
      vertex   5.900000e+01 -7.000000e+00 3.050000e+00
      vertex   6.262207e+01 -7.000000e+00 1.114605e+01
      vertex   6.297871e+01 -7.000000e+00 1.032923e+01
    endloop
  endfacet
  facet normal 5.988472e-14 1.000000e+00 -1.846413e-13
    outer loop
      vertex   6.297871e+01 -7.000000e+00 1.032923e+01
      vertex   6.335150e+01 -7.000000e+00 9.545801e+00
      vertex   5.900000e+01 -7.000000e+00 3.050000e+00
    endloop
  endfacet
  facet normal 6.728470e-13 1.000000e+00 1.680847e-14
    outer loop
      vertex   6.440117e+01 -7.000000e+00 7.311650e+00
      vertex   6.467295e+01 -7.000000e+00 6.577569e+00
      vertex   6.500000e+01 -7.000000e+00 3.050000e+00
    endloop
  endfacet
  facet normal 6.119594e-13 1.000000e+00 1.116346e-14
    outer loop
      vertex   6.500000e+01 -7.000000e+00 3.050000e+00
      vertex   6.467295e+01 -7.000000e+00 6.577569e+00
      vertex   6.487808e+01 -7.000000e+00 5.834770e+00
    endloop
  endfacet
  facet normal 3.569694e-13 1.000000e+00 -0.000000e+00
    outer loop
      vertex   6.500000e+01 -7.000000e+00 3.050000e+00
      vertex   6.487808e+01 -7.000000e+00 5.834770e+00
      vertex   6.500000e+01 -7.000000e+00 5.074831e+00
    endloop
  endfacet
  facet normal -3.722214e-17 1.000000e+00 2.929446e-18
    outer loop
      vertex   6.495075e+01 3.500000e+00 1.374262e+00
      vertex   5.314792e+01 3.500000e+00 3.000000e+00
      vertex   6.500000e+01 3.500000e+00 2.000000e+00
    endloop
  endfacet
  facet normal 0.000000e+00 1.000000e+00 4.440892e-16
    outer loop
      vertex   6.500000e+01 3.500000e+00 2.000000e+00
      vertex   5.314792e+01 3.500000e+00 3.000000e+00
      vertex   5.616106e+01 3.500000e+00 3.000000e+00
    endloop
  endfacet
  facet normal 0.000000e+00 1.000000e+00 4.440892e-16
    outer loop
      vertex   6.500000e+01 3.500000e+00 2.000000e+00
      vertex   5.616106e+01 3.500000e+00 3.000000e+00
      vertex   5.628992e+01 3.500000e+00 3.000000e+00
    endloop
  endfacet
  facet normal -2.403452e-17 1.000000e+00 5.770179e-18
    outer loop
      vertex   6.480423e+01 3.500000e+00 7.639320e-01
      vertex   4.686392e+01 3.500000e+00 3.000000e+00
      vertex   6.495075e+01 3.500000e+00 1.374262e+00
    endloop
  endfacet
  facet normal 0.000000e+00 1.000000e+00 2.731616e-16
    outer loop
      vertex   6.495075e+01 3.500000e+00 1.374262e+00
      vertex   4.686392e+01 3.500000e+00 3.000000e+00
      vertex   4.987706e+01 3.500000e+00 3.000000e+00
    endloop
  endfacet
  facet normal 0.000000e+00 1.000000e+00 2.731616e-16
    outer loop
      vertex   6.495075e+01 3.500000e+00 1.374262e+00
      vertex   4.987706e+01 3.500000e+00 3.000000e+00
      vertex   5.000592e+01 3.500000e+00 3.000000e+00
    endloop
  endfacet
  facet normal -2.006061e-17 1.000000e+00 8.309377e-18
    outer loop
      vertex   6.456403e+01 3.500000e+00 1.840380e-01
      vertex   4.359306e+01 3.500000e+00 3.000000e+00
      vertex   6.480423e+01 3.500000e+00 7.639320e-01
    endloop
  endfacet
  facet normal 0.000000e+00 1.000000e+00 1.986027e-16
    outer loop
      vertex   6.480423e+01 3.500000e+00 7.639320e-01
      vertex   4.359306e+01 3.500000e+00 3.000000e+00
      vertex   4.372192e+01 3.500000e+00 3.000000e+00
    endloop
  endfacet
  facet normal 0.000000e+00 1.000000e+00 1.986027e-16
    outer loop
      vertex   6.480423e+01 3.500000e+00 7.639320e-01
      vertex   4.372192e+01 3.500000e+00 3.000000e+00
      vertex   4.673506e+01 3.500000e+00 3.000000e+00
    endloop
  endfacet
  facet normal 0.000000e+00 1.000000e+00 0.000000e+00
    outer loop
      vertex   4.673506e+01 3.500000e+00 3.000000e+00
      vertex   4.372192e+01 3.500000e+00 3.000000e+00
      vertex   4.664314e+01 3.500000e+00 3.011287e+00
    endloop
  endfacet
  facet normal 0.000000e+00 1.000000e+00 0.000000e+00
    outer loop
      vertex   4.664314e+01 3.500000e+00 3.011287e+00
      vertex   4.372192e+01 3.500000e+00 3.000000e+00
      vertex   4.381385e+01 3.500000e+00 3.011288e+00
    endloop
  endfacet
  facet normal 0.000000e+00 1.000000e+00 0.000000e+00
    outer loop
      vertex   4.664314e+01 3.500000e+00 3.011287e+00
      vertex   4.381385e+01 3.500000e+00 3.011288e+00
      vertex   4.655667e+01 3.500000e+00 3.044476e+00
    endloop
  endfacet
  facet normal 0.000000e+00 1.000000e+00 0.000000e+00
    outer loop
      vertex   4.655667e+01 3.500000e+00 3.044476e+00
      vertex   4.381385e+01 3.500000e+00 3.011288e+00
      vertex   4.390032e+01 3.500000e+00 3.044480e+00
    endloop
  endfacet
  facet normal 0.000000e+00 1.000000e+00 0.000000e+00
    outer loop
      vertex   4.655667e+01 3.500000e+00 3.044476e+00
      vertex   4.390032e+01 3.500000e+00 3.044480e+00
      vertex   4.648080e+01 3.500000e+00 3.097597e+00
    endloop
  endfacet
  facet normal 0.000000e+00 1.000000e+00 0.000000e+00
    outer loop
      vertex   4.648080e+01 3.500000e+00 3.097597e+00
      vertex   4.390032e+01 3.500000e+00 3.044480e+00
      vertex   4.397619e+01 3.500000e+00 3.097605e+00
    endloop
  endfacet
  facet normal 0.000000e+00 1.000000e+00 0.000000e+00
    outer loop
      vertex   4.648080e+01 3.500000e+00 3.097597e+00
      vertex   4.397619e+01 3.500000e+00 3.097605e+00
      vertex   4.642004e+01 3.500000e+00 3.167493e+00
    endloop
  endfacet
  facet normal 0.000000e+00 1.000000e+00 0.000000e+00
    outer loop
      vertex   4.642004e+01 3.500000e+00 3.167493e+00
      vertex   4.397619e+01 3.500000e+00 3.097605e+00
      vertex   4.403696e+01 3.500000e+00 3.167507e+00
    endloop
  endfacet
  facet normal 0.000000e+00 1.000000e+00 0.000000e+00
    outer loop
      vertex   4.642004e+01 3.500000e+00 3.167493e+00
      vertex   4.403696e+01 3.500000e+00 3.167507e+00
      vertex   4.637799e+01 3.500000e+00 3.250014e+00
    endloop
  endfacet
  facet normal 0.000000e+00 1.000000e+00 0.000000e+00
    outer loop
      vertex   4.637799e+01 3.500000e+00 3.250014e+00
      vertex   4.403696e+01 3.500000e+00 3.167507e+00
      vertex   4.407900e+01 3.500000e+00 3.250032e+00
    endloop
  endfacet
  facet normal 0.000000e+00 1.000000e+00 0.000000e+00
    outer loop
      vertex   4.637799e+01 3.500000e+00 3.250014e+00
      vertex   4.407900e+01 3.500000e+00 3.250032e+00
      vertex   4.564993e+01 3.500000e+00 5.250000e+00
    endloop
  endfacet
  facet normal 0.000000e+00 1.000000e+00 0.000000e+00
    outer loop
      vertex   4.564993e+01 3.500000e+00 5.250000e+00
      vertex   4.407900e+01 3.500000e+00 3.250032e+00
      vertex   4.480693e+01 3.500000e+00 5.250000e+00
    endloop
  endfacet
  facet normal -1.539212e-17 1.000000e+00 9.432302e-18
    outer loop
      vertex   6.423607e+01 3.500000e+00 -3.511410e-01
      vertex   3.743792e+01 3.500000e+00 3.000000e+00
      vertex   6.456403e+01 3.500000e+00 1.840380e-01
    endloop
  endfacet
  facet normal 0.000000e+00 1.000000e+00 1.577043e-16
    outer loop
      vertex   6.456403e+01 3.500000e+00 1.840380e-01
      vertex   3.743792e+01 3.500000e+00 3.000000e+00
      vertex   4.045106e+01 3.500000e+00 3.000000e+00
    endloop
  endfacet
  facet normal 0.000000e+00 1.000000e+00 1.577043e-16
    outer loop
      vertex   6.456403e+01 3.500000e+00 1.840380e-01
      vertex   4.045106e+01 3.500000e+00 3.000000e+00
      vertex   4.057992e+01 3.500000e+00 3.000000e+00
    endloop
  endfacet
  facet normal -1.353836e-17 1.000000e+00 1.156285e-17
    outer loop
      vertex   6.382843e+01 3.500000e+00 -8.284271e-01
      vertex   3.429592e+01 3.500000e+00 3.000000e+00
      vertex   6.423607e+01 3.500000e+00 -3.511410e-01
    endloop
  endfacet
  facet normal 0.000000e+00 1.000000e+00 1.325188e-16
    outer loop
      vertex   6.423607e+01 3.500000e+00 -3.511410e-01
      vertex   3.429592e+01 3.500000e+00 3.000000e+00
      vertex   3.730906e+01 3.500000e+00 3.000000e+00
    endloop
  endfacet
  facet normal 0.000000e+00 1.000000e+00 1.325188e-16
    outer loop
      vertex   6.423607e+01 3.500000e+00 -3.511410e-01
      vertex   3.730906e+01 3.500000e+00 3.000000e+00
      vertex   3.743792e+01 3.500000e+00 3.000000e+00
    endloop
  endfacet
  facet normal 0.000000e+00 1.000000e+00 -0.000000e+00
    outer loop
      vertex   6.335114e+01 3.500000e+00 -1.236068e+00
      vertex   3.734000e+00 3.500000e+00 -2.000000e+00
      vertex   6.382843e+01 3.500000e+00 -8.284271e-01
    endloop
  endfacet
  facet normal 0.000000e+00 1.000000e+00 0.000000e+00
    outer loop
      vertex   6.382843e+01 3.500000e+00 -8.284271e-01
      vertex   3.734000e+00 3.500000e+00 -2.000000e+00
      vertex   1.382859e+00 3.500000e+00 -1.236068e+00
    endloop
  endfacet
  facet normal 0.000000e+00 1.000000e+00 0.000000e+00
    outer loop
      vertex   6.382843e+01 3.500000e+00 -8.284271e-01
      vertex   1.382859e+00 3.500000e+00 -1.236068e+00
      vertex   9.055729e-01 3.500000e+00 -8.284271e-01
    endloop
  endfacet
  facet normal 0.000000e+00 1.000000e+00 0.000000e+00
    outer loop
      vertex   3.734000e+00 3.500000e+00 -2.000000e+00
      vertex   6.335114e+01 3.500000e+00 -1.236068e+00
      vertex   6.100000e+01 3.500000e+00 -2.000000e+00
    endloop
  endfacet
  facet normal 0.000000e+00 1.000000e+00 0.000000e+00
    outer loop
      vertex   6.100000e+01 3.500000e+00 -2.000000e+00
      vertex   6.335114e+01 3.500000e+00 -1.236068e+00
      vertex   6.281596e+01 3.500000e+00 -1.564026e+00
    endloop
  endfacet
  facet normal 0.000000e+00 1.000000e+00 0.000000e+00
    outer loop
      vertex   6.100000e+01 3.500000e+00 -2.000000e+00
      vertex   6.281596e+01 3.500000e+00 -1.564026e+00
      vertex   6.223607e+01 3.500000e+00 -1.804226e+00
    endloop
  endfacet
  facet normal 0.000000e+00 1.000000e+00 0.000000e+00
    outer loop
      vertex   6.223607e+01 3.500000e+00 -1.804226e+00
      vertex   6.162574e+01 3.500000e+00 -1.950753e+00
      vertex   6.100000e+01 3.500000e+00 -2.000000e+00
    endloop
  endfacet
  facet normal -0.000000e+00 1.000000e+00 -0.000000e+00
    outer loop
      vertex   3.108262e+00 3.500000e+00 -1.950753e+00
      vertex   2.497932e+00 3.500000e+00 -1.804226e+00
      vertex   3.734000e+00 3.500000e+00 -2.000000e+00
    endloop
  endfacet
  facet normal 0.000000e+00 1.000000e+00 0.000000e+00
    outer loop
      vertex   3.734000e+00 3.500000e+00 -2.000000e+00
      vertex   2.497932e+00 3.500000e+00 -1.804226e+00
      vertex   1.918038e+00 3.500000e+00 -1.564026e+00
    endloop
  endfacet
  facet normal 0.000000e+00 1.000000e+00 0.000000e+00
    outer loop
      vertex   3.734000e+00 3.500000e+00 -2.000000e+00
      vertex   1.918038e+00 3.500000e+00 -1.564026e+00
      vertex   1.382859e+00 3.500000e+00 -1.236068e+00
    endloop
  endfacet
  facet normal 1.330035e-17 1.000000e+00 1.135958e-17
    outer loop
      vertex   4.979320e-01 3.500000e+00 -3.511410e-01
      vertex   3.102506e+01 3.500000e+00 3.000000e+00
      vertex   9.055729e-01 3.500000e+00 -8.284271e-01
    endloop
  endfacet
  facet normal 0.000000e+00 1.000000e+00 1.159978e-16
    outer loop
      vertex   9.055729e-01 3.500000e+00 -8.284271e-01
      vertex   3.102506e+01 3.500000e+00 3.000000e+00
      vertex   3.115392e+01 3.500000e+00 3.000000e+00
    endloop
  endfacet
  facet normal 2.456026e-33 1.000000e+00 1.159978e-16
    outer loop
      vertex   9.055729e-01 3.500000e+00 -8.284271e-01
      vertex   3.115392e+01 3.500000e+00 3.000000e+00
      vertex   6.382843e+01 3.500000e+00 -8.284271e-01
    endloop
  endfacet
  facet normal 0.000000e+00 1.000000e+00 1.159978e-16
    outer loop
      vertex   6.382843e+01 3.500000e+00 -8.284271e-01
      vertex   3.115392e+01 3.500000e+00 3.000000e+00
      vertex   3.416706e+01 3.500000e+00 3.000000e+00
    endloop
  endfacet
  facet normal 0.000000e+00 1.000000e+00 1.159978e-16
    outer loop
      vertex   6.382843e+01 3.500000e+00 -8.284271e-01
      vertex   3.416706e+01 3.500000e+00 3.000000e+00
      vertex   3.429592e+01 3.500000e+00 3.000000e+00
    endloop
  endfacet
  facet normal 1.680528e-17 1.000000e+00 1.029829e-17
    outer loop
      vertex   1.699739e-01 3.500000e+00 1.840380e-01
      vertex   2.486992e+01 3.500000e+00 3.000000e+00
      vertex   4.979320e-01 3.500000e+00 -3.511410e-01
    endloop
  endfacet
  facet normal 0.000000e+00 1.000000e+00 1.325188e-16
    outer loop
      vertex   4.979320e-01 3.500000e+00 -3.511410e-01
      vertex   2.486992e+01 3.500000e+00 3.000000e+00
      vertex   2.788306e+01 3.500000e+00 3.000000e+00
    endloop
  endfacet
  facet normal 0.000000e+00 1.000000e+00 1.325188e-16
    outer loop
      vertex   4.979320e-01 3.500000e+00 -3.511410e-01
      vertex   2.788306e+01 3.500000e+00 3.000000e+00
      vertex   2.801192e+01 3.500000e+00 3.000000e+00
    endloop
  endfacet
  facet normal 1.965388e-17 1.000000e+00 8.140903e-18
    outer loop
      vertex   -7.022607e-02 3.500000e+00 7.639320e-01
      vertex   2.159906e+01 3.500000e+00 3.000000e+00
      vertex   1.699739e-01 3.500000e+00 1.840380e-01
    endloop
  endfacet
  facet normal 0.000000e+00 1.000000e+00 1.577043e-16
    outer loop
      vertex   1.699739e-01 3.500000e+00 1.840380e-01
      vertex   2.159906e+01 3.500000e+00 3.000000e+00
      vertex   2.172792e+01 3.500000e+00 3.000000e+00
    endloop
  endfacet
  facet normal 0.000000e+00 1.000000e+00 1.577043e-16
    outer loop
      vertex   1.699739e-01 3.500000e+00 1.840380e-01
      vertex   2.172792e+01 3.500000e+00 3.000000e+00
      vertex   2.474106e+01 3.500000e+00 3.000000e+00
    endloop
  endfacet
  facet normal 0.000000e+00 1.000000e+00 0.000000e+00
    outer loop
      vertex   2.474106e+01 3.500000e+00 3.000000e+00
      vertex   2.172792e+01 3.500000e+00 3.000000e+00
      vertex   2.464914e+01 3.500000e+00 3.011287e+00
    endloop
  endfacet
  facet normal 0.000000e+00 1.000000e+00 0.000000e+00
    outer loop
      vertex   2.464914e+01 3.500000e+00 3.011287e+00
      vertex   2.172792e+01 3.500000e+00 3.000000e+00
      vertex   2.181985e+01 3.500000e+00 3.011288e+00
    endloop
  endfacet
  facet normal 0.000000e+00 1.000000e+00 0.000000e+00
    outer loop
      vertex   2.464914e+01 3.500000e+00 3.011287e+00
      vertex   2.181985e+01 3.500000e+00 3.011288e+00
      vertex   2.456267e+01 3.500000e+00 3.044476e+00
    endloop
  endfacet
  facet normal 0.000000e+00 1.000000e+00 0.000000e+00
    outer loop
      vertex   2.456267e+01 3.500000e+00 3.044476e+00
      vertex   2.181985e+01 3.500000e+00 3.011288e+00
      vertex   2.190632e+01 3.500000e+00 3.044480e+00
    endloop
  endfacet
  facet normal 0.000000e+00 1.000000e+00 0.000000e+00
    outer loop
      vertex   2.456267e+01 3.500000e+00 3.044476e+00
      vertex   2.190632e+01 3.500000e+00 3.044480e+00
      vertex   2.448680e+01 3.500000e+00 3.097597e+00
    endloop
  endfacet
  facet normal 0.000000e+00 1.000000e+00 0.000000e+00
    outer loop
      vertex   2.448680e+01 3.500000e+00 3.097597e+00
      vertex   2.190632e+01 3.500000e+00 3.044480e+00
      vertex   2.198219e+01 3.500000e+00 3.097605e+00
    endloop
  endfacet
  facet normal 0.000000e+00 1.000000e+00 0.000000e+00
    outer loop
      vertex   2.448680e+01 3.500000e+00 3.097597e+00
      vertex   2.198219e+01 3.500000e+00 3.097605e+00
      vertex   2.442604e+01 3.500000e+00 3.167493e+00
    endloop
  endfacet
  facet normal 0.000000e+00 1.000000e+00 0.000000e+00
    outer loop
      vertex   2.442604e+01 3.500000e+00 3.167493e+00
      vertex   2.198219e+01 3.500000e+00 3.097605e+00
      vertex   2.204296e+01 3.500000e+00 3.167507e+00
    endloop
  endfacet
  facet normal 0.000000e+00 1.000000e+00 0.000000e+00
    outer loop
      vertex   2.442604e+01 3.500000e+00 3.167493e+00
      vertex   2.204296e+01 3.500000e+00 3.167507e+00
      vertex   2.438399e+01 3.500000e+00 3.250014e+00
    endloop
  endfacet
  facet normal 0.000000e+00 1.000000e+00 0.000000e+00
    outer loop
      vertex   2.438399e+01 3.500000e+00 3.250014e+00
      vertex   2.204296e+01 3.500000e+00 3.167507e+00
      vertex   2.208500e+01 3.500000e+00 3.250032e+00
    endloop
  endfacet
  facet normal 0.000000e+00 1.000000e+00 0.000000e+00
    outer loop
      vertex   2.438399e+01 3.500000e+00 3.250014e+00
      vertex   2.208500e+01 3.500000e+00 3.250032e+00
      vertex   2.365593e+01 3.500000e+00 5.250000e+00
    endloop
  endfacet
  facet normal 0.000000e+00 1.000000e+00 0.000000e+00
    outer loop
      vertex   2.365593e+01 3.500000e+00 5.250000e+00
      vertex   2.208500e+01 3.500000e+00 3.250032e+00
      vertex   2.281293e+01 3.500000e+00 5.250000e+00
    endloop
  endfacet
  facet normal 2.766742e-17 1.000000e+00 6.642360e-18
    outer loop
      vertex   -2.167534e-01 3.500000e+00 1.374262e+00
      vertex   1.544392e+01 3.500000e+00 3.000000e+00
      vertex   -7.022607e-02 3.500000e+00 7.639320e-01
    endloop
  endfacet
  facet normal 0.000000e+00 1.000000e+00 1.986027e-16
    outer loop
      vertex   -7.022607e-02 3.500000e+00 7.639320e-01
      vertex   1.544392e+01 3.500000e+00 3.000000e+00
      vertex   1.845706e+01 3.500000e+00 3.000000e+00
    endloop
  endfacet
  facet normal 0.000000e+00 1.000000e+00 1.986027e-16
    outer loop
      vertex   -7.022607e-02 3.500000e+00 7.639320e-01
      vertex   1.845706e+01 3.500000e+00 3.000000e+00
      vertex   1.858592e+01 3.500000e+00 3.000000e+00
    endloop
  endfacet
  facet normal 3.547672e-17 1.000000e+00 2.792078e-18
    outer loop
      vertex   -2.660000e-01 3.500000e+00 2.000000e+00
      vertex   1.217306e+01 3.500000e+00 3.000000e+00
      vertex   -2.167534e-01 3.500000e+00 1.374262e+00
    endloop
  endfacet
  facet normal 0.000000e+00 1.000000e+00 2.731616e-16
    outer loop
      vertex   -2.167534e-01 3.500000e+00 1.374262e+00
      vertex   1.217306e+01 3.500000e+00 3.000000e+00
      vertex   1.230192e+01 3.500000e+00 3.000000e+00
    endloop
  endfacet
  facet normal 0.000000e+00 1.000000e+00 2.731616e-16
    outer loop
      vertex   -2.167534e-01 3.500000e+00 1.374262e+00
      vertex   1.230192e+01 3.500000e+00 3.000000e+00
      vertex   1.531506e+01 3.500000e+00 3.000000e+00
    endloop
  endfacet
  facet normal 0.000000e+00 1.000000e+00 0.000000e+00
    outer loop
      vertex   1.531506e+01 3.500000e+00 3.000000e+00
      vertex   1.230192e+01 3.500000e+00 3.000000e+00
      vertex   1.522314e+01 3.500000e+00 3.011287e+00
    endloop
  endfacet
  facet normal 0.000000e+00 1.000000e+00 0.000000e+00
    outer loop
      vertex   1.522314e+01 3.500000e+00 3.011287e+00
      vertex   1.230192e+01 3.500000e+00 3.000000e+00
      vertex   1.239385e+01 3.500000e+00 3.011288e+00
    endloop
  endfacet
  facet normal 0.000000e+00 1.000000e+00 0.000000e+00
    outer loop
      vertex   1.522314e+01 3.500000e+00 3.011287e+00
      vertex   1.239385e+01 3.500000e+00 3.011288e+00
      vertex   1.513667e+01 3.500000e+00 3.044476e+00
    endloop
  endfacet
  facet normal 0.000000e+00 1.000000e+00 0.000000e+00
    outer loop
      vertex   1.513667e+01 3.500000e+00 3.044476e+00
      vertex   1.239385e+01 3.500000e+00 3.011288e+00
      vertex   1.248032e+01 3.500000e+00 3.044480e+00
    endloop
  endfacet
  facet normal 0.000000e+00 1.000000e+00 0.000000e+00
    outer loop
      vertex   1.513667e+01 3.500000e+00 3.044476e+00
      vertex   1.248032e+01 3.500000e+00 3.044480e+00
      vertex   1.506080e+01 3.500000e+00 3.097597e+00
    endloop
  endfacet
  facet normal 0.000000e+00 1.000000e+00 0.000000e+00
    outer loop
      vertex   1.506080e+01 3.500000e+00 3.097597e+00
      vertex   1.248032e+01 3.500000e+00 3.044480e+00
      vertex   1.255619e+01 3.500000e+00 3.097605e+00
    endloop
  endfacet
  facet normal 0.000000e+00 1.000000e+00 0.000000e+00
    outer loop
      vertex   1.506080e+01 3.500000e+00 3.097597e+00
      vertex   1.255619e+01 3.500000e+00 3.097605e+00
      vertex   1.500004e+01 3.500000e+00 3.167493e+00
    endloop
  endfacet
  facet normal 0.000000e+00 1.000000e+00 0.000000e+00
    outer loop
      vertex   1.500004e+01 3.500000e+00 3.167493e+00
      vertex   1.255619e+01 3.500000e+00 3.097605e+00
      vertex   1.261696e+01 3.500000e+00 3.167507e+00
    endloop
  endfacet
  facet normal 0.000000e+00 1.000000e+00 0.000000e+00
    outer loop
      vertex   1.500004e+01 3.500000e+00 3.167493e+00
      vertex   1.261696e+01 3.500000e+00 3.167507e+00
      vertex   1.495799e+01 3.500000e+00 3.250014e+00
    endloop
  endfacet
  facet normal 0.000000e+00 1.000000e+00 0.000000e+00
    outer loop
      vertex   1.495799e+01 3.500000e+00 3.250014e+00
      vertex   1.261696e+01 3.500000e+00 3.167507e+00
      vertex   1.265900e+01 3.500000e+00 3.250032e+00
    endloop
  endfacet
  facet normal 0.000000e+00 1.000000e+00 0.000000e+00
    outer loop
      vertex   1.495799e+01 3.500000e+00 3.250014e+00
      vertex   1.265900e+01 3.500000e+00 3.250032e+00
      vertex   1.422993e+01 3.500000e+00 5.250000e+00
    endloop
  endfacet
  facet normal 0.000000e+00 1.000000e+00 0.000000e+00
    outer loop
      vertex   1.422993e+01 3.500000e+00 5.250000e+00
      vertex   1.265900e+01 3.500000e+00 3.250032e+00
      vertex   1.338693e+01 3.500000e+00 5.250000e+00
    endloop
  endfacet
  facet normal -0.000000e+00 1.000000e+00 4.440892e-16
    outer loop
      vertex   -2.660789e-01 3.500000e+00 3.000000e+00
      vertex   2.747064e+00 3.500000e+00 3.000000e+00
      vertex   -2.660000e-01 3.500000e+00 2.000000e+00
    endloop
  endfacet
  facet normal 0.000000e+00 1.000000e+00 4.440892e-16
    outer loop
      vertex   -2.660000e-01 3.500000e+00 2.000000e+00
      vertex   2.747064e+00 3.500000e+00 3.000000e+00
      vertex   2.875921e+00 3.500000e+00 3.000000e+00
    endloop
  endfacet
  facet normal 0.000000e+00 1.000000e+00 4.440892e-16
    outer loop
      vertex   -2.660000e-01 3.500000e+00 2.000000e+00
      vertex   2.875921e+00 3.500000e+00 3.000000e+00
      vertex   5.889064e+00 3.500000e+00 3.000000e+00
    endloop
  endfacet
  facet normal 0.000000e+00 1.000000e+00 0.000000e+00
    outer loop
      vertex   5.889064e+00 3.500000e+00 3.000000e+00
      vertex   2.875921e+00 3.500000e+00 3.000000e+00
      vertex   5.797138e+00 3.500000e+00 3.011287e+00
    endloop
  endfacet
  facet normal 0.000000e+00 1.000000e+00 0.000000e+00
    outer loop
      vertex   5.797138e+00 3.500000e+00 3.011287e+00
      vertex   2.875921e+00 3.500000e+00 3.000000e+00
      vertex   2.967851e+00 3.500000e+00 3.011288e+00
    endloop
  endfacet
  facet normal 0.000000e+00 1.000000e+00 0.000000e+00
    outer loop
      vertex   5.797138e+00 3.500000e+00 3.011287e+00
      vertex   2.967851e+00 3.500000e+00 3.011288e+00
      vertex   5.710672e+00 3.500000e+00 3.044476e+00
    endloop
  endfacet
  facet normal 0.000000e+00 1.000000e+00 0.000000e+00
    outer loop
      vertex   5.710672e+00 3.500000e+00 3.044476e+00
      vertex   2.967851e+00 3.500000e+00 3.011288e+00
      vertex   3.054320e+00 3.500000e+00 3.044480e+00
    endloop
  endfacet
  facet normal 0.000000e+00 1.000000e+00 0.000000e+00
    outer loop
      vertex   5.710672e+00 3.500000e+00 3.044476e+00
      vertex   3.054320e+00 3.500000e+00 3.044480e+00
      vertex   5.634803e+00 3.500000e+00 3.097597e+00
    endloop
  endfacet
  facet normal 0.000000e+00 1.000000e+00 0.000000e+00
    outer loop
      vertex   5.634803e+00 3.500000e+00 3.097597e+00
      vertex   3.054320e+00 3.500000e+00 3.044480e+00
      vertex   3.130191e+00 3.500000e+00 3.097605e+00
    endloop
  endfacet
  facet normal 0.000000e+00 1.000000e+00 0.000000e+00
    outer loop
      vertex   5.634803e+00 3.500000e+00 3.097597e+00
      vertex   3.130191e+00 3.500000e+00 3.097605e+00
      vertex   5.574039e+00 3.500000e+00 3.167493e+00
    endloop
  endfacet
  facet normal 0.000000e+00 1.000000e+00 0.000000e+00
    outer loop
      vertex   5.574039e+00 3.500000e+00 3.167493e+00
      vertex   3.130191e+00 3.500000e+00 3.097605e+00
      vertex   3.190955e+00 3.500000e+00 3.167507e+00
    endloop
  endfacet
  facet normal 0.000000e+00 1.000000e+00 0.000000e+00
    outer loop
      vertex   5.574039e+00 3.500000e+00 3.167493e+00
      vertex   3.190955e+00 3.500000e+00 3.167507e+00
      vertex   5.531988e+00 3.500000e+00 3.250014e+00
    endloop
  endfacet
  facet normal 0.000000e+00 1.000000e+00 0.000000e+00
    outer loop
      vertex   5.531988e+00 3.500000e+00 3.250014e+00
      vertex   3.190955e+00 3.500000e+00 3.167507e+00
      vertex   3.233004e+00 3.500000e+00 3.250032e+00
    endloop
  endfacet
  facet normal 0.000000e+00 1.000000e+00 0.000000e+00
    outer loop
      vertex   5.531988e+00 3.500000e+00 3.250014e+00
      vertex   3.233004e+00 3.500000e+00 3.250032e+00
      vertex   4.803933e+00 3.500000e+00 5.250000e+00
    endloop
  endfacet
  facet normal 0.000000e+00 1.000000e+00 0.000000e+00
    outer loop
      vertex   4.803933e+00 3.500000e+00 5.250000e+00
      vertex   3.233004e+00 3.500000e+00 3.250032e+00
      vertex   3.960933e+00 3.500000e+00 5.250000e+00
    endloop
  endfacet
  facet normal 0.000000e+00 1.000000e+00 0.000000e+00
    outer loop
      vertex   2.747064e+00 3.500000e+00 3.000000e+00
      vertex   -2.660789e-01 3.500000e+00 3.000000e+00
      vertex   2.655138e+00 3.500000e+00 3.011287e+00
    endloop
  endfacet
  facet normal 0.000000e+00 1.000000e+00 0.000000e+00
    outer loop
      vertex   2.655138e+00 3.500000e+00 3.011287e+00
      vertex   -2.660789e-01 3.500000e+00 3.000000e+00
      vertex   -1.741485e-01 3.500000e+00 3.011288e+00
    endloop
  endfacet
  facet normal 0.000000e+00 1.000000e+00 0.000000e+00
    outer loop
      vertex   2.655138e+00 3.500000e+00 3.011287e+00
      vertex   -1.741485e-01 3.500000e+00 3.011288e+00
      vertex   2.568672e+00 3.500000e+00 3.044476e+00
    endloop
  endfacet
  facet normal 0.000000e+00 1.000000e+00 0.000000e+00
    outer loop
      vertex   2.568672e+00 3.500000e+00 3.044476e+00
      vertex   -1.741485e-01 3.500000e+00 3.011288e+00
      vertex   -8.767967e-02 3.500000e+00 3.044480e+00
    endloop
  endfacet
  facet normal 0.000000e+00 1.000000e+00 0.000000e+00
    outer loop
      vertex   2.568672e+00 3.500000e+00 3.044476e+00
      vertex   -8.767967e-02 3.500000e+00 3.044480e+00
      vertex   2.492803e+00 3.500000e+00 3.097597e+00
    endloop
  endfacet
  facet normal 0.000000e+00 1.000000e+00 0.000000e+00
    outer loop
      vertex   2.492803e+00 3.500000e+00 3.097597e+00
      vertex   -8.767967e-02 3.500000e+00 3.044480e+00
      vertex   -1.180923e-02 3.500000e+00 3.097605e+00
    endloop
  endfacet
  facet normal 0.000000e+00 1.000000e+00 0.000000e+00
    outer loop
      vertex   2.492803e+00 3.500000e+00 3.097597e+00
      vertex   -1.180923e-02 3.500000e+00 3.097605e+00
      vertex   2.432039e+00 3.500000e+00 3.167493e+00
    endloop
  endfacet
  facet normal 0.000000e+00 1.000000e+00 0.000000e+00
    outer loop
      vertex   2.432039e+00 3.500000e+00 3.167493e+00
      vertex   -1.180923e-02 3.500000e+00 3.097605e+00
      vertex   4.895541e-02 3.500000e+00 3.167507e+00
    endloop
  endfacet
  facet normal 0.000000e+00 1.000000e+00 0.000000e+00
    outer loop
      vertex   2.432039e+00 3.500000e+00 3.167493e+00
      vertex   4.895541e-02 3.500000e+00 3.167507e+00
      vertex   2.389988e+00 3.500000e+00 3.250014e+00
    endloop
  endfacet
  facet normal 0.000000e+00 1.000000e+00 0.000000e+00
    outer loop
      vertex   2.389988e+00 3.500000e+00 3.250014e+00
      vertex   4.895541e-02 3.500000e+00 3.167507e+00
      vertex   9.100433e-02 3.500000e+00 3.250032e+00
    endloop
  endfacet
  facet normal 0.000000e+00 1.000000e+00 0.000000e+00
    outer loop
      vertex   2.389988e+00 3.500000e+00 3.250014e+00
      vertex   9.100433e-02 3.500000e+00 3.250032e+00
      vertex   1.661933e+00 3.500000e+00 5.250000e+00
    endloop
  endfacet
  facet normal 0.000000e+00 1.000000e+00 0.000000e+00
    outer loop
      vertex   1.661933e+00 3.500000e+00 5.250000e+00
      vertex   9.100433e-02 3.500000e+00 3.250032e+00
      vertex   8.189330e-01 3.500000e+00 5.250000e+00
    endloop
  endfacet
  facet normal -0.000000e+00 1.000000e+00 4.440892e-16
    outer loop
      vertex   5.889064e+00 3.500000e+00 3.000000e+00
      vertex   6.017921e+00 3.500000e+00 3.000000e+00
      vertex   -2.660000e-01 3.500000e+00 2.000000e+00
    endloop
  endfacet
  facet normal 0.000000e+00 1.000000e+00 4.440892e-16
    outer loop
      vertex   -2.660000e-01 3.500000e+00 2.000000e+00
      vertex   6.017921e+00 3.500000e+00 3.000000e+00
      vertex   9.031064e+00 3.500000e+00 3.000000e+00
    endloop
  endfacet
  facet normal 0.000000e+00 1.000000e+00 4.440892e-16
    outer loop
      vertex   -2.660000e-01 3.500000e+00 2.000000e+00
      vertex   9.031064e+00 3.500000e+00 3.000000e+00
      vertex   9.159921e+00 3.500000e+00 3.000000e+00
    endloop
  endfacet
  facet normal 0.000000e+00 1.000000e+00 0.000000e+00
    outer loop
      vertex   9.031064e+00 3.500000e+00 3.000000e+00
      vertex   6.017921e+00 3.500000e+00 3.000000e+00
      vertex   8.939138e+00 3.500000e+00 3.011287e+00
    endloop
  endfacet
  facet normal 0.000000e+00 1.000000e+00 0.000000e+00
    outer loop
      vertex   8.939138e+00 3.500000e+00 3.011287e+00
      vertex   6.017921e+00 3.500000e+00 3.000000e+00
      vertex   6.109851e+00 3.500000e+00 3.011288e+00
    endloop
  endfacet
  facet normal 0.000000e+00 1.000000e+00 0.000000e+00
    outer loop
      vertex   8.939138e+00 3.500000e+00 3.011287e+00
      vertex   6.109851e+00 3.500000e+00 3.011288e+00
      vertex   8.852672e+00 3.500000e+00 3.044476e+00
    endloop
  endfacet
  facet normal 0.000000e+00 1.000000e+00 0.000000e+00
    outer loop
      vertex   8.852672e+00 3.500000e+00 3.044476e+00
      vertex   6.109851e+00 3.500000e+00 3.011288e+00
      vertex   6.196320e+00 3.500000e+00 3.044480e+00
    endloop
  endfacet
  facet normal 0.000000e+00 1.000000e+00 0.000000e+00
    outer loop
      vertex   8.852672e+00 3.500000e+00 3.044476e+00
      vertex   6.196320e+00 3.500000e+00 3.044480e+00
      vertex   8.776803e+00 3.500000e+00 3.097597e+00
    endloop
  endfacet
  facet normal 0.000000e+00 1.000000e+00 0.000000e+00
    outer loop
      vertex   8.776803e+00 3.500000e+00 3.097597e+00
      vertex   6.196320e+00 3.500000e+00 3.044480e+00
      vertex   6.272191e+00 3.500000e+00 3.097605e+00
    endloop
  endfacet
  facet normal 0.000000e+00 1.000000e+00 0.000000e+00
    outer loop
      vertex   8.776803e+00 3.500000e+00 3.097597e+00
      vertex   6.272191e+00 3.500000e+00 3.097605e+00
      vertex   8.716039e+00 3.500000e+00 3.167493e+00
    endloop
  endfacet
  facet normal 0.000000e+00 1.000000e+00 0.000000e+00
    outer loop
      vertex   8.716039e+00 3.500000e+00 3.167493e+00
      vertex   6.272191e+00 3.500000e+00 3.097605e+00
      vertex   6.332955e+00 3.500000e+00 3.167507e+00
    endloop
  endfacet
  facet normal 0.000000e+00 1.000000e+00 0.000000e+00
    outer loop
      vertex   8.716039e+00 3.500000e+00 3.167493e+00
      vertex   6.332955e+00 3.500000e+00 3.167507e+00
      vertex   8.673988e+00 3.500000e+00 3.250014e+00
    endloop
  endfacet
  facet normal 0.000000e+00 1.000000e+00 0.000000e+00
    outer loop
      vertex   8.673988e+00 3.500000e+00 3.250014e+00
      vertex   6.332955e+00 3.500000e+00 3.167507e+00
      vertex   6.375004e+00 3.500000e+00 3.250032e+00
    endloop
  endfacet
  facet normal 0.000000e+00 1.000000e+00 0.000000e+00
    outer loop
      vertex   8.673988e+00 3.500000e+00 3.250014e+00
      vertex   6.375004e+00 3.500000e+00 3.250032e+00
      vertex   7.945933e+00 3.500000e+00 5.250000e+00
    endloop
  endfacet
  facet normal 0.000000e+00 1.000000e+00 0.000000e+00
    outer loop
      vertex   7.945933e+00 3.500000e+00 5.250000e+00
      vertex   6.375004e+00 3.500000e+00 3.250032e+00
      vertex   7.102933e+00 3.500000e+00 5.250000e+00
    endloop
  endfacet
  facet normal 0.000000e+00 1.000000e+00 0.000000e+00
    outer loop
      vertex   9.251851e+00 3.500000e+00 3.011288e+00
      vertex   1.208114e+01 3.500000e+00 3.011287e+00
      vertex   9.159921e+00 3.500000e+00 3.000000e+00
    endloop
  endfacet
  facet normal 0.000000e+00 1.000000e+00 0.000000e+00
    outer loop
      vertex   9.159921e+00 3.500000e+00 3.000000e+00
      vertex   1.208114e+01 3.500000e+00 3.011287e+00
      vertex   1.217306e+01 3.500000e+00 3.000000e+00
    endloop
  endfacet
  facet normal -0.000000e+00 1.000000e+00 4.440892e-16
    outer loop
      vertex   9.159921e+00 3.500000e+00 3.000000e+00
      vertex   1.217306e+01 3.500000e+00 3.000000e+00
      vertex   -2.660000e-01 3.500000e+00 2.000000e+00
    endloop
  endfacet
  facet normal 0.000000e+00 1.000000e+00 0.000000e+00
    outer loop
      vertex   1.208114e+01 3.500000e+00 3.011287e+00
      vertex   9.251851e+00 3.500000e+00 3.011288e+00
      vertex   1.199467e+01 3.500000e+00 3.044476e+00
    endloop
  endfacet
  facet normal 0.000000e+00 1.000000e+00 0.000000e+00
    outer loop
      vertex   1.199467e+01 3.500000e+00 3.044476e+00
      vertex   9.251851e+00 3.500000e+00 3.011288e+00
      vertex   9.338320e+00 3.500000e+00 3.044480e+00
    endloop
  endfacet
  facet normal 0.000000e+00 1.000000e+00 0.000000e+00
    outer loop
      vertex   1.199467e+01 3.500000e+00 3.044476e+00
      vertex   9.338320e+00 3.500000e+00 3.044480e+00
      vertex   1.191880e+01 3.500000e+00 3.097597e+00
    endloop
  endfacet
  facet normal 0.000000e+00 1.000000e+00 0.000000e+00
    outer loop
      vertex   1.191880e+01 3.500000e+00 3.097597e+00
      vertex   9.338320e+00 3.500000e+00 3.044480e+00
      vertex   9.414191e+00 3.500000e+00 3.097605e+00
    endloop
  endfacet
  facet normal 0.000000e+00 1.000000e+00 0.000000e+00
    outer loop
      vertex   1.191880e+01 3.500000e+00 3.097597e+00
      vertex   9.414191e+00 3.500000e+00 3.097605e+00
      vertex   1.185804e+01 3.500000e+00 3.167493e+00
    endloop
  endfacet
  facet normal 0.000000e+00 1.000000e+00 0.000000e+00
    outer loop
      vertex   1.185804e+01 3.500000e+00 3.167493e+00
      vertex   9.414191e+00 3.500000e+00 3.097605e+00
      vertex   9.474955e+00 3.500000e+00 3.167507e+00
    endloop
  endfacet
  facet normal 0.000000e+00 1.000000e+00 0.000000e+00
    outer loop
      vertex   1.185804e+01 3.500000e+00 3.167493e+00
      vertex   9.474955e+00 3.500000e+00 3.167507e+00
      vertex   1.181599e+01 3.500000e+00 3.250014e+00
    endloop
  endfacet
  facet normal 0.000000e+00 1.000000e+00 0.000000e+00
    outer loop
      vertex   1.181599e+01 3.500000e+00 3.250014e+00
      vertex   9.474955e+00 3.500000e+00 3.167507e+00
      vertex   9.517004e+00 3.500000e+00 3.250032e+00
    endloop
  endfacet
  facet normal 0.000000e+00 1.000000e+00 0.000000e+00
    outer loop
      vertex   1.181599e+01 3.500000e+00 3.250014e+00
      vertex   9.517004e+00 3.500000e+00 3.250032e+00
      vertex   1.108793e+01 3.500000e+00 5.250000e+00
    endloop
  endfacet
  facet normal 0.000000e+00 1.000000e+00 0.000000e+00
    outer loop
      vertex   1.108793e+01 3.500000e+00 5.250000e+00
      vertex   9.517004e+00 3.500000e+00 3.250032e+00
      vertex   1.024493e+01 3.500000e+00 5.250000e+00
    endloop
  endfacet
  facet normal -0.000000e+00 1.000000e+00 2.731616e-16
    outer loop
      vertex   1.531506e+01 3.500000e+00 3.000000e+00
      vertex   1.544392e+01 3.500000e+00 3.000000e+00
      vertex   -2.167534e-01 3.500000e+00 1.374262e+00
    endloop
  endfacet
  facet normal 0.000000e+00 1.000000e+00 0.000000e+00
    outer loop
      vertex   1.845706e+01 3.500000e+00 3.000000e+00
      vertex   1.544392e+01 3.500000e+00 3.000000e+00
      vertex   1.836514e+01 3.500000e+00 3.011287e+00
    endloop
  endfacet
  facet normal 0.000000e+00 1.000000e+00 0.000000e+00
    outer loop
      vertex   1.836514e+01 3.500000e+00 3.011287e+00
      vertex   1.544392e+01 3.500000e+00 3.000000e+00
      vertex   1.553585e+01 3.500000e+00 3.011288e+00
    endloop
  endfacet
  facet normal 0.000000e+00 1.000000e+00 0.000000e+00
    outer loop
      vertex   1.836514e+01 3.500000e+00 3.011287e+00
      vertex   1.553585e+01 3.500000e+00 3.011288e+00
      vertex   1.827867e+01 3.500000e+00 3.044476e+00
    endloop
  endfacet
  facet normal 0.000000e+00 1.000000e+00 0.000000e+00
    outer loop
      vertex   1.827867e+01 3.500000e+00 3.044476e+00
      vertex   1.553585e+01 3.500000e+00 3.011288e+00
      vertex   1.562232e+01 3.500000e+00 3.044480e+00
    endloop
  endfacet
  facet normal 0.000000e+00 1.000000e+00 0.000000e+00
    outer loop
      vertex   1.827867e+01 3.500000e+00 3.044476e+00
      vertex   1.562232e+01 3.500000e+00 3.044480e+00
      vertex   1.820280e+01 3.500000e+00 3.097597e+00
    endloop
  endfacet
  facet normal 0.000000e+00 1.000000e+00 0.000000e+00
    outer loop
      vertex   1.820280e+01 3.500000e+00 3.097597e+00
      vertex   1.562232e+01 3.500000e+00 3.044480e+00
      vertex   1.569819e+01 3.500000e+00 3.097605e+00
    endloop
  endfacet
  facet normal 0.000000e+00 1.000000e+00 0.000000e+00
    outer loop
      vertex   1.820280e+01 3.500000e+00 3.097597e+00
      vertex   1.569819e+01 3.500000e+00 3.097605e+00
      vertex   1.814204e+01 3.500000e+00 3.167493e+00
    endloop
  endfacet
  facet normal 0.000000e+00 1.000000e+00 0.000000e+00
    outer loop
      vertex   1.814204e+01 3.500000e+00 3.167493e+00
      vertex   1.569819e+01 3.500000e+00 3.097605e+00
      vertex   1.575896e+01 3.500000e+00 3.167507e+00
    endloop
  endfacet
  facet normal 0.000000e+00 1.000000e+00 0.000000e+00
    outer loop
      vertex   1.814204e+01 3.500000e+00 3.167493e+00
      vertex   1.575896e+01 3.500000e+00 3.167507e+00
      vertex   1.809999e+01 3.500000e+00 3.250014e+00
    endloop
  endfacet
  facet normal 0.000000e+00 1.000000e+00 0.000000e+00
    outer loop
      vertex   1.809999e+01 3.500000e+00 3.250014e+00
      vertex   1.575896e+01 3.500000e+00 3.167507e+00
      vertex   1.580100e+01 3.500000e+00 3.250032e+00
    endloop
  endfacet
  facet normal 0.000000e+00 1.000000e+00 0.000000e+00
    outer loop
      vertex   1.809999e+01 3.500000e+00 3.250014e+00
      vertex   1.580100e+01 3.500000e+00 3.250032e+00
      vertex   1.737193e+01 3.500000e+00 5.250000e+00
    endloop
  endfacet
  facet normal 0.000000e+00 1.000000e+00 0.000000e+00
    outer loop
      vertex   1.737193e+01 3.500000e+00 5.250000e+00
      vertex   1.580100e+01 3.500000e+00 3.250032e+00
      vertex   1.652893e+01 3.500000e+00 5.250000e+00
    endloop
  endfacet
  facet normal 0.000000e+00 1.000000e+00 0.000000e+00
    outer loop
      vertex   1.867785e+01 3.500000e+00 3.011288e+00
      vertex   2.150714e+01 3.500000e+00 3.011287e+00
      vertex   1.858592e+01 3.500000e+00 3.000000e+00
    endloop
  endfacet
  facet normal 0.000000e+00 1.000000e+00 0.000000e+00
    outer loop
      vertex   1.858592e+01 3.500000e+00 3.000000e+00
      vertex   2.150714e+01 3.500000e+00 3.011287e+00
      vertex   2.159906e+01 3.500000e+00 3.000000e+00
    endloop
  endfacet
  facet normal -0.000000e+00 1.000000e+00 1.986027e-16
    outer loop
      vertex   1.858592e+01 3.500000e+00 3.000000e+00
      vertex   2.159906e+01 3.500000e+00 3.000000e+00
      vertex   -7.022607e-02 3.500000e+00 7.639320e-01
    endloop
  endfacet
  facet normal 0.000000e+00 1.000000e+00 0.000000e+00
    outer loop
      vertex   2.150714e+01 3.500000e+00 3.011287e+00
      vertex   1.867785e+01 3.500000e+00 3.011288e+00
      vertex   2.142067e+01 3.500000e+00 3.044476e+00
    endloop
  endfacet
  facet normal 0.000000e+00 1.000000e+00 0.000000e+00
    outer loop
      vertex   2.142067e+01 3.500000e+00 3.044476e+00
      vertex   1.867785e+01 3.500000e+00 3.011288e+00
      vertex   1.876432e+01 3.500000e+00 3.044480e+00
    endloop
  endfacet
  facet normal 0.000000e+00 1.000000e+00 0.000000e+00
    outer loop
      vertex   2.142067e+01 3.500000e+00 3.044476e+00
      vertex   1.876432e+01 3.500000e+00 3.044480e+00
      vertex   2.134480e+01 3.500000e+00 3.097597e+00
    endloop
  endfacet
  facet normal 0.000000e+00 1.000000e+00 0.000000e+00
    outer loop
      vertex   2.134480e+01 3.500000e+00 3.097597e+00
      vertex   1.876432e+01 3.500000e+00 3.044480e+00
      vertex   1.884019e+01 3.500000e+00 3.097605e+00
    endloop
  endfacet
  facet normal 0.000000e+00 1.000000e+00 0.000000e+00
    outer loop
      vertex   2.134480e+01 3.500000e+00 3.097597e+00
      vertex   1.884019e+01 3.500000e+00 3.097605e+00
      vertex   2.128404e+01 3.500000e+00 3.167493e+00
    endloop
  endfacet
  facet normal 0.000000e+00 1.000000e+00 0.000000e+00
    outer loop
      vertex   2.128404e+01 3.500000e+00 3.167493e+00
      vertex   1.884019e+01 3.500000e+00 3.097605e+00
      vertex   1.890096e+01 3.500000e+00 3.167507e+00
    endloop
  endfacet
  facet normal 0.000000e+00 1.000000e+00 0.000000e+00
    outer loop
      vertex   2.128404e+01 3.500000e+00 3.167493e+00
      vertex   1.890096e+01 3.500000e+00 3.167507e+00
      vertex   2.124199e+01 3.500000e+00 3.250014e+00
    endloop
  endfacet
  facet normal 0.000000e+00 1.000000e+00 0.000000e+00
    outer loop
      vertex   2.124199e+01 3.500000e+00 3.250014e+00
      vertex   1.890096e+01 3.500000e+00 3.167507e+00
      vertex   1.894300e+01 3.500000e+00 3.250032e+00
    endloop
  endfacet
  facet normal 0.000000e+00 1.000000e+00 0.000000e+00
    outer loop
      vertex   2.124199e+01 3.500000e+00 3.250014e+00
      vertex   1.894300e+01 3.500000e+00 3.250032e+00
      vertex   2.051393e+01 3.500000e+00 5.250000e+00
    endloop
  endfacet
  facet normal 0.000000e+00 1.000000e+00 0.000000e+00
    outer loop
      vertex   2.051393e+01 3.500000e+00 5.250000e+00
      vertex   1.894300e+01 3.500000e+00 3.250032e+00
      vertex   1.967093e+01 3.500000e+00 5.250000e+00
    endloop
  endfacet
  facet normal -0.000000e+00 1.000000e+00 1.577043e-16
    outer loop
      vertex   2.474106e+01 3.500000e+00 3.000000e+00
      vertex   2.486992e+01 3.500000e+00 3.000000e+00
      vertex   1.699739e-01 3.500000e+00 1.840380e-01
    endloop
  endfacet
  facet normal 0.000000e+00 1.000000e+00 0.000000e+00
    outer loop
      vertex   2.788306e+01 3.500000e+00 3.000000e+00
      vertex   2.486992e+01 3.500000e+00 3.000000e+00
      vertex   2.779114e+01 3.500000e+00 3.011287e+00
    endloop
  endfacet
  facet normal 0.000000e+00 1.000000e+00 0.000000e+00
    outer loop
      vertex   2.779114e+01 3.500000e+00 3.011287e+00
      vertex   2.486992e+01 3.500000e+00 3.000000e+00
      vertex   2.496185e+01 3.500000e+00 3.011288e+00
    endloop
  endfacet
  facet normal 0.000000e+00 1.000000e+00 0.000000e+00
    outer loop
      vertex   2.779114e+01 3.500000e+00 3.011287e+00
      vertex   2.496185e+01 3.500000e+00 3.011288e+00
      vertex   2.770467e+01 3.500000e+00 3.044476e+00
    endloop
  endfacet
  facet normal 0.000000e+00 1.000000e+00 0.000000e+00
    outer loop
      vertex   2.770467e+01 3.500000e+00 3.044476e+00
      vertex   2.496185e+01 3.500000e+00 3.011288e+00
      vertex   2.504832e+01 3.500000e+00 3.044480e+00
    endloop
  endfacet
  facet normal 0.000000e+00 1.000000e+00 0.000000e+00
    outer loop
      vertex   2.770467e+01 3.500000e+00 3.044476e+00
      vertex   2.504832e+01 3.500000e+00 3.044480e+00
      vertex   2.762880e+01 3.500000e+00 3.097597e+00
    endloop
  endfacet
  facet normal 0.000000e+00 1.000000e+00 0.000000e+00
    outer loop
      vertex   2.762880e+01 3.500000e+00 3.097597e+00
      vertex   2.504832e+01 3.500000e+00 3.044480e+00
      vertex   2.512419e+01 3.500000e+00 3.097605e+00
    endloop
  endfacet
  facet normal 0.000000e+00 1.000000e+00 0.000000e+00
    outer loop
      vertex   2.762880e+01 3.500000e+00 3.097597e+00
      vertex   2.512419e+01 3.500000e+00 3.097605e+00
      vertex   2.756804e+01 3.500000e+00 3.167493e+00
    endloop
  endfacet
  facet normal 0.000000e+00 1.000000e+00 0.000000e+00
    outer loop
      vertex   2.756804e+01 3.500000e+00 3.167493e+00
      vertex   2.512419e+01 3.500000e+00 3.097605e+00
      vertex   2.518496e+01 3.500000e+00 3.167507e+00
    endloop
  endfacet
  facet normal 0.000000e+00 1.000000e+00 0.000000e+00
    outer loop
      vertex   2.756804e+01 3.500000e+00 3.167493e+00
      vertex   2.518496e+01 3.500000e+00 3.167507e+00
      vertex   2.752599e+01 3.500000e+00 3.250014e+00
    endloop
  endfacet
  facet normal 0.000000e+00 1.000000e+00 0.000000e+00
    outer loop
      vertex   2.752599e+01 3.500000e+00 3.250014e+00
      vertex   2.518496e+01 3.500000e+00 3.167507e+00
      vertex   2.522700e+01 3.500000e+00 3.250032e+00
    endloop
  endfacet
  facet normal 0.000000e+00 1.000000e+00 0.000000e+00
    outer loop
      vertex   2.752599e+01 3.500000e+00 3.250014e+00
      vertex   2.522700e+01 3.500000e+00 3.250032e+00
      vertex   2.679793e+01 3.500000e+00 5.250000e+00
    endloop
  endfacet
  facet normal 0.000000e+00 1.000000e+00 0.000000e+00
    outer loop
      vertex   2.679793e+01 3.500000e+00 5.250000e+00
      vertex   2.522700e+01 3.500000e+00 3.250032e+00
      vertex   2.595493e+01 3.500000e+00 5.250000e+00
    endloop
  endfacet
  facet normal 0.000000e+00 1.000000e+00 0.000000e+00
    outer loop
      vertex   2.810385e+01 3.500000e+00 3.011288e+00
      vertex   3.093314e+01 3.500000e+00 3.011287e+00
      vertex   2.801192e+01 3.500000e+00 3.000000e+00
    endloop
  endfacet
  facet normal 0.000000e+00 1.000000e+00 0.000000e+00
    outer loop
      vertex   2.801192e+01 3.500000e+00 3.000000e+00
      vertex   3.093314e+01 3.500000e+00 3.011287e+00
      vertex   3.102506e+01 3.500000e+00 3.000000e+00
    endloop
  endfacet
  facet normal -0.000000e+00 1.000000e+00 1.325188e-16
    outer loop
      vertex   2.801192e+01 3.500000e+00 3.000000e+00
      vertex   3.102506e+01 3.500000e+00 3.000000e+00
      vertex   4.979320e-01 3.500000e+00 -3.511410e-01
    endloop
  endfacet
  facet normal 0.000000e+00 1.000000e+00 0.000000e+00
    outer loop
      vertex   3.093314e+01 3.500000e+00 3.011287e+00
      vertex   2.810385e+01 3.500000e+00 3.011288e+00
      vertex   3.084667e+01 3.500000e+00 3.044476e+00
    endloop
  endfacet
  facet normal 0.000000e+00 1.000000e+00 0.000000e+00
    outer loop
      vertex   3.084667e+01 3.500000e+00 3.044476e+00
      vertex   2.810385e+01 3.500000e+00 3.011288e+00
      vertex   2.819032e+01 3.500000e+00 3.044480e+00
    endloop
  endfacet
  facet normal 0.000000e+00 1.000000e+00 0.000000e+00
    outer loop
      vertex   3.084667e+01 3.500000e+00 3.044476e+00
      vertex   2.819032e+01 3.500000e+00 3.044480e+00
      vertex   3.077080e+01 3.500000e+00 3.097597e+00
    endloop
  endfacet
  facet normal 0.000000e+00 1.000000e+00 0.000000e+00
    outer loop
      vertex   3.077080e+01 3.500000e+00 3.097597e+00
      vertex   2.819032e+01 3.500000e+00 3.044480e+00
      vertex   2.826619e+01 3.500000e+00 3.097605e+00
    endloop
  endfacet
  facet normal 0.000000e+00 1.000000e+00 0.000000e+00
    outer loop
      vertex   3.077080e+01 3.500000e+00 3.097597e+00
      vertex   2.826619e+01 3.500000e+00 3.097605e+00
      vertex   3.071004e+01 3.500000e+00 3.167493e+00
    endloop
  endfacet
  facet normal 0.000000e+00 1.000000e+00 0.000000e+00
    outer loop
      vertex   3.071004e+01 3.500000e+00 3.167493e+00
      vertex   2.826619e+01 3.500000e+00 3.097605e+00
      vertex   2.832696e+01 3.500000e+00 3.167507e+00
    endloop
  endfacet
  facet normal 0.000000e+00 1.000000e+00 0.000000e+00
    outer loop
      vertex   3.071004e+01 3.500000e+00 3.167493e+00
      vertex   2.832696e+01 3.500000e+00 3.167507e+00
      vertex   3.066799e+01 3.500000e+00 3.250014e+00
    endloop
  endfacet
  facet normal 0.000000e+00 1.000000e+00 0.000000e+00
    outer loop
      vertex   3.066799e+01 3.500000e+00 3.250014e+00
      vertex   2.832696e+01 3.500000e+00 3.167507e+00
      vertex   2.836900e+01 3.500000e+00 3.250032e+00
    endloop
  endfacet
  facet normal 0.000000e+00 1.000000e+00 0.000000e+00
    outer loop
      vertex   3.066799e+01 3.500000e+00 3.250014e+00
      vertex   2.836900e+01 3.500000e+00 3.250032e+00
      vertex   2.993993e+01 3.500000e+00 5.250000e+00
    endloop
  endfacet
  facet normal 0.000000e+00 1.000000e+00 0.000000e+00
    outer loop
      vertex   2.993993e+01 3.500000e+00 5.250000e+00
      vertex   2.836900e+01 3.500000e+00 3.250032e+00
      vertex   2.909693e+01 3.500000e+00 5.250000e+00
    endloop
  endfacet
  facet normal 0.000000e+00 1.000000e+00 0.000000e+00
    outer loop
      vertex   3.416706e+01 3.500000e+00 3.000000e+00
      vertex   3.115392e+01 3.500000e+00 3.000000e+00
      vertex   3.407514e+01 3.500000e+00 3.011287e+00
    endloop
  endfacet
  facet normal 0.000000e+00 1.000000e+00 0.000000e+00
    outer loop
      vertex   3.407514e+01 3.500000e+00 3.011287e+00
      vertex   3.115392e+01 3.500000e+00 3.000000e+00
      vertex   3.124585e+01 3.500000e+00 3.011288e+00
    endloop
  endfacet
  facet normal 0.000000e+00 1.000000e+00 0.000000e+00
    outer loop
      vertex   3.407514e+01 3.500000e+00 3.011287e+00
      vertex   3.124585e+01 3.500000e+00 3.011288e+00
      vertex   3.398867e+01 3.500000e+00 3.044476e+00
    endloop
  endfacet
  facet normal 0.000000e+00 1.000000e+00 0.000000e+00
    outer loop
      vertex   3.398867e+01 3.500000e+00 3.044476e+00
      vertex   3.124585e+01 3.500000e+00 3.011288e+00
      vertex   3.133232e+01 3.500000e+00 3.044480e+00
    endloop
  endfacet
  facet normal 0.000000e+00 1.000000e+00 0.000000e+00
    outer loop
      vertex   3.398867e+01 3.500000e+00 3.044476e+00
      vertex   3.133232e+01 3.500000e+00 3.044480e+00
      vertex   3.391280e+01 3.500000e+00 3.097597e+00
    endloop
  endfacet
  facet normal 0.000000e+00 1.000000e+00 0.000000e+00
    outer loop
      vertex   3.391280e+01 3.500000e+00 3.097597e+00
      vertex   3.133232e+01 3.500000e+00 3.044480e+00
      vertex   3.140819e+01 3.500000e+00 3.097605e+00
    endloop
  endfacet
  facet normal 0.000000e+00 1.000000e+00 0.000000e+00
    outer loop
      vertex   3.391280e+01 3.500000e+00 3.097597e+00
      vertex   3.140819e+01 3.500000e+00 3.097605e+00
      vertex   3.385204e+01 3.500000e+00 3.167493e+00
    endloop
  endfacet
  facet normal 0.000000e+00 1.000000e+00 0.000000e+00
    outer loop
      vertex   3.385204e+01 3.500000e+00 3.167493e+00
      vertex   3.140819e+01 3.500000e+00 3.097605e+00
      vertex   3.146896e+01 3.500000e+00 3.167507e+00
    endloop
  endfacet
  facet normal 0.000000e+00 1.000000e+00 0.000000e+00
    outer loop
      vertex   3.385204e+01 3.500000e+00 3.167493e+00
      vertex   3.146896e+01 3.500000e+00 3.167507e+00
      vertex   3.380999e+01 3.500000e+00 3.250014e+00
    endloop
  endfacet
  facet normal 0.000000e+00 1.000000e+00 0.000000e+00
    outer loop
      vertex   3.380999e+01 3.500000e+00 3.250014e+00
      vertex   3.146896e+01 3.500000e+00 3.167507e+00
      vertex   3.151100e+01 3.500000e+00 3.250032e+00
    endloop
  endfacet
  facet normal 0.000000e+00 1.000000e+00 0.000000e+00
    outer loop
      vertex   3.380999e+01 3.500000e+00 3.250014e+00
      vertex   3.151100e+01 3.500000e+00 3.250032e+00
      vertex   3.308193e+01 3.500000e+00 5.250000e+00
    endloop
  endfacet
  facet normal 0.000000e+00 1.000000e+00 0.000000e+00
    outer loop
      vertex   3.308193e+01 3.500000e+00 5.250000e+00
      vertex   3.151100e+01 3.500000e+00 3.250032e+00
      vertex   3.223893e+01 3.500000e+00 5.250000e+00
    endloop
  endfacet
  facet normal 0.000000e+00 1.000000e+00 0.000000e+00
    outer loop
      vertex   3.730906e+01 3.500000e+00 3.000000e+00
      vertex   3.429592e+01 3.500000e+00 3.000000e+00
      vertex   3.721714e+01 3.500000e+00 3.011287e+00
    endloop
  endfacet
  facet normal 0.000000e+00 1.000000e+00 0.000000e+00
    outer loop
      vertex   3.721714e+01 3.500000e+00 3.011287e+00
      vertex   3.429592e+01 3.500000e+00 3.000000e+00
      vertex   3.438785e+01 3.500000e+00 3.011288e+00
    endloop
  endfacet
  facet normal 0.000000e+00 1.000000e+00 0.000000e+00
    outer loop
      vertex   3.721714e+01 3.500000e+00 3.011287e+00
      vertex   3.438785e+01 3.500000e+00 3.011288e+00
      vertex   3.713067e+01 3.500000e+00 3.044476e+00
    endloop
  endfacet
  facet normal 0.000000e+00 1.000000e+00 0.000000e+00
    outer loop
      vertex   3.713067e+01 3.500000e+00 3.044476e+00
      vertex   3.438785e+01 3.500000e+00 3.011288e+00
      vertex   3.447432e+01 3.500000e+00 3.044480e+00
    endloop
  endfacet
  facet normal 0.000000e+00 1.000000e+00 0.000000e+00
    outer loop
      vertex   3.713067e+01 3.500000e+00 3.044476e+00
      vertex   3.447432e+01 3.500000e+00 3.044480e+00
      vertex   3.705480e+01 3.500000e+00 3.097597e+00
    endloop
  endfacet
  facet normal 0.000000e+00 1.000000e+00 0.000000e+00
    outer loop
      vertex   3.705480e+01 3.500000e+00 3.097597e+00
      vertex   3.447432e+01 3.500000e+00 3.044480e+00
      vertex   3.455019e+01 3.500000e+00 3.097605e+00
    endloop
  endfacet
  facet normal 0.000000e+00 1.000000e+00 0.000000e+00
    outer loop
      vertex   3.705480e+01 3.500000e+00 3.097597e+00
      vertex   3.455019e+01 3.500000e+00 3.097605e+00
      vertex   3.699404e+01 3.500000e+00 3.167493e+00
    endloop
  endfacet
  facet normal 0.000000e+00 1.000000e+00 0.000000e+00
    outer loop
      vertex   3.699404e+01 3.500000e+00 3.167493e+00
      vertex   3.455019e+01 3.500000e+00 3.097605e+00
      vertex   3.461096e+01 3.500000e+00 3.167507e+00
    endloop
  endfacet
  facet normal 0.000000e+00 1.000000e+00 0.000000e+00
    outer loop
      vertex   3.699404e+01 3.500000e+00 3.167493e+00
      vertex   3.461096e+01 3.500000e+00 3.167507e+00
      vertex   3.695199e+01 3.500000e+00 3.250014e+00
    endloop
  endfacet
  facet normal 0.000000e+00 1.000000e+00 0.000000e+00
    outer loop
      vertex   3.695199e+01 3.500000e+00 3.250014e+00
      vertex   3.461096e+01 3.500000e+00 3.167507e+00
      vertex   3.465300e+01 3.500000e+00 3.250032e+00
    endloop
  endfacet
  facet normal 0.000000e+00 1.000000e+00 0.000000e+00
    outer loop
      vertex   3.695199e+01 3.500000e+00 3.250014e+00
      vertex   3.465300e+01 3.500000e+00 3.250032e+00
      vertex   3.622393e+01 3.500000e+00 5.250000e+00
    endloop
  endfacet
  facet normal 0.000000e+00 1.000000e+00 0.000000e+00
    outer loop
      vertex   3.622393e+01 3.500000e+00 5.250000e+00
      vertex   3.465300e+01 3.500000e+00 3.250032e+00
      vertex   3.538093e+01 3.500000e+00 5.250000e+00
    endloop
  endfacet
  facet normal 0.000000e+00 1.000000e+00 0.000000e+00
    outer loop
      vertex   4.045106e+01 3.500000e+00 3.000000e+00
      vertex   3.743792e+01 3.500000e+00 3.000000e+00
      vertex   4.035914e+01 3.500000e+00 3.011287e+00
    endloop
  endfacet
  facet normal 0.000000e+00 1.000000e+00 0.000000e+00
    outer loop
      vertex   4.035914e+01 3.500000e+00 3.011287e+00
      vertex   3.743792e+01 3.500000e+00 3.000000e+00
      vertex   3.752985e+01 3.500000e+00 3.011288e+00
    endloop
  endfacet
  facet normal 0.000000e+00 1.000000e+00 0.000000e+00
    outer loop
      vertex   4.035914e+01 3.500000e+00 3.011287e+00
      vertex   3.752985e+01 3.500000e+00 3.011288e+00
      vertex   4.027267e+01 3.500000e+00 3.044476e+00
    endloop
  endfacet
  facet normal 0.000000e+00 1.000000e+00 0.000000e+00
    outer loop
      vertex   4.027267e+01 3.500000e+00 3.044476e+00
      vertex   3.752985e+01 3.500000e+00 3.011288e+00
      vertex   3.761632e+01 3.500000e+00 3.044480e+00
    endloop
  endfacet
  facet normal 0.000000e+00 1.000000e+00 0.000000e+00
    outer loop
      vertex   4.027267e+01 3.500000e+00 3.044476e+00
      vertex   3.761632e+01 3.500000e+00 3.044480e+00
      vertex   4.019680e+01 3.500000e+00 3.097597e+00
    endloop
  endfacet
  facet normal 0.000000e+00 1.000000e+00 0.000000e+00
    outer loop
      vertex   4.019680e+01 3.500000e+00 3.097597e+00
      vertex   3.761632e+01 3.500000e+00 3.044480e+00
      vertex   3.769219e+01 3.500000e+00 3.097605e+00
    endloop
  endfacet
  facet normal 0.000000e+00 1.000000e+00 0.000000e+00
    outer loop
      vertex   4.019680e+01 3.500000e+00 3.097597e+00
      vertex   3.769219e+01 3.500000e+00 3.097605e+00
      vertex   4.013604e+01 3.500000e+00 3.167493e+00
    endloop
  endfacet
  facet normal 0.000000e+00 1.000000e+00 0.000000e+00
    outer loop
      vertex   4.013604e+01 3.500000e+00 3.167493e+00
      vertex   3.769219e+01 3.500000e+00 3.097605e+00
      vertex   3.775296e+01 3.500000e+00 3.167507e+00
    endloop
  endfacet
  facet normal 0.000000e+00 1.000000e+00 0.000000e+00
    outer loop
      vertex   4.013604e+01 3.500000e+00 3.167493e+00
      vertex   3.775296e+01 3.500000e+00 3.167507e+00
      vertex   4.009399e+01 3.500000e+00 3.250014e+00
    endloop
  endfacet
  facet normal 0.000000e+00 1.000000e+00 0.000000e+00
    outer loop
      vertex   4.009399e+01 3.500000e+00 3.250014e+00
      vertex   3.775296e+01 3.500000e+00 3.167507e+00
      vertex   3.779500e+01 3.500000e+00 3.250032e+00
    endloop
  endfacet
  facet normal 0.000000e+00 1.000000e+00 0.000000e+00
    outer loop
      vertex   4.009399e+01 3.500000e+00 3.250014e+00
      vertex   3.779500e+01 3.500000e+00 3.250032e+00
      vertex   3.936593e+01 3.500000e+00 5.250000e+00
    endloop
  endfacet
  facet normal 0.000000e+00 1.000000e+00 0.000000e+00
    outer loop
      vertex   3.936593e+01 3.500000e+00 5.250000e+00
      vertex   3.779500e+01 3.500000e+00 3.250032e+00
      vertex   3.852293e+01 3.500000e+00 5.250000e+00
    endloop
  endfacet
  facet normal 0.000000e+00 1.000000e+00 0.000000e+00
    outer loop
      vertex   4.067185e+01 3.500000e+00 3.011288e+00
      vertex   4.350114e+01 3.500000e+00 3.011287e+00
      vertex   4.057992e+01 3.500000e+00 3.000000e+00
    endloop
  endfacet
  facet normal 0.000000e+00 1.000000e+00 0.000000e+00
    outer loop
      vertex   4.057992e+01 3.500000e+00 3.000000e+00
      vertex   4.350114e+01 3.500000e+00 3.011287e+00
      vertex   4.359306e+01 3.500000e+00 3.000000e+00
    endloop
  endfacet
  facet normal -0.000000e+00 1.000000e+00 1.577043e-16
    outer loop
      vertex   4.057992e+01 3.500000e+00 3.000000e+00
      vertex   4.359306e+01 3.500000e+00 3.000000e+00
      vertex   6.456403e+01 3.500000e+00 1.840380e-01
    endloop
  endfacet
  facet normal 0.000000e+00 1.000000e+00 0.000000e+00
    outer loop
      vertex   4.350114e+01 3.500000e+00 3.011287e+00
      vertex   4.067185e+01 3.500000e+00 3.011288e+00
      vertex   4.341467e+01 3.500000e+00 3.044476e+00
    endloop
  endfacet
  facet normal 0.000000e+00 1.000000e+00 0.000000e+00
    outer loop
      vertex   4.341467e+01 3.500000e+00 3.044476e+00
      vertex   4.067185e+01 3.500000e+00 3.011288e+00
      vertex   4.075832e+01 3.500000e+00 3.044480e+00
    endloop
  endfacet
  facet normal 0.000000e+00 1.000000e+00 0.000000e+00
    outer loop
      vertex   4.341467e+01 3.500000e+00 3.044476e+00
      vertex   4.075832e+01 3.500000e+00 3.044480e+00
      vertex   4.333880e+01 3.500000e+00 3.097597e+00
    endloop
  endfacet
  facet normal 0.000000e+00 1.000000e+00 0.000000e+00
    outer loop
      vertex   4.333880e+01 3.500000e+00 3.097597e+00
      vertex   4.075832e+01 3.500000e+00 3.044480e+00
      vertex   4.083419e+01 3.500000e+00 3.097605e+00
    endloop
  endfacet
  facet normal 0.000000e+00 1.000000e+00 0.000000e+00
    outer loop
      vertex   4.333880e+01 3.500000e+00 3.097597e+00
      vertex   4.083419e+01 3.500000e+00 3.097605e+00
      vertex   4.327804e+01 3.500000e+00 3.167493e+00
    endloop
  endfacet
  facet normal 0.000000e+00 1.000000e+00 0.000000e+00
    outer loop
      vertex   4.327804e+01 3.500000e+00 3.167493e+00
      vertex   4.083419e+01 3.500000e+00 3.097605e+00
      vertex   4.089496e+01 3.500000e+00 3.167507e+00
    endloop
  endfacet
  facet normal 0.000000e+00 1.000000e+00 0.000000e+00
    outer loop
      vertex   4.327804e+01 3.500000e+00 3.167493e+00
      vertex   4.089496e+01 3.500000e+00 3.167507e+00
      vertex   4.323599e+01 3.500000e+00 3.250014e+00
    endloop
  endfacet
  facet normal 0.000000e+00 1.000000e+00 0.000000e+00
    outer loop
      vertex   4.323599e+01 3.500000e+00 3.250014e+00
      vertex   4.089496e+01 3.500000e+00 3.167507e+00
      vertex   4.093700e+01 3.500000e+00 3.250032e+00
    endloop
  endfacet
  facet normal 0.000000e+00 1.000000e+00 0.000000e+00
    outer loop
      vertex   4.323599e+01 3.500000e+00 3.250014e+00
      vertex   4.093700e+01 3.500000e+00 3.250032e+00
      vertex   4.250793e+01 3.500000e+00 5.250000e+00
    endloop
  endfacet
  facet normal 0.000000e+00 1.000000e+00 0.000000e+00
    outer loop
      vertex   4.250793e+01 3.500000e+00 5.250000e+00
      vertex   4.093700e+01 3.500000e+00 3.250032e+00
      vertex   4.166493e+01 3.500000e+00 5.250000e+00
    endloop
  endfacet
  facet normal -0.000000e+00 1.000000e+00 1.986027e-16
    outer loop
      vertex   4.673506e+01 3.500000e+00 3.000000e+00
      vertex   4.686392e+01 3.500000e+00 3.000000e+00
      vertex   6.480423e+01 3.500000e+00 7.639320e-01
    endloop
  endfacet
  facet normal 0.000000e+00 1.000000e+00 0.000000e+00
    outer loop
      vertex   4.987706e+01 3.500000e+00 3.000000e+00
      vertex   4.686392e+01 3.500000e+00 3.000000e+00
      vertex   4.978514e+01 3.500000e+00 3.011287e+00
    endloop
  endfacet
  facet normal 0.000000e+00 1.000000e+00 0.000000e+00
    outer loop
      vertex   4.978514e+01 3.500000e+00 3.011287e+00
      vertex   4.686392e+01 3.500000e+00 3.000000e+00
      vertex   4.695585e+01 3.500000e+00 3.011288e+00
    endloop
  endfacet
  facet normal 0.000000e+00 1.000000e+00 0.000000e+00
    outer loop
      vertex   4.978514e+01 3.500000e+00 3.011287e+00
      vertex   4.695585e+01 3.500000e+00 3.011288e+00
      vertex   4.969867e+01 3.500000e+00 3.044476e+00
    endloop
  endfacet
  facet normal 0.000000e+00 1.000000e+00 0.000000e+00
    outer loop
      vertex   4.969867e+01 3.500000e+00 3.044476e+00
      vertex   4.695585e+01 3.500000e+00 3.011288e+00
      vertex   4.704232e+01 3.500000e+00 3.044480e+00
    endloop
  endfacet
  facet normal 0.000000e+00 1.000000e+00 0.000000e+00
    outer loop
      vertex   4.969867e+01 3.500000e+00 3.044476e+00
      vertex   4.704232e+01 3.500000e+00 3.044480e+00
      vertex   4.962280e+01 3.500000e+00 3.097597e+00
    endloop
  endfacet
  facet normal 0.000000e+00 1.000000e+00 0.000000e+00
    outer loop
      vertex   4.962280e+01 3.500000e+00 3.097597e+00
      vertex   4.704232e+01 3.500000e+00 3.044480e+00
      vertex   4.711819e+01 3.500000e+00 3.097605e+00
    endloop
  endfacet
  facet normal 0.000000e+00 1.000000e+00 0.000000e+00
    outer loop
      vertex   4.962280e+01 3.500000e+00 3.097597e+00
      vertex   4.711819e+01 3.500000e+00 3.097605e+00
      vertex   4.956204e+01 3.500000e+00 3.167493e+00
    endloop
  endfacet
  facet normal 0.000000e+00 1.000000e+00 0.000000e+00
    outer loop
      vertex   4.956204e+01 3.500000e+00 3.167493e+00
      vertex   4.711819e+01 3.500000e+00 3.097605e+00
      vertex   4.717896e+01 3.500000e+00 3.167507e+00
    endloop
  endfacet
  facet normal 0.000000e+00 1.000000e+00 0.000000e+00
    outer loop
      vertex   4.956204e+01 3.500000e+00 3.167493e+00
      vertex   4.717896e+01 3.500000e+00 3.167507e+00
      vertex   4.951999e+01 3.500000e+00 3.250014e+00
    endloop
  endfacet
  facet normal 0.000000e+00 1.000000e+00 0.000000e+00
    outer loop
      vertex   4.951999e+01 3.500000e+00 3.250014e+00
      vertex   4.717896e+01 3.500000e+00 3.167507e+00
      vertex   4.722100e+01 3.500000e+00 3.250032e+00
    endloop
  endfacet
  facet normal 0.000000e+00 1.000000e+00 0.000000e+00
    outer loop
      vertex   4.951999e+01 3.500000e+00 3.250014e+00
      vertex   4.722100e+01 3.500000e+00 3.250032e+00
      vertex   4.879193e+01 3.500000e+00 5.250000e+00
    endloop
  endfacet
  facet normal 0.000000e+00 1.000000e+00 0.000000e+00
    outer loop
      vertex   4.879193e+01 3.500000e+00 5.250000e+00
      vertex   4.722100e+01 3.500000e+00 3.250032e+00
      vertex   4.794893e+01 3.500000e+00 5.250000e+00
    endloop
  endfacet
  facet normal 0.000000e+00 1.000000e+00 0.000000e+00
    outer loop
      vertex   5.009785e+01 3.500000e+00 3.011288e+00
      vertex   5.292714e+01 3.500000e+00 3.011287e+00
      vertex   5.000592e+01 3.500000e+00 3.000000e+00
    endloop
  endfacet
  facet normal 0.000000e+00 1.000000e+00 0.000000e+00
    outer loop
      vertex   5.000592e+01 3.500000e+00 3.000000e+00
      vertex   5.292714e+01 3.500000e+00 3.011287e+00
      vertex   5.301906e+01 3.500000e+00 3.000000e+00
    endloop
  endfacet
  facet normal -0.000000e+00 1.000000e+00 2.731616e-16
    outer loop
      vertex   5.000592e+01 3.500000e+00 3.000000e+00
      vertex   5.301906e+01 3.500000e+00 3.000000e+00
      vertex   6.495075e+01 3.500000e+00 1.374262e+00
    endloop
  endfacet
  facet normal 0.000000e+00 1.000000e+00 2.731616e-16
    outer loop
      vertex   6.495075e+01 3.500000e+00 1.374262e+00
      vertex   5.301906e+01 3.500000e+00 3.000000e+00
      vertex   5.314792e+01 3.500000e+00 3.000000e+00
    endloop
  endfacet
  facet normal 0.000000e+00 1.000000e+00 0.000000e+00
    outer loop
      vertex   5.292714e+01 3.500000e+00 3.011287e+00
      vertex   5.009785e+01 3.500000e+00 3.011288e+00
      vertex   5.284067e+01 3.500000e+00 3.044476e+00
    endloop
  endfacet
  facet normal 0.000000e+00 1.000000e+00 0.000000e+00
    outer loop
      vertex   5.284067e+01 3.500000e+00 3.044476e+00
      vertex   5.009785e+01 3.500000e+00 3.011288e+00
      vertex   5.018432e+01 3.500000e+00 3.044480e+00
    endloop
  endfacet
  facet normal 0.000000e+00 1.000000e+00 0.000000e+00
    outer loop
      vertex   5.284067e+01 3.500000e+00 3.044476e+00
      vertex   5.018432e+01 3.500000e+00 3.044480e+00
      vertex   5.276480e+01 3.500000e+00 3.097597e+00
    endloop
  endfacet
  facet normal 0.000000e+00 1.000000e+00 0.000000e+00
    outer loop
      vertex   5.276480e+01 3.500000e+00 3.097597e+00
      vertex   5.018432e+01 3.500000e+00 3.044480e+00
      vertex   5.026019e+01 3.500000e+00 3.097605e+00
    endloop
  endfacet
  facet normal 0.000000e+00 1.000000e+00 0.000000e+00
    outer loop
      vertex   5.276480e+01 3.500000e+00 3.097597e+00
      vertex   5.026019e+01 3.500000e+00 3.097605e+00
      vertex   5.270404e+01 3.500000e+00 3.167493e+00
    endloop
  endfacet
  facet normal 0.000000e+00 1.000000e+00 0.000000e+00
    outer loop
      vertex   5.270404e+01 3.500000e+00 3.167493e+00
      vertex   5.026019e+01 3.500000e+00 3.097605e+00
      vertex   5.032096e+01 3.500000e+00 3.167507e+00
    endloop
  endfacet
  facet normal 0.000000e+00 1.000000e+00 0.000000e+00
    outer loop
      vertex   5.270404e+01 3.500000e+00 3.167493e+00
      vertex   5.032096e+01 3.500000e+00 3.167507e+00
      vertex   5.266199e+01 3.500000e+00 3.250014e+00
    endloop
  endfacet
  facet normal 0.000000e+00 1.000000e+00 0.000000e+00
    outer loop
      vertex   5.266199e+01 3.500000e+00 3.250014e+00
      vertex   5.032096e+01 3.500000e+00 3.167507e+00
      vertex   5.036300e+01 3.500000e+00 3.250032e+00
    endloop
  endfacet
  facet normal 0.000000e+00 1.000000e+00 0.000000e+00
    outer loop
      vertex   5.266199e+01 3.500000e+00 3.250014e+00
      vertex   5.036300e+01 3.500000e+00 3.250032e+00
      vertex   5.193393e+01 3.500000e+00 5.250000e+00
    endloop
  endfacet
  facet normal 0.000000e+00 1.000000e+00 0.000000e+00
    outer loop
      vertex   5.193393e+01 3.500000e+00 5.250000e+00
      vertex   5.036300e+01 3.500000e+00 3.250032e+00
      vertex   5.109093e+01 3.500000e+00 5.250000e+00
    endloop
  endfacet
  facet normal 0.000000e+00 1.000000e+00 0.000000e+00
    outer loop
      vertex   5.616106e+01 3.500000e+00 3.000000e+00
      vertex   5.314792e+01 3.500000e+00 3.000000e+00
      vertex   5.606914e+01 3.500000e+00 3.011287e+00
    endloop
  endfacet
  facet normal 0.000000e+00 1.000000e+00 0.000000e+00
    outer loop
      vertex   5.606914e+01 3.500000e+00 3.011287e+00
      vertex   5.314792e+01 3.500000e+00 3.000000e+00
      vertex   5.323985e+01 3.500000e+00 3.011288e+00
    endloop
  endfacet
  facet normal 0.000000e+00 1.000000e+00 0.000000e+00
    outer loop
      vertex   5.606914e+01 3.500000e+00 3.011287e+00
      vertex   5.323985e+01 3.500000e+00 3.011288e+00
      vertex   5.598267e+01 3.500000e+00 3.044476e+00
    endloop
  endfacet
  facet normal 0.000000e+00 1.000000e+00 0.000000e+00
    outer loop
      vertex   5.598267e+01 3.500000e+00 3.044476e+00
      vertex   5.323985e+01 3.500000e+00 3.011288e+00
      vertex   5.332632e+01 3.500000e+00 3.044480e+00
    endloop
  endfacet
  facet normal 0.000000e+00 1.000000e+00 0.000000e+00
    outer loop
      vertex   5.598267e+01 3.500000e+00 3.044476e+00
      vertex   5.332632e+01 3.500000e+00 3.044480e+00
      vertex   5.590680e+01 3.500000e+00 3.097597e+00
    endloop
  endfacet
  facet normal 0.000000e+00 1.000000e+00 0.000000e+00
    outer loop
      vertex   5.590680e+01 3.500000e+00 3.097597e+00
      vertex   5.332632e+01 3.500000e+00 3.044480e+00
      vertex   5.340219e+01 3.500000e+00 3.097605e+00
    endloop
  endfacet
  facet normal 0.000000e+00 1.000000e+00 0.000000e+00
    outer loop
      vertex   5.590680e+01 3.500000e+00 3.097597e+00
      vertex   5.340219e+01 3.500000e+00 3.097605e+00
      vertex   5.584604e+01 3.500000e+00 3.167493e+00
    endloop
  endfacet
  facet normal 0.000000e+00 1.000000e+00 0.000000e+00
    outer loop
      vertex   5.584604e+01 3.500000e+00 3.167493e+00
      vertex   5.340219e+01 3.500000e+00 3.097605e+00
      vertex   5.346296e+01 3.500000e+00 3.167507e+00
    endloop
  endfacet
  facet normal 0.000000e+00 1.000000e+00 0.000000e+00
    outer loop
      vertex   5.584604e+01 3.500000e+00 3.167493e+00
      vertex   5.346296e+01 3.500000e+00 3.167507e+00
      vertex   5.580399e+01 3.500000e+00 3.250014e+00
    endloop
  endfacet
  facet normal 0.000000e+00 1.000000e+00 0.000000e+00
    outer loop
      vertex   5.580399e+01 3.500000e+00 3.250014e+00
      vertex   5.346296e+01 3.500000e+00 3.167507e+00
      vertex   5.350500e+01 3.500000e+00 3.250032e+00
    endloop
  endfacet
  facet normal 0.000000e+00 1.000000e+00 0.000000e+00
    outer loop
      vertex   5.580399e+01 3.500000e+00 3.250014e+00
      vertex   5.350500e+01 3.500000e+00 3.250032e+00
      vertex   5.507593e+01 3.500000e+00 5.250000e+00
    endloop
  endfacet
  facet normal 0.000000e+00 1.000000e+00 0.000000e+00
    outer loop
      vertex   5.507593e+01 3.500000e+00 5.250000e+00
      vertex   5.350500e+01 3.500000e+00 3.250032e+00
      vertex   5.423293e+01 3.500000e+00 5.250000e+00
    endloop
  endfacet
  facet normal 0.000000e+00 1.000000e+00 0.000000e+00
    outer loop
      vertex   5.638185e+01 3.500000e+00 3.011288e+00
      vertex   5.921114e+01 3.500000e+00 3.011287e+00
      vertex   5.628992e+01 3.500000e+00 3.000000e+00
    endloop
  endfacet
  facet normal 0.000000e+00 1.000000e+00 0.000000e+00
    outer loop
      vertex   5.628992e+01 3.500000e+00 3.000000e+00
      vertex   5.921114e+01 3.500000e+00 3.011287e+00
      vertex   5.930306e+01 3.500000e+00 3.000000e+00
    endloop
  endfacet
  facet normal -0.000000e+00 1.000000e+00 4.440892e-16
    outer loop
      vertex   5.628992e+01 3.500000e+00 3.000000e+00
      vertex   5.930306e+01 3.500000e+00 3.000000e+00
      vertex   6.500000e+01 3.500000e+00 2.000000e+00
    endloop
  endfacet
  facet normal -7.795229e-17 1.000000e+00 0.000000e+00
    outer loop
      vertex   6.500000e+01 3.500000e+00 2.000000e+00
      vertex   5.930306e+01 3.500000e+00 3.000000e+00
      vertex   6.500000e+01 3.500000e+00 3.000000e+00
    endloop
  endfacet
  facet normal 0.000000e+00 1.000000e+00 0.000000e+00
    outer loop
      vertex   5.921114e+01 3.500000e+00 3.011287e+00
      vertex   5.638185e+01 3.500000e+00 3.011288e+00
      vertex   5.912467e+01 3.500000e+00 3.044476e+00
    endloop
  endfacet
  facet normal 0.000000e+00 1.000000e+00 0.000000e+00
    outer loop
      vertex   5.912467e+01 3.500000e+00 3.044476e+00
      vertex   5.638185e+01 3.500000e+00 3.011288e+00
      vertex   5.646832e+01 3.500000e+00 3.044480e+00
    endloop
  endfacet
  facet normal 0.000000e+00 1.000000e+00 0.000000e+00
    outer loop
      vertex   5.912467e+01 3.500000e+00 3.044476e+00
      vertex   5.646832e+01 3.500000e+00 3.044480e+00
      vertex   5.904880e+01 3.500000e+00 3.097597e+00
    endloop
  endfacet
  facet normal 0.000000e+00 1.000000e+00 0.000000e+00
    outer loop
      vertex   5.904880e+01 3.500000e+00 3.097597e+00
      vertex   5.646832e+01 3.500000e+00 3.044480e+00
      vertex   5.654419e+01 3.500000e+00 3.097605e+00
    endloop
  endfacet
  facet normal 0.000000e+00 1.000000e+00 0.000000e+00
    outer loop
      vertex   5.904880e+01 3.500000e+00 3.097597e+00
      vertex   5.654419e+01 3.500000e+00 3.097605e+00
      vertex   5.898804e+01 3.500000e+00 3.167493e+00
    endloop
  endfacet
  facet normal 0.000000e+00 1.000000e+00 0.000000e+00
    outer loop
      vertex   5.898804e+01 3.500000e+00 3.167493e+00
      vertex   5.654419e+01 3.500000e+00 3.097605e+00
      vertex   5.660496e+01 3.500000e+00 3.167507e+00
    endloop
  endfacet
  facet normal 0.000000e+00 1.000000e+00 0.000000e+00
    outer loop
      vertex   5.898804e+01 3.500000e+00 3.167493e+00
      vertex   5.660496e+01 3.500000e+00 3.167507e+00
      vertex   5.894599e+01 3.500000e+00 3.250014e+00
    endloop
  endfacet
  facet normal 0.000000e+00 1.000000e+00 0.000000e+00
    outer loop
      vertex   5.894599e+01 3.500000e+00 3.250014e+00
      vertex   5.660496e+01 3.500000e+00 3.167507e+00
      vertex   5.664700e+01 3.500000e+00 3.250032e+00
    endloop
  endfacet
  facet normal 0.000000e+00 1.000000e+00 0.000000e+00
    outer loop
      vertex   5.894599e+01 3.500000e+00 3.250014e+00
      vertex   5.664700e+01 3.500000e+00 3.250032e+00
      vertex   5.821793e+01 3.500000e+00 5.250000e+00
    endloop
  endfacet
  facet normal 0.000000e+00 1.000000e+00 0.000000e+00
    outer loop
      vertex   5.821793e+01 3.500000e+00 5.250000e+00
      vertex   5.664700e+01 3.500000e+00 3.250032e+00
      vertex   5.737493e+01 3.500000e+00 5.250000e+00
    endloop
  endfacet
  facet normal 0.000000e+00 0.000000e+00 -1.000000e+00
    outer loop
      vertex   6.100000e+01 -2.024301e-31 -2.000000e+00
      vertex   3.734000e+00 -1.239137e-32 -2.000000e+00
      vertex   6.100000e+01 3.500000e+00 -2.000000e+00
    endloop
  endfacet
  facet normal -0.000000e+00 0.000000e+00 -1.000000e+00
    outer loop
      vertex   6.100000e+01 3.500000e+00 -2.000000e+00
      vertex   3.734000e+00 -1.239137e-32 -2.000000e+00
      vertex   3.734000e+00 3.500000e+00 -2.000000e+00
    endloop
  endfacet
  facet normal -9.969173e-01 -5.059660e-16 -7.845910e-02
    outer loop
      vertex   -2.660000e-01 0.000000e+00 2.000000e+00
      vertex   -2.660000e-01 3.500000e+00 2.000000e+00
      vertex   -2.167534e-01 5.517074e-33 1.374262e+00
    endloop
  endfacet
  facet normal -9.969173e-01 -5.416944e-17 -7.845910e-02
    outer loop
      vertex   -2.167534e-01 5.517074e-33 1.374262e+00
      vertex   -2.660000e-01 3.500000e+00 2.000000e+00
      vertex   -2.167534e-01 3.500000e+00 1.374262e+00
    endloop
  endfacet
  facet normal -9.723699e-01 -3.060129e-18 -2.334454e-01
    outer loop
      vertex   -2.167534e-01 5.517074e-33 1.374262e+00
      vertex   -2.167534e-01 3.500000e+00 1.374262e+00
      vertex   -7.022607e-02 4.261249e-33 7.639320e-01
    endloop
  endfacet
  facet normal -9.723699e-01 -5.489541e-17 -2.334454e-01
    outer loop
      vertex   -7.022607e-02 4.261249e-33 7.639320e-01
      vertex   -2.167534e-01 3.500000e+00 1.374262e+00
      vertex   -7.022607e-02 3.500000e+00 7.639320e-01
    endloop
  endfacet
  facet normal -9.238795e-01 -3.684826e-17 -3.826834e-01
    outer loop
      vertex   -7.022607e-02 4.261249e-33 7.639320e-01
      vertex   -7.022607e-02 3.500000e+00 7.639320e-01
      vertex   1.699739e-01 2.900498e-33 1.840380e-01
    endloop
  endfacet
  facet normal -9.238795e-01 -4.920290e-17 -3.826834e-01
    outer loop
      vertex   1.699739e-01 2.900498e-33 1.840380e-01
      vertex   -7.022607e-02 3.500000e+00 7.639320e-01
      vertex   1.699739e-01 3.500000e+00 1.840380e-01
    endloop
  endfacet
  facet normal -8.526402e-01 -1.855366e-17 -5.224986e-01
    outer loop
      vertex   1.699739e-01 2.900498e-33 1.840380e-01
      vertex   1.699739e-01 3.500000e+00 1.840380e-01
      vertex   4.979320e-01 1.468326e-33 -3.511410e-01
    endloop
  endfacet
  facet normal -8.526402e-01 -2.836608e-17 -5.224986e-01
    outer loop
      vertex   4.979320e-01 1.468326e-33 -3.511410e-01
      vertex   1.699739e-01 3.500000e+00 1.840380e-01
      vertex   4.979320e-01 3.500000e+00 -3.511410e-01
    endloop
  endfacet
  facet normal -7.604060e-01 -2.018344e-18 -6.494480e-01
    outer loop
      vertex   4.979320e-01 1.468326e-33 -3.511410e-01
      vertex   4.979320e-01 3.500000e+00 -3.511410e-01
      vertex   9.055729e-01 -2.298958e-48 -8.284271e-01
    endloop
  endfacet
  facet normal -7.604060e-01 -1.407863e-17 -6.494480e-01
    outer loop
      vertex   9.055729e-01 -2.298958e-48 -8.284271e-01
      vertex   4.979320e-01 3.500000e+00 -3.511410e-01
      vertex   9.055729e-01 3.500000e+00 -8.284271e-01
    endloop
  endfacet
  facet normal -6.494480e-01 1.407863e-17 -7.604060e-01
    outer loop
      vertex   9.055729e-01 -2.298958e-48 -8.284271e-01
      vertex   9.055729e-01 3.500000e+00 -8.284271e-01
      vertex   1.382859e+00 -1.468326e-33 -1.236068e+00
    endloop
  endfacet
  facet normal -6.494480e-01 0.000000e+00 -7.604060e-01
    outer loop
      vertex   1.382859e+00 -1.468326e-33 -1.236068e+00
      vertex   9.055729e-01 3.500000e+00 -8.284271e-01
      vertex   1.382859e+00 3.500000e+00 -1.236068e+00
    endloop
  endfacet
  facet normal -5.224986e-01 0.000000e+00 -8.526402e-01
    outer loop
      vertex   1.382859e+00 -1.468326e-33 -1.236068e+00
      vertex   1.382859e+00 3.500000e+00 -1.236068e+00
      vertex   1.918038e+00 -2.900498e-33 -1.564026e+00
    endloop
  endfacet
  facet normal -5.224986e-01 -2.094462e-17 -8.526402e-01
    outer loop
      vertex   1.918038e+00 -2.900498e-33 -1.564026e+00
      vertex   1.382859e+00 3.500000e+00 -1.236068e+00
      vertex   1.918038e+00 3.500000e+00 -1.564026e+00
    endloop
  endfacet
  facet normal -3.826834e-01 -3.433419e-17 -9.238795e-01
    outer loop
      vertex   1.918038e+00 -2.900498e-33 -1.564026e+00
      vertex   1.918038e+00 3.500000e+00 -1.564026e+00
      vertex   2.497932e+00 -4.261249e-33 -1.804226e+00
    endloop
  endfacet
  facet normal -3.826834e-01 -1.005625e-17 -9.238795e-01
    outer loop
      vertex   2.497932e+00 -4.261249e-33 -1.804226e+00
      vertex   1.918038e+00 3.500000e+00 -1.564026e+00
      vertex   2.497932e+00 3.500000e+00 -1.804226e+00
    endloop
  endfacet
  facet normal -2.334454e-01 -3.206827e-17 -9.723699e-01
    outer loop
      vertex   2.497932e+00 -4.261249e-33 -1.804226e+00
      vertex   2.497932e+00 3.500000e+00 -1.804226e+00
      vertex   3.108262e+00 -5.517074e-33 -1.950753e+00
    endloop
  endfacet
  facet normal -2.334454e-01 1.850653e-16 -9.723699e-01
    outer loop
      vertex   3.108262e+00 -5.517074e-33 -1.950753e+00
      vertex   2.497932e+00 3.500000e+00 -1.804226e+00
      vertex   3.108262e+00 3.500000e+00 -1.950753e+00
    endloop
  endfacet
  facet normal -7.845910e-02 1.897372e-16 -9.969173e-01
    outer loop
      vertex   3.108262e+00 -5.517074e-33 -1.950753e+00
      vertex   3.108262e+00 3.500000e+00 -1.950753e+00
      vertex   3.734000e+00 -1.239137e-32 -2.000000e+00
    endloop
  endfacet
  facet normal -7.845910e-02 4.977548e-17 -9.969173e-01
    outer loop
      vertex   3.734000e+00 -1.239137e-32 -2.000000e+00
      vertex   3.108262e+00 3.500000e+00 -1.950753e+00
      vertex   3.734000e+00 3.500000e+00 -2.000000e+00
    endloop
  endfacet
  facet normal 0.000000e+00 0.000000e+00 1.000000e+00
    outer loop
      vertex   5.628992e+01 3.500000e+00 3.000000e+00
      vertex   5.616106e+01 3.500000e+00 3.000000e+00
      vertex   5.628992e+01 0.000000e+00 3.000000e+00
    endloop
  endfacet
  facet normal 0.000000e+00 0.000000e+00 1.000000e+00
    outer loop
      vertex   5.628992e+01 0.000000e+00 3.000000e+00
      vertex   5.616106e+01 3.500000e+00 3.000000e+00
      vertex   5.616106e+01 0.000000e+00 3.000000e+00
    endloop
  endfacet
  facet normal -1.218693e-01 0.000000e+00 9.925462e-01
    outer loop
      vertex   -2.660789e-01 3.500000e+00 3.000000e+00
      vertex   -2.660789e-01 0.000000e+00 3.000000e+00
      vertex   -1.741485e-01 1.750000e+00 3.011288e+00
    endloop
  endfacet
  facet normal -1.218693e-01 0.000000e+00 9.925462e-01
    outer loop
      vertex   -1.741485e-01 1.750000e+00 3.011288e+00
      vertex   -2.660789e-01 0.000000e+00 3.000000e+00
      vertex   -1.741485e-01 0.000000e+00 3.011288e+00
    endloop
  endfacet
  facet normal -3.583679e-01 0.000000e+00 9.335804e-01
    outer loop
      vertex   -1.741485e-01 1.750000e+00 3.011288e+00
      vertex   -1.741485e-01 0.000000e+00 3.011288e+00
      vertex   -8.767967e-02 1.750000e+00 3.044480e+00
    endloop
  endfacet
  facet normal -3.583679e-01 1.420958e-17 9.335804e-01
    outer loop
      vertex   -8.767967e-02 1.750000e+00 3.044480e+00
      vertex   -1.741485e-01 0.000000e+00 3.011288e+00
      vertex   -8.767967e-02 0.000000e+00 3.044480e+00
    endloop
  endfacet
  facet normal -5.735764e-01 2.274278e-17 8.191520e-01
    outer loop
      vertex   -8.767967e-02 1.750000e+00 3.044480e+00
      vertex   -8.767967e-02 0.000000e+00 3.044480e+00
      vertex   -1.180923e-02 1.750000e+00 3.097605e+00
    endloop
  endfacet
  facet normal -5.735764e-01 2.274278e-17 8.191520e-01
    outer loop
      vertex   -1.180923e-02 1.750000e+00 3.097605e+00
      vertex   -8.767967e-02 0.000000e+00 3.044480e+00
      vertex   -1.180923e-02 0.000000e+00 3.097605e+00
    endloop
  endfacet
  facet normal -7.547096e-01 2.992486e-17 6.560590e-01
    outer loop
      vertex   -1.180923e-02 1.750000e+00 3.097605e+00
      vertex   -1.180923e-02 0.000000e+00 3.097605e+00
      vertex   4.895541e-02 1.750000e+00 3.167507e+00
    endloop
  endfacet
  facet normal -7.547096e-01 0.000000e+00 6.560590e-01
    outer loop
      vertex   4.895541e-02 1.750000e+00 3.167507e+00
      vertex   -1.180923e-02 0.000000e+00 3.097605e+00
      vertex   4.895541e-02 0.000000e+00 3.167507e+00
    endloop
  endfacet
  facet normal -8.910065e-01 0.000000e+00 4.539905e-01
    outer loop
      vertex   4.895541e-02 1.750000e+00 3.167507e+00
      vertex   4.895541e-02 0.000000e+00 3.167507e+00
      vertex   9.100433e-02 0.000000e+00 3.250032e+00
    endloop
  endfacet
  facet normal -8.910065e-01 0.000000e+00 4.539905e-01
    outer loop
      vertex   9.100433e-02 0.000000e+00 3.250032e+00
      vertex   9.100433e-02 3.500000e+00 3.250032e+00
      vertex   4.895541e-02 1.750000e+00 3.167507e+00
    endloop
  endfacet
  facet normal -8.910065e-01 0.000000e+00 4.539905e-01
    outer loop
      vertex   4.895541e-02 1.750000e+00 3.167507e+00
      vertex   9.100433e-02 3.500000e+00 3.250032e+00
      vertex   4.895541e-02 3.500000e+00 3.167507e+00
    endloop
  endfacet
  facet normal -7.547096e-01 0.000000e+00 6.560590e-01
    outer loop
      vertex   4.895541e-02 1.750000e+00 3.167507e+00
      vertex   4.895541e-02 3.500000e+00 3.167507e+00
      vertex   -1.180923e-02 1.750000e+00 3.097605e+00
    endloop
  endfacet
  facet normal -7.547096e-01 -2.992486e-17 6.560590e-01
    outer loop
      vertex   -1.180923e-02 1.750000e+00 3.097605e+00
      vertex   4.895541e-02 3.500000e+00 3.167507e+00
      vertex   -1.180923e-02 3.500000e+00 3.097605e+00
    endloop
  endfacet
  facet normal -5.735764e-01 -2.274278e-17 8.191520e-01
    outer loop
      vertex   -1.180923e-02 1.750000e+00 3.097605e+00
      vertex   -1.180923e-02 3.500000e+00 3.097605e+00
      vertex   -8.767967e-02 1.750000e+00 3.044480e+00
    endloop
  endfacet
  facet normal -5.735764e-01 -2.274278e-17 8.191520e-01
    outer loop
      vertex   -8.767967e-02 1.750000e+00 3.044480e+00
      vertex   -1.180923e-02 3.500000e+00 3.097605e+00
      vertex   -8.767967e-02 3.500000e+00 3.044480e+00
    endloop
  endfacet
  facet normal -3.583679e-01 -1.420958e-17 9.335804e-01
    outer loop
      vertex   -8.767967e-02 1.750000e+00 3.044480e+00
      vertex   -8.767967e-02 3.500000e+00 3.044480e+00
      vertex   -1.741485e-01 1.750000e+00 3.011288e+00
    endloop
  endfacet
  facet normal -3.583679e-01 0.000000e+00 9.335804e-01
    outer loop
      vertex   -1.741485e-01 1.750000e+00 3.011288e+00
      vertex   -8.767967e-02 3.500000e+00 3.044480e+00
      vertex   -1.741485e-01 3.500000e+00 3.011288e+00
    endloop
  endfacet
  facet normal -1.218693e-01 0.000000e+00 9.925462e-01
    outer loop
      vertex   -1.741485e-01 1.750000e+00 3.011288e+00
      vertex   -1.741485e-01 3.500000e+00 3.011288e+00
      vertex   -2.660789e-01 3.500000e+00 3.000000e+00
    endloop
  endfacet
  facet normal -9.396926e-01 0.000000e+00 3.420201e-01
    outer loop
      vertex   9.100433e-02 0.000000e+00 3.250032e+00
      vertex   8.189330e-01 0.000000e+00 5.250000e+00
      vertex   9.100433e-02 3.500000e+00 3.250032e+00
    endloop
  endfacet
  facet normal -9.396926e-01 3.189661e-18 3.420201e-01
    outer loop
      vertex   9.100433e-02 3.500000e+00 3.250032e+00
      vertex   8.189330e-01 0.000000e+00 5.250000e+00
      vertex   8.189330e-01 3.500000e+00 5.250000e+00
    endloop
  endfacet
  facet normal 0.000000e+00 0.000000e+00 1.000000e+00
    outer loop
      vertex   8.189330e-01 0.000000e+00 5.250000e+00
      vertex   1.661933e+00 0.000000e+00 5.250000e+00
      vertex   8.189330e-01 3.500000e+00 5.250000e+00
    endloop
  endfacet
  facet normal -0.000000e+00 0.000000e+00 1.000000e+00
    outer loop
      vertex   8.189330e-01 3.500000e+00 5.250000e+00
      vertex   1.661933e+00 0.000000e+00 5.250000e+00
      vertex   1.661933e+00 3.500000e+00 5.250000e+00
    endloop
  endfacet
  facet normal 9.396746e-01 -0.000000e+00 3.420695e-01
    outer loop
      vertex   1.661933e+00 0.000000e+00 5.250000e+00
      vertex   2.389988e+00 0.000000e+00 3.250014e+00
      vertex   1.661933e+00 3.500000e+00 5.250000e+00
    endloop
  endfacet
  facet normal 9.396746e-01 -7.509481e-18 3.420695e-01
    outer loop
      vertex   1.661933e+00 3.500000e+00 5.250000e+00
      vertex   2.389988e+00 0.000000e+00 3.250014e+00
      vertex   2.389988e+00 3.500000e+00 3.250014e+00
    endloop
  endfacet
  facet normal 8.909850e-01 0.000000e+00 4.540327e-01
    outer loop
      vertex   2.389988e+00 3.500000e+00 3.250014e+00
      vertex   2.389988e+00 0.000000e+00 3.250014e+00
      vertex   2.432039e+00 1.750000e+00 3.167493e+00
    endloop
  endfacet
  facet normal 8.909850e-01 0.000000e+00 4.540327e-01
    outer loop
      vertex   2.432039e+00 1.750000e+00 3.167493e+00
      vertex   2.389988e+00 0.000000e+00 3.250014e+00
      vertex   2.432039e+00 0.000000e+00 3.167493e+00
    endloop
  endfacet
  facet normal 7.546854e-01 0.000000e+00 6.560868e-01
    outer loop
      vertex   2.432039e+00 1.750000e+00 3.167493e+00
      vertex   2.432039e+00 0.000000e+00 3.167493e+00
      vertex   2.492803e+00 1.750000e+00 3.097597e+00
    endloop
  endfacet
  facet normal 7.546854e-01 0.000000e+00 6.560868e-01
    outer loop
      vertex   2.492803e+00 1.750000e+00 3.097597e+00
      vertex   2.432039e+00 0.000000e+00 3.167493e+00
      vertex   2.492803e+00 0.000000e+00 3.097597e+00
    endloop
  endfacet
  facet normal 5.735549e-01 0.000000e+00 8.191671e-01
    outer loop
      vertex   2.492803e+00 1.750000e+00 3.097597e+00
      vertex   2.492803e+00 0.000000e+00 3.097597e+00
      vertex   2.568672e+00 1.750000e+00 3.044476e+00
    endloop
  endfacet
  facet normal 5.735549e-01 2.078762e-16 8.191671e-01
    outer loop
      vertex   2.568672e+00 1.750000e+00 3.044476e+00
      vertex   2.492803e+00 0.000000e+00 3.097597e+00
      vertex   2.568672e+00 0.000000e+00 3.044476e+00
    endloop
  endfacet
  facet normal 3.583532e-01 2.369117e-16 9.335861e-01
    outer loop
      vertex   2.568672e+00 1.750000e+00 3.044476e+00
      vertex   2.568672e+00 0.000000e+00 3.044476e+00
      vertex   2.655138e+00 1.750000e+00 3.011287e+00
    endloop
  endfacet
  facet normal 3.583532e-01 2.369117e-16 9.335861e-01
    outer loop
      vertex   2.655138e+00 1.750000e+00 3.011287e+00
      vertex   2.568672e+00 0.000000e+00 3.044476e+00
      vertex   2.655138e+00 0.000000e+00 3.011287e+00
    endloop
  endfacet
  facet normal 1.218641e-01 2.518739e-16 9.925468e-01
    outer loop
      vertex   2.655138e+00 1.750000e+00 3.011287e+00
      vertex   2.655138e+00 0.000000e+00 3.011287e+00
      vertex   2.747064e+00 0.000000e+00 3.000000e+00
    endloop
  endfacet
  facet normal 1.218641e-01 -0.000000e+00 9.925468e-01
    outer loop
      vertex   2.747064e+00 0.000000e+00 3.000000e+00
      vertex   2.747064e+00 3.500000e+00 3.000000e+00
      vertex   2.655138e+00 1.750000e+00 3.011287e+00
    endloop
  endfacet
  facet normal 1.218641e-01 -2.518739e-16 9.925468e-01
    outer loop
      vertex   2.655138e+00 1.750000e+00 3.011287e+00
      vertex   2.747064e+00 3.500000e+00 3.000000e+00
      vertex   2.655138e+00 3.500000e+00 3.011287e+00
    endloop
  endfacet
  facet normal 3.583532e-01 -2.369117e-16 9.335861e-01
    outer loop
      vertex   2.655138e+00 1.750000e+00 3.011287e+00
      vertex   2.655138e+00 3.500000e+00 3.011287e+00
      vertex   2.568672e+00 1.750000e+00 3.044476e+00
    endloop
  endfacet
  facet normal 3.583532e-01 -2.369117e-16 9.335861e-01
    outer loop
      vertex   2.568672e+00 1.750000e+00 3.044476e+00
      vertex   2.655138e+00 3.500000e+00 3.011287e+00
      vertex   2.568672e+00 3.500000e+00 3.044476e+00
    endloop
  endfacet
  facet normal 5.735549e-01 -2.078762e-16 8.191671e-01
    outer loop
      vertex   2.568672e+00 1.750000e+00 3.044476e+00
      vertex   2.568672e+00 3.500000e+00 3.044476e+00
      vertex   2.492803e+00 1.750000e+00 3.097597e+00
    endloop
  endfacet
  facet normal 5.735549e-01 -0.000000e+00 8.191671e-01
    outer loop
      vertex   2.492803e+00 1.750000e+00 3.097597e+00
      vertex   2.568672e+00 3.500000e+00 3.044476e+00
      vertex   2.492803e+00 3.500000e+00 3.097597e+00
    endloop
  endfacet
  facet normal 7.546854e-01 -0.000000e+00 6.560868e-01
    outer loop
      vertex   2.492803e+00 1.750000e+00 3.097597e+00
      vertex   2.492803e+00 3.500000e+00 3.097597e+00
      vertex   2.432039e+00 1.750000e+00 3.167493e+00
    endloop
  endfacet
  facet normal 7.546854e-01 -0.000000e+00 6.560868e-01
    outer loop
      vertex   2.432039e+00 1.750000e+00 3.167493e+00
      vertex   2.492803e+00 3.500000e+00 3.097597e+00
      vertex   2.432039e+00 3.500000e+00 3.167493e+00
    endloop
  endfacet
  facet normal 8.909850e-01 -0.000000e+00 4.540327e-01
    outer loop
      vertex   2.432039e+00 1.750000e+00 3.167493e+00
      vertex   2.432039e+00 3.500000e+00 3.167493e+00
      vertex   2.389988e+00 3.500000e+00 3.250014e+00
    endloop
  endfacet
  facet normal 0.000000e+00 0.000000e+00 1.000000e+00
    outer loop
      vertex   5.314792e+01 3.500000e+00 3.000000e+00
      vertex   5.301906e+01 3.500000e+00 3.000000e+00
      vertex   5.314792e+01 0.000000e+00 3.000000e+00
    endloop
  endfacet
  facet normal 0.000000e+00 0.000000e+00 1.000000e+00
    outer loop
      vertex   5.314792e+01 0.000000e+00 3.000000e+00
      vertex   5.301906e+01 3.500000e+00 3.000000e+00
      vertex   5.301906e+01 0.000000e+00 3.000000e+00
    endloop
  endfacet
  facet normal 0.000000e+00 0.000000e+00 1.000000e+00
    outer loop
      vertex   5.000592e+01 3.500000e+00 3.000000e+00
      vertex   4.987706e+01 3.500000e+00 3.000000e+00
      vertex   5.000592e+01 0.000000e+00 3.000000e+00
    endloop
  endfacet
  facet normal 0.000000e+00 0.000000e+00 1.000000e+00
    outer loop
      vertex   5.000592e+01 0.000000e+00 3.000000e+00
      vertex   4.987706e+01 3.500000e+00 3.000000e+00
      vertex   4.987706e+01 0.000000e+00 3.000000e+00
    endloop
  endfacet
  facet normal 0.000000e+00 0.000000e+00 1.000000e+00
    outer loop
      vertex   4.686392e+01 3.500000e+00 3.000000e+00
      vertex   4.673506e+01 3.500000e+00 3.000000e+00
      vertex   4.686392e+01 0.000000e+00 3.000000e+00
    endloop
  endfacet
  facet normal 0.000000e+00 0.000000e+00 1.000000e+00
    outer loop
      vertex   4.686392e+01 0.000000e+00 3.000000e+00
      vertex   4.673506e+01 3.500000e+00 3.000000e+00
      vertex   4.673506e+01 0.000000e+00 3.000000e+00
    endloop
  endfacet
  facet normal 0.000000e+00 0.000000e+00 1.000000e+00
    outer loop
      vertex   4.372192e+01 3.500000e+00 3.000000e+00
      vertex   4.359306e+01 3.500000e+00 3.000000e+00
      vertex   4.372192e+01 0.000000e+00 3.000000e+00
    endloop
  endfacet
  facet normal 0.000000e+00 0.000000e+00 1.000000e+00
    outer loop
      vertex   4.372192e+01 0.000000e+00 3.000000e+00
      vertex   4.359306e+01 3.500000e+00 3.000000e+00
      vertex   4.359306e+01 0.000000e+00 3.000000e+00
    endloop
  endfacet
  facet normal 0.000000e+00 0.000000e+00 1.000000e+00
    outer loop
      vertex   4.057992e+01 3.500000e+00 3.000000e+00
      vertex   4.045106e+01 3.500000e+00 3.000000e+00
      vertex   4.057992e+01 0.000000e+00 3.000000e+00
    endloop
  endfacet
  facet normal 0.000000e+00 0.000000e+00 1.000000e+00
    outer loop
      vertex   4.057992e+01 0.000000e+00 3.000000e+00
      vertex   4.045106e+01 3.500000e+00 3.000000e+00
      vertex   4.045106e+01 0.000000e+00 3.000000e+00
    endloop
  endfacet
  facet normal 0.000000e+00 0.000000e+00 1.000000e+00
    outer loop
      vertex   3.743792e+01 3.500000e+00 3.000000e+00
      vertex   3.730906e+01 3.500000e+00 3.000000e+00
      vertex   3.743792e+01 0.000000e+00 3.000000e+00
    endloop
  endfacet
  facet normal 0.000000e+00 0.000000e+00 1.000000e+00
    outer loop
      vertex   3.743792e+01 0.000000e+00 3.000000e+00
      vertex   3.730906e+01 3.500000e+00 3.000000e+00
      vertex   3.730906e+01 0.000000e+00 3.000000e+00
    endloop
  endfacet
  facet normal 0.000000e+00 0.000000e+00 1.000000e+00
    outer loop
      vertex   3.429592e+01 3.500000e+00 3.000000e+00
      vertex   3.416706e+01 3.500000e+00 3.000000e+00
      vertex   3.429592e+01 0.000000e+00 3.000000e+00
    endloop
  endfacet
  facet normal 0.000000e+00 0.000000e+00 1.000000e+00
    outer loop
      vertex   3.429592e+01 0.000000e+00 3.000000e+00
      vertex   3.416706e+01 3.500000e+00 3.000000e+00
      vertex   3.416706e+01 0.000000e+00 3.000000e+00
    endloop
  endfacet
  facet normal 0.000000e+00 0.000000e+00 1.000000e+00
    outer loop
      vertex   3.115392e+01 3.500000e+00 3.000000e+00
      vertex   3.102506e+01 3.500000e+00 3.000000e+00
      vertex   3.115392e+01 0.000000e+00 3.000000e+00
    endloop
  endfacet
  facet normal 0.000000e+00 0.000000e+00 1.000000e+00
    outer loop
      vertex   3.115392e+01 0.000000e+00 3.000000e+00
      vertex   3.102506e+01 3.500000e+00 3.000000e+00
      vertex   3.102506e+01 0.000000e+00 3.000000e+00
    endloop
  endfacet
  facet normal 0.000000e+00 0.000000e+00 1.000000e+00
    outer loop
      vertex   2.801192e+01 3.500000e+00 3.000000e+00
      vertex   2.788306e+01 3.500000e+00 3.000000e+00
      vertex   2.801192e+01 0.000000e+00 3.000000e+00
    endloop
  endfacet
  facet normal 0.000000e+00 0.000000e+00 1.000000e+00
    outer loop
      vertex   2.801192e+01 0.000000e+00 3.000000e+00
      vertex   2.788306e+01 3.500000e+00 3.000000e+00
      vertex   2.788306e+01 0.000000e+00 3.000000e+00
    endloop
  endfacet
  facet normal 0.000000e+00 0.000000e+00 1.000000e+00
    outer loop
      vertex   2.486992e+01 3.500000e+00 3.000000e+00
      vertex   2.474106e+01 3.500000e+00 3.000000e+00
      vertex   2.486992e+01 0.000000e+00 3.000000e+00
    endloop
  endfacet
  facet normal 0.000000e+00 0.000000e+00 1.000000e+00
    outer loop
      vertex   2.486992e+01 0.000000e+00 3.000000e+00
      vertex   2.474106e+01 3.500000e+00 3.000000e+00
      vertex   2.474106e+01 0.000000e+00 3.000000e+00
    endloop
  endfacet
  facet normal 0.000000e+00 0.000000e+00 1.000000e+00
    outer loop
      vertex   2.172792e+01 3.500000e+00 3.000000e+00
      vertex   2.159906e+01 3.500000e+00 3.000000e+00
      vertex   2.172792e+01 0.000000e+00 3.000000e+00
    endloop
  endfacet
  facet normal 0.000000e+00 0.000000e+00 1.000000e+00
    outer loop
      vertex   2.172792e+01 0.000000e+00 3.000000e+00
      vertex   2.159906e+01 3.500000e+00 3.000000e+00
      vertex   2.159906e+01 0.000000e+00 3.000000e+00
    endloop
  endfacet
  facet normal 0.000000e+00 0.000000e+00 1.000000e+00
    outer loop
      vertex   1.858592e+01 3.500000e+00 3.000000e+00
      vertex   1.845706e+01 3.500000e+00 3.000000e+00
      vertex   1.858592e+01 0.000000e+00 3.000000e+00
    endloop
  endfacet
  facet normal 0.000000e+00 0.000000e+00 1.000000e+00
    outer loop
      vertex   1.858592e+01 0.000000e+00 3.000000e+00
      vertex   1.845706e+01 3.500000e+00 3.000000e+00
      vertex   1.845706e+01 0.000000e+00 3.000000e+00
    endloop
  endfacet
  facet normal 0.000000e+00 0.000000e+00 1.000000e+00
    outer loop
      vertex   1.544392e+01 3.500000e+00 3.000000e+00
      vertex   1.531506e+01 3.500000e+00 3.000000e+00
      vertex   1.544392e+01 0.000000e+00 3.000000e+00
    endloop
  endfacet
  facet normal 0.000000e+00 0.000000e+00 1.000000e+00
    outer loop
      vertex   1.544392e+01 0.000000e+00 3.000000e+00
      vertex   1.531506e+01 3.500000e+00 3.000000e+00
      vertex   1.531506e+01 0.000000e+00 3.000000e+00
    endloop
  endfacet
  facet normal 0.000000e+00 0.000000e+00 1.000000e+00
    outer loop
      vertex   1.230192e+01 3.500000e+00 3.000000e+00
      vertex   1.217306e+01 3.500000e+00 3.000000e+00
      vertex   1.230192e+01 0.000000e+00 3.000000e+00
    endloop
  endfacet
  facet normal 0.000000e+00 0.000000e+00 1.000000e+00
    outer loop
      vertex   1.230192e+01 0.000000e+00 3.000000e+00
      vertex   1.217306e+01 3.500000e+00 3.000000e+00
      vertex   1.217306e+01 0.000000e+00 3.000000e+00
    endloop
  endfacet
  facet normal 0.000000e+00 0.000000e+00 1.000000e+00
    outer loop
      vertex   9.159921e+00 3.500000e+00 3.000000e+00
      vertex   9.031064e+00 3.500000e+00 3.000000e+00
      vertex   9.159921e+00 0.000000e+00 3.000000e+00
    endloop
  endfacet
  facet normal 0.000000e+00 0.000000e+00 1.000000e+00
    outer loop
      vertex   9.159921e+00 0.000000e+00 3.000000e+00
      vertex   9.031064e+00 3.500000e+00 3.000000e+00
      vertex   9.031064e+00 0.000000e+00 3.000000e+00
    endloop
  endfacet
  facet normal 0.000000e+00 0.000000e+00 1.000000e+00
    outer loop
      vertex   6.017921e+00 3.500000e+00 3.000000e+00
      vertex   5.889064e+00 3.500000e+00 3.000000e+00
      vertex   6.017921e+00 0.000000e+00 3.000000e+00
    endloop
  endfacet
  facet normal 0.000000e+00 0.000000e+00 1.000000e+00
    outer loop
      vertex   6.017921e+00 0.000000e+00 3.000000e+00
      vertex   5.889064e+00 3.500000e+00 3.000000e+00
      vertex   5.889064e+00 0.000000e+00 3.000000e+00
    endloop
  endfacet
  facet normal 0.000000e+00 0.000000e+00 1.000000e+00
    outer loop
      vertex   2.875921e+00 3.500000e+00 3.000000e+00
      vertex   2.747064e+00 3.500000e+00 3.000000e+00
      vertex   2.875921e+00 0.000000e+00 3.000000e+00
    endloop
  endfacet
  facet normal 0.000000e+00 0.000000e+00 1.000000e+00
    outer loop
      vertex   2.875921e+00 0.000000e+00 3.000000e+00
      vertex   2.747064e+00 3.500000e+00 3.000000e+00
      vertex   2.747064e+00 0.000000e+00 3.000000e+00
    endloop
  endfacet
  facet normal 0.000000e+00 0.000000e+00 1.000000e+00
    outer loop
      vertex   5.930306e+01 4.313221e-01 3.000000e+00
      vertex   6.500000e+01 4.313221e-01 3.000000e+00
      vertex   5.930306e+01 3.500000e+00 3.000000e+00
    endloop
  endfacet
  facet normal -0.000000e+00 0.000000e+00 1.000000e+00
    outer loop
      vertex   5.930306e+01 3.500000e+00 3.000000e+00
      vertex   6.500000e+01 4.313221e-01 3.000000e+00
      vertex   6.500000e+01 3.500000e+00 3.000000e+00
    endloop
  endfacet
  facet normal -1.218693e-01 0.000000e+00 9.925462e-01
    outer loop
      vertex   2.875921e+00 3.500000e+00 3.000000e+00
      vertex   2.875921e+00 0.000000e+00 3.000000e+00
      vertex   2.967851e+00 1.750000e+00 3.011288e+00
    endloop
  endfacet
  facet normal -1.218693e-01 0.000000e+00 9.925462e-01
    outer loop
      vertex   2.967851e+00 1.750000e+00 3.011288e+00
      vertex   2.875921e+00 0.000000e+00 3.000000e+00
      vertex   2.967851e+00 0.000000e+00 3.011288e+00
    endloop
  endfacet
  facet normal -3.583679e-01 0.000000e+00 9.335804e-01
    outer loop
      vertex   2.967851e+00 1.750000e+00 3.011288e+00
      vertex   2.967851e+00 0.000000e+00 3.011288e+00
      vertex   3.054320e+00 1.750000e+00 3.044480e+00
    endloop
  endfacet
  facet normal -3.583679e-01 0.000000e+00 9.335804e-01
    outer loop
      vertex   3.054320e+00 1.750000e+00 3.044480e+00
      vertex   2.967851e+00 0.000000e+00 3.011288e+00
      vertex   3.054320e+00 0.000000e+00 3.044480e+00
    endloop
  endfacet
  facet normal -5.735764e-01 0.000000e+00 8.191520e-01
    outer loop
      vertex   3.054320e+00 1.750000e+00 3.044480e+00
      vertex   3.054320e+00 0.000000e+00 3.044480e+00
      vertex   3.130191e+00 1.750000e+00 3.097605e+00
    endloop
  endfacet
  facet normal -5.735764e-01 0.000000e+00 8.191520e-01
    outer loop
      vertex   3.130191e+00 1.750000e+00 3.097605e+00
      vertex   3.054320e+00 0.000000e+00 3.044480e+00
      vertex   3.130191e+00 0.000000e+00 3.097605e+00
    endloop
  endfacet
  facet normal -7.547096e-01 0.000000e+00 6.560590e-01
    outer loop
      vertex   3.130191e+00 1.750000e+00 3.097605e+00
      vertex   3.130191e+00 0.000000e+00 3.097605e+00
      vertex   3.190955e+00 1.750000e+00 3.167507e+00
    endloop
  endfacet
  facet normal -7.547096e-01 0.000000e+00 6.560590e-01
    outer loop
      vertex   3.190955e+00 1.750000e+00 3.167507e+00
      vertex   3.130191e+00 0.000000e+00 3.097605e+00
      vertex   3.190955e+00 0.000000e+00 3.167507e+00
    endloop
  endfacet
  facet normal -8.910065e-01 0.000000e+00 4.539905e-01
    outer loop
      vertex   3.190955e+00 1.750000e+00 3.167507e+00
      vertex   3.190955e+00 0.000000e+00 3.167507e+00
      vertex   3.233004e+00 0.000000e+00 3.250032e+00
    endloop
  endfacet
  facet normal -8.910065e-01 0.000000e+00 4.539905e-01
    outer loop
      vertex   3.233004e+00 0.000000e+00 3.250032e+00
      vertex   3.233004e+00 3.500000e+00 3.250032e+00
      vertex   3.190955e+00 1.750000e+00 3.167507e+00
    endloop
  endfacet
  facet normal -8.910065e-01 0.000000e+00 4.539905e-01
    outer loop
      vertex   3.190955e+00 1.750000e+00 3.167507e+00
      vertex   3.233004e+00 3.500000e+00 3.250032e+00
      vertex   3.190955e+00 3.500000e+00 3.167507e+00
    endloop
  endfacet
  facet normal -7.547096e-01 0.000000e+00 6.560590e-01
    outer loop
      vertex   3.190955e+00 1.750000e+00 3.167507e+00
      vertex   3.190955e+00 3.500000e+00 3.167507e+00
      vertex   3.130191e+00 1.750000e+00 3.097605e+00
    endloop
  endfacet
  facet normal -7.547096e-01 0.000000e+00 6.560590e-01
    outer loop
      vertex   3.130191e+00 1.750000e+00 3.097605e+00
      vertex   3.190955e+00 3.500000e+00 3.167507e+00
      vertex   3.130191e+00 3.500000e+00 3.097605e+00
    endloop
  endfacet
  facet normal -5.735764e-01 0.000000e+00 8.191520e-01
    outer loop
      vertex   3.130191e+00 1.750000e+00 3.097605e+00
      vertex   3.130191e+00 3.500000e+00 3.097605e+00
      vertex   3.054320e+00 1.750000e+00 3.044480e+00
    endloop
  endfacet
  facet normal -5.735764e-01 0.000000e+00 8.191520e-01
    outer loop
      vertex   3.054320e+00 1.750000e+00 3.044480e+00
      vertex   3.130191e+00 3.500000e+00 3.097605e+00
      vertex   3.054320e+00 3.500000e+00 3.044480e+00
    endloop
  endfacet
  facet normal -3.583679e-01 0.000000e+00 9.335804e-01
    outer loop
      vertex   3.054320e+00 1.750000e+00 3.044480e+00
      vertex   3.054320e+00 3.500000e+00 3.044480e+00
      vertex   2.967851e+00 1.750000e+00 3.011288e+00
    endloop
  endfacet
  facet normal -3.583679e-01 0.000000e+00 9.335804e-01
    outer loop
      vertex   2.967851e+00 1.750000e+00 3.011288e+00
      vertex   3.054320e+00 3.500000e+00 3.044480e+00
      vertex   2.967851e+00 3.500000e+00 3.011288e+00
    endloop
  endfacet
  facet normal -1.218693e-01 0.000000e+00 9.925462e-01
    outer loop
      vertex   2.967851e+00 1.750000e+00 3.011288e+00
      vertex   2.967851e+00 3.500000e+00 3.011288e+00
      vertex   2.875921e+00 3.500000e+00 3.000000e+00
    endloop
  endfacet
  facet normal -9.396926e-01 0.000000e+00 3.420201e-01
    outer loop
      vertex   3.233004e+00 0.000000e+00 3.250032e+00
      vertex   3.960933e+00 0.000000e+00 5.250000e+00
      vertex   3.233004e+00 3.500000e+00 3.250032e+00
    endloop
  endfacet
  facet normal -9.396926e-01 3.188697e-18 3.420201e-01
    outer loop
      vertex   3.233004e+00 3.500000e+00 3.250032e+00
      vertex   3.960933e+00 0.000000e+00 5.250000e+00
      vertex   3.960933e+00 3.500000e+00 5.250000e+00
    endloop
  endfacet
  facet normal 0.000000e+00 0.000000e+00 1.000000e+00
    outer loop
      vertex   3.960933e+00 0.000000e+00 5.250000e+00
      vertex   4.803933e+00 0.000000e+00 5.250000e+00
      vertex   3.960933e+00 3.500000e+00 5.250000e+00
    endloop
  endfacet
  facet normal -0.000000e+00 0.000000e+00 1.000000e+00
    outer loop
      vertex   3.960933e+00 3.500000e+00 5.250000e+00
      vertex   4.803933e+00 0.000000e+00 5.250000e+00
      vertex   4.803933e+00 3.500000e+00 5.250000e+00
    endloop
  endfacet
  facet normal 9.396746e-01 -0.000000e+00 3.420695e-01
    outer loop
      vertex   4.803933e+00 0.000000e+00 5.250000e+00
      vertex   5.531988e+00 0.000000e+00 3.250014e+00
      vertex   4.803933e+00 3.500000e+00 5.250000e+00
    endloop
  endfacet
  facet normal 9.396746e-01 -7.509481e-18 3.420695e-01
    outer loop
      vertex   4.803933e+00 3.500000e+00 5.250000e+00
      vertex   5.531988e+00 0.000000e+00 3.250014e+00
      vertex   5.531988e+00 3.500000e+00 3.250014e+00
    endloop
  endfacet
  facet normal 8.909850e-01 0.000000e+00 4.540327e-01
    outer loop
      vertex   5.531988e+00 3.500000e+00 3.250014e+00
      vertex   5.531988e+00 0.000000e+00 3.250014e+00
      vertex   5.574039e+00 1.750000e+00 3.167493e+00
    endloop
  endfacet
  facet normal 8.909850e-01 0.000000e+00 4.540327e-01
    outer loop
      vertex   5.574039e+00 1.750000e+00 3.167493e+00
      vertex   5.531988e+00 0.000000e+00 3.250014e+00
      vertex   5.574039e+00 0.000000e+00 3.167493e+00
    endloop
  endfacet
  facet normal 7.546854e-01 0.000000e+00 6.560868e-01
    outer loop
      vertex   5.574039e+00 1.750000e+00 3.167493e+00
      vertex   5.574039e+00 0.000000e+00 3.167493e+00
      vertex   5.634803e+00 1.750000e+00 3.097597e+00
    endloop
  endfacet
  facet normal 7.546854e-01 -3.329841e-16 6.560868e-01
    outer loop
      vertex   5.634803e+00 1.750000e+00 3.097597e+00
      vertex   5.574039e+00 0.000000e+00 3.167493e+00
      vertex   5.634803e+00 0.000000e+00 3.097597e+00
    endloop
  endfacet
  facet normal 5.735549e-01 -4.157523e-16 8.191671e-01
    outer loop
      vertex   5.634803e+00 1.750000e+00 3.097597e+00
      vertex   5.634803e+00 0.000000e+00 3.097597e+00
      vertex   5.710672e+00 1.750000e+00 3.044476e+00
    endloop
  endfacet
  facet normal 5.735549e-01 2.078762e-16 8.191671e-01
    outer loop
      vertex   5.710672e+00 1.750000e+00 3.044476e+00
      vertex   5.634803e+00 0.000000e+00 3.097597e+00
      vertex   5.710672e+00 0.000000e+00 3.044476e+00
    endloop
  endfacet
  facet normal 3.583532e-01 2.369117e-16 9.335861e-01
    outer loop
      vertex   5.710672e+00 1.750000e+00 3.044476e+00
      vertex   5.710672e+00 0.000000e+00 3.044476e+00
      vertex   5.797138e+00 1.750000e+00 3.011287e+00
    endloop
  endfacet
  facet normal 3.583532e-01 2.369117e-16 9.335861e-01
    outer loop
      vertex   5.797138e+00 1.750000e+00 3.011287e+00
      vertex   5.710672e+00 0.000000e+00 3.044476e+00
      vertex   5.797138e+00 0.000000e+00 3.011287e+00
    endloop
  endfacet
  facet normal 1.218641e-01 2.518739e-16 9.925468e-01
    outer loop
      vertex   5.797138e+00 1.750000e+00 3.011287e+00
      vertex   5.797138e+00 0.000000e+00 3.011287e+00
      vertex   5.889064e+00 0.000000e+00 3.000000e+00
    endloop
  endfacet
  facet normal 1.218641e-01 -0.000000e+00 9.925468e-01
    outer loop
      vertex   5.889064e+00 0.000000e+00 3.000000e+00
      vertex   5.889064e+00 3.500000e+00 3.000000e+00
      vertex   5.797138e+00 1.750000e+00 3.011287e+00
    endloop
  endfacet
  facet normal 1.218641e-01 -2.518739e-16 9.925468e-01
    outer loop
      vertex   5.797138e+00 1.750000e+00 3.011287e+00
      vertex   5.889064e+00 3.500000e+00 3.000000e+00
      vertex   5.797138e+00 3.500000e+00 3.011287e+00
    endloop
  endfacet
  facet normal 3.583532e-01 -2.369117e-16 9.335861e-01
    outer loop
      vertex   5.797138e+00 1.750000e+00 3.011287e+00
      vertex   5.797138e+00 3.500000e+00 3.011287e+00
      vertex   5.710672e+00 1.750000e+00 3.044476e+00
    endloop
  endfacet
  facet normal 3.583532e-01 -2.369117e-16 9.335861e-01
    outer loop
      vertex   5.710672e+00 1.750000e+00 3.044476e+00
      vertex   5.797138e+00 3.500000e+00 3.011287e+00
      vertex   5.710672e+00 3.500000e+00 3.044476e+00
    endloop
  endfacet
  facet normal 5.735549e-01 -2.078762e-16 8.191671e-01
    outer loop
      vertex   5.710672e+00 1.750000e+00 3.044476e+00
      vertex   5.710672e+00 3.500000e+00 3.044476e+00
      vertex   5.634803e+00 1.750000e+00 3.097597e+00
    endloop
  endfacet
  facet normal 5.735549e-01 4.157523e-16 8.191671e-01
    outer loop
      vertex   5.634803e+00 1.750000e+00 3.097597e+00
      vertex   5.710672e+00 3.500000e+00 3.044476e+00
      vertex   5.634803e+00 3.500000e+00 3.097597e+00
    endloop
  endfacet
  facet normal 7.546854e-01 3.329841e-16 6.560868e-01
    outer loop
      vertex   5.634803e+00 1.750000e+00 3.097597e+00
      vertex   5.634803e+00 3.500000e+00 3.097597e+00
      vertex   5.574039e+00 1.750000e+00 3.167493e+00
    endloop
  endfacet
  facet normal 7.546854e-01 -0.000000e+00 6.560868e-01
    outer loop
      vertex   5.574039e+00 1.750000e+00 3.167493e+00
      vertex   5.634803e+00 3.500000e+00 3.097597e+00
      vertex   5.574039e+00 3.500000e+00 3.167493e+00
    endloop
  endfacet
  facet normal 8.909850e-01 -0.000000e+00 4.540327e-01
    outer loop
      vertex   5.574039e+00 1.750000e+00 3.167493e+00
      vertex   5.574039e+00 3.500000e+00 3.167493e+00
      vertex   5.531988e+00 3.500000e+00 3.250014e+00
    endloop
  endfacet
  facet normal -1.218693e-01 0.000000e+00 9.925462e-01
    outer loop
      vertex   6.017921e+00 3.500000e+00 3.000000e+00
      vertex   6.017921e+00 0.000000e+00 3.000000e+00
      vertex   6.109851e+00 1.750000e+00 3.011288e+00
    endloop
  endfacet
  facet normal -1.218693e-01 0.000000e+00 9.925462e-01
    outer loop
      vertex   6.109851e+00 1.750000e+00 3.011288e+00
      vertex   6.017921e+00 0.000000e+00 3.000000e+00
      vertex   6.109851e+00 0.000000e+00 3.011288e+00
    endloop
  endfacet
  facet normal -3.583679e-01 0.000000e+00 9.335804e-01
    outer loop
      vertex   6.109851e+00 1.750000e+00 3.011288e+00
      vertex   6.109851e+00 0.000000e+00 3.011288e+00
      vertex   6.196320e+00 1.750000e+00 3.044480e+00
    endloop
  endfacet
  facet normal -3.583679e-01 0.000000e+00 9.335804e-01
    outer loop
      vertex   6.196320e+00 1.750000e+00 3.044480e+00
      vertex   6.109851e+00 0.000000e+00 3.011288e+00
      vertex   6.196320e+00 0.000000e+00 3.044480e+00
    endloop
  endfacet
  facet normal -5.735764e-01 0.000000e+00 8.191520e-01
    outer loop
      vertex   6.196320e+00 1.750000e+00 3.044480e+00
      vertex   6.196320e+00 0.000000e+00 3.044480e+00
      vertex   6.272191e+00 1.750000e+00 3.097605e+00
    endloop
  endfacet
  facet normal -5.735764e-01 0.000000e+00 8.191520e-01
    outer loop
      vertex   6.272191e+00 1.750000e+00 3.097605e+00
      vertex   6.196320e+00 0.000000e+00 3.044480e+00
      vertex   6.272191e+00 0.000000e+00 3.097605e+00
    endloop
  endfacet
  facet normal -7.547096e-01 0.000000e+00 6.560590e-01
    outer loop
      vertex   6.272191e+00 1.750000e+00 3.097605e+00
      vertex   6.272191e+00 0.000000e+00 3.097605e+00
      vertex   6.332955e+00 1.750000e+00 3.167507e+00
    endloop
  endfacet
  facet normal -7.547096e-01 1.664850e-16 6.560590e-01
    outer loop
      vertex   6.332955e+00 1.750000e+00 3.167507e+00
      vertex   6.272191e+00 0.000000e+00 3.097605e+00
      vertex   6.332955e+00 0.000000e+00 3.167507e+00
    endloop
  endfacet
  facet normal -8.910065e-01 1.152070e-16 4.539905e-01
    outer loop
      vertex   6.332955e+00 1.750000e+00 3.167507e+00
      vertex   6.332955e+00 0.000000e+00 3.167507e+00
      vertex   6.375004e+00 0.000000e+00 3.250032e+00
    endloop
  endfacet
  facet normal -8.910065e-01 0.000000e+00 4.539905e-01
    outer loop
      vertex   6.375004e+00 0.000000e+00 3.250032e+00
      vertex   6.375004e+00 3.500000e+00 3.250032e+00
      vertex   6.332955e+00 1.750000e+00 3.167507e+00
    endloop
  endfacet
  facet normal -8.910065e-01 -1.152070e-16 4.539905e-01
    outer loop
      vertex   6.332955e+00 1.750000e+00 3.167507e+00
      vertex   6.375004e+00 3.500000e+00 3.250032e+00
      vertex   6.332955e+00 3.500000e+00 3.167507e+00
    endloop
  endfacet
  facet normal -7.547096e-01 -1.664850e-16 6.560590e-01
    outer loop
      vertex   6.332955e+00 1.750000e+00 3.167507e+00
      vertex   6.332955e+00 3.500000e+00 3.167507e+00
      vertex   6.272191e+00 1.750000e+00 3.097605e+00
    endloop
  endfacet
  facet normal -7.547096e-01 0.000000e+00 6.560590e-01
    outer loop
      vertex   6.272191e+00 1.750000e+00 3.097605e+00
      vertex   6.332955e+00 3.500000e+00 3.167507e+00
      vertex   6.272191e+00 3.500000e+00 3.097605e+00
    endloop
  endfacet
  facet normal -5.735764e-01 0.000000e+00 8.191520e-01
    outer loop
      vertex   6.272191e+00 1.750000e+00 3.097605e+00
      vertex   6.272191e+00 3.500000e+00 3.097605e+00
      vertex   6.196320e+00 1.750000e+00 3.044480e+00
    endloop
  endfacet
  facet normal -5.735764e-01 0.000000e+00 8.191520e-01
    outer loop
      vertex   6.196320e+00 1.750000e+00 3.044480e+00
      vertex   6.272191e+00 3.500000e+00 3.097605e+00
      vertex   6.196320e+00 3.500000e+00 3.044480e+00
    endloop
  endfacet
  facet normal -3.583679e-01 0.000000e+00 9.335804e-01
    outer loop
      vertex   6.196320e+00 1.750000e+00 3.044480e+00
      vertex   6.196320e+00 3.500000e+00 3.044480e+00
      vertex   6.109851e+00 1.750000e+00 3.011288e+00
    endloop
  endfacet
  facet normal -3.583679e-01 0.000000e+00 9.335804e-01
    outer loop
      vertex   6.109851e+00 1.750000e+00 3.011288e+00
      vertex   6.196320e+00 3.500000e+00 3.044480e+00
      vertex   6.109851e+00 3.500000e+00 3.011288e+00
    endloop
  endfacet
  facet normal -1.218693e-01 0.000000e+00 9.925462e-01
    outer loop
      vertex   6.109851e+00 1.750000e+00 3.011288e+00
      vertex   6.109851e+00 3.500000e+00 3.011288e+00
      vertex   6.017921e+00 3.500000e+00 3.000000e+00
    endloop
  endfacet
  facet normal -9.396926e-01 0.000000e+00 3.420201e-01
    outer loop
      vertex   6.375004e+00 0.000000e+00 3.250032e+00
      vertex   7.102933e+00 0.000000e+00 5.250000e+00
      vertex   6.375004e+00 3.500000e+00 3.250032e+00
    endloop
  endfacet
  facet normal -9.396926e-01 3.188697e-18 3.420201e-01
    outer loop
      vertex   6.375004e+00 3.500000e+00 3.250032e+00
      vertex   7.102933e+00 0.000000e+00 5.250000e+00
      vertex   7.102933e+00 3.500000e+00 5.250000e+00
    endloop
  endfacet
  facet normal 0.000000e+00 0.000000e+00 1.000000e+00
    outer loop
      vertex   7.102933e+00 0.000000e+00 5.250000e+00
      vertex   7.945933e+00 0.000000e+00 5.250000e+00
      vertex   7.102933e+00 3.500000e+00 5.250000e+00
    endloop
  endfacet
  facet normal -0.000000e+00 0.000000e+00 1.000000e+00
    outer loop
      vertex   7.102933e+00 3.500000e+00 5.250000e+00
      vertex   7.945933e+00 0.000000e+00 5.250000e+00
      vertex   7.945933e+00 3.500000e+00 5.250000e+00
    endloop
  endfacet
  facet normal 9.396746e-01 -0.000000e+00 3.420695e-01
    outer loop
      vertex   7.945933e+00 0.000000e+00 5.250000e+00
      vertex   8.673988e+00 0.000000e+00 3.250014e+00
      vertex   7.945933e+00 3.500000e+00 5.250000e+00
    endloop
  endfacet
  facet normal 9.396746e-01 -7.511100e-18 3.420695e-01
    outer loop
      vertex   7.945933e+00 3.500000e+00 5.250000e+00
      vertex   8.673988e+00 0.000000e+00 3.250014e+00
      vertex   8.673988e+00 3.500000e+00 3.250014e+00
    endloop
  endfacet
  facet normal 8.909850e-01 0.000000e+00 4.540327e-01
    outer loop
      vertex   8.673988e+00 3.500000e+00 3.250014e+00
      vertex   8.673988e+00 0.000000e+00 3.250014e+00
      vertex   8.716039e+00 1.750000e+00 3.167493e+00
    endloop
  endfacet
  facet normal 8.909850e-01 0.000000e+00 4.540327e-01
    outer loop
      vertex   8.716039e+00 1.750000e+00 3.167493e+00
      vertex   8.673988e+00 0.000000e+00 3.250014e+00
      vertex   8.716039e+00 0.000000e+00 3.167493e+00
    endloop
  endfacet
  facet normal 7.546854e-01 0.000000e+00 6.560868e-01
    outer loop
      vertex   8.716039e+00 1.750000e+00 3.167493e+00
      vertex   8.716039e+00 0.000000e+00 3.167493e+00
      vertex   8.776803e+00 1.750000e+00 3.097597e+00
    endloop
  endfacet
  facet normal 7.546854e-01 -3.329841e-16 6.560868e-01
    outer loop
      vertex   8.776803e+00 1.750000e+00 3.097597e+00
      vertex   8.716039e+00 0.000000e+00 3.167493e+00
      vertex   8.776803e+00 0.000000e+00 3.097597e+00
    endloop
  endfacet
  facet normal 5.735549e-01 -4.157523e-16 8.191671e-01
    outer loop
      vertex   8.776803e+00 1.750000e+00 3.097597e+00
      vertex   8.776803e+00 0.000000e+00 3.097597e+00
      vertex   8.852672e+00 1.750000e+00 3.044476e+00
    endloop
  endfacet
  facet normal 5.735549e-01 2.078762e-16 8.191671e-01
    outer loop
      vertex   8.852672e+00 1.750000e+00 3.044476e+00
      vertex   8.776803e+00 0.000000e+00 3.097597e+00
      vertex   8.852672e+00 0.000000e+00 3.044476e+00
    endloop
  endfacet
  facet normal 3.583532e-01 2.369117e-16 9.335861e-01
    outer loop
      vertex   8.852672e+00 1.750000e+00 3.044476e+00
      vertex   8.852672e+00 0.000000e+00 3.044476e+00
      vertex   8.939138e+00 1.750000e+00 3.011287e+00
    endloop
  endfacet
  facet normal 3.583532e-01 2.369117e-16 9.335861e-01
    outer loop
      vertex   8.939138e+00 1.750000e+00 3.011287e+00
      vertex   8.852672e+00 0.000000e+00 3.044476e+00
      vertex   8.939138e+00 0.000000e+00 3.011287e+00
    endloop
  endfacet
  facet normal 1.218641e-01 2.518739e-16 9.925468e-01
    outer loop
      vertex   8.939138e+00 1.750000e+00 3.011287e+00
      vertex   8.939138e+00 0.000000e+00 3.011287e+00
      vertex   9.031064e+00 0.000000e+00 3.000000e+00
    endloop
  endfacet
  facet normal 1.218641e-01 -0.000000e+00 9.925468e-01
    outer loop
      vertex   9.031064e+00 0.000000e+00 3.000000e+00
      vertex   9.031064e+00 3.500000e+00 3.000000e+00
      vertex   8.939138e+00 1.750000e+00 3.011287e+00
    endloop
  endfacet
  facet normal 1.218641e-01 -2.518739e-16 9.925468e-01
    outer loop
      vertex   8.939138e+00 1.750000e+00 3.011287e+00
      vertex   9.031064e+00 3.500000e+00 3.000000e+00
      vertex   8.939138e+00 3.500000e+00 3.011287e+00
    endloop
  endfacet
  facet normal 3.583532e-01 -2.369117e-16 9.335861e-01
    outer loop
      vertex   8.939138e+00 1.750000e+00 3.011287e+00
      vertex   8.939138e+00 3.500000e+00 3.011287e+00
      vertex   8.852672e+00 1.750000e+00 3.044476e+00
    endloop
  endfacet
  facet normal 3.583532e-01 -2.369117e-16 9.335861e-01
    outer loop
      vertex   8.852672e+00 1.750000e+00 3.044476e+00
      vertex   8.939138e+00 3.500000e+00 3.011287e+00
      vertex   8.852672e+00 3.500000e+00 3.044476e+00
    endloop
  endfacet
  facet normal 5.735549e-01 -2.078762e-16 8.191671e-01
    outer loop
      vertex   8.852672e+00 1.750000e+00 3.044476e+00
      vertex   8.852672e+00 3.500000e+00 3.044476e+00
      vertex   8.776803e+00 1.750000e+00 3.097597e+00
    endloop
  endfacet
  facet normal 5.735549e-01 4.157523e-16 8.191671e-01
    outer loop
      vertex   8.776803e+00 1.750000e+00 3.097597e+00
      vertex   8.852672e+00 3.500000e+00 3.044476e+00
      vertex   8.776803e+00 3.500000e+00 3.097597e+00
    endloop
  endfacet
  facet normal 7.546854e-01 3.329841e-16 6.560868e-01
    outer loop
      vertex   8.776803e+00 1.750000e+00 3.097597e+00
      vertex   8.776803e+00 3.500000e+00 3.097597e+00
      vertex   8.716039e+00 1.750000e+00 3.167493e+00
    endloop
  endfacet
  facet normal 7.546854e-01 -0.000000e+00 6.560868e-01
    outer loop
      vertex   8.716039e+00 1.750000e+00 3.167493e+00
      vertex   8.776803e+00 3.500000e+00 3.097597e+00
      vertex   8.716039e+00 3.500000e+00 3.167493e+00
    endloop
  endfacet
  facet normal 8.909850e-01 -0.000000e+00 4.540327e-01
    outer loop
      vertex   8.716039e+00 1.750000e+00 3.167493e+00
      vertex   8.716039e+00 3.500000e+00 3.167493e+00
      vertex   8.673988e+00 3.500000e+00 3.250014e+00
    endloop
  endfacet
  facet normal -1.218693e-01 0.000000e+00 9.925462e-01
    outer loop
      vertex   9.159921e+00 3.500000e+00 3.000000e+00
      vertex   9.159921e+00 0.000000e+00 3.000000e+00
      vertex   9.251851e+00 1.750000e+00 3.011288e+00
    endloop
  endfacet
  facet normal -1.218693e-01 0.000000e+00 9.925462e-01
    outer loop
      vertex   9.251851e+00 1.750000e+00 3.011288e+00
      vertex   9.159921e+00 0.000000e+00 3.000000e+00
      vertex   9.251851e+00 0.000000e+00 3.011288e+00
    endloop
  endfacet
  facet normal -3.583679e-01 0.000000e+00 9.335804e-01
    outer loop
      vertex   9.251851e+00 1.750000e+00 3.011288e+00
      vertex   9.251851e+00 0.000000e+00 3.011288e+00
      vertex   9.338320e+00 1.750000e+00 3.044480e+00
    endloop
  endfacet
  facet normal -3.583679e-01 0.000000e+00 9.335804e-01
    outer loop
      vertex   9.338320e+00 1.750000e+00 3.044480e+00
      vertex   9.251851e+00 0.000000e+00 3.011288e+00
      vertex   9.338320e+00 0.000000e+00 3.044480e+00
    endloop
  endfacet
  facet normal -5.735764e-01 0.000000e+00 8.191520e-01
    outer loop
      vertex   9.338320e+00 1.750000e+00 3.044480e+00
      vertex   9.338320e+00 0.000000e+00 3.044480e+00
      vertex   9.414191e+00 1.750000e+00 3.097605e+00
    endloop
  endfacet
  facet normal -5.735764e-01 0.000000e+00 8.191520e-01
    outer loop
      vertex   9.414191e+00 1.750000e+00 3.097605e+00
      vertex   9.338320e+00 0.000000e+00 3.044480e+00
      vertex   9.414191e+00 0.000000e+00 3.097605e+00
    endloop
  endfacet
  facet normal -7.547096e-01 0.000000e+00 6.560590e-01
    outer loop
      vertex   9.414191e+00 1.750000e+00 3.097605e+00
      vertex   9.414191e+00 0.000000e+00 3.097605e+00
      vertex   9.474955e+00 1.750000e+00 3.167507e+00
    endloop
  endfacet
  facet normal -7.547096e-01 1.664850e-16 6.560590e-01
    outer loop
      vertex   9.474955e+00 1.750000e+00 3.167507e+00
      vertex   9.414191e+00 0.000000e+00 3.097605e+00
      vertex   9.474955e+00 0.000000e+00 3.167507e+00
    endloop
  endfacet
  facet normal -8.910065e-01 1.152070e-16 4.539905e-01
    outer loop
      vertex   9.474955e+00 1.750000e+00 3.167507e+00
      vertex   9.474955e+00 0.000000e+00 3.167507e+00
      vertex   9.517004e+00 0.000000e+00 3.250032e+00
    endloop
  endfacet
  facet normal -8.910065e-01 0.000000e+00 4.539905e-01
    outer loop
      vertex   9.517004e+00 0.000000e+00 3.250032e+00
      vertex   9.517004e+00 3.500000e+00 3.250032e+00
      vertex   9.474955e+00 1.750000e+00 3.167507e+00
    endloop
  endfacet
  facet normal -8.910065e-01 -1.152070e-16 4.539905e-01
    outer loop
      vertex   9.474955e+00 1.750000e+00 3.167507e+00
      vertex   9.517004e+00 3.500000e+00 3.250032e+00
      vertex   9.474955e+00 3.500000e+00 3.167507e+00
    endloop
  endfacet
  facet normal -7.547096e-01 -1.664850e-16 6.560590e-01
    outer loop
      vertex   9.474955e+00 1.750000e+00 3.167507e+00
      vertex   9.474955e+00 3.500000e+00 3.167507e+00
      vertex   9.414191e+00 1.750000e+00 3.097605e+00
    endloop
  endfacet
  facet normal -7.547096e-01 0.000000e+00 6.560590e-01
    outer loop
      vertex   9.414191e+00 1.750000e+00 3.097605e+00
      vertex   9.474955e+00 3.500000e+00 3.167507e+00
      vertex   9.414191e+00 3.500000e+00 3.097605e+00
    endloop
  endfacet
  facet normal -5.735764e-01 0.000000e+00 8.191520e-01
    outer loop
      vertex   9.414191e+00 1.750000e+00 3.097605e+00
      vertex   9.414191e+00 3.500000e+00 3.097605e+00
      vertex   9.338320e+00 1.750000e+00 3.044480e+00
    endloop
  endfacet
  facet normal -5.735764e-01 0.000000e+00 8.191520e-01
    outer loop
      vertex   9.338320e+00 1.750000e+00 3.044480e+00
      vertex   9.414191e+00 3.500000e+00 3.097605e+00
      vertex   9.338320e+00 3.500000e+00 3.044480e+00
    endloop
  endfacet
  facet normal -3.583679e-01 0.000000e+00 9.335804e-01
    outer loop
      vertex   9.338320e+00 1.750000e+00 3.044480e+00
      vertex   9.338320e+00 3.500000e+00 3.044480e+00
      vertex   9.251851e+00 1.750000e+00 3.011288e+00
    endloop
  endfacet
  facet normal -3.583679e-01 0.000000e+00 9.335804e-01
    outer loop
      vertex   9.251851e+00 1.750000e+00 3.011288e+00
      vertex   9.338320e+00 3.500000e+00 3.044480e+00
      vertex   9.251851e+00 3.500000e+00 3.011288e+00
    endloop
  endfacet
  facet normal -1.218693e-01 0.000000e+00 9.925462e-01
    outer loop
      vertex   9.251851e+00 1.750000e+00 3.011288e+00
      vertex   9.251851e+00 3.500000e+00 3.011288e+00
      vertex   9.159921e+00 3.500000e+00 3.000000e+00
    endloop
  endfacet
  facet normal -9.396926e-01 0.000000e+00 3.420201e-01
    outer loop
      vertex   9.517004e+00 0.000000e+00 3.250032e+00
      vertex   1.024493e+01 0.000000e+00 5.250000e+00
      vertex   9.517004e+00 3.500000e+00 3.250032e+00
    endloop
  endfacet
  facet normal -9.396926e-01 3.184840e-18 3.420201e-01
    outer loop
      vertex   9.517004e+00 3.500000e+00 3.250032e+00
      vertex   1.024493e+01 0.000000e+00 5.250000e+00
      vertex   1.024493e+01 3.500000e+00 5.250000e+00
    endloop
  endfacet
  facet normal 0.000000e+00 0.000000e+00 1.000000e+00
    outer loop
      vertex   1.024493e+01 0.000000e+00 5.250000e+00
      vertex   1.108793e+01 0.000000e+00 5.250000e+00
      vertex   1.024493e+01 3.500000e+00 5.250000e+00
    endloop
  endfacet
  facet normal -0.000000e+00 0.000000e+00 1.000000e+00
    outer loop
      vertex   1.024493e+01 3.500000e+00 5.250000e+00
      vertex   1.108793e+01 0.000000e+00 5.250000e+00
      vertex   1.108793e+01 3.500000e+00 5.250000e+00
    endloop
  endfacet
  facet normal 9.396746e-01 -0.000000e+00 3.420695e-01
    outer loop
      vertex   1.108793e+01 0.000000e+00 5.250000e+00
      vertex   1.181599e+01 0.000000e+00 3.250014e+00
      vertex   1.108793e+01 3.500000e+00 5.250000e+00
    endloop
  endfacet
  facet normal 9.396746e-01 -7.511100e-18 3.420695e-01
    outer loop
      vertex   1.108793e+01 3.500000e+00 5.250000e+00
      vertex   1.181599e+01 0.000000e+00 3.250014e+00
      vertex   1.181599e+01 3.500000e+00 3.250014e+00
    endloop
  endfacet
  facet normal 8.909850e-01 0.000000e+00 4.540327e-01
    outer loop
      vertex   1.181599e+01 3.500000e+00 3.250014e+00
      vertex   1.181599e+01 0.000000e+00 3.250014e+00
      vertex   1.185804e+01 1.750000e+00 3.167493e+00
    endloop
  endfacet
  facet normal 8.909850e-01 1.152177e-16 4.540327e-01
    outer loop
      vertex   1.185804e+01 1.750000e+00 3.167493e+00
      vertex   1.181599e+01 0.000000e+00 3.250014e+00
      vertex   1.185804e+01 0.000000e+00 3.167493e+00
    endloop
  endfacet
  facet normal 7.546854e-01 1.664920e-16 6.560868e-01
    outer loop
      vertex   1.185804e+01 1.750000e+00 3.167493e+00
      vertex   1.185804e+01 0.000000e+00 3.167493e+00
      vertex   1.191880e+01 1.750000e+00 3.097597e+00
    endloop
  endfacet
  facet normal 7.546854e-01 0.000000e+00 6.560868e-01
    outer loop
      vertex   1.191880e+01 1.750000e+00 3.097597e+00
      vertex   1.185804e+01 0.000000e+00 3.167493e+00
      vertex   1.191880e+01 0.000000e+00 3.097597e+00
    endloop
  endfacet
  facet normal 5.735549e-01 0.000000e+00 8.191671e-01
    outer loop
      vertex   1.191880e+01 1.750000e+00 3.097597e+00
      vertex   1.191880e+01 0.000000e+00 3.097597e+00
      vertex   1.199467e+01 1.750000e+00 3.044476e+00
    endloop
  endfacet
  facet normal 5.735549e-01 0.000000e+00 8.191671e-01
    outer loop
      vertex   1.199467e+01 1.750000e+00 3.044476e+00
      vertex   1.191880e+01 0.000000e+00 3.097597e+00
      vertex   1.199467e+01 0.000000e+00 3.044476e+00
    endloop
  endfacet
  facet normal 3.583532e-01 0.000000e+00 9.335861e-01
    outer loop
      vertex   1.199467e+01 1.750000e+00 3.044476e+00
      vertex   1.199467e+01 0.000000e+00 3.044476e+00
      vertex   1.208114e+01 1.750000e+00 3.011287e+00
    endloop
  endfacet
  facet normal 3.583532e-01 2.369117e-16 9.335861e-01
    outer loop
      vertex   1.208114e+01 1.750000e+00 3.011287e+00
      vertex   1.199467e+01 0.000000e+00 3.044476e+00
      vertex   1.208114e+01 0.000000e+00 3.011287e+00
    endloop
  endfacet
  facet normal 1.218641e-01 2.518739e-16 9.925468e-01
    outer loop
      vertex   1.208114e+01 1.750000e+00 3.011287e+00
      vertex   1.208114e+01 0.000000e+00 3.011287e+00
      vertex   1.217306e+01 0.000000e+00 3.000000e+00
    endloop
  endfacet
  facet normal 1.218641e-01 -0.000000e+00 9.925468e-01
    outer loop
      vertex   1.217306e+01 0.000000e+00 3.000000e+00
      vertex   1.217306e+01 3.500000e+00 3.000000e+00
      vertex   1.208114e+01 1.750000e+00 3.011287e+00
    endloop
  endfacet
  facet normal 1.218641e-01 -2.518739e-16 9.925468e-01
    outer loop
      vertex   1.208114e+01 1.750000e+00 3.011287e+00
      vertex   1.217306e+01 3.500000e+00 3.000000e+00
      vertex   1.208114e+01 3.500000e+00 3.011287e+00
    endloop
  endfacet
  facet normal 3.583532e-01 -2.369117e-16 9.335861e-01
    outer loop
      vertex   1.208114e+01 1.750000e+00 3.011287e+00
      vertex   1.208114e+01 3.500000e+00 3.011287e+00
      vertex   1.199467e+01 1.750000e+00 3.044476e+00
    endloop
  endfacet
  facet normal 3.583532e-01 -0.000000e+00 9.335861e-01
    outer loop
      vertex   1.199467e+01 1.750000e+00 3.044476e+00
      vertex   1.208114e+01 3.500000e+00 3.011287e+00
      vertex   1.199467e+01 3.500000e+00 3.044476e+00
    endloop
  endfacet
  facet normal 5.735549e-01 -0.000000e+00 8.191671e-01
    outer loop
      vertex   1.199467e+01 1.750000e+00 3.044476e+00
      vertex   1.199467e+01 3.500000e+00 3.044476e+00
      vertex   1.191880e+01 1.750000e+00 3.097597e+00
    endloop
  endfacet
  facet normal 5.735549e-01 -0.000000e+00 8.191671e-01
    outer loop
      vertex   1.191880e+01 1.750000e+00 3.097597e+00
      vertex   1.199467e+01 3.500000e+00 3.044476e+00
      vertex   1.191880e+01 3.500000e+00 3.097597e+00
    endloop
  endfacet
  facet normal 7.546854e-01 -0.000000e+00 6.560868e-01
    outer loop
      vertex   1.191880e+01 1.750000e+00 3.097597e+00
      vertex   1.191880e+01 3.500000e+00 3.097597e+00
      vertex   1.185804e+01 1.750000e+00 3.167493e+00
    endloop
  endfacet
  facet normal 7.546854e-01 -1.664920e-16 6.560868e-01
    outer loop
      vertex   1.185804e+01 1.750000e+00 3.167493e+00
      vertex   1.191880e+01 3.500000e+00 3.097597e+00
      vertex   1.185804e+01 3.500000e+00 3.167493e+00
    endloop
  endfacet
  facet normal 8.909850e-01 -1.152177e-16 4.540327e-01
    outer loop
      vertex   1.185804e+01 1.750000e+00 3.167493e+00
      vertex   1.185804e+01 3.500000e+00 3.167493e+00
      vertex   1.181599e+01 3.500000e+00 3.250014e+00
    endloop
  endfacet
  facet normal -1.218693e-01 0.000000e+00 9.925462e-01
    outer loop
      vertex   1.230192e+01 3.500000e+00 3.000000e+00
      vertex   1.230192e+01 0.000000e+00 3.000000e+00
      vertex   1.239385e+01 1.750000e+00 3.011288e+00
    endloop
  endfacet
  facet normal -1.218693e-01 2.518737e-16 9.925462e-01
    outer loop
      vertex   1.239385e+01 1.750000e+00 3.011288e+00
      vertex   1.230192e+01 0.000000e+00 3.000000e+00
      vertex   1.239385e+01 0.000000e+00 3.011288e+00
    endloop
  endfacet
  facet normal -3.583679e-01 2.369103e-16 9.335804e-01
    outer loop
      vertex   1.239385e+01 1.750000e+00 3.011288e+00
      vertex   1.239385e+01 0.000000e+00 3.011288e+00
      vertex   1.248032e+01 1.750000e+00 3.044480e+00
    endloop
  endfacet
  facet normal -3.583679e-01 4.738206e-16 9.335804e-01
    outer loop
      vertex   1.248032e+01 1.750000e+00 3.044480e+00
      vertex   1.239385e+01 0.000000e+00 3.011288e+00
      vertex   1.248032e+01 0.000000e+00 3.044480e+00
    endloop
  endfacet
  facet normal -5.735764e-01 4.157447e-16 8.191520e-01
    outer loop
      vertex   1.248032e+01 1.750000e+00 3.044480e+00
      vertex   1.248032e+01 0.000000e+00 3.044480e+00
      vertex   1.255619e+01 1.750000e+00 3.097605e+00
    endloop
  endfacet
  facet normal -5.735764e-01 2.078723e-16 8.191520e-01
    outer loop
      vertex   1.255619e+01 1.750000e+00 3.097605e+00
      vertex   1.248032e+01 0.000000e+00 3.044480e+00
      vertex   1.255619e+01 0.000000e+00 3.097605e+00
    endloop
  endfacet
  facet normal -7.547096e-01 1.664850e-16 6.560590e-01
    outer loop
      vertex   1.255619e+01 1.750000e+00 3.097605e+00
      vertex   1.255619e+01 0.000000e+00 3.097605e+00
      vertex   1.261696e+01 1.750000e+00 3.167507e+00
    endloop
  endfacet
  facet normal -7.547096e-01 1.664850e-16 6.560590e-01
    outer loop
      vertex   1.261696e+01 1.750000e+00 3.167507e+00
      vertex   1.255619e+01 0.000000e+00 3.097605e+00
      vertex   1.261696e+01 0.000000e+00 3.167507e+00
    endloop
  endfacet
  facet normal -8.910065e-01 1.152070e-16 4.539905e-01
    outer loop
      vertex   1.261696e+01 1.750000e+00 3.167507e+00
      vertex   1.261696e+01 0.000000e+00 3.167507e+00
      vertex   1.265900e+01 0.000000e+00 3.250032e+00
    endloop
  endfacet
  facet normal -8.910065e-01 0.000000e+00 4.539905e-01
    outer loop
      vertex   1.265900e+01 0.000000e+00 3.250032e+00
      vertex   1.265900e+01 3.500000e+00 3.250032e+00
      vertex   1.261696e+01 1.750000e+00 3.167507e+00
    endloop
  endfacet
  facet normal -8.910065e-01 -1.152070e-16 4.539905e-01
    outer loop
      vertex   1.261696e+01 1.750000e+00 3.167507e+00
      vertex   1.265900e+01 3.500000e+00 3.250032e+00
      vertex   1.261696e+01 3.500000e+00 3.167507e+00
    endloop
  endfacet
  facet normal -7.547096e-01 -1.664850e-16 6.560590e-01
    outer loop
      vertex   1.261696e+01 1.750000e+00 3.167507e+00
      vertex   1.261696e+01 3.500000e+00 3.167507e+00
      vertex   1.255619e+01 1.750000e+00 3.097605e+00
    endloop
  endfacet
  facet normal -7.547096e-01 -1.664850e-16 6.560590e-01
    outer loop
      vertex   1.255619e+01 1.750000e+00 3.097605e+00
      vertex   1.261696e+01 3.500000e+00 3.167507e+00
      vertex   1.255619e+01 3.500000e+00 3.097605e+00
    endloop
  endfacet
  facet normal -5.735764e-01 -2.078723e-16 8.191520e-01
    outer loop
      vertex   1.255619e+01 1.750000e+00 3.097605e+00
      vertex   1.255619e+01 3.500000e+00 3.097605e+00
      vertex   1.248032e+01 1.750000e+00 3.044480e+00
    endloop
  endfacet
  facet normal -5.735764e-01 -4.157447e-16 8.191520e-01
    outer loop
      vertex   1.248032e+01 1.750000e+00 3.044480e+00
      vertex   1.255619e+01 3.500000e+00 3.097605e+00
      vertex   1.248032e+01 3.500000e+00 3.044480e+00
    endloop
  endfacet
  facet normal -3.583679e-01 -4.738206e-16 9.335804e-01
    outer loop
      vertex   1.248032e+01 1.750000e+00 3.044480e+00
      vertex   1.248032e+01 3.500000e+00 3.044480e+00
      vertex   1.239385e+01 1.750000e+00 3.011288e+00
    endloop
  endfacet
  facet normal -3.583679e-01 -2.369103e-16 9.335804e-01
    outer loop
      vertex   1.239385e+01 1.750000e+00 3.011288e+00
      vertex   1.248032e+01 3.500000e+00 3.044480e+00
      vertex   1.239385e+01 3.500000e+00 3.011288e+00
    endloop
  endfacet
  facet normal -1.218693e-01 -2.518737e-16 9.925462e-01
    outer loop
      vertex   1.239385e+01 1.750000e+00 3.011288e+00
      vertex   1.239385e+01 3.500000e+00 3.011288e+00
      vertex   1.230192e+01 3.500000e+00 3.000000e+00
    endloop
  endfacet
  facet normal -9.396926e-01 0.000000e+00 3.420201e-01
    outer loop
      vertex   1.265900e+01 0.000000e+00 3.250032e+00
      vertex   1.338693e+01 0.000000e+00 5.250000e+00
      vertex   1.265900e+01 3.500000e+00 3.250032e+00
    endloop
  endfacet
  facet normal -9.396926e-01 3.184840e-18 3.420201e-01
    outer loop
      vertex   1.265900e+01 3.500000e+00 3.250032e+00
      vertex   1.338693e+01 0.000000e+00 5.250000e+00
      vertex   1.338693e+01 3.500000e+00 5.250000e+00
    endloop
  endfacet
  facet normal 0.000000e+00 0.000000e+00 1.000000e+00
    outer loop
      vertex   1.338693e+01 0.000000e+00 5.250000e+00
      vertex   1.422993e+01 0.000000e+00 5.250000e+00
      vertex   1.338693e+01 3.500000e+00 5.250000e+00
    endloop
  endfacet
  facet normal -0.000000e+00 0.000000e+00 1.000000e+00
    outer loop
      vertex   1.338693e+01 3.500000e+00 5.250000e+00
      vertex   1.422993e+01 0.000000e+00 5.250000e+00
      vertex   1.422993e+01 3.500000e+00 5.250000e+00
    endloop
  endfacet
  facet normal 9.396746e-01 -0.000000e+00 3.420695e-01
    outer loop
      vertex   1.422993e+01 0.000000e+00 5.250000e+00
      vertex   1.495799e+01 0.000000e+00 3.250014e+00
      vertex   1.422993e+01 3.500000e+00 5.250000e+00
    endloop
  endfacet
  facet normal 9.396746e-01 -7.514337e-18 3.420695e-01
    outer loop
      vertex   1.422993e+01 3.500000e+00 5.250000e+00
      vertex   1.495799e+01 0.000000e+00 3.250014e+00
      vertex   1.495799e+01 3.500000e+00 3.250014e+00
    endloop
  endfacet
  facet normal 8.909850e-01 0.000000e+00 4.540327e-01
    outer loop
      vertex   1.495799e+01 3.500000e+00 3.250014e+00
      vertex   1.495799e+01 0.000000e+00 3.250014e+00
      vertex   1.500004e+01 1.750000e+00 3.167493e+00
    endloop
  endfacet
  facet normal 8.909850e-01 1.152177e-16 4.540327e-01
    outer loop
      vertex   1.500004e+01 1.750000e+00 3.167493e+00
      vertex   1.495799e+01 0.000000e+00 3.250014e+00
      vertex   1.500004e+01 0.000000e+00 3.167493e+00
    endloop
  endfacet
  facet normal 7.546854e-01 1.664920e-16 6.560868e-01
    outer loop
      vertex   1.500004e+01 1.750000e+00 3.167493e+00
      vertex   1.500004e+01 0.000000e+00 3.167493e+00
      vertex   1.506080e+01 1.750000e+00 3.097597e+00
    endloop
  endfacet
  facet normal 7.546854e-01 0.000000e+00 6.560868e-01
    outer loop
      vertex   1.506080e+01 1.750000e+00 3.097597e+00
      vertex   1.500004e+01 0.000000e+00 3.167493e+00
      vertex   1.506080e+01 0.000000e+00 3.097597e+00
    endloop
  endfacet
  facet normal 5.735549e-01 0.000000e+00 8.191671e-01
    outer loop
      vertex   1.506080e+01 1.750000e+00 3.097597e+00
      vertex   1.506080e+01 0.000000e+00 3.097597e+00
      vertex   1.513667e+01 1.750000e+00 3.044476e+00
    endloop
  endfacet
  facet normal 5.735549e-01 0.000000e+00 8.191671e-01
    outer loop
      vertex   1.513667e+01 1.750000e+00 3.044476e+00
      vertex   1.506080e+01 0.000000e+00 3.097597e+00
      vertex   1.513667e+01 0.000000e+00 3.044476e+00
    endloop
  endfacet
  facet normal 3.583532e-01 0.000000e+00 9.335861e-01
    outer loop
      vertex   1.513667e+01 1.750000e+00 3.044476e+00
      vertex   1.513667e+01 0.000000e+00 3.044476e+00
      vertex   1.522314e+01 1.750000e+00 3.011287e+00
    endloop
  endfacet
  facet normal 3.583532e-01 2.369117e-16 9.335861e-01
    outer loop
      vertex   1.522314e+01 1.750000e+00 3.011287e+00
      vertex   1.513667e+01 0.000000e+00 3.044476e+00
      vertex   1.522314e+01 0.000000e+00 3.011287e+00
    endloop
  endfacet
  facet normal 1.218641e-01 2.518739e-16 9.925468e-01
    outer loop
      vertex   1.522314e+01 1.750000e+00 3.011287e+00
      vertex   1.522314e+01 0.000000e+00 3.011287e+00
      vertex   1.531506e+01 0.000000e+00 3.000000e+00
    endloop
  endfacet
  facet normal 1.218641e-01 -0.000000e+00 9.925468e-01
    outer loop
      vertex   1.531506e+01 0.000000e+00 3.000000e+00
      vertex   1.531506e+01 3.500000e+00 3.000000e+00
      vertex   1.522314e+01 1.750000e+00 3.011287e+00
    endloop
  endfacet
  facet normal 1.218641e-01 -2.518739e-16 9.925468e-01
    outer loop
      vertex   1.522314e+01 1.750000e+00 3.011287e+00
      vertex   1.531506e+01 3.500000e+00 3.000000e+00
      vertex   1.522314e+01 3.500000e+00 3.011287e+00
    endloop
  endfacet
  facet normal 3.583532e-01 -2.369117e-16 9.335861e-01
    outer loop
      vertex   1.522314e+01 1.750000e+00 3.011287e+00
      vertex   1.522314e+01 3.500000e+00 3.011287e+00
      vertex   1.513667e+01 1.750000e+00 3.044476e+00
    endloop
  endfacet
  facet normal 3.583532e-01 -0.000000e+00 9.335861e-01
    outer loop
      vertex   1.513667e+01 1.750000e+00 3.044476e+00
      vertex   1.522314e+01 3.500000e+00 3.011287e+00
      vertex   1.513667e+01 3.500000e+00 3.044476e+00
    endloop
  endfacet
  facet normal 5.735549e-01 -0.000000e+00 8.191671e-01
    outer loop
      vertex   1.513667e+01 1.750000e+00 3.044476e+00
      vertex   1.513667e+01 3.500000e+00 3.044476e+00
      vertex   1.506080e+01 1.750000e+00 3.097597e+00
    endloop
  endfacet
  facet normal 5.735549e-01 -0.000000e+00 8.191671e-01
    outer loop
      vertex   1.506080e+01 1.750000e+00 3.097597e+00
      vertex   1.513667e+01 3.500000e+00 3.044476e+00
      vertex   1.506080e+01 3.500000e+00 3.097597e+00
    endloop
  endfacet
  facet normal 7.546854e-01 -0.000000e+00 6.560868e-01
    outer loop
      vertex   1.506080e+01 1.750000e+00 3.097597e+00
      vertex   1.506080e+01 3.500000e+00 3.097597e+00
      vertex   1.500004e+01 1.750000e+00 3.167493e+00
    endloop
  endfacet
  facet normal 7.546854e-01 -1.664920e-16 6.560868e-01
    outer loop
      vertex   1.500004e+01 1.750000e+00 3.167493e+00
      vertex   1.506080e+01 3.500000e+00 3.097597e+00
      vertex   1.500004e+01 3.500000e+00 3.167493e+00
    endloop
  endfacet
  facet normal 8.909850e-01 -1.152177e-16 4.540327e-01
    outer loop
      vertex   1.500004e+01 1.750000e+00 3.167493e+00
      vertex   1.500004e+01 3.500000e+00 3.167493e+00
      vertex   1.495799e+01 3.500000e+00 3.250014e+00
    endloop
  endfacet
  facet normal -1.218693e-01 0.000000e+00 9.925462e-01
    outer loop
      vertex   1.544392e+01 3.500000e+00 3.000000e+00
      vertex   1.544392e+01 0.000000e+00 3.000000e+00
      vertex   1.553585e+01 1.750000e+00 3.011288e+00
    endloop
  endfacet
  facet normal -1.218693e-01 2.518737e-16 9.925462e-01
    outer loop
      vertex   1.553585e+01 1.750000e+00 3.011288e+00
      vertex   1.544392e+01 0.000000e+00 3.000000e+00
      vertex   1.553585e+01 0.000000e+00 3.011288e+00
    endloop
  endfacet
  facet normal -3.583679e-01 2.369103e-16 9.335804e-01
    outer loop
      vertex   1.553585e+01 1.750000e+00 3.011288e+00
      vertex   1.553585e+01 0.000000e+00 3.011288e+00
      vertex   1.562232e+01 1.750000e+00 3.044480e+00
    endloop
  endfacet
  facet normal -3.583679e-01 4.738206e-16 9.335804e-01
    outer loop
      vertex   1.562232e+01 1.750000e+00 3.044480e+00
      vertex   1.553585e+01 0.000000e+00 3.011288e+00
      vertex   1.562232e+01 0.000000e+00 3.044480e+00
    endloop
  endfacet
  facet normal -5.735764e-01 4.157447e-16 8.191520e-01
    outer loop
      vertex   1.562232e+01 1.750000e+00 3.044480e+00
      vertex   1.562232e+01 0.000000e+00 3.044480e+00
      vertex   1.569819e+01 1.750000e+00 3.097605e+00
    endloop
  endfacet
  facet normal -5.735764e-01 2.078723e-16 8.191520e-01
    outer loop
      vertex   1.569819e+01 1.750000e+00 3.097605e+00
      vertex   1.562232e+01 0.000000e+00 3.044480e+00
      vertex   1.569819e+01 0.000000e+00 3.097605e+00
    endloop
  endfacet
  facet normal -7.547096e-01 1.664850e-16 6.560590e-01
    outer loop
      vertex   1.569819e+01 1.750000e+00 3.097605e+00
      vertex   1.569819e+01 0.000000e+00 3.097605e+00
      vertex   1.575896e+01 1.750000e+00 3.167507e+00
    endloop
  endfacet
  facet normal -7.547096e-01 1.664850e-16 6.560590e-01
    outer loop
      vertex   1.575896e+01 1.750000e+00 3.167507e+00
      vertex   1.569819e+01 0.000000e+00 3.097605e+00
      vertex   1.575896e+01 0.000000e+00 3.167507e+00
    endloop
  endfacet
  facet normal -8.910065e-01 1.152070e-16 4.539905e-01
    outer loop
      vertex   1.575896e+01 1.750000e+00 3.167507e+00
      vertex   1.575896e+01 0.000000e+00 3.167507e+00
      vertex   1.580100e+01 0.000000e+00 3.250032e+00
    endloop
  endfacet
  facet normal -8.910065e-01 0.000000e+00 4.539905e-01
    outer loop
      vertex   1.580100e+01 0.000000e+00 3.250032e+00
      vertex   1.580100e+01 3.500000e+00 3.250032e+00
      vertex   1.575896e+01 1.750000e+00 3.167507e+00
    endloop
  endfacet
  facet normal -8.910065e-01 -1.152070e-16 4.539905e-01
    outer loop
      vertex   1.575896e+01 1.750000e+00 3.167507e+00
      vertex   1.580100e+01 3.500000e+00 3.250032e+00
      vertex   1.575896e+01 3.500000e+00 3.167507e+00
    endloop
  endfacet
  facet normal -7.547096e-01 -1.664850e-16 6.560590e-01
    outer loop
      vertex   1.575896e+01 1.750000e+00 3.167507e+00
      vertex   1.575896e+01 3.500000e+00 3.167507e+00
      vertex   1.569819e+01 1.750000e+00 3.097605e+00
    endloop
  endfacet
  facet normal -7.547096e-01 -1.664850e-16 6.560590e-01
    outer loop
      vertex   1.569819e+01 1.750000e+00 3.097605e+00
      vertex   1.575896e+01 3.500000e+00 3.167507e+00
      vertex   1.569819e+01 3.500000e+00 3.097605e+00
    endloop
  endfacet
  facet normal -5.735764e-01 -2.078723e-16 8.191520e-01
    outer loop
      vertex   1.569819e+01 1.750000e+00 3.097605e+00
      vertex   1.569819e+01 3.500000e+00 3.097605e+00
      vertex   1.562232e+01 1.750000e+00 3.044480e+00
    endloop
  endfacet
  facet normal -5.735764e-01 -4.157447e-16 8.191520e-01
    outer loop
      vertex   1.562232e+01 1.750000e+00 3.044480e+00
      vertex   1.569819e+01 3.500000e+00 3.097605e+00
      vertex   1.562232e+01 3.500000e+00 3.044480e+00
    endloop
  endfacet
  facet normal -3.583679e-01 -4.738206e-16 9.335804e-01
    outer loop
      vertex   1.562232e+01 1.750000e+00 3.044480e+00
      vertex   1.562232e+01 3.500000e+00 3.044480e+00
      vertex   1.553585e+01 1.750000e+00 3.011288e+00
    endloop
  endfacet
  facet normal -3.583679e-01 -2.369103e-16 9.335804e-01
    outer loop
      vertex   1.553585e+01 1.750000e+00 3.011288e+00
      vertex   1.562232e+01 3.500000e+00 3.044480e+00
      vertex   1.553585e+01 3.500000e+00 3.011288e+00
    endloop
  endfacet
  facet normal -1.218693e-01 -2.518737e-16 9.925462e-01
    outer loop
      vertex   1.553585e+01 1.750000e+00 3.011288e+00
      vertex   1.553585e+01 3.500000e+00 3.011288e+00
      vertex   1.544392e+01 3.500000e+00 3.000000e+00
    endloop
  endfacet
  facet normal -9.396926e-01 0.000000e+00 3.420201e-01
    outer loop
      vertex   1.580100e+01 0.000000e+00 3.250032e+00
      vertex   1.652893e+01 0.000000e+00 5.250000e+00
      vertex   1.580100e+01 3.500000e+00 3.250032e+00
    endloop
  endfacet
  facet normal -9.396926e-01 3.177127e-18 3.420201e-01
    outer loop
      vertex   1.580100e+01 3.500000e+00 3.250032e+00
      vertex   1.652893e+01 0.000000e+00 5.250000e+00
      vertex   1.652893e+01 3.500000e+00 5.250000e+00
    endloop
  endfacet
  facet normal 0.000000e+00 0.000000e+00 1.000000e+00
    outer loop
      vertex   1.652893e+01 0.000000e+00 5.250000e+00
      vertex   1.737193e+01 0.000000e+00 5.250000e+00
      vertex   1.652893e+01 3.500000e+00 5.250000e+00
    endloop
  endfacet
  facet normal -0.000000e+00 0.000000e+00 1.000000e+00
    outer loop
      vertex   1.652893e+01 3.500000e+00 5.250000e+00
      vertex   1.737193e+01 0.000000e+00 5.250000e+00
      vertex   1.737193e+01 3.500000e+00 5.250000e+00
    endloop
  endfacet
  facet normal 9.396746e-01 -0.000000e+00 3.420695e-01
    outer loop
      vertex   1.737193e+01 0.000000e+00 5.250000e+00
      vertex   1.809999e+01 0.000000e+00 3.250014e+00
      vertex   1.737193e+01 3.500000e+00 5.250000e+00
    endloop
  endfacet
  facet normal 9.396746e-01 -7.514337e-18 3.420695e-01
    outer loop
      vertex   1.737193e+01 3.500000e+00 5.250000e+00
      vertex   1.809999e+01 0.000000e+00 3.250014e+00
      vertex   1.809999e+01 3.500000e+00 3.250014e+00
    endloop
  endfacet
  facet normal 8.909850e-01 0.000000e+00 4.540327e-01
    outer loop
      vertex   1.809999e+01 3.500000e+00 3.250014e+00
      vertex   1.809999e+01 0.000000e+00 3.250014e+00
      vertex   1.814204e+01 1.750000e+00 3.167493e+00
    endloop
  endfacet
  facet normal 8.909850e-01 1.152177e-16 4.540327e-01
    outer loop
      vertex   1.814204e+01 1.750000e+00 3.167493e+00
      vertex   1.809999e+01 0.000000e+00 3.250014e+00
      vertex   1.814204e+01 0.000000e+00 3.167493e+00
    endloop
  endfacet
  facet normal 7.546854e-01 1.664920e-16 6.560868e-01
    outer loop
      vertex   1.814204e+01 1.750000e+00 3.167493e+00
      vertex   1.814204e+01 0.000000e+00 3.167493e+00
      vertex   1.820280e+01 1.750000e+00 3.097597e+00
    endloop
  endfacet
  facet normal 7.546854e-01 0.000000e+00 6.560868e-01
    outer loop
      vertex   1.820280e+01 1.750000e+00 3.097597e+00
      vertex   1.814204e+01 0.000000e+00 3.167493e+00
      vertex   1.820280e+01 0.000000e+00 3.097597e+00
    endloop
  endfacet
  facet normal 5.735549e-01 0.000000e+00 8.191671e-01
    outer loop
      vertex   1.820280e+01 1.750000e+00 3.097597e+00
      vertex   1.820280e+01 0.000000e+00 3.097597e+00
      vertex   1.827867e+01 1.750000e+00 3.044476e+00
    endloop
  endfacet
  facet normal 5.735549e-01 0.000000e+00 8.191671e-01
    outer loop
      vertex   1.827867e+01 1.750000e+00 3.044476e+00
      vertex   1.820280e+01 0.000000e+00 3.097597e+00
      vertex   1.827867e+01 0.000000e+00 3.044476e+00
    endloop
  endfacet
  facet normal 3.583532e-01 0.000000e+00 9.335861e-01
    outer loop
      vertex   1.827867e+01 1.750000e+00 3.044476e+00
      vertex   1.827867e+01 0.000000e+00 3.044476e+00
      vertex   1.836514e+01 1.750000e+00 3.011287e+00
    endloop
  endfacet
  facet normal 3.583532e-01 2.369117e-16 9.335861e-01
    outer loop
      vertex   1.836514e+01 1.750000e+00 3.011287e+00
      vertex   1.827867e+01 0.000000e+00 3.044476e+00
      vertex   1.836514e+01 0.000000e+00 3.011287e+00
    endloop
  endfacet
  facet normal 1.218641e-01 2.518739e-16 9.925468e-01
    outer loop
      vertex   1.836514e+01 1.750000e+00 3.011287e+00
      vertex   1.836514e+01 0.000000e+00 3.011287e+00
      vertex   1.845706e+01 0.000000e+00 3.000000e+00
    endloop
  endfacet
  facet normal 1.218641e-01 -0.000000e+00 9.925468e-01
    outer loop
      vertex   1.845706e+01 0.000000e+00 3.000000e+00
      vertex   1.845706e+01 3.500000e+00 3.000000e+00
      vertex   1.836514e+01 1.750000e+00 3.011287e+00
    endloop
  endfacet
  facet normal 1.218641e-01 -2.518739e-16 9.925468e-01
    outer loop
      vertex   1.836514e+01 1.750000e+00 3.011287e+00
      vertex   1.845706e+01 3.500000e+00 3.000000e+00
      vertex   1.836514e+01 3.500000e+00 3.011287e+00
    endloop
  endfacet
  facet normal 3.583532e-01 -2.369117e-16 9.335861e-01
    outer loop
      vertex   1.836514e+01 1.750000e+00 3.011287e+00
      vertex   1.836514e+01 3.500000e+00 3.011287e+00
      vertex   1.827867e+01 1.750000e+00 3.044476e+00
    endloop
  endfacet
  facet normal 3.583532e-01 -0.000000e+00 9.335861e-01
    outer loop
      vertex   1.827867e+01 1.750000e+00 3.044476e+00
      vertex   1.836514e+01 3.500000e+00 3.011287e+00
      vertex   1.827867e+01 3.500000e+00 3.044476e+00
    endloop
  endfacet
  facet normal 5.735549e-01 -0.000000e+00 8.191671e-01
    outer loop
      vertex   1.827867e+01 1.750000e+00 3.044476e+00
      vertex   1.827867e+01 3.500000e+00 3.044476e+00
      vertex   1.820280e+01 1.750000e+00 3.097597e+00
    endloop
  endfacet
  facet normal 5.735549e-01 -0.000000e+00 8.191671e-01
    outer loop
      vertex   1.820280e+01 1.750000e+00 3.097597e+00
      vertex   1.827867e+01 3.500000e+00 3.044476e+00
      vertex   1.820280e+01 3.500000e+00 3.097597e+00
    endloop
  endfacet
  facet normal 7.546854e-01 -0.000000e+00 6.560868e-01
    outer loop
      vertex   1.820280e+01 1.750000e+00 3.097597e+00
      vertex   1.820280e+01 3.500000e+00 3.097597e+00
      vertex   1.814204e+01 1.750000e+00 3.167493e+00
    endloop
  endfacet
  facet normal 7.546854e-01 -1.664920e-16 6.560868e-01
    outer loop
      vertex   1.814204e+01 1.750000e+00 3.167493e+00
      vertex   1.820280e+01 3.500000e+00 3.097597e+00
      vertex   1.814204e+01 3.500000e+00 3.167493e+00
    endloop
  endfacet
  facet normal 8.909850e-01 -1.152177e-16 4.540327e-01
    outer loop
      vertex   1.814204e+01 1.750000e+00 3.167493e+00
      vertex   1.814204e+01 3.500000e+00 3.167493e+00
      vertex   1.809999e+01 3.500000e+00 3.250014e+00
    endloop
  endfacet
  facet normal -1.218693e-01 0.000000e+00 9.925462e-01
    outer loop
      vertex   1.858592e+01 3.500000e+00 3.000000e+00
      vertex   1.858592e+01 0.000000e+00 3.000000e+00
      vertex   1.867785e+01 1.750000e+00 3.011288e+00
    endloop
  endfacet
  facet normal -1.218693e-01 2.518737e-16 9.925462e-01
    outer loop
      vertex   1.867785e+01 1.750000e+00 3.011288e+00
      vertex   1.858592e+01 0.000000e+00 3.000000e+00
      vertex   1.867785e+01 0.000000e+00 3.011288e+00
    endloop
  endfacet
  facet normal -3.583679e-01 2.369103e-16 9.335804e-01
    outer loop
      vertex   1.867785e+01 1.750000e+00 3.011288e+00
      vertex   1.867785e+01 0.000000e+00 3.011288e+00
      vertex   1.876432e+01 1.750000e+00 3.044480e+00
    endloop
  endfacet
  facet normal -3.583679e-01 4.738206e-16 9.335804e-01
    outer loop
      vertex   1.876432e+01 1.750000e+00 3.044480e+00
      vertex   1.867785e+01 0.000000e+00 3.011288e+00
      vertex   1.876432e+01 0.000000e+00 3.044480e+00
    endloop
  endfacet
  facet normal -5.735764e-01 4.157447e-16 8.191520e-01
    outer loop
      vertex   1.876432e+01 1.750000e+00 3.044480e+00
      vertex   1.876432e+01 0.000000e+00 3.044480e+00
      vertex   1.884019e+01 1.750000e+00 3.097605e+00
    endloop
  endfacet
  facet normal -5.735764e-01 2.078723e-16 8.191520e-01
    outer loop
      vertex   1.884019e+01 1.750000e+00 3.097605e+00
      vertex   1.876432e+01 0.000000e+00 3.044480e+00
      vertex   1.884019e+01 0.000000e+00 3.097605e+00
    endloop
  endfacet
  facet normal -7.547096e-01 1.664850e-16 6.560590e-01
    outer loop
      vertex   1.884019e+01 1.750000e+00 3.097605e+00
      vertex   1.884019e+01 0.000000e+00 3.097605e+00
      vertex   1.890096e+01 1.750000e+00 3.167507e+00
    endloop
  endfacet
  facet normal -7.547096e-01 1.664850e-16 6.560590e-01
    outer loop
      vertex   1.890096e+01 1.750000e+00 3.167507e+00
      vertex   1.884019e+01 0.000000e+00 3.097605e+00
      vertex   1.890096e+01 0.000000e+00 3.167507e+00
    endloop
  endfacet
  facet normal -8.910065e-01 1.152070e-16 4.539905e-01
    outer loop
      vertex   1.890096e+01 1.750000e+00 3.167507e+00
      vertex   1.890096e+01 0.000000e+00 3.167507e+00
      vertex   1.894300e+01 0.000000e+00 3.250032e+00
    endloop
  endfacet
  facet normal -8.910065e-01 0.000000e+00 4.539905e-01
    outer loop
      vertex   1.894300e+01 0.000000e+00 3.250032e+00
      vertex   1.894300e+01 3.500000e+00 3.250032e+00
      vertex   1.890096e+01 1.750000e+00 3.167507e+00
    endloop
  endfacet
  facet normal -8.910065e-01 -1.152070e-16 4.539905e-01
    outer loop
      vertex   1.890096e+01 1.750000e+00 3.167507e+00
      vertex   1.894300e+01 3.500000e+00 3.250032e+00
      vertex   1.890096e+01 3.500000e+00 3.167507e+00
    endloop
  endfacet
  facet normal -7.547096e-01 -1.664850e-16 6.560590e-01
    outer loop
      vertex   1.890096e+01 1.750000e+00 3.167507e+00
      vertex   1.890096e+01 3.500000e+00 3.167507e+00
      vertex   1.884019e+01 1.750000e+00 3.097605e+00
    endloop
  endfacet
  facet normal -7.547096e-01 -1.664850e-16 6.560590e-01
    outer loop
      vertex   1.884019e+01 1.750000e+00 3.097605e+00
      vertex   1.890096e+01 3.500000e+00 3.167507e+00
      vertex   1.884019e+01 3.500000e+00 3.097605e+00
    endloop
  endfacet
  facet normal -5.735764e-01 -2.078723e-16 8.191520e-01
    outer loop
      vertex   1.884019e+01 1.750000e+00 3.097605e+00
      vertex   1.884019e+01 3.500000e+00 3.097605e+00
      vertex   1.876432e+01 1.750000e+00 3.044480e+00
    endloop
  endfacet
  facet normal -5.735764e-01 -4.157447e-16 8.191520e-01
    outer loop
      vertex   1.876432e+01 1.750000e+00 3.044480e+00
      vertex   1.884019e+01 3.500000e+00 3.097605e+00
      vertex   1.876432e+01 3.500000e+00 3.044480e+00
    endloop
  endfacet
  facet normal -3.583679e-01 -4.738206e-16 9.335804e-01
    outer loop
      vertex   1.876432e+01 1.750000e+00 3.044480e+00
      vertex   1.876432e+01 3.500000e+00 3.044480e+00
      vertex   1.867785e+01 1.750000e+00 3.011288e+00
    endloop
  endfacet
  facet normal -3.583679e-01 -2.369103e-16 9.335804e-01
    outer loop
      vertex   1.867785e+01 1.750000e+00 3.011288e+00
      vertex   1.876432e+01 3.500000e+00 3.044480e+00
      vertex   1.867785e+01 3.500000e+00 3.011288e+00
    endloop
  endfacet
  facet normal -1.218693e-01 -2.518737e-16 9.925462e-01
    outer loop
      vertex   1.867785e+01 1.750000e+00 3.011288e+00
      vertex   1.867785e+01 3.500000e+00 3.011288e+00
      vertex   1.858592e+01 3.500000e+00 3.000000e+00
    endloop
  endfacet
  facet normal -9.396926e-01 0.000000e+00 3.420201e-01
    outer loop
      vertex   1.894300e+01 0.000000e+00 3.250032e+00
      vertex   1.967093e+01 0.000000e+00 5.250000e+00
      vertex   1.894300e+01 3.500000e+00 3.250032e+00
    endloop
  endfacet
  facet normal -9.396926e-01 3.192553e-18 3.420201e-01
    outer loop
      vertex   1.894300e+01 3.500000e+00 3.250032e+00
      vertex   1.967093e+01 0.000000e+00 5.250000e+00
      vertex   1.967093e+01 3.500000e+00 5.250000e+00
    endloop
  endfacet
  facet normal 0.000000e+00 0.000000e+00 1.000000e+00
    outer loop
      vertex   1.967093e+01 0.000000e+00 5.250000e+00
      vertex   2.051393e+01 0.000000e+00 5.250000e+00
      vertex   1.967093e+01 3.500000e+00 5.250000e+00
    endloop
  endfacet
  facet normal -0.000000e+00 0.000000e+00 1.000000e+00
    outer loop
      vertex   1.967093e+01 3.500000e+00 5.250000e+00
      vertex   2.051393e+01 0.000000e+00 5.250000e+00
      vertex   2.051393e+01 3.500000e+00 5.250000e+00
    endloop
  endfacet
  facet normal 9.396746e-01 -0.000000e+00 3.420695e-01
    outer loop
      vertex   2.051393e+01 0.000000e+00 5.250000e+00
      vertex   2.124199e+01 0.000000e+00 3.250014e+00
      vertex   2.051393e+01 3.500000e+00 5.250000e+00
    endloop
  endfacet
  facet normal 9.396746e-01 -7.514337e-18 3.420695e-01
    outer loop
      vertex   2.051393e+01 3.500000e+00 5.250000e+00
      vertex   2.124199e+01 0.000000e+00 3.250014e+00
      vertex   2.124199e+01 3.500000e+00 3.250014e+00
    endloop
  endfacet
  facet normal 8.909850e-01 0.000000e+00 4.540327e-01
    outer loop
      vertex   2.124199e+01 3.500000e+00 3.250014e+00
      vertex   2.124199e+01 0.000000e+00 3.250014e+00
      vertex   2.128404e+01 1.750000e+00 3.167493e+00
    endloop
  endfacet
  facet normal 8.909850e-01 -1.152177e-16 4.540327e-01
    outer loop
      vertex   2.128404e+01 1.750000e+00 3.167493e+00
      vertex   2.124199e+01 0.000000e+00 3.250014e+00
      vertex   2.128404e+01 0.000000e+00 3.167493e+00
    endloop
  endfacet
  facet normal 7.546854e-01 -1.664920e-16 6.560868e-01
    outer loop
      vertex   2.128404e+01 1.750000e+00 3.167493e+00
      vertex   2.128404e+01 0.000000e+00 3.167493e+00
      vertex   2.134480e+01 1.750000e+00 3.097597e+00
    endloop
  endfacet
  facet normal 7.546854e-01 0.000000e+00 6.560868e-01
    outer loop
      vertex   2.134480e+01 1.750000e+00 3.097597e+00
      vertex   2.128404e+01 0.000000e+00 3.167493e+00
      vertex   2.134480e+01 0.000000e+00 3.097597e+00
    endloop
  endfacet
  facet normal 5.735549e-01 0.000000e+00 8.191671e-01
    outer loop
      vertex   2.134480e+01 1.750000e+00 3.097597e+00
      vertex   2.134480e+01 0.000000e+00 3.097597e+00
      vertex   2.142067e+01 1.750000e+00 3.044476e+00
    endloop
  endfacet
  facet normal 5.735549e-01 0.000000e+00 8.191671e-01
    outer loop
      vertex   2.142067e+01 1.750000e+00 3.044476e+00
      vertex   2.134480e+01 0.000000e+00 3.097597e+00
      vertex   2.142067e+01 0.000000e+00 3.044476e+00
    endloop
  endfacet
  facet normal 3.583532e-01 0.000000e+00 9.335861e-01
    outer loop
      vertex   2.142067e+01 1.750000e+00 3.044476e+00
      vertex   2.142067e+01 0.000000e+00 3.044476e+00
      vertex   2.150714e+01 1.750000e+00 3.011287e+00
    endloop
  endfacet
  facet normal 3.583532e-01 4.738234e-16 9.335861e-01
    outer loop
      vertex   2.150714e+01 1.750000e+00 3.011287e+00
      vertex   2.142067e+01 0.000000e+00 3.044476e+00
      vertex   2.150714e+01 0.000000e+00 3.011287e+00
    endloop
  endfacet
  facet normal 1.218641e-01 5.037478e-16 9.925468e-01
    outer loop
      vertex   2.150714e+01 1.750000e+00 3.011287e+00
      vertex   2.150714e+01 0.000000e+00 3.011287e+00
      vertex   2.159906e+01 0.000000e+00 3.000000e+00
    endloop
  endfacet
  facet normal 1.218641e-01 -0.000000e+00 9.925468e-01
    outer loop
      vertex   2.159906e+01 0.000000e+00 3.000000e+00
      vertex   2.159906e+01 3.500000e+00 3.000000e+00
      vertex   2.150714e+01 1.750000e+00 3.011287e+00
    endloop
  endfacet
  facet normal 1.218641e-01 -5.037478e-16 9.925468e-01
    outer loop
      vertex   2.150714e+01 1.750000e+00 3.011287e+00
      vertex   2.159906e+01 3.500000e+00 3.000000e+00
      vertex   2.150714e+01 3.500000e+00 3.011287e+00
    endloop
  endfacet
  facet normal 3.583532e-01 -4.738234e-16 9.335861e-01
    outer loop
      vertex   2.150714e+01 1.750000e+00 3.011287e+00
      vertex   2.150714e+01 3.500000e+00 3.011287e+00
      vertex   2.142067e+01 1.750000e+00 3.044476e+00
    endloop
  endfacet
  facet normal 3.583532e-01 -0.000000e+00 9.335861e-01
    outer loop
      vertex   2.142067e+01 1.750000e+00 3.044476e+00
      vertex   2.150714e+01 3.500000e+00 3.011287e+00
      vertex   2.142067e+01 3.500000e+00 3.044476e+00
    endloop
  endfacet
  facet normal 5.735549e-01 -0.000000e+00 8.191671e-01
    outer loop
      vertex   2.142067e+01 1.750000e+00 3.044476e+00
      vertex   2.142067e+01 3.500000e+00 3.044476e+00
      vertex   2.134480e+01 1.750000e+00 3.097597e+00
    endloop
  endfacet
  facet normal 5.735549e-01 -0.000000e+00 8.191671e-01
    outer loop
      vertex   2.134480e+01 1.750000e+00 3.097597e+00
      vertex   2.142067e+01 3.500000e+00 3.044476e+00
      vertex   2.134480e+01 3.500000e+00 3.097597e+00
    endloop
  endfacet
  facet normal 7.546854e-01 -0.000000e+00 6.560868e-01
    outer loop
      vertex   2.134480e+01 1.750000e+00 3.097597e+00
      vertex   2.134480e+01 3.500000e+00 3.097597e+00
      vertex   2.128404e+01 1.750000e+00 3.167493e+00
    endloop
  endfacet
  facet normal 7.546854e-01 1.664920e-16 6.560868e-01
    outer loop
      vertex   2.128404e+01 1.750000e+00 3.167493e+00
      vertex   2.134480e+01 3.500000e+00 3.097597e+00
      vertex   2.128404e+01 3.500000e+00 3.167493e+00
    endloop
  endfacet
  facet normal 8.909850e-01 1.152177e-16 4.540327e-01
    outer loop
      vertex   2.128404e+01 1.750000e+00 3.167493e+00
      vertex   2.128404e+01 3.500000e+00 3.167493e+00
      vertex   2.124199e+01 3.500000e+00 3.250014e+00
    endloop
  endfacet
  facet normal -1.218693e-01 0.000000e+00 9.925462e-01
    outer loop
      vertex   2.172792e+01 3.500000e+00 3.000000e+00
      vertex   2.172792e+01 0.000000e+00 3.000000e+00
      vertex   2.181985e+01 1.750000e+00 3.011288e+00
    endloop
  endfacet
  facet normal -1.218693e-01 2.518737e-16 9.925462e-01
    outer loop
      vertex   2.181985e+01 1.750000e+00 3.011288e+00
      vertex   2.172792e+01 0.000000e+00 3.000000e+00
      vertex   2.181985e+01 0.000000e+00 3.011288e+00
    endloop
  endfacet
  facet normal -3.583679e-01 2.369103e-16 9.335804e-01
    outer loop
      vertex   2.181985e+01 1.750000e+00 3.011288e+00
      vertex   2.181985e+01 0.000000e+00 3.011288e+00
      vertex   2.190632e+01 1.750000e+00 3.044480e+00
    endloop
  endfacet
  facet normal -3.583679e-01 4.738206e-16 9.335804e-01
    outer loop
      vertex   2.190632e+01 1.750000e+00 3.044480e+00
      vertex   2.181985e+01 0.000000e+00 3.011288e+00
      vertex   2.190632e+01 0.000000e+00 3.044480e+00
    endloop
  endfacet
  facet normal -5.735764e-01 4.157447e-16 8.191520e-01
    outer loop
      vertex   2.190632e+01 1.750000e+00 3.044480e+00
      vertex   2.190632e+01 0.000000e+00 3.044480e+00
      vertex   2.198219e+01 1.750000e+00 3.097605e+00
    endloop
  endfacet
  facet normal -5.735764e-01 2.078723e-16 8.191520e-01
    outer loop
      vertex   2.198219e+01 1.750000e+00 3.097605e+00
      vertex   2.190632e+01 0.000000e+00 3.044480e+00
      vertex   2.198219e+01 0.000000e+00 3.097605e+00
    endloop
  endfacet
  facet normal -7.547096e-01 1.664850e-16 6.560590e-01
    outer loop
      vertex   2.198219e+01 1.750000e+00 3.097605e+00
      vertex   2.198219e+01 0.000000e+00 3.097605e+00
      vertex   2.204296e+01 1.750000e+00 3.167507e+00
    endloop
  endfacet
  facet normal -7.547096e-01 -1.664850e-16 6.560590e-01
    outer loop
      vertex   2.204296e+01 1.750000e+00 3.167507e+00
      vertex   2.198219e+01 0.000000e+00 3.097605e+00
      vertex   2.204296e+01 0.000000e+00 3.167507e+00
    endloop
  endfacet
  facet normal -8.910065e-01 -1.152070e-16 4.539905e-01
    outer loop
      vertex   2.204296e+01 1.750000e+00 3.167507e+00
      vertex   2.204296e+01 0.000000e+00 3.167507e+00
      vertex   2.208500e+01 0.000000e+00 3.250032e+00
    endloop
  endfacet
  facet normal -8.910065e-01 0.000000e+00 4.539905e-01
    outer loop
      vertex   2.208500e+01 0.000000e+00 3.250032e+00
      vertex   2.208500e+01 3.500000e+00 3.250032e+00
      vertex   2.204296e+01 1.750000e+00 3.167507e+00
    endloop
  endfacet
  facet normal -8.910065e-01 1.152070e-16 4.539905e-01
    outer loop
      vertex   2.204296e+01 1.750000e+00 3.167507e+00
      vertex   2.208500e+01 3.500000e+00 3.250032e+00
      vertex   2.204296e+01 3.500000e+00 3.167507e+00
    endloop
  endfacet
  facet normal -7.547096e-01 1.664850e-16 6.560590e-01
    outer loop
      vertex   2.204296e+01 1.750000e+00 3.167507e+00
      vertex   2.204296e+01 3.500000e+00 3.167507e+00
      vertex   2.198219e+01 1.750000e+00 3.097605e+00
    endloop
  endfacet
  facet normal -7.547096e-01 -1.664850e-16 6.560590e-01
    outer loop
      vertex   2.198219e+01 1.750000e+00 3.097605e+00
      vertex   2.204296e+01 3.500000e+00 3.167507e+00
      vertex   2.198219e+01 3.500000e+00 3.097605e+00
    endloop
  endfacet
  facet normal -5.735764e-01 -2.078723e-16 8.191520e-01
    outer loop
      vertex   2.198219e+01 1.750000e+00 3.097605e+00
      vertex   2.198219e+01 3.500000e+00 3.097605e+00
      vertex   2.190632e+01 1.750000e+00 3.044480e+00
    endloop
  endfacet
  facet normal -5.735764e-01 -4.157447e-16 8.191520e-01
    outer loop
      vertex   2.190632e+01 1.750000e+00 3.044480e+00
      vertex   2.198219e+01 3.500000e+00 3.097605e+00
      vertex   2.190632e+01 3.500000e+00 3.044480e+00
    endloop
  endfacet
  facet normal -3.583679e-01 -4.738206e-16 9.335804e-01
    outer loop
      vertex   2.190632e+01 1.750000e+00 3.044480e+00
      vertex   2.190632e+01 3.500000e+00 3.044480e+00
      vertex   2.181985e+01 1.750000e+00 3.011288e+00
    endloop
  endfacet
  facet normal -3.583679e-01 -2.369103e-16 9.335804e-01
    outer loop
      vertex   2.181985e+01 1.750000e+00 3.011288e+00
      vertex   2.190632e+01 3.500000e+00 3.044480e+00
      vertex   2.181985e+01 3.500000e+00 3.011288e+00
    endloop
  endfacet
  facet normal -1.218693e-01 -2.518737e-16 9.925462e-01
    outer loop
      vertex   2.181985e+01 1.750000e+00 3.011288e+00
      vertex   2.181985e+01 3.500000e+00 3.011288e+00
      vertex   2.172792e+01 3.500000e+00 3.000000e+00
    endloop
  endfacet
  facet normal -9.396926e-01 0.000000e+00 3.420201e-01
    outer loop
      vertex   2.208500e+01 0.000000e+00 3.250032e+00
      vertex   2.281293e+01 0.000000e+00 5.250000e+00
      vertex   2.208500e+01 3.500000e+00 3.250032e+00
    endloop
  endfacet
  facet normal -9.396926e-01 3.177127e-18 3.420201e-01
    outer loop
      vertex   2.208500e+01 3.500000e+00 3.250032e+00
      vertex   2.281293e+01 0.000000e+00 5.250000e+00
      vertex   2.281293e+01 3.500000e+00 5.250000e+00
    endloop
  endfacet
  facet normal 0.000000e+00 0.000000e+00 1.000000e+00
    outer loop
      vertex   2.281293e+01 0.000000e+00 5.250000e+00
      vertex   2.365593e+01 0.000000e+00 5.250000e+00
      vertex   2.281293e+01 3.500000e+00 5.250000e+00
    endloop
  endfacet
  facet normal -0.000000e+00 0.000000e+00 1.000000e+00
    outer loop
      vertex   2.281293e+01 3.500000e+00 5.250000e+00
      vertex   2.365593e+01 0.000000e+00 5.250000e+00
      vertex   2.365593e+01 3.500000e+00 5.250000e+00
    endloop
  endfacet
  facet normal 9.396746e-01 -0.000000e+00 3.420695e-01
    outer loop
      vertex   2.365593e+01 0.000000e+00 5.250000e+00
      vertex   2.438399e+01 0.000000e+00 3.250014e+00
      vertex   2.365593e+01 3.500000e+00 5.250000e+00
    endloop
  endfacet
  facet normal 9.396746e-01 -7.507863e-18 3.420695e-01
    outer loop
      vertex   2.365593e+01 3.500000e+00 5.250000e+00
      vertex   2.438399e+01 0.000000e+00 3.250014e+00
      vertex   2.438399e+01 3.500000e+00 3.250014e+00
    endloop
  endfacet
  facet normal 8.909850e-01 0.000000e+00 4.540327e-01
    outer loop
      vertex   2.438399e+01 3.500000e+00 3.250014e+00
      vertex   2.438399e+01 0.000000e+00 3.250014e+00
      vertex   2.442604e+01 1.750000e+00 3.167493e+00
    endloop
  endfacet
  facet normal 8.909850e-01 -1.152177e-16 4.540327e-01
    outer loop
      vertex   2.442604e+01 1.750000e+00 3.167493e+00
      vertex   2.438399e+01 0.000000e+00 3.250014e+00
      vertex   2.442604e+01 0.000000e+00 3.167493e+00
    endloop
  endfacet
  facet normal 7.546854e-01 -1.664920e-16 6.560868e-01
    outer loop
      vertex   2.442604e+01 1.750000e+00 3.167493e+00
      vertex   2.442604e+01 0.000000e+00 3.167493e+00
      vertex   2.448680e+01 1.750000e+00 3.097597e+00
    endloop
  endfacet
  facet normal 7.546854e-01 0.000000e+00 6.560868e-01
    outer loop
      vertex   2.448680e+01 1.750000e+00 3.097597e+00
      vertex   2.442604e+01 0.000000e+00 3.167493e+00
      vertex   2.448680e+01 0.000000e+00 3.097597e+00
    endloop
  endfacet
  facet normal 5.735549e-01 0.000000e+00 8.191671e-01
    outer loop
      vertex   2.448680e+01 1.750000e+00 3.097597e+00
      vertex   2.448680e+01 0.000000e+00 3.097597e+00
      vertex   2.456267e+01 1.750000e+00 3.044476e+00
    endloop
  endfacet
  facet normal 5.735549e-01 0.000000e+00 8.191671e-01
    outer loop
      vertex   2.456267e+01 1.750000e+00 3.044476e+00
      vertex   2.448680e+01 0.000000e+00 3.097597e+00
      vertex   2.456267e+01 0.000000e+00 3.044476e+00
    endloop
  endfacet
  facet normal 3.583532e-01 0.000000e+00 9.335861e-01
    outer loop
      vertex   2.456267e+01 1.750000e+00 3.044476e+00
      vertex   2.456267e+01 0.000000e+00 3.044476e+00
      vertex   2.464914e+01 1.750000e+00 3.011287e+00
    endloop
  endfacet
  facet normal 3.583532e-01 4.738234e-16 9.335861e-01
    outer loop
      vertex   2.464914e+01 1.750000e+00 3.011287e+00
      vertex   2.456267e+01 0.000000e+00 3.044476e+00
      vertex   2.464914e+01 0.000000e+00 3.011287e+00
    endloop
  endfacet
  facet normal 1.218641e-01 5.037478e-16 9.925468e-01
    outer loop
      vertex   2.464914e+01 1.750000e+00 3.011287e+00
      vertex   2.464914e+01 0.000000e+00 3.011287e+00
      vertex   2.474106e+01 0.000000e+00 3.000000e+00
    endloop
  endfacet
  facet normal 1.218641e-01 -0.000000e+00 9.925468e-01
    outer loop
      vertex   2.474106e+01 0.000000e+00 3.000000e+00
      vertex   2.474106e+01 3.500000e+00 3.000000e+00
      vertex   2.464914e+01 1.750000e+00 3.011287e+00
    endloop
  endfacet
  facet normal 1.218641e-01 -5.037478e-16 9.925468e-01
    outer loop
      vertex   2.464914e+01 1.750000e+00 3.011287e+00
      vertex   2.474106e+01 3.500000e+00 3.000000e+00
      vertex   2.464914e+01 3.500000e+00 3.011287e+00
    endloop
  endfacet
  facet normal 3.583532e-01 -4.738234e-16 9.335861e-01
    outer loop
      vertex   2.464914e+01 1.750000e+00 3.011287e+00
      vertex   2.464914e+01 3.500000e+00 3.011287e+00
      vertex   2.456267e+01 1.750000e+00 3.044476e+00
    endloop
  endfacet
  facet normal 3.583532e-01 -0.000000e+00 9.335861e-01
    outer loop
      vertex   2.456267e+01 1.750000e+00 3.044476e+00
      vertex   2.464914e+01 3.500000e+00 3.011287e+00
      vertex   2.456267e+01 3.500000e+00 3.044476e+00
    endloop
  endfacet
  facet normal 5.735549e-01 -0.000000e+00 8.191671e-01
    outer loop
      vertex   2.456267e+01 1.750000e+00 3.044476e+00
      vertex   2.456267e+01 3.500000e+00 3.044476e+00
      vertex   2.448680e+01 1.750000e+00 3.097597e+00
    endloop
  endfacet
  facet normal 5.735549e-01 -0.000000e+00 8.191671e-01
    outer loop
      vertex   2.448680e+01 1.750000e+00 3.097597e+00
      vertex   2.456267e+01 3.500000e+00 3.044476e+00
      vertex   2.448680e+01 3.500000e+00 3.097597e+00
    endloop
  endfacet
  facet normal 7.546854e-01 -0.000000e+00 6.560868e-01
    outer loop
      vertex   2.448680e+01 1.750000e+00 3.097597e+00
      vertex   2.448680e+01 3.500000e+00 3.097597e+00
      vertex   2.442604e+01 1.750000e+00 3.167493e+00
    endloop
  endfacet
  facet normal 7.546854e-01 1.664920e-16 6.560868e-01
    outer loop
      vertex   2.442604e+01 1.750000e+00 3.167493e+00
      vertex   2.448680e+01 3.500000e+00 3.097597e+00
      vertex   2.442604e+01 3.500000e+00 3.167493e+00
    endloop
  endfacet
  facet normal 8.909850e-01 1.152177e-16 4.540327e-01
    outer loop
      vertex   2.442604e+01 1.750000e+00 3.167493e+00
      vertex   2.442604e+01 3.500000e+00 3.167493e+00
      vertex   2.438399e+01 3.500000e+00 3.250014e+00
    endloop
  endfacet
  facet normal -1.218693e-01 0.000000e+00 9.925462e-01
    outer loop
      vertex   2.486992e+01 3.500000e+00 3.000000e+00
      vertex   2.486992e+01 0.000000e+00 3.000000e+00
      vertex   2.496185e+01 1.750000e+00 3.011288e+00
    endloop
  endfacet
  facet normal -1.218693e-01 2.518737e-16 9.925462e-01
    outer loop
      vertex   2.496185e+01 1.750000e+00 3.011288e+00
      vertex   2.486992e+01 0.000000e+00 3.000000e+00
      vertex   2.496185e+01 0.000000e+00 3.011288e+00
    endloop
  endfacet
  facet normal -3.583679e-01 2.369103e-16 9.335804e-01
    outer loop
      vertex   2.496185e+01 1.750000e+00 3.011288e+00
      vertex   2.496185e+01 0.000000e+00 3.011288e+00
      vertex   2.504832e+01 1.750000e+00 3.044480e+00
    endloop
  endfacet
  facet normal -3.583679e-01 4.738206e-16 9.335804e-01
    outer loop
      vertex   2.504832e+01 1.750000e+00 3.044480e+00
      vertex   2.496185e+01 0.000000e+00 3.011288e+00
      vertex   2.504832e+01 0.000000e+00 3.044480e+00
    endloop
  endfacet
  facet normal -5.735764e-01 4.157447e-16 8.191520e-01
    outer loop
      vertex   2.504832e+01 1.750000e+00 3.044480e+00
      vertex   2.504832e+01 0.000000e+00 3.044480e+00
      vertex   2.512419e+01 1.750000e+00 3.097605e+00
    endloop
  endfacet
  facet normal -5.735764e-01 2.078723e-16 8.191520e-01
    outer loop
      vertex   2.512419e+01 1.750000e+00 3.097605e+00
      vertex   2.504832e+01 0.000000e+00 3.044480e+00
      vertex   2.512419e+01 0.000000e+00 3.097605e+00
    endloop
  endfacet
  facet normal -7.547096e-01 1.664850e-16 6.560590e-01
    outer loop
      vertex   2.512419e+01 1.750000e+00 3.097605e+00
      vertex   2.512419e+01 0.000000e+00 3.097605e+00
      vertex   2.518496e+01 1.750000e+00 3.167507e+00
    endloop
  endfacet
  facet normal -7.547096e-01 -1.664850e-16 6.560590e-01
    outer loop
      vertex   2.518496e+01 1.750000e+00 3.167507e+00
      vertex   2.512419e+01 0.000000e+00 3.097605e+00
      vertex   2.518496e+01 0.000000e+00 3.167507e+00
    endloop
  endfacet
  facet normal -8.910065e-01 -1.152070e-16 4.539905e-01
    outer loop
      vertex   2.518496e+01 1.750000e+00 3.167507e+00
      vertex   2.518496e+01 0.000000e+00 3.167507e+00
      vertex   2.522700e+01 0.000000e+00 3.250032e+00
    endloop
  endfacet
  facet normal -8.910065e-01 0.000000e+00 4.539905e-01
    outer loop
      vertex   2.522700e+01 0.000000e+00 3.250032e+00
      vertex   2.522700e+01 3.500000e+00 3.250032e+00
      vertex   2.518496e+01 1.750000e+00 3.167507e+00
    endloop
  endfacet
  facet normal -8.910065e-01 1.152070e-16 4.539905e-01
    outer loop
      vertex   2.518496e+01 1.750000e+00 3.167507e+00
      vertex   2.522700e+01 3.500000e+00 3.250032e+00
      vertex   2.518496e+01 3.500000e+00 3.167507e+00
    endloop
  endfacet
  facet normal -7.547096e-01 1.664850e-16 6.560590e-01
    outer loop
      vertex   2.518496e+01 1.750000e+00 3.167507e+00
      vertex   2.518496e+01 3.500000e+00 3.167507e+00
      vertex   2.512419e+01 1.750000e+00 3.097605e+00
    endloop
  endfacet
  facet normal -7.547096e-01 -1.664850e-16 6.560590e-01
    outer loop
      vertex   2.512419e+01 1.750000e+00 3.097605e+00
      vertex   2.518496e+01 3.500000e+00 3.167507e+00
      vertex   2.512419e+01 3.500000e+00 3.097605e+00
    endloop
  endfacet
  facet normal -5.735764e-01 -2.078723e-16 8.191520e-01
    outer loop
      vertex   2.512419e+01 1.750000e+00 3.097605e+00
      vertex   2.512419e+01 3.500000e+00 3.097605e+00
      vertex   2.504832e+01 1.750000e+00 3.044480e+00
    endloop
  endfacet
  facet normal -5.735764e-01 -4.157447e-16 8.191520e-01
    outer loop
      vertex   2.504832e+01 1.750000e+00 3.044480e+00
      vertex   2.512419e+01 3.500000e+00 3.097605e+00
      vertex   2.504832e+01 3.500000e+00 3.044480e+00
    endloop
  endfacet
  facet normal -3.583679e-01 -4.738206e-16 9.335804e-01
    outer loop
      vertex   2.504832e+01 1.750000e+00 3.044480e+00
      vertex   2.504832e+01 3.500000e+00 3.044480e+00
      vertex   2.496185e+01 1.750000e+00 3.011288e+00
    endloop
  endfacet
  facet normal -3.583679e-01 -2.369103e-16 9.335804e-01
    outer loop
      vertex   2.496185e+01 1.750000e+00 3.011288e+00
      vertex   2.504832e+01 3.500000e+00 3.044480e+00
      vertex   2.496185e+01 3.500000e+00 3.011288e+00
    endloop
  endfacet
  facet normal -1.218693e-01 -2.518737e-16 9.925462e-01
    outer loop
      vertex   2.496185e+01 1.750000e+00 3.011288e+00
      vertex   2.496185e+01 3.500000e+00 3.011288e+00
      vertex   2.486992e+01 3.500000e+00 3.000000e+00
    endloop
  endfacet
  facet normal -9.396926e-01 0.000000e+00 3.420201e-01
    outer loop
      vertex   2.522700e+01 0.000000e+00 3.250032e+00
      vertex   2.595493e+01 0.000000e+00 5.250000e+00
      vertex   2.522700e+01 3.500000e+00 3.250032e+00
    endloop
  endfacet
  facet normal -9.396926e-01 3.192553e-18 3.420201e-01
    outer loop
      vertex   2.522700e+01 3.500000e+00 3.250032e+00
      vertex   2.595493e+01 0.000000e+00 5.250000e+00
      vertex   2.595493e+01 3.500000e+00 5.250000e+00
    endloop
  endfacet
  facet normal 0.000000e+00 0.000000e+00 1.000000e+00
    outer loop
      vertex   2.595493e+01 0.000000e+00 5.250000e+00
      vertex   2.679793e+01 0.000000e+00 5.250000e+00
      vertex   2.595493e+01 3.500000e+00 5.250000e+00
    endloop
  endfacet
  facet normal -0.000000e+00 0.000000e+00 1.000000e+00
    outer loop
      vertex   2.595493e+01 3.500000e+00 5.250000e+00
      vertex   2.679793e+01 0.000000e+00 5.250000e+00
      vertex   2.679793e+01 3.500000e+00 5.250000e+00
    endloop
  endfacet
  facet normal 9.396746e-01 -0.000000e+00 3.420695e-01
    outer loop
      vertex   2.679793e+01 0.000000e+00 5.250000e+00
      vertex   2.752599e+01 0.000000e+00 3.250014e+00
      vertex   2.679793e+01 3.500000e+00 5.250000e+00
    endloop
  endfacet
  facet normal 9.396746e-01 -7.507863e-18 3.420695e-01
    outer loop
      vertex   2.679793e+01 3.500000e+00 5.250000e+00
      vertex   2.752599e+01 0.000000e+00 3.250014e+00
      vertex   2.752599e+01 3.500000e+00 3.250014e+00
    endloop
  endfacet
  facet normal 8.909850e-01 0.000000e+00 4.540327e-01
    outer loop
      vertex   2.752599e+01 3.500000e+00 3.250014e+00
      vertex   2.752599e+01 0.000000e+00 3.250014e+00
      vertex   2.756804e+01 1.750000e+00 3.167493e+00
    endloop
  endfacet
  facet normal 8.909850e-01 -1.152177e-16 4.540327e-01
    outer loop
      vertex   2.756804e+01 1.750000e+00 3.167493e+00
      vertex   2.752599e+01 0.000000e+00 3.250014e+00
      vertex   2.756804e+01 0.000000e+00 3.167493e+00
    endloop
  endfacet
  facet normal 7.546854e-01 -1.664920e-16 6.560868e-01
    outer loop
      vertex   2.756804e+01 1.750000e+00 3.167493e+00
      vertex   2.756804e+01 0.000000e+00 3.167493e+00
      vertex   2.762880e+01 1.750000e+00 3.097597e+00
    endloop
  endfacet
  facet normal 7.546854e-01 0.000000e+00 6.560868e-01
    outer loop
      vertex   2.762880e+01 1.750000e+00 3.097597e+00
      vertex   2.756804e+01 0.000000e+00 3.167493e+00
      vertex   2.762880e+01 0.000000e+00 3.097597e+00
    endloop
  endfacet
  facet normal 5.735549e-01 0.000000e+00 8.191671e-01
    outer loop
      vertex   2.762880e+01 1.750000e+00 3.097597e+00
      vertex   2.762880e+01 0.000000e+00 3.097597e+00
      vertex   2.770467e+01 1.750000e+00 3.044476e+00
    endloop
  endfacet
  facet normal 5.735549e-01 0.000000e+00 8.191671e-01
    outer loop
      vertex   2.770467e+01 1.750000e+00 3.044476e+00
      vertex   2.762880e+01 0.000000e+00 3.097597e+00
      vertex   2.770467e+01 0.000000e+00 3.044476e+00
    endloop
  endfacet
  facet normal 3.583532e-01 0.000000e+00 9.335861e-01
    outer loop
      vertex   2.770467e+01 1.750000e+00 3.044476e+00
      vertex   2.770467e+01 0.000000e+00 3.044476e+00
      vertex   2.779114e+01 1.750000e+00 3.011287e+00
    endloop
  endfacet
  facet normal 3.583532e-01 4.738234e-16 9.335861e-01
    outer loop
      vertex   2.779114e+01 1.750000e+00 3.011287e+00
      vertex   2.770467e+01 0.000000e+00 3.044476e+00
      vertex   2.779114e+01 0.000000e+00 3.011287e+00
    endloop
  endfacet
  facet normal 1.218641e-01 5.037478e-16 9.925468e-01
    outer loop
      vertex   2.779114e+01 1.750000e+00 3.011287e+00
      vertex   2.779114e+01 0.000000e+00 3.011287e+00
      vertex   2.788306e+01 0.000000e+00 3.000000e+00
    endloop
  endfacet
  facet normal 1.218641e-01 -0.000000e+00 9.925468e-01
    outer loop
      vertex   2.788306e+01 0.000000e+00 3.000000e+00
      vertex   2.788306e+01 3.500000e+00 3.000000e+00
      vertex   2.779114e+01 1.750000e+00 3.011287e+00
    endloop
  endfacet
  facet normal 1.218641e-01 -5.037478e-16 9.925468e-01
    outer loop
      vertex   2.779114e+01 1.750000e+00 3.011287e+00
      vertex   2.788306e+01 3.500000e+00 3.000000e+00
      vertex   2.779114e+01 3.500000e+00 3.011287e+00
    endloop
  endfacet
  facet normal 3.583532e-01 -4.738234e-16 9.335861e-01
    outer loop
      vertex   2.779114e+01 1.750000e+00 3.011287e+00
      vertex   2.779114e+01 3.500000e+00 3.011287e+00
      vertex   2.770467e+01 1.750000e+00 3.044476e+00
    endloop
  endfacet
  facet normal 3.583532e-01 -0.000000e+00 9.335861e-01
    outer loop
      vertex   2.770467e+01 1.750000e+00 3.044476e+00
      vertex   2.779114e+01 3.500000e+00 3.011287e+00
      vertex   2.770467e+01 3.500000e+00 3.044476e+00
    endloop
  endfacet
  facet normal 5.735549e-01 -0.000000e+00 8.191671e-01
    outer loop
      vertex   2.770467e+01 1.750000e+00 3.044476e+00
      vertex   2.770467e+01 3.500000e+00 3.044476e+00
      vertex   2.762880e+01 1.750000e+00 3.097597e+00
    endloop
  endfacet
  facet normal 5.735549e-01 -0.000000e+00 8.191671e-01
    outer loop
      vertex   2.762880e+01 1.750000e+00 3.097597e+00
      vertex   2.770467e+01 3.500000e+00 3.044476e+00
      vertex   2.762880e+01 3.500000e+00 3.097597e+00
    endloop
  endfacet
  facet normal 7.546854e-01 -0.000000e+00 6.560868e-01
    outer loop
      vertex   2.762880e+01 1.750000e+00 3.097597e+00
      vertex   2.762880e+01 3.500000e+00 3.097597e+00
      vertex   2.756804e+01 1.750000e+00 3.167493e+00
    endloop
  endfacet
  facet normal 7.546854e-01 1.664920e-16 6.560868e-01
    outer loop
      vertex   2.756804e+01 1.750000e+00 3.167493e+00
      vertex   2.762880e+01 3.500000e+00 3.097597e+00
      vertex   2.756804e+01 3.500000e+00 3.167493e+00
    endloop
  endfacet
  facet normal 8.909850e-01 1.152177e-16 4.540327e-01
    outer loop
      vertex   2.756804e+01 1.750000e+00 3.167493e+00
      vertex   2.756804e+01 3.500000e+00 3.167493e+00
      vertex   2.752599e+01 3.500000e+00 3.250014e+00
    endloop
  endfacet
  facet normal -1.218693e-01 0.000000e+00 9.925462e-01
    outer loop
      vertex   2.801192e+01 3.500000e+00 3.000000e+00
      vertex   2.801192e+01 0.000000e+00 3.000000e+00
      vertex   2.810385e+01 1.750000e+00 3.011288e+00
    endloop
  endfacet
  facet normal -1.218693e-01 2.518737e-16 9.925462e-01
    outer loop
      vertex   2.810385e+01 1.750000e+00 3.011288e+00
      vertex   2.801192e+01 0.000000e+00 3.000000e+00
      vertex   2.810385e+01 0.000000e+00 3.011288e+00
    endloop
  endfacet
  facet normal -3.583679e-01 2.369103e-16 9.335804e-01
    outer loop
      vertex   2.810385e+01 1.750000e+00 3.011288e+00
      vertex   2.810385e+01 0.000000e+00 3.011288e+00
      vertex   2.819032e+01 1.750000e+00 3.044480e+00
    endloop
  endfacet
  facet normal -3.583679e-01 4.738206e-16 9.335804e-01
    outer loop
      vertex   2.819032e+01 1.750000e+00 3.044480e+00
      vertex   2.810385e+01 0.000000e+00 3.011288e+00
      vertex   2.819032e+01 0.000000e+00 3.044480e+00
    endloop
  endfacet
  facet normal -5.735764e-01 4.157447e-16 8.191520e-01
    outer loop
      vertex   2.819032e+01 1.750000e+00 3.044480e+00
      vertex   2.819032e+01 0.000000e+00 3.044480e+00
      vertex   2.826619e+01 1.750000e+00 3.097605e+00
    endloop
  endfacet
  facet normal -5.735764e-01 2.078723e-16 8.191520e-01
    outer loop
      vertex   2.826619e+01 1.750000e+00 3.097605e+00
      vertex   2.819032e+01 0.000000e+00 3.044480e+00
      vertex   2.826619e+01 0.000000e+00 3.097605e+00
    endloop
  endfacet
  facet normal -7.547096e-01 1.664850e-16 6.560590e-01
    outer loop
      vertex   2.826619e+01 1.750000e+00 3.097605e+00
      vertex   2.826619e+01 0.000000e+00 3.097605e+00
      vertex   2.832696e+01 1.750000e+00 3.167507e+00
    endloop
  endfacet
  facet normal -7.547096e-01 -1.664850e-16 6.560590e-01
    outer loop
      vertex   2.832696e+01 1.750000e+00 3.167507e+00
      vertex   2.826619e+01 0.000000e+00 3.097605e+00
      vertex   2.832696e+01 0.000000e+00 3.167507e+00
    endloop
  endfacet
  facet normal -8.910065e-01 -1.152070e-16 4.539905e-01
    outer loop
      vertex   2.832696e+01 1.750000e+00 3.167507e+00
      vertex   2.832696e+01 0.000000e+00 3.167507e+00
      vertex   2.836900e+01 0.000000e+00 3.250032e+00
    endloop
  endfacet
  facet normal -8.910065e-01 0.000000e+00 4.539905e-01
    outer loop
      vertex   2.836900e+01 0.000000e+00 3.250032e+00
      vertex   2.836900e+01 3.500000e+00 3.250032e+00
      vertex   2.832696e+01 1.750000e+00 3.167507e+00
    endloop
  endfacet
  facet normal -8.910065e-01 1.152070e-16 4.539905e-01
    outer loop
      vertex   2.832696e+01 1.750000e+00 3.167507e+00
      vertex   2.836900e+01 3.500000e+00 3.250032e+00
      vertex   2.832696e+01 3.500000e+00 3.167507e+00
    endloop
  endfacet
  facet normal -7.547096e-01 1.664850e-16 6.560590e-01
    outer loop
      vertex   2.832696e+01 1.750000e+00 3.167507e+00
      vertex   2.832696e+01 3.500000e+00 3.167507e+00
      vertex   2.826619e+01 1.750000e+00 3.097605e+00
    endloop
  endfacet
  facet normal -7.547096e-01 -1.664850e-16 6.560590e-01
    outer loop
      vertex   2.826619e+01 1.750000e+00 3.097605e+00
      vertex   2.832696e+01 3.500000e+00 3.167507e+00
      vertex   2.826619e+01 3.500000e+00 3.097605e+00
    endloop
  endfacet
  facet normal -5.735764e-01 -2.078723e-16 8.191520e-01
    outer loop
      vertex   2.826619e+01 1.750000e+00 3.097605e+00
      vertex   2.826619e+01 3.500000e+00 3.097605e+00
      vertex   2.819032e+01 1.750000e+00 3.044480e+00
    endloop
  endfacet
  facet normal -5.735764e-01 -4.157447e-16 8.191520e-01
    outer loop
      vertex   2.819032e+01 1.750000e+00 3.044480e+00
      vertex   2.826619e+01 3.500000e+00 3.097605e+00
      vertex   2.819032e+01 3.500000e+00 3.044480e+00
    endloop
  endfacet
  facet normal -3.583679e-01 -4.738206e-16 9.335804e-01
    outer loop
      vertex   2.819032e+01 1.750000e+00 3.044480e+00
      vertex   2.819032e+01 3.500000e+00 3.044480e+00
      vertex   2.810385e+01 1.750000e+00 3.011288e+00
    endloop
  endfacet
  facet normal -3.583679e-01 -2.369103e-16 9.335804e-01
    outer loop
      vertex   2.810385e+01 1.750000e+00 3.011288e+00
      vertex   2.819032e+01 3.500000e+00 3.044480e+00
      vertex   2.810385e+01 3.500000e+00 3.011288e+00
    endloop
  endfacet
  facet normal -1.218693e-01 -2.518737e-16 9.925462e-01
    outer loop
      vertex   2.810385e+01 1.750000e+00 3.011288e+00
      vertex   2.810385e+01 3.500000e+00 3.011288e+00
      vertex   2.801192e+01 3.500000e+00 3.000000e+00
    endloop
  endfacet
  facet normal -9.396926e-01 0.000000e+00 3.420201e-01
    outer loop
      vertex   2.836900e+01 0.000000e+00 3.250032e+00
      vertex   2.909693e+01 0.000000e+00 5.250000e+00
      vertex   2.836900e+01 3.500000e+00 3.250032e+00
    endloop
  endfacet
  facet normal -9.396926e-01 3.192553e-18 3.420201e-01
    outer loop
      vertex   2.836900e+01 3.500000e+00 3.250032e+00
      vertex   2.909693e+01 0.000000e+00 5.250000e+00
      vertex   2.909693e+01 3.500000e+00 5.250000e+00
    endloop
  endfacet
  facet normal 0.000000e+00 0.000000e+00 1.000000e+00
    outer loop
      vertex   2.909693e+01 0.000000e+00 5.250000e+00
      vertex   2.993993e+01 0.000000e+00 5.250000e+00
      vertex   2.909693e+01 3.500000e+00 5.250000e+00
    endloop
  endfacet
  facet normal -0.000000e+00 0.000000e+00 1.000000e+00
    outer loop
      vertex   2.909693e+01 3.500000e+00 5.250000e+00
      vertex   2.993993e+01 0.000000e+00 5.250000e+00
      vertex   2.993993e+01 3.500000e+00 5.250000e+00
    endloop
  endfacet
  facet normal 9.396746e-01 -0.000000e+00 3.420695e-01
    outer loop
      vertex   2.993993e+01 0.000000e+00 5.250000e+00
      vertex   3.066799e+01 0.000000e+00 3.250014e+00
      vertex   2.993993e+01 3.500000e+00 5.250000e+00
    endloop
  endfacet
  facet normal 9.396746e-01 -7.507863e-18 3.420695e-01
    outer loop
      vertex   2.993993e+01 3.500000e+00 5.250000e+00
      vertex   3.066799e+01 0.000000e+00 3.250014e+00
      vertex   3.066799e+01 3.500000e+00 3.250014e+00
    endloop
  endfacet
  facet normal 8.909850e-01 0.000000e+00 4.540327e-01
    outer loop
      vertex   3.066799e+01 3.500000e+00 3.250014e+00
      vertex   3.066799e+01 0.000000e+00 3.250014e+00
      vertex   3.071004e+01 1.750000e+00 3.167493e+00
    endloop
  endfacet
  facet normal 8.909850e-01 -1.152177e-16 4.540327e-01
    outer loop
      vertex   3.071004e+01 1.750000e+00 3.167493e+00
      vertex   3.066799e+01 0.000000e+00 3.250014e+00
      vertex   3.071004e+01 0.000000e+00 3.167493e+00
    endloop
  endfacet
  facet normal 7.546854e-01 -1.664920e-16 6.560868e-01
    outer loop
      vertex   3.071004e+01 1.750000e+00 3.167493e+00
      vertex   3.071004e+01 0.000000e+00 3.167493e+00
      vertex   3.077080e+01 1.750000e+00 3.097597e+00
    endloop
  endfacet
  facet normal 7.546854e-01 0.000000e+00 6.560868e-01
    outer loop
      vertex   3.077080e+01 1.750000e+00 3.097597e+00
      vertex   3.071004e+01 0.000000e+00 3.167493e+00
      vertex   3.077080e+01 0.000000e+00 3.097597e+00
    endloop
  endfacet
  facet normal 5.735549e-01 0.000000e+00 8.191671e-01
    outer loop
      vertex   3.077080e+01 1.750000e+00 3.097597e+00
      vertex   3.077080e+01 0.000000e+00 3.097597e+00
      vertex   3.084667e+01 1.750000e+00 3.044476e+00
    endloop
  endfacet
  facet normal 5.735549e-01 0.000000e+00 8.191671e-01
    outer loop
      vertex   3.084667e+01 1.750000e+00 3.044476e+00
      vertex   3.077080e+01 0.000000e+00 3.097597e+00
      vertex   3.084667e+01 0.000000e+00 3.044476e+00
    endloop
  endfacet
  facet normal 3.583532e-01 0.000000e+00 9.335861e-01
    outer loop
      vertex   3.084667e+01 1.750000e+00 3.044476e+00
      vertex   3.084667e+01 0.000000e+00 3.044476e+00
      vertex   3.093314e+01 1.750000e+00 3.011287e+00
    endloop
  endfacet
  facet normal 3.583532e-01 4.738234e-16 9.335861e-01
    outer loop
      vertex   3.093314e+01 1.750000e+00 3.011287e+00
      vertex   3.084667e+01 0.000000e+00 3.044476e+00
      vertex   3.093314e+01 0.000000e+00 3.011287e+00
    endloop
  endfacet
  facet normal 1.218641e-01 5.037478e-16 9.925468e-01
    outer loop
      vertex   3.093314e+01 1.750000e+00 3.011287e+00
      vertex   3.093314e+01 0.000000e+00 3.011287e+00
      vertex   3.102506e+01 0.000000e+00 3.000000e+00
    endloop
  endfacet
  facet normal 1.218641e-01 -0.000000e+00 9.925468e-01
    outer loop
      vertex   3.102506e+01 0.000000e+00 3.000000e+00
      vertex   3.102506e+01 3.500000e+00 3.000000e+00
      vertex   3.093314e+01 1.750000e+00 3.011287e+00
    endloop
  endfacet
  facet normal 1.218641e-01 -5.037478e-16 9.925468e-01
    outer loop
      vertex   3.093314e+01 1.750000e+00 3.011287e+00
      vertex   3.102506e+01 3.500000e+00 3.000000e+00
      vertex   3.093314e+01 3.500000e+00 3.011287e+00
    endloop
  endfacet
  facet normal 3.583532e-01 -4.738234e-16 9.335861e-01
    outer loop
      vertex   3.093314e+01 1.750000e+00 3.011287e+00
      vertex   3.093314e+01 3.500000e+00 3.011287e+00
      vertex   3.084667e+01 1.750000e+00 3.044476e+00
    endloop
  endfacet
  facet normal 3.583532e-01 -0.000000e+00 9.335861e-01
    outer loop
      vertex   3.084667e+01 1.750000e+00 3.044476e+00
      vertex   3.093314e+01 3.500000e+00 3.011287e+00
      vertex   3.084667e+01 3.500000e+00 3.044476e+00
    endloop
  endfacet
  facet normal 5.735549e-01 -0.000000e+00 8.191671e-01
    outer loop
      vertex   3.084667e+01 1.750000e+00 3.044476e+00
      vertex   3.084667e+01 3.500000e+00 3.044476e+00
      vertex   3.077080e+01 1.750000e+00 3.097597e+00
    endloop
  endfacet
  facet normal 5.735549e-01 -0.000000e+00 8.191671e-01
    outer loop
      vertex   3.077080e+01 1.750000e+00 3.097597e+00
      vertex   3.084667e+01 3.500000e+00 3.044476e+00
      vertex   3.077080e+01 3.500000e+00 3.097597e+00
    endloop
  endfacet
  facet normal 7.546854e-01 -0.000000e+00 6.560868e-01
    outer loop
      vertex   3.077080e+01 1.750000e+00 3.097597e+00
      vertex   3.077080e+01 3.500000e+00 3.097597e+00
      vertex   3.071004e+01 1.750000e+00 3.167493e+00
    endloop
  endfacet
  facet normal 7.546854e-01 1.664920e-16 6.560868e-01
    outer loop
      vertex   3.071004e+01 1.750000e+00 3.167493e+00
      vertex   3.077080e+01 3.500000e+00 3.097597e+00
      vertex   3.071004e+01 3.500000e+00 3.167493e+00
    endloop
  endfacet
  facet normal 8.909850e-01 1.152177e-16 4.540327e-01
    outer loop
      vertex   3.071004e+01 1.750000e+00 3.167493e+00
      vertex   3.071004e+01 3.500000e+00 3.167493e+00
      vertex   3.066799e+01 3.500000e+00 3.250014e+00
    endloop
  endfacet
  facet normal -1.218693e-01 0.000000e+00 9.925462e-01
    outer loop
      vertex   3.115392e+01 3.500000e+00 3.000000e+00
      vertex   3.115392e+01 0.000000e+00 3.000000e+00
      vertex   3.124585e+01 1.750000e+00 3.011288e+00
    endloop
  endfacet
  facet normal -1.218693e-01 2.518737e-16 9.925462e-01
    outer loop
      vertex   3.124585e+01 1.750000e+00 3.011288e+00
      vertex   3.115392e+01 0.000000e+00 3.000000e+00
      vertex   3.124585e+01 0.000000e+00 3.011288e+00
    endloop
  endfacet
  facet normal -3.583679e-01 2.369103e-16 9.335804e-01
    outer loop
      vertex   3.124585e+01 1.750000e+00 3.011288e+00
      vertex   3.124585e+01 0.000000e+00 3.011288e+00
      vertex   3.133232e+01 1.750000e+00 3.044480e+00
    endloop
  endfacet
  facet normal -3.583679e-01 4.738206e-16 9.335804e-01
    outer loop
      vertex   3.133232e+01 1.750000e+00 3.044480e+00
      vertex   3.124585e+01 0.000000e+00 3.011288e+00
      vertex   3.133232e+01 0.000000e+00 3.044480e+00
    endloop
  endfacet
  facet normal -5.735764e-01 4.157447e-16 8.191520e-01
    outer loop
      vertex   3.133232e+01 1.750000e+00 3.044480e+00
      vertex   3.133232e+01 0.000000e+00 3.044480e+00
      vertex   3.140819e+01 1.750000e+00 3.097605e+00
    endloop
  endfacet
  facet normal -5.735764e-01 2.078723e-16 8.191520e-01
    outer loop
      vertex   3.140819e+01 1.750000e+00 3.097605e+00
      vertex   3.133232e+01 0.000000e+00 3.044480e+00
      vertex   3.140819e+01 0.000000e+00 3.097605e+00
    endloop
  endfacet
  facet normal -7.547096e-01 1.664850e-16 6.560590e-01
    outer loop
      vertex   3.140819e+01 1.750000e+00 3.097605e+00
      vertex   3.140819e+01 0.000000e+00 3.097605e+00
      vertex   3.146896e+01 1.750000e+00 3.167507e+00
    endloop
  endfacet
  facet normal -7.547096e-01 -1.664850e-16 6.560590e-01
    outer loop
      vertex   3.146896e+01 1.750000e+00 3.167507e+00
      vertex   3.140819e+01 0.000000e+00 3.097605e+00
      vertex   3.146896e+01 0.000000e+00 3.167507e+00
    endloop
  endfacet
  facet normal -8.910065e-01 -1.152070e-16 4.539905e-01
    outer loop
      vertex   3.146896e+01 1.750000e+00 3.167507e+00
      vertex   3.146896e+01 0.000000e+00 3.167507e+00
      vertex   3.151100e+01 0.000000e+00 3.250032e+00
    endloop
  endfacet
  facet normal -8.910065e-01 0.000000e+00 4.539905e-01
    outer loop
      vertex   3.151100e+01 0.000000e+00 3.250032e+00
      vertex   3.151100e+01 3.500000e+00 3.250032e+00
      vertex   3.146896e+01 1.750000e+00 3.167507e+00
    endloop
  endfacet
  facet normal -8.910065e-01 1.152070e-16 4.539905e-01
    outer loop
      vertex   3.146896e+01 1.750000e+00 3.167507e+00
      vertex   3.151100e+01 3.500000e+00 3.250032e+00
      vertex   3.146896e+01 3.500000e+00 3.167507e+00
    endloop
  endfacet
  facet normal -7.547096e-01 1.664850e-16 6.560590e-01
    outer loop
      vertex   3.146896e+01 1.750000e+00 3.167507e+00
      vertex   3.146896e+01 3.500000e+00 3.167507e+00
      vertex   3.140819e+01 1.750000e+00 3.097605e+00
    endloop
  endfacet
  facet normal -7.547096e-01 -1.664850e-16 6.560590e-01
    outer loop
      vertex   3.140819e+01 1.750000e+00 3.097605e+00
      vertex   3.146896e+01 3.500000e+00 3.167507e+00
      vertex   3.140819e+01 3.500000e+00 3.097605e+00
    endloop
  endfacet
  facet normal -5.735764e-01 -2.078723e-16 8.191520e-01
    outer loop
      vertex   3.140819e+01 1.750000e+00 3.097605e+00
      vertex   3.140819e+01 3.500000e+00 3.097605e+00
      vertex   3.133232e+01 1.750000e+00 3.044480e+00
    endloop
  endfacet
  facet normal -5.735764e-01 -4.157447e-16 8.191520e-01
    outer loop
      vertex   3.133232e+01 1.750000e+00 3.044480e+00
      vertex   3.140819e+01 3.500000e+00 3.097605e+00
      vertex   3.133232e+01 3.500000e+00 3.044480e+00
    endloop
  endfacet
  facet normal -3.583679e-01 -4.738206e-16 9.335804e-01
    outer loop
      vertex   3.133232e+01 1.750000e+00 3.044480e+00
      vertex   3.133232e+01 3.500000e+00 3.044480e+00
      vertex   3.124585e+01 1.750000e+00 3.011288e+00
    endloop
  endfacet
  facet normal -3.583679e-01 -2.369103e-16 9.335804e-01
    outer loop
      vertex   3.124585e+01 1.750000e+00 3.011288e+00
      vertex   3.133232e+01 3.500000e+00 3.044480e+00
      vertex   3.124585e+01 3.500000e+00 3.011288e+00
    endloop
  endfacet
  facet normal -1.218693e-01 -2.518737e-16 9.925462e-01
    outer loop
      vertex   3.124585e+01 1.750000e+00 3.011288e+00
      vertex   3.124585e+01 3.500000e+00 3.011288e+00
      vertex   3.115392e+01 3.500000e+00 3.000000e+00
    endloop
  endfacet
  facet normal -9.396926e-01 0.000000e+00 3.420201e-01
    outer loop
      vertex   3.151100e+01 0.000000e+00 3.250032e+00
      vertex   3.223893e+01 0.000000e+00 5.250000e+00
      vertex   3.151100e+01 3.500000e+00 3.250032e+00
    endloop
  endfacet
  facet normal -9.396926e-01 3.177127e-18 3.420201e-01
    outer loop
      vertex   3.151100e+01 3.500000e+00 3.250032e+00
      vertex   3.223893e+01 0.000000e+00 5.250000e+00
      vertex   3.223893e+01 3.500000e+00 5.250000e+00
    endloop
  endfacet
  facet normal 0.000000e+00 0.000000e+00 1.000000e+00
    outer loop
      vertex   3.223893e+01 0.000000e+00 5.250000e+00
      vertex   3.308193e+01 0.000000e+00 5.250000e+00
      vertex   3.223893e+01 3.500000e+00 5.250000e+00
    endloop
  endfacet
  facet normal -0.000000e+00 0.000000e+00 1.000000e+00
    outer loop
      vertex   3.223893e+01 3.500000e+00 5.250000e+00
      vertex   3.308193e+01 0.000000e+00 5.250000e+00
      vertex   3.308193e+01 3.500000e+00 5.250000e+00
    endloop
  endfacet
  facet normal 9.396746e-01 -0.000000e+00 3.420695e-01
    outer loop
      vertex   3.308193e+01 0.000000e+00 5.250000e+00
      vertex   3.380999e+01 0.000000e+00 3.250014e+00
      vertex   3.308193e+01 3.500000e+00 5.250000e+00
    endloop
  endfacet
  facet normal 9.396746e-01 -7.507863e-18 3.420695e-01
    outer loop
      vertex   3.308193e+01 3.500000e+00 5.250000e+00
      vertex   3.380999e+01 0.000000e+00 3.250014e+00
      vertex   3.380999e+01 3.500000e+00 3.250014e+00
    endloop
  endfacet
  facet normal 8.909850e-01 0.000000e+00 4.540327e-01
    outer loop
      vertex   3.380999e+01 3.500000e+00 3.250014e+00
      vertex   3.380999e+01 0.000000e+00 3.250014e+00
      vertex   3.385204e+01 1.750000e+00 3.167493e+00
    endloop
  endfacet
  facet normal 8.909850e-01 -1.152177e-16 4.540327e-01
    outer loop
      vertex   3.385204e+01 1.750000e+00 3.167493e+00
      vertex   3.380999e+01 0.000000e+00 3.250014e+00
      vertex   3.385204e+01 0.000000e+00 3.167493e+00
    endloop
  endfacet
  facet normal 7.546854e-01 -1.664920e-16 6.560868e-01
    outer loop
      vertex   3.385204e+01 1.750000e+00 3.167493e+00
      vertex   3.385204e+01 0.000000e+00 3.167493e+00
      vertex   3.391280e+01 1.750000e+00 3.097597e+00
    endloop
  endfacet
  facet normal 7.546854e-01 0.000000e+00 6.560868e-01
    outer loop
      vertex   3.391280e+01 1.750000e+00 3.097597e+00
      vertex   3.385204e+01 0.000000e+00 3.167493e+00
      vertex   3.391280e+01 0.000000e+00 3.097597e+00
    endloop
  endfacet
  facet normal 5.735549e-01 0.000000e+00 8.191671e-01
    outer loop
      vertex   3.391280e+01 1.750000e+00 3.097597e+00
      vertex   3.391280e+01 0.000000e+00 3.097597e+00
      vertex   3.398867e+01 1.750000e+00 3.044476e+00
    endloop
  endfacet
  facet normal 5.735549e-01 0.000000e+00 8.191671e-01
    outer loop
      vertex   3.398867e+01 1.750000e+00 3.044476e+00
      vertex   3.391280e+01 0.000000e+00 3.097597e+00
      vertex   3.398867e+01 0.000000e+00 3.044476e+00
    endloop
  endfacet
  facet normal 3.583532e-01 0.000000e+00 9.335861e-01
    outer loop
      vertex   3.398867e+01 1.750000e+00 3.044476e+00
      vertex   3.398867e+01 0.000000e+00 3.044476e+00
      vertex   3.407514e+01 1.750000e+00 3.011287e+00
    endloop
  endfacet
  facet normal 3.583532e-01 4.738234e-16 9.335861e-01
    outer loop
      vertex   3.407514e+01 1.750000e+00 3.011287e+00
      vertex   3.398867e+01 0.000000e+00 3.044476e+00
      vertex   3.407514e+01 0.000000e+00 3.011287e+00
    endloop
  endfacet
  facet normal 1.218641e-01 5.037478e-16 9.925468e-01
    outer loop
      vertex   3.407514e+01 1.750000e+00 3.011287e+00
      vertex   3.407514e+01 0.000000e+00 3.011287e+00
      vertex   3.416706e+01 0.000000e+00 3.000000e+00
    endloop
  endfacet
  facet normal 1.218641e-01 -0.000000e+00 9.925468e-01
    outer loop
      vertex   3.416706e+01 0.000000e+00 3.000000e+00
      vertex   3.416706e+01 3.500000e+00 3.000000e+00
      vertex   3.407514e+01 1.750000e+00 3.011287e+00
    endloop
  endfacet
  facet normal 1.218641e-01 -5.037478e-16 9.925468e-01
    outer loop
      vertex   3.407514e+01 1.750000e+00 3.011287e+00
      vertex   3.416706e+01 3.500000e+00 3.000000e+00
      vertex   3.407514e+01 3.500000e+00 3.011287e+00
    endloop
  endfacet
  facet normal 3.583532e-01 -4.738234e-16 9.335861e-01
    outer loop
      vertex   3.407514e+01 1.750000e+00 3.011287e+00
      vertex   3.407514e+01 3.500000e+00 3.011287e+00
      vertex   3.398867e+01 1.750000e+00 3.044476e+00
    endloop
  endfacet
  facet normal 3.583532e-01 -0.000000e+00 9.335861e-01
    outer loop
      vertex   3.398867e+01 1.750000e+00 3.044476e+00
      vertex   3.407514e+01 3.500000e+00 3.011287e+00
      vertex   3.398867e+01 3.500000e+00 3.044476e+00
    endloop
  endfacet
  facet normal 5.735549e-01 -0.000000e+00 8.191671e-01
    outer loop
      vertex   3.398867e+01 1.750000e+00 3.044476e+00
      vertex   3.398867e+01 3.500000e+00 3.044476e+00
      vertex   3.391280e+01 1.750000e+00 3.097597e+00
    endloop
  endfacet
  facet normal 5.735549e-01 -0.000000e+00 8.191671e-01
    outer loop
      vertex   3.391280e+01 1.750000e+00 3.097597e+00
      vertex   3.398867e+01 3.500000e+00 3.044476e+00
      vertex   3.391280e+01 3.500000e+00 3.097597e+00
    endloop
  endfacet
  facet normal 7.546854e-01 -0.000000e+00 6.560868e-01
    outer loop
      vertex   3.391280e+01 1.750000e+00 3.097597e+00
      vertex   3.391280e+01 3.500000e+00 3.097597e+00
      vertex   3.385204e+01 1.750000e+00 3.167493e+00
    endloop
  endfacet
  facet normal 7.546854e-01 1.664920e-16 6.560868e-01
    outer loop
      vertex   3.385204e+01 1.750000e+00 3.167493e+00
      vertex   3.391280e+01 3.500000e+00 3.097597e+00
      vertex   3.385204e+01 3.500000e+00 3.167493e+00
    endloop
  endfacet
  facet normal 8.909850e-01 1.152177e-16 4.540327e-01
    outer loop
      vertex   3.385204e+01 1.750000e+00 3.167493e+00
      vertex   3.385204e+01 3.500000e+00 3.167493e+00
      vertex   3.380999e+01 3.500000e+00 3.250014e+00
    endloop
  endfacet
  facet normal -1.218693e-01 0.000000e+00 9.925462e-01
    outer loop
      vertex   3.429592e+01 3.500000e+00 3.000000e+00
      vertex   3.429592e+01 0.000000e+00 3.000000e+00
      vertex   3.438785e+01 1.750000e+00 3.011288e+00
    endloop
  endfacet
  facet normal -1.218693e-01 2.518737e-16 9.925462e-01
    outer loop
      vertex   3.438785e+01 1.750000e+00 3.011288e+00
      vertex   3.429592e+01 0.000000e+00 3.000000e+00
      vertex   3.438785e+01 0.000000e+00 3.011288e+00
    endloop
  endfacet
  facet normal -3.583679e-01 2.369103e-16 9.335804e-01
    outer loop
      vertex   3.438785e+01 1.750000e+00 3.011288e+00
      vertex   3.438785e+01 0.000000e+00 3.011288e+00
      vertex   3.447432e+01 1.750000e+00 3.044480e+00
    endloop
  endfacet
  facet normal -3.583679e-01 4.738206e-16 9.335804e-01
    outer loop
      vertex   3.447432e+01 1.750000e+00 3.044480e+00
      vertex   3.438785e+01 0.000000e+00 3.011288e+00
      vertex   3.447432e+01 0.000000e+00 3.044480e+00
    endloop
  endfacet
  facet normal -5.735764e-01 4.157447e-16 8.191520e-01
    outer loop
      vertex   3.447432e+01 1.750000e+00 3.044480e+00
      vertex   3.447432e+01 0.000000e+00 3.044480e+00
      vertex   3.455019e+01 1.750000e+00 3.097605e+00
    endloop
  endfacet
  facet normal -5.735764e-01 2.078723e-16 8.191520e-01
    outer loop
      vertex   3.455019e+01 1.750000e+00 3.097605e+00
      vertex   3.447432e+01 0.000000e+00 3.044480e+00
      vertex   3.455019e+01 0.000000e+00 3.097605e+00
    endloop
  endfacet
  facet normal -7.547096e-01 1.664850e-16 6.560590e-01
    outer loop
      vertex   3.455019e+01 1.750000e+00 3.097605e+00
      vertex   3.455019e+01 0.000000e+00 3.097605e+00
      vertex   3.461096e+01 1.750000e+00 3.167507e+00
    endloop
  endfacet
  facet normal -7.547096e-01 -1.664850e-16 6.560590e-01
    outer loop
      vertex   3.461096e+01 1.750000e+00 3.167507e+00
      vertex   3.455019e+01 0.000000e+00 3.097605e+00
      vertex   3.461096e+01 0.000000e+00 3.167507e+00
    endloop
  endfacet
  facet normal -8.910065e-01 -1.152070e-16 4.539905e-01
    outer loop
      vertex   3.461096e+01 1.750000e+00 3.167507e+00
      vertex   3.461096e+01 0.000000e+00 3.167507e+00
      vertex   3.465300e+01 0.000000e+00 3.250032e+00
    endloop
  endfacet
  facet normal -8.910065e-01 0.000000e+00 4.539905e-01
    outer loop
      vertex   3.465300e+01 0.000000e+00 3.250032e+00
      vertex   3.465300e+01 3.500000e+00 3.250032e+00
      vertex   3.461096e+01 1.750000e+00 3.167507e+00
    endloop
  endfacet
  facet normal -8.910065e-01 1.152070e-16 4.539905e-01
    outer loop
      vertex   3.461096e+01 1.750000e+00 3.167507e+00
      vertex   3.465300e+01 3.500000e+00 3.250032e+00
      vertex   3.461096e+01 3.500000e+00 3.167507e+00
    endloop
  endfacet
  facet normal -7.547096e-01 1.664850e-16 6.560590e-01
    outer loop
      vertex   3.461096e+01 1.750000e+00 3.167507e+00
      vertex   3.461096e+01 3.500000e+00 3.167507e+00
      vertex   3.455019e+01 1.750000e+00 3.097605e+00
    endloop
  endfacet
  facet normal -7.547096e-01 -1.664850e-16 6.560590e-01
    outer loop
      vertex   3.455019e+01 1.750000e+00 3.097605e+00
      vertex   3.461096e+01 3.500000e+00 3.167507e+00
      vertex   3.455019e+01 3.500000e+00 3.097605e+00
    endloop
  endfacet
  facet normal -5.735764e-01 -2.078723e-16 8.191520e-01
    outer loop
      vertex   3.455019e+01 1.750000e+00 3.097605e+00
      vertex   3.455019e+01 3.500000e+00 3.097605e+00
      vertex   3.447432e+01 1.750000e+00 3.044480e+00
    endloop
  endfacet
  facet normal -5.735764e-01 -4.157447e-16 8.191520e-01
    outer loop
      vertex   3.447432e+01 1.750000e+00 3.044480e+00
      vertex   3.455019e+01 3.500000e+00 3.097605e+00
      vertex   3.447432e+01 3.500000e+00 3.044480e+00
    endloop
  endfacet
  facet normal -3.583679e-01 -4.738206e-16 9.335804e-01
    outer loop
      vertex   3.447432e+01 1.750000e+00 3.044480e+00
      vertex   3.447432e+01 3.500000e+00 3.044480e+00
      vertex   3.438785e+01 1.750000e+00 3.011288e+00
    endloop
  endfacet
  facet normal -3.583679e-01 -2.369103e-16 9.335804e-01
    outer loop
      vertex   3.438785e+01 1.750000e+00 3.011288e+00
      vertex   3.447432e+01 3.500000e+00 3.044480e+00
      vertex   3.438785e+01 3.500000e+00 3.011288e+00
    endloop
  endfacet
  facet normal -1.218693e-01 -2.518737e-16 9.925462e-01
    outer loop
      vertex   3.438785e+01 1.750000e+00 3.011288e+00
      vertex   3.438785e+01 3.500000e+00 3.011288e+00
      vertex   3.429592e+01 3.500000e+00 3.000000e+00
    endloop
  endfacet
  facet normal -9.396926e-01 0.000000e+00 3.420201e-01
    outer loop
      vertex   3.465300e+01 0.000000e+00 3.250032e+00
      vertex   3.538093e+01 0.000000e+00 5.250000e+00
      vertex   3.465300e+01 3.500000e+00 3.250032e+00
    endloop
  endfacet
  facet normal -9.396926e-01 3.207980e-18 3.420201e-01
    outer loop
      vertex   3.465300e+01 3.500000e+00 3.250032e+00
      vertex   3.538093e+01 0.000000e+00 5.250000e+00
      vertex   3.538093e+01 3.500000e+00 5.250000e+00
    endloop
  endfacet
  facet normal 0.000000e+00 0.000000e+00 1.000000e+00
    outer loop
      vertex   3.538093e+01 0.000000e+00 5.250000e+00
      vertex   3.622393e+01 0.000000e+00 5.250000e+00
      vertex   3.538093e+01 3.500000e+00 5.250000e+00
    endloop
  endfacet
  facet normal -0.000000e+00 0.000000e+00 1.000000e+00
    outer loop
      vertex   3.538093e+01 3.500000e+00 5.250000e+00
      vertex   3.622393e+01 0.000000e+00 5.250000e+00
      vertex   3.622393e+01 3.500000e+00 5.250000e+00
    endloop
  endfacet
  facet normal 9.396746e-01 -0.000000e+00 3.420695e-01
    outer loop
      vertex   3.622393e+01 0.000000e+00 5.250000e+00
      vertex   3.695199e+01 0.000000e+00 3.250014e+00
      vertex   3.622393e+01 3.500000e+00 5.250000e+00
    endloop
  endfacet
  facet normal 9.396746e-01 -7.507863e-18 3.420695e-01
    outer loop
      vertex   3.622393e+01 3.500000e+00 5.250000e+00
      vertex   3.695199e+01 0.000000e+00 3.250014e+00
      vertex   3.695199e+01 3.500000e+00 3.250014e+00
    endloop
  endfacet
  facet normal 8.909850e-01 0.000000e+00 4.540327e-01
    outer loop
      vertex   3.695199e+01 3.500000e+00 3.250014e+00
      vertex   3.695199e+01 0.000000e+00 3.250014e+00
      vertex   3.699404e+01 1.750000e+00 3.167493e+00
    endloop
  endfacet
  facet normal 8.909850e-01 -1.152177e-16 4.540327e-01
    outer loop
      vertex   3.699404e+01 1.750000e+00 3.167493e+00
      vertex   3.695199e+01 0.000000e+00 3.250014e+00
      vertex   3.699404e+01 0.000000e+00 3.167493e+00
    endloop
  endfacet
  facet normal 7.546854e-01 -1.664920e-16 6.560868e-01
    outer loop
      vertex   3.699404e+01 1.750000e+00 3.167493e+00
      vertex   3.699404e+01 0.000000e+00 3.167493e+00
      vertex   3.705480e+01 1.750000e+00 3.097597e+00
    endloop
  endfacet
  facet normal 7.546854e-01 0.000000e+00 6.560868e-01
    outer loop
      vertex   3.705480e+01 1.750000e+00 3.097597e+00
      vertex   3.699404e+01 0.000000e+00 3.167493e+00
      vertex   3.705480e+01 0.000000e+00 3.097597e+00
    endloop
  endfacet
  facet normal 5.735549e-01 0.000000e+00 8.191671e-01
    outer loop
      vertex   3.705480e+01 1.750000e+00 3.097597e+00
      vertex   3.705480e+01 0.000000e+00 3.097597e+00
      vertex   3.713067e+01 1.750000e+00 3.044476e+00
    endloop
  endfacet
  facet normal 5.735549e-01 0.000000e+00 8.191671e-01
    outer loop
      vertex   3.713067e+01 1.750000e+00 3.044476e+00
      vertex   3.705480e+01 0.000000e+00 3.097597e+00
      vertex   3.713067e+01 0.000000e+00 3.044476e+00
    endloop
  endfacet
  facet normal 3.583532e-01 0.000000e+00 9.335861e-01
    outer loop
      vertex   3.713067e+01 1.750000e+00 3.044476e+00
      vertex   3.713067e+01 0.000000e+00 3.044476e+00
      vertex   3.721714e+01 1.750000e+00 3.011287e+00
    endloop
  endfacet
  facet normal 3.583532e-01 4.738234e-16 9.335861e-01
    outer loop
      vertex   3.721714e+01 1.750000e+00 3.011287e+00
      vertex   3.713067e+01 0.000000e+00 3.044476e+00
      vertex   3.721714e+01 0.000000e+00 3.011287e+00
    endloop
  endfacet
  facet normal 1.218641e-01 5.037478e-16 9.925468e-01
    outer loop
      vertex   3.721714e+01 1.750000e+00 3.011287e+00
      vertex   3.721714e+01 0.000000e+00 3.011287e+00
      vertex   3.730906e+01 0.000000e+00 3.000000e+00
    endloop
  endfacet
  facet normal 1.218641e-01 -0.000000e+00 9.925468e-01
    outer loop
      vertex   3.730906e+01 0.000000e+00 3.000000e+00
      vertex   3.730906e+01 3.500000e+00 3.000000e+00
      vertex   3.721714e+01 1.750000e+00 3.011287e+00
    endloop
  endfacet
  facet normal 1.218641e-01 -5.037478e-16 9.925468e-01
    outer loop
      vertex   3.721714e+01 1.750000e+00 3.011287e+00
      vertex   3.730906e+01 3.500000e+00 3.000000e+00
      vertex   3.721714e+01 3.500000e+00 3.011287e+00
    endloop
  endfacet
  facet normal 3.583532e-01 -4.738234e-16 9.335861e-01
    outer loop
      vertex   3.721714e+01 1.750000e+00 3.011287e+00
      vertex   3.721714e+01 3.500000e+00 3.011287e+00
      vertex   3.713067e+01 1.750000e+00 3.044476e+00
    endloop
  endfacet
  facet normal 3.583532e-01 -0.000000e+00 9.335861e-01
    outer loop
      vertex   3.713067e+01 1.750000e+00 3.044476e+00
      vertex   3.721714e+01 3.500000e+00 3.011287e+00
      vertex   3.713067e+01 3.500000e+00 3.044476e+00
    endloop
  endfacet
  facet normal 5.735549e-01 -0.000000e+00 8.191671e-01
    outer loop
      vertex   3.713067e+01 1.750000e+00 3.044476e+00
      vertex   3.713067e+01 3.500000e+00 3.044476e+00
      vertex   3.705480e+01 1.750000e+00 3.097597e+00
    endloop
  endfacet
  facet normal 5.735549e-01 -0.000000e+00 8.191671e-01
    outer loop
      vertex   3.705480e+01 1.750000e+00 3.097597e+00
      vertex   3.713067e+01 3.500000e+00 3.044476e+00
      vertex   3.705480e+01 3.500000e+00 3.097597e+00
    endloop
  endfacet
  facet normal 7.546854e-01 -0.000000e+00 6.560868e-01
    outer loop
      vertex   3.705480e+01 1.750000e+00 3.097597e+00
      vertex   3.705480e+01 3.500000e+00 3.097597e+00
      vertex   3.699404e+01 1.750000e+00 3.167493e+00
    endloop
  endfacet
  facet normal 7.546854e-01 1.664920e-16 6.560868e-01
    outer loop
      vertex   3.699404e+01 1.750000e+00 3.167493e+00
      vertex   3.705480e+01 3.500000e+00 3.097597e+00
      vertex   3.699404e+01 3.500000e+00 3.167493e+00
    endloop
  endfacet
  facet normal 8.909850e-01 1.152177e-16 4.540327e-01
    outer loop
      vertex   3.699404e+01 1.750000e+00 3.167493e+00
      vertex   3.699404e+01 3.500000e+00 3.167493e+00
      vertex   3.695199e+01 3.500000e+00 3.250014e+00
    endloop
  endfacet
  facet normal -1.218693e-01 0.000000e+00 9.925462e-01
    outer loop
      vertex   3.743792e+01 3.500000e+00 3.000000e+00
      vertex   3.743792e+01 0.000000e+00 3.000000e+00
      vertex   3.752985e+01 1.750000e+00 3.011288e+00
    endloop
  endfacet
  facet normal -1.218693e-01 2.518737e-16 9.925462e-01
    outer loop
      vertex   3.752985e+01 1.750000e+00 3.011288e+00
      vertex   3.743792e+01 0.000000e+00 3.000000e+00
      vertex   3.752985e+01 0.000000e+00 3.011288e+00
    endloop
  endfacet
  facet normal -3.583679e-01 2.369103e-16 9.335804e-01
    outer loop
      vertex   3.752985e+01 1.750000e+00 3.011288e+00
      vertex   3.752985e+01 0.000000e+00 3.011288e+00
      vertex   3.761632e+01 1.750000e+00 3.044480e+00
    endloop
  endfacet
  facet normal -3.583679e-01 4.738206e-16 9.335804e-01
    outer loop
      vertex   3.761632e+01 1.750000e+00 3.044480e+00
      vertex   3.752985e+01 0.000000e+00 3.011288e+00
      vertex   3.761632e+01 0.000000e+00 3.044480e+00
    endloop
  endfacet
  facet normal -5.735764e-01 4.157447e-16 8.191520e-01
    outer loop
      vertex   3.761632e+01 1.750000e+00 3.044480e+00
      vertex   3.761632e+01 0.000000e+00 3.044480e+00
      vertex   3.769219e+01 1.750000e+00 3.097605e+00
    endloop
  endfacet
  facet normal -5.735764e-01 2.078723e-16 8.191520e-01
    outer loop
      vertex   3.769219e+01 1.750000e+00 3.097605e+00
      vertex   3.761632e+01 0.000000e+00 3.044480e+00
      vertex   3.769219e+01 0.000000e+00 3.097605e+00
    endloop
  endfacet
  facet normal -7.547096e-01 1.664850e-16 6.560590e-01
    outer loop
      vertex   3.769219e+01 1.750000e+00 3.097605e+00
      vertex   3.769219e+01 0.000000e+00 3.097605e+00
      vertex   3.775296e+01 1.750000e+00 3.167507e+00
    endloop
  endfacet
  facet normal -7.547096e-01 -1.664850e-16 6.560590e-01
    outer loop
      vertex   3.775296e+01 1.750000e+00 3.167507e+00
      vertex   3.769219e+01 0.000000e+00 3.097605e+00
      vertex   3.775296e+01 0.000000e+00 3.167507e+00
    endloop
  endfacet
  facet normal -8.910065e-01 -1.152070e-16 4.539905e-01
    outer loop
      vertex   3.775296e+01 1.750000e+00 3.167507e+00
      vertex   3.775296e+01 0.000000e+00 3.167507e+00
      vertex   3.779500e+01 0.000000e+00 3.250032e+00
    endloop
  endfacet
  facet normal -8.910065e-01 0.000000e+00 4.539905e-01
    outer loop
      vertex   3.779500e+01 0.000000e+00 3.250032e+00
      vertex   3.779500e+01 3.500000e+00 3.250032e+00
      vertex   3.775296e+01 1.750000e+00 3.167507e+00
    endloop
  endfacet
  facet normal -8.910065e-01 1.152070e-16 4.539905e-01
    outer loop
      vertex   3.775296e+01 1.750000e+00 3.167507e+00
      vertex   3.779500e+01 3.500000e+00 3.250032e+00
      vertex   3.775296e+01 3.500000e+00 3.167507e+00
    endloop
  endfacet
  facet normal -7.547096e-01 1.664850e-16 6.560590e-01
    outer loop
      vertex   3.775296e+01 1.750000e+00 3.167507e+00
      vertex   3.775296e+01 3.500000e+00 3.167507e+00
      vertex   3.769219e+01 1.750000e+00 3.097605e+00
    endloop
  endfacet
  facet normal -7.547096e-01 -1.664850e-16 6.560590e-01
    outer loop
      vertex   3.769219e+01 1.750000e+00 3.097605e+00
      vertex   3.775296e+01 3.500000e+00 3.167507e+00
      vertex   3.769219e+01 3.500000e+00 3.097605e+00
    endloop
  endfacet
  facet normal -5.735764e-01 -2.078723e-16 8.191520e-01
    outer loop
      vertex   3.769219e+01 1.750000e+00 3.097605e+00
      vertex   3.769219e+01 3.500000e+00 3.097605e+00
      vertex   3.761632e+01 1.750000e+00 3.044480e+00
    endloop
  endfacet
  facet normal -5.735764e-01 -4.157447e-16 8.191520e-01
    outer loop
      vertex   3.761632e+01 1.750000e+00 3.044480e+00
      vertex   3.769219e+01 3.500000e+00 3.097605e+00
      vertex   3.761632e+01 3.500000e+00 3.044480e+00
    endloop
  endfacet
  facet normal -3.583679e-01 -4.738206e-16 9.335804e-01
    outer loop
      vertex   3.761632e+01 1.750000e+00 3.044480e+00
      vertex   3.761632e+01 3.500000e+00 3.044480e+00
      vertex   3.752985e+01 1.750000e+00 3.011288e+00
    endloop
  endfacet
  facet normal -3.583679e-01 -2.369103e-16 9.335804e-01
    outer loop
      vertex   3.752985e+01 1.750000e+00 3.011288e+00
      vertex   3.761632e+01 3.500000e+00 3.044480e+00
      vertex   3.752985e+01 3.500000e+00 3.011288e+00
    endloop
  endfacet
  facet normal -1.218693e-01 -2.518737e-16 9.925462e-01
    outer loop
      vertex   3.752985e+01 1.750000e+00 3.011288e+00
      vertex   3.752985e+01 3.500000e+00 3.011288e+00
      vertex   3.743792e+01 3.500000e+00 3.000000e+00
    endloop
  endfacet
  facet normal -9.396926e-01 0.000000e+00 3.420201e-01
    outer loop
      vertex   3.779500e+01 0.000000e+00 3.250032e+00
      vertex   3.852293e+01 0.000000e+00 5.250000e+00
      vertex   3.779500e+01 3.500000e+00 3.250032e+00
    endloop
  endfacet
  facet normal -9.396926e-01 3.207980e-18 3.420201e-01
    outer loop
      vertex   3.779500e+01 3.500000e+00 3.250032e+00
      vertex   3.852293e+01 0.000000e+00 5.250000e+00
      vertex   3.852293e+01 3.500000e+00 5.250000e+00
    endloop
  endfacet
  facet normal 0.000000e+00 0.000000e+00 1.000000e+00
    outer loop
      vertex   3.852293e+01 0.000000e+00 5.250000e+00
      vertex   3.936593e+01 0.000000e+00 5.250000e+00
      vertex   3.852293e+01 3.500000e+00 5.250000e+00
    endloop
  endfacet
  facet normal -0.000000e+00 0.000000e+00 1.000000e+00
    outer loop
      vertex   3.852293e+01 3.500000e+00 5.250000e+00
      vertex   3.936593e+01 0.000000e+00 5.250000e+00
      vertex   3.936593e+01 3.500000e+00 5.250000e+00
    endloop
  endfacet
  facet normal 9.396746e-01 -0.000000e+00 3.420695e-01
    outer loop
      vertex   3.936593e+01 0.000000e+00 5.250000e+00
      vertex   4.009399e+01 0.000000e+00 3.250014e+00
      vertex   3.936593e+01 3.500000e+00 5.250000e+00
    endloop
  endfacet
  facet normal 9.396746e-01 -7.494915e-18 3.420695e-01
    outer loop
      vertex   3.936593e+01 3.500000e+00 5.250000e+00
      vertex   4.009399e+01 0.000000e+00 3.250014e+00
      vertex   4.009399e+01 3.500000e+00 3.250014e+00
    endloop
  endfacet
  facet normal 8.909850e-01 0.000000e+00 4.540327e-01
    outer loop
      vertex   4.009399e+01 3.500000e+00 3.250014e+00
      vertex   4.009399e+01 0.000000e+00 3.250014e+00
      vertex   4.013604e+01 1.750000e+00 3.167493e+00
    endloop
  endfacet
  facet normal 8.909850e-01 -6.913063e-16 4.540327e-01
    outer loop
      vertex   4.013604e+01 1.750000e+00 3.167493e+00
      vertex   4.009399e+01 0.000000e+00 3.250014e+00
      vertex   4.013604e+01 0.000000e+00 3.167493e+00
    endloop
  endfacet
  facet normal 7.546854e-01 -9.989522e-16 6.560868e-01
    outer loop
      vertex   4.013604e+01 1.750000e+00 3.167493e+00
      vertex   4.013604e+01 0.000000e+00 3.167493e+00
      vertex   4.019680e+01 1.750000e+00 3.097597e+00
    endloop
  endfacet
  facet normal 7.546854e-01 0.000000e+00 6.560868e-01
    outer loop
      vertex   4.019680e+01 1.750000e+00 3.097597e+00
      vertex   4.013604e+01 0.000000e+00 3.167493e+00
      vertex   4.019680e+01 0.000000e+00 3.097597e+00
    endloop
  endfacet
  facet normal 5.735549e-01 0.000000e+00 8.191671e-01
    outer loop
      vertex   4.019680e+01 1.750000e+00 3.097597e+00
      vertex   4.019680e+01 0.000000e+00 3.097597e+00
      vertex   4.027267e+01 1.750000e+00 3.044476e+00
    endloop
  endfacet
  facet normal 5.735549e-01 6.236285e-16 8.191671e-01
    outer loop
      vertex   4.027267e+01 1.750000e+00 3.044476e+00
      vertex   4.019680e+01 0.000000e+00 3.097597e+00
      vertex   4.027267e+01 0.000000e+00 3.044476e+00
    endloop
  endfacet
  facet normal 3.583532e-01 7.107351e-16 9.335861e-01
    outer loop
      vertex   4.027267e+01 1.750000e+00 3.044476e+00
      vertex   4.027267e+01 0.000000e+00 3.044476e+00
      vertex   4.035914e+01 1.750000e+00 3.011287e+00
    endloop
  endfacet
  facet normal 3.583532e-01 -7.107351e-16 9.335861e-01
    outer loop
      vertex   4.035914e+01 1.750000e+00 3.011287e+00
      vertex   4.027267e+01 0.000000e+00 3.044476e+00
      vertex   4.035914e+01 0.000000e+00 3.011287e+00
    endloop
  endfacet
  facet normal 1.218641e-01 -7.556217e-16 9.925468e-01
    outer loop
      vertex   4.035914e+01 1.750000e+00 3.011287e+00
      vertex   4.035914e+01 0.000000e+00 3.011287e+00
      vertex   4.045106e+01 0.000000e+00 3.000000e+00
    endloop
  endfacet
  facet normal 1.218641e-01 -0.000000e+00 9.925468e-01
    outer loop
      vertex   4.045106e+01 0.000000e+00 3.000000e+00
      vertex   4.045106e+01 3.500000e+00 3.000000e+00
      vertex   4.035914e+01 1.750000e+00 3.011287e+00
    endloop
  endfacet
  facet normal 1.218641e-01 7.556217e-16 9.925468e-01
    outer loop
      vertex   4.035914e+01 1.750000e+00 3.011287e+00
      vertex   4.045106e+01 3.500000e+00 3.000000e+00
      vertex   4.035914e+01 3.500000e+00 3.011287e+00
    endloop
  endfacet
  facet normal 3.583532e-01 7.107351e-16 9.335861e-01
    outer loop
      vertex   4.035914e+01 1.750000e+00 3.011287e+00
      vertex   4.035914e+01 3.500000e+00 3.011287e+00
      vertex   4.027267e+01 1.750000e+00 3.044476e+00
    endloop
  endfacet
  facet normal 3.583532e-01 -7.107351e-16 9.335861e-01
    outer loop
      vertex   4.027267e+01 1.750000e+00 3.044476e+00
      vertex   4.035914e+01 3.500000e+00 3.011287e+00
      vertex   4.027267e+01 3.500000e+00 3.044476e+00
    endloop
  endfacet
  facet normal 5.735549e-01 -6.236285e-16 8.191671e-01
    outer loop
      vertex   4.027267e+01 1.750000e+00 3.044476e+00
      vertex   4.027267e+01 3.500000e+00 3.044476e+00
      vertex   4.019680e+01 1.750000e+00 3.097597e+00
    endloop
  endfacet
  facet normal 5.735549e-01 -0.000000e+00 8.191671e-01
    outer loop
      vertex   4.019680e+01 1.750000e+00 3.097597e+00
      vertex   4.027267e+01 3.500000e+00 3.044476e+00
      vertex   4.019680e+01 3.500000e+00 3.097597e+00
    endloop
  endfacet
  facet normal 7.546854e-01 -0.000000e+00 6.560868e-01
    outer loop
      vertex   4.019680e+01 1.750000e+00 3.097597e+00
      vertex   4.019680e+01 3.500000e+00 3.097597e+00
      vertex   4.013604e+01 1.750000e+00 3.167493e+00
    endloop
  endfacet
  facet normal 7.546854e-01 9.989522e-16 6.560868e-01
    outer loop
      vertex   4.013604e+01 1.750000e+00 3.167493e+00
      vertex   4.019680e+01 3.500000e+00 3.097597e+00
      vertex   4.013604e+01 3.500000e+00 3.167493e+00
    endloop
  endfacet
  facet normal 8.909850e-01 6.913063e-16 4.540327e-01
    outer loop
      vertex   4.013604e+01 1.750000e+00 3.167493e+00
      vertex   4.013604e+01 3.500000e+00 3.167493e+00
      vertex   4.009399e+01 3.500000e+00 3.250014e+00
    endloop
  endfacet
  facet normal -1.218693e-01 0.000000e+00 9.925462e-01
    outer loop
      vertex   4.057992e+01 3.500000e+00 3.000000e+00
      vertex   4.057992e+01 0.000000e+00 3.000000e+00
      vertex   4.067185e+01 1.750000e+00 3.011288e+00
    endloop
  endfacet
  facet normal -1.218693e-01 -2.518737e-16 9.925462e-01
    outer loop
      vertex   4.067185e+01 1.750000e+00 3.011288e+00
      vertex   4.057992e+01 0.000000e+00 3.000000e+00
      vertex   4.067185e+01 0.000000e+00 3.011288e+00
    endloop
  endfacet
  facet normal -3.583679e-01 -2.369103e-16 9.335804e-01
    outer loop
      vertex   4.067185e+01 1.750000e+00 3.011288e+00
      vertex   4.067185e+01 0.000000e+00 3.011288e+00
      vertex   4.075832e+01 1.750000e+00 3.044480e+00
    endloop
  endfacet
  facet normal -3.583679e-01 4.738206e-16 9.335804e-01
    outer loop
      vertex   4.075832e+01 1.750000e+00 3.044480e+00
      vertex   4.067185e+01 0.000000e+00 3.011288e+00
      vertex   4.075832e+01 0.000000e+00 3.044480e+00
    endloop
  endfacet
  facet normal -5.735764e-01 4.157447e-16 8.191520e-01
    outer loop
      vertex   4.075832e+01 1.750000e+00 3.044480e+00
      vertex   4.075832e+01 0.000000e+00 3.044480e+00
      vertex   4.083419e+01 1.750000e+00 3.097605e+00
    endloop
  endfacet
  facet normal -5.735764e-01 -8.314893e-16 8.191520e-01
    outer loop
      vertex   4.083419e+01 1.750000e+00 3.097605e+00
      vertex   4.075832e+01 0.000000e+00 3.044480e+00
      vertex   4.083419e+01 0.000000e+00 3.097605e+00
    endloop
  endfacet
  facet normal -7.547096e-01 -6.659400e-16 6.560590e-01
    outer loop
      vertex   4.083419e+01 1.750000e+00 3.097605e+00
      vertex   4.083419e+01 0.000000e+00 3.097605e+00
      vertex   4.089496e+01 1.750000e+00 3.167507e+00
    endloop
  endfacet
  facet normal -7.547096e-01 -1.664850e-16 6.560590e-01
    outer loop
      vertex   4.089496e+01 1.750000e+00 3.167507e+00
      vertex   4.083419e+01 0.000000e+00 3.097605e+00
      vertex   4.089496e+01 0.000000e+00 3.167507e+00
    endloop
  endfacet
  facet normal -8.910065e-01 -1.152070e-16 4.539905e-01
    outer loop
      vertex   4.089496e+01 1.750000e+00 3.167507e+00
      vertex   4.089496e+01 0.000000e+00 3.167507e+00
      vertex   4.093700e+01 0.000000e+00 3.250032e+00
    endloop
  endfacet
  facet normal -8.910065e-01 0.000000e+00 4.539905e-01
    outer loop
      vertex   4.093700e+01 0.000000e+00 3.250032e+00
      vertex   4.093700e+01 3.500000e+00 3.250032e+00
      vertex   4.089496e+01 1.750000e+00 3.167507e+00
    endloop
  endfacet
  facet normal -8.910065e-01 1.152070e-16 4.539905e-01
    outer loop
      vertex   4.089496e+01 1.750000e+00 3.167507e+00
      vertex   4.093700e+01 3.500000e+00 3.250032e+00
      vertex   4.089496e+01 3.500000e+00 3.167507e+00
    endloop
  endfacet
  facet normal -7.547096e-01 1.664850e-16 6.560590e-01
    outer loop
      vertex   4.089496e+01 1.750000e+00 3.167507e+00
      vertex   4.089496e+01 3.500000e+00 3.167507e+00
      vertex   4.083419e+01 1.750000e+00 3.097605e+00
    endloop
  endfacet
  facet normal -7.547096e-01 6.659400e-16 6.560590e-01
    outer loop
      vertex   4.083419e+01 1.750000e+00 3.097605e+00
      vertex   4.089496e+01 3.500000e+00 3.167507e+00
      vertex   4.083419e+01 3.500000e+00 3.097605e+00
    endloop
  endfacet
  facet normal -5.735764e-01 8.314893e-16 8.191520e-01
    outer loop
      vertex   4.083419e+01 1.750000e+00 3.097605e+00
      vertex   4.083419e+01 3.500000e+00 3.097605e+00
      vertex   4.075832e+01 1.750000e+00 3.044480e+00
    endloop
  endfacet
  facet normal -5.735764e-01 -4.157447e-16 8.191520e-01
    outer loop
      vertex   4.075832e+01 1.750000e+00 3.044480e+00
      vertex   4.083419e+01 3.500000e+00 3.097605e+00
      vertex   4.075832e+01 3.500000e+00 3.044480e+00
    endloop
  endfacet
  facet normal -3.583679e-01 -4.738206e-16 9.335804e-01
    outer loop
      vertex   4.075832e+01 1.750000e+00 3.044480e+00
      vertex   4.075832e+01 3.500000e+00 3.044480e+00
      vertex   4.067185e+01 1.750000e+00 3.011288e+00
    endloop
  endfacet
  facet normal -3.583679e-01 2.369103e-16 9.335804e-01
    outer loop
      vertex   4.067185e+01 1.750000e+00 3.011288e+00
      vertex   4.075832e+01 3.500000e+00 3.044480e+00
      vertex   4.067185e+01 3.500000e+00 3.011288e+00
    endloop
  endfacet
  facet normal -1.218693e-01 2.518737e-16 9.925462e-01
    outer loop
      vertex   4.067185e+01 1.750000e+00 3.011288e+00
      vertex   4.067185e+01 3.500000e+00 3.011288e+00
      vertex   4.057992e+01 3.500000e+00 3.000000e+00
    endloop
  endfacet
  facet normal -9.396926e-01 0.000000e+00 3.420201e-01
    outer loop
      vertex   4.093700e+01 0.000000e+00 3.250032e+00
      vertex   4.166493e+01 0.000000e+00 5.250000e+00
      vertex   4.093700e+01 3.500000e+00 3.250032e+00
    endloop
  endfacet
  facet normal -9.396926e-01 3.207980e-18 3.420201e-01
    outer loop
      vertex   4.093700e+01 3.500000e+00 3.250032e+00
      vertex   4.166493e+01 0.000000e+00 5.250000e+00
      vertex   4.166493e+01 3.500000e+00 5.250000e+00
    endloop
  endfacet
  facet normal 0.000000e+00 0.000000e+00 1.000000e+00
    outer loop
      vertex   4.166493e+01 0.000000e+00 5.250000e+00
      vertex   4.250793e+01 0.000000e+00 5.250000e+00
      vertex   4.166493e+01 3.500000e+00 5.250000e+00
    endloop
  endfacet
  facet normal -0.000000e+00 0.000000e+00 1.000000e+00
    outer loop
      vertex   4.166493e+01 3.500000e+00 5.250000e+00
      vertex   4.250793e+01 0.000000e+00 5.250000e+00
      vertex   4.250793e+01 3.500000e+00 5.250000e+00
    endloop
  endfacet
  facet normal 9.396746e-01 -0.000000e+00 3.420695e-01
    outer loop
      vertex   4.250793e+01 0.000000e+00 5.250000e+00
      vertex   4.323599e+01 0.000000e+00 3.250014e+00
      vertex   4.250793e+01 3.500000e+00 5.250000e+00
    endloop
  endfacet
  facet normal 9.396746e-01 -7.494915e-18 3.420695e-01
    outer loop
      vertex   4.250793e+01 3.500000e+00 5.250000e+00
      vertex   4.323599e+01 0.000000e+00 3.250014e+00
      vertex   4.323599e+01 3.500000e+00 3.250014e+00
    endloop
  endfacet
  facet normal 8.909850e-01 0.000000e+00 4.540327e-01
    outer loop
      vertex   4.323599e+01 3.500000e+00 3.250014e+00
      vertex   4.323599e+01 0.000000e+00 3.250014e+00
      vertex   4.327804e+01 1.750000e+00 3.167493e+00
    endloop
  endfacet
  facet normal 8.909850e-01 -6.913063e-16 4.540327e-01
    outer loop
      vertex   4.327804e+01 1.750000e+00 3.167493e+00
      vertex   4.323599e+01 0.000000e+00 3.250014e+00
      vertex   4.327804e+01 0.000000e+00 3.167493e+00
    endloop
  endfacet
  facet normal 7.546854e-01 -9.989522e-16 6.560868e-01
    outer loop
      vertex   4.327804e+01 1.750000e+00 3.167493e+00
      vertex   4.327804e+01 0.000000e+00 3.167493e+00
      vertex   4.333880e+01 1.750000e+00 3.097597e+00
    endloop
  endfacet
  facet normal 7.546854e-01 0.000000e+00 6.560868e-01
    outer loop
      vertex   4.333880e+01 1.750000e+00 3.097597e+00
      vertex   4.327804e+01 0.000000e+00 3.167493e+00
      vertex   4.333880e+01 0.000000e+00 3.097597e+00
    endloop
  endfacet
  facet normal 5.735549e-01 0.000000e+00 8.191671e-01
    outer loop
      vertex   4.333880e+01 1.750000e+00 3.097597e+00
      vertex   4.333880e+01 0.000000e+00 3.097597e+00
      vertex   4.341467e+01 1.750000e+00 3.044476e+00
    endloop
  endfacet
  facet normal 5.735549e-01 6.236285e-16 8.191671e-01
    outer loop
      vertex   4.341467e+01 1.750000e+00 3.044476e+00
      vertex   4.333880e+01 0.000000e+00 3.097597e+00
      vertex   4.341467e+01 0.000000e+00 3.044476e+00
    endloop
  endfacet
  facet normal 3.583532e-01 7.107351e-16 9.335861e-01
    outer loop
      vertex   4.341467e+01 1.750000e+00 3.044476e+00
      vertex   4.341467e+01 0.000000e+00 3.044476e+00
      vertex   4.350114e+01 1.750000e+00 3.011287e+00
    endloop
  endfacet
  facet normal 3.583532e-01 -7.107351e-16 9.335861e-01
    outer loop
      vertex   4.350114e+01 1.750000e+00 3.011287e+00
      vertex   4.341467e+01 0.000000e+00 3.044476e+00
      vertex   4.350114e+01 0.000000e+00 3.011287e+00
    endloop
  endfacet
  facet normal 1.218641e-01 -7.556217e-16 9.925468e-01
    outer loop
      vertex   4.350114e+01 1.750000e+00 3.011287e+00
      vertex   4.350114e+01 0.000000e+00 3.011287e+00
      vertex   4.359306e+01 0.000000e+00 3.000000e+00
    endloop
  endfacet
  facet normal 1.218641e-01 -0.000000e+00 9.925468e-01
    outer loop
      vertex   4.359306e+01 0.000000e+00 3.000000e+00
      vertex   4.359306e+01 3.500000e+00 3.000000e+00
      vertex   4.350114e+01 1.750000e+00 3.011287e+00
    endloop
  endfacet
  facet normal 1.218641e-01 7.556217e-16 9.925468e-01
    outer loop
      vertex   4.350114e+01 1.750000e+00 3.011287e+00
      vertex   4.359306e+01 3.500000e+00 3.000000e+00
      vertex   4.350114e+01 3.500000e+00 3.011287e+00
    endloop
  endfacet
  facet normal 3.583532e-01 7.107351e-16 9.335861e-01
    outer loop
      vertex   4.350114e+01 1.750000e+00 3.011287e+00
      vertex   4.350114e+01 3.500000e+00 3.011287e+00
      vertex   4.341467e+01 1.750000e+00 3.044476e+00
    endloop
  endfacet
  facet normal 3.583532e-01 -7.107351e-16 9.335861e-01
    outer loop
      vertex   4.341467e+01 1.750000e+00 3.044476e+00
      vertex   4.350114e+01 3.500000e+00 3.011287e+00
      vertex   4.341467e+01 3.500000e+00 3.044476e+00
    endloop
  endfacet
  facet normal 5.735549e-01 -6.236285e-16 8.191671e-01
    outer loop
      vertex   4.341467e+01 1.750000e+00 3.044476e+00
      vertex   4.341467e+01 3.500000e+00 3.044476e+00
      vertex   4.333880e+01 1.750000e+00 3.097597e+00
    endloop
  endfacet
  facet normal 5.735549e-01 -0.000000e+00 8.191671e-01
    outer loop
      vertex   4.333880e+01 1.750000e+00 3.097597e+00
      vertex   4.341467e+01 3.500000e+00 3.044476e+00
      vertex   4.333880e+01 3.500000e+00 3.097597e+00
    endloop
  endfacet
  facet normal 7.546854e-01 -0.000000e+00 6.560868e-01
    outer loop
      vertex   4.333880e+01 1.750000e+00 3.097597e+00
      vertex   4.333880e+01 3.500000e+00 3.097597e+00
      vertex   4.327804e+01 1.750000e+00 3.167493e+00
    endloop
  endfacet
  facet normal 7.546854e-01 9.989522e-16 6.560868e-01
    outer loop
      vertex   4.327804e+01 1.750000e+00 3.167493e+00
      vertex   4.333880e+01 3.500000e+00 3.097597e+00
      vertex   4.327804e+01 3.500000e+00 3.167493e+00
    endloop
  endfacet
  facet normal 8.909850e-01 6.913063e-16 4.540327e-01
    outer loop
      vertex   4.327804e+01 1.750000e+00 3.167493e+00
      vertex   4.327804e+01 3.500000e+00 3.167493e+00
      vertex   4.323599e+01 3.500000e+00 3.250014e+00
    endloop
  endfacet
  facet normal -1.218693e-01 0.000000e+00 9.925462e-01
    outer loop
      vertex   4.372192e+01 3.500000e+00 3.000000e+00
      vertex   4.372192e+01 0.000000e+00 3.000000e+00
      vertex   4.381385e+01 1.750000e+00 3.011288e+00
    endloop
  endfacet
  facet normal -1.218693e-01 -2.518737e-16 9.925462e-01
    outer loop
      vertex   4.381385e+01 1.750000e+00 3.011288e+00
      vertex   4.372192e+01 0.000000e+00 3.000000e+00
      vertex   4.381385e+01 0.000000e+00 3.011288e+00
    endloop
  endfacet
  facet normal -3.583679e-01 -2.369103e-16 9.335804e-01
    outer loop
      vertex   4.381385e+01 1.750000e+00 3.011288e+00
      vertex   4.381385e+01 0.000000e+00 3.011288e+00
      vertex   4.390032e+01 1.750000e+00 3.044480e+00
    endloop
  endfacet
  facet normal -3.583679e-01 4.738206e-16 9.335804e-01
    outer loop
      vertex   4.390032e+01 1.750000e+00 3.044480e+00
      vertex   4.381385e+01 0.000000e+00 3.011288e+00
      vertex   4.390032e+01 0.000000e+00 3.044480e+00
    endloop
  endfacet
  facet normal -5.735764e-01 4.157447e-16 8.191520e-01
    outer loop
      vertex   4.390032e+01 1.750000e+00 3.044480e+00
      vertex   4.390032e+01 0.000000e+00 3.044480e+00
      vertex   4.397619e+01 1.750000e+00 3.097605e+00
    endloop
  endfacet
  facet normal -5.735764e-01 -8.314893e-16 8.191520e-01
    outer loop
      vertex   4.397619e+01 1.750000e+00 3.097605e+00
      vertex   4.390032e+01 0.000000e+00 3.044480e+00
      vertex   4.397619e+01 0.000000e+00 3.097605e+00
    endloop
  endfacet
  facet normal -7.547096e-01 -6.659400e-16 6.560590e-01
    outer loop
      vertex   4.397619e+01 1.750000e+00 3.097605e+00
      vertex   4.397619e+01 0.000000e+00 3.097605e+00
      vertex   4.403696e+01 1.750000e+00 3.167507e+00
    endloop
  endfacet
  facet normal -7.547096e-01 -1.664850e-16 6.560590e-01
    outer loop
      vertex   4.403696e+01 1.750000e+00 3.167507e+00
      vertex   4.397619e+01 0.000000e+00 3.097605e+00
      vertex   4.403696e+01 0.000000e+00 3.167507e+00
    endloop
  endfacet
  facet normal -8.910065e-01 -1.152070e-16 4.539905e-01
    outer loop
      vertex   4.403696e+01 1.750000e+00 3.167507e+00
      vertex   4.403696e+01 0.000000e+00 3.167507e+00
      vertex   4.407900e+01 0.000000e+00 3.250032e+00
    endloop
  endfacet
  facet normal -8.910065e-01 0.000000e+00 4.539905e-01
    outer loop
      vertex   4.407900e+01 0.000000e+00 3.250032e+00
      vertex   4.407900e+01 3.500000e+00 3.250032e+00
      vertex   4.403696e+01 1.750000e+00 3.167507e+00
    endloop
  endfacet
  facet normal -8.910065e-01 1.152070e-16 4.539905e-01
    outer loop
      vertex   4.403696e+01 1.750000e+00 3.167507e+00
      vertex   4.407900e+01 3.500000e+00 3.250032e+00
      vertex   4.403696e+01 3.500000e+00 3.167507e+00
    endloop
  endfacet
  facet normal -7.547096e-01 1.664850e-16 6.560590e-01
    outer loop
      vertex   4.403696e+01 1.750000e+00 3.167507e+00
      vertex   4.403696e+01 3.500000e+00 3.167507e+00
      vertex   4.397619e+01 1.750000e+00 3.097605e+00
    endloop
  endfacet
  facet normal -7.547096e-01 6.659400e-16 6.560590e-01
    outer loop
      vertex   4.397619e+01 1.750000e+00 3.097605e+00
      vertex   4.403696e+01 3.500000e+00 3.167507e+00
      vertex   4.397619e+01 3.500000e+00 3.097605e+00
    endloop
  endfacet
  facet normal -5.735764e-01 8.314893e-16 8.191520e-01
    outer loop
      vertex   4.397619e+01 1.750000e+00 3.097605e+00
      vertex   4.397619e+01 3.500000e+00 3.097605e+00
      vertex   4.390032e+01 1.750000e+00 3.044480e+00
    endloop
  endfacet
  facet normal -5.735764e-01 -4.157447e-16 8.191520e-01
    outer loop
      vertex   4.390032e+01 1.750000e+00 3.044480e+00
      vertex   4.397619e+01 3.500000e+00 3.097605e+00
      vertex   4.390032e+01 3.500000e+00 3.044480e+00
    endloop
  endfacet
  facet normal -3.583679e-01 -4.738206e-16 9.335804e-01
    outer loop
      vertex   4.390032e+01 1.750000e+00 3.044480e+00
      vertex   4.390032e+01 3.500000e+00 3.044480e+00
      vertex   4.381385e+01 1.750000e+00 3.011288e+00
    endloop
  endfacet
  facet normal -3.583679e-01 2.369103e-16 9.335804e-01
    outer loop
      vertex   4.381385e+01 1.750000e+00 3.011288e+00
      vertex   4.390032e+01 3.500000e+00 3.044480e+00
      vertex   4.381385e+01 3.500000e+00 3.011288e+00
    endloop
  endfacet
  facet normal -1.218693e-01 2.518737e-16 9.925462e-01
    outer loop
      vertex   4.381385e+01 1.750000e+00 3.011288e+00
      vertex   4.381385e+01 3.500000e+00 3.011288e+00
      vertex   4.372192e+01 3.500000e+00 3.000000e+00
    endloop
  endfacet
  facet normal -9.396926e-01 0.000000e+00 3.420201e-01
    outer loop
      vertex   4.407900e+01 0.000000e+00 3.250032e+00
      vertex   4.480693e+01 0.000000e+00 5.250000e+00
      vertex   4.407900e+01 3.500000e+00 3.250032e+00
    endloop
  endfacet
  facet normal -9.396926e-01 3.207980e-18 3.420201e-01
    outer loop
      vertex   4.407900e+01 3.500000e+00 3.250032e+00
      vertex   4.480693e+01 0.000000e+00 5.250000e+00
      vertex   4.480693e+01 3.500000e+00 5.250000e+00
    endloop
  endfacet
  facet normal 0.000000e+00 0.000000e+00 1.000000e+00
    outer loop
      vertex   4.480693e+01 0.000000e+00 5.250000e+00
      vertex   4.564993e+01 0.000000e+00 5.250000e+00
      vertex   4.480693e+01 3.500000e+00 5.250000e+00
    endloop
  endfacet
  facet normal -0.000000e+00 0.000000e+00 1.000000e+00
    outer loop
      vertex   4.480693e+01 3.500000e+00 5.250000e+00
      vertex   4.564993e+01 0.000000e+00 5.250000e+00
      vertex   4.564993e+01 3.500000e+00 5.250000e+00
    endloop
  endfacet
  facet normal 9.396746e-01 -0.000000e+00 3.420695e-01
    outer loop
      vertex   4.564993e+01 0.000000e+00 5.250000e+00
      vertex   4.637799e+01 0.000000e+00 3.250014e+00
      vertex   4.564993e+01 3.500000e+00 5.250000e+00
    endloop
  endfacet
  facet normal 9.396746e-01 -7.494915e-18 3.420695e-01
    outer loop
      vertex   4.564993e+01 3.500000e+00 5.250000e+00
      vertex   4.637799e+01 0.000000e+00 3.250014e+00
      vertex   4.637799e+01 3.500000e+00 3.250014e+00
    endloop
  endfacet
  facet normal 8.909850e-01 0.000000e+00 4.540327e-01
    outer loop
      vertex   4.637799e+01 3.500000e+00 3.250014e+00
      vertex   4.637799e+01 0.000000e+00 3.250014e+00
      vertex   4.642004e+01 1.750000e+00 3.167493e+00
    endloop
  endfacet
  facet normal 8.909850e-01 -6.913063e-16 4.540327e-01
    outer loop
      vertex   4.642004e+01 1.750000e+00 3.167493e+00
      vertex   4.637799e+01 0.000000e+00 3.250014e+00
      vertex   4.642004e+01 0.000000e+00 3.167493e+00
    endloop
  endfacet
  facet normal 7.546854e-01 -9.989522e-16 6.560868e-01
    outer loop
      vertex   4.642004e+01 1.750000e+00 3.167493e+00
      vertex   4.642004e+01 0.000000e+00 3.167493e+00
      vertex   4.648080e+01 1.750000e+00 3.097597e+00
    endloop
  endfacet
  facet normal 7.546854e-01 0.000000e+00 6.560868e-01
    outer loop
      vertex   4.648080e+01 1.750000e+00 3.097597e+00
      vertex   4.642004e+01 0.000000e+00 3.167493e+00
      vertex   4.648080e+01 0.000000e+00 3.097597e+00
    endloop
  endfacet
  facet normal 5.735549e-01 0.000000e+00 8.191671e-01
    outer loop
      vertex   4.648080e+01 1.750000e+00 3.097597e+00
      vertex   4.648080e+01 0.000000e+00 3.097597e+00
      vertex   4.655667e+01 1.750000e+00 3.044476e+00
    endloop
  endfacet
  facet normal 5.735549e-01 6.236285e-16 8.191671e-01
    outer loop
      vertex   4.655667e+01 1.750000e+00 3.044476e+00
      vertex   4.648080e+01 0.000000e+00 3.097597e+00
      vertex   4.655667e+01 0.000000e+00 3.044476e+00
    endloop
  endfacet
  facet normal 3.583532e-01 7.107351e-16 9.335861e-01
    outer loop
      vertex   4.655667e+01 1.750000e+00 3.044476e+00
      vertex   4.655667e+01 0.000000e+00 3.044476e+00
      vertex   4.664314e+01 1.750000e+00 3.011287e+00
    endloop
  endfacet
  facet normal 3.583532e-01 -7.107351e-16 9.335861e-01
    outer loop
      vertex   4.664314e+01 1.750000e+00 3.011287e+00
      vertex   4.655667e+01 0.000000e+00 3.044476e+00
      vertex   4.664314e+01 0.000000e+00 3.011287e+00
    endloop
  endfacet
  facet normal 1.218641e-01 -7.556217e-16 9.925468e-01
    outer loop
      vertex   4.664314e+01 1.750000e+00 3.011287e+00
      vertex   4.664314e+01 0.000000e+00 3.011287e+00
      vertex   4.673506e+01 0.000000e+00 3.000000e+00
    endloop
  endfacet
  facet normal 1.218641e-01 -0.000000e+00 9.925468e-01
    outer loop
      vertex   4.673506e+01 0.000000e+00 3.000000e+00
      vertex   4.673506e+01 3.500000e+00 3.000000e+00
      vertex   4.664314e+01 1.750000e+00 3.011287e+00
    endloop
  endfacet
  facet normal 1.218641e-01 7.556217e-16 9.925468e-01
    outer loop
      vertex   4.664314e+01 1.750000e+00 3.011287e+00
      vertex   4.673506e+01 3.500000e+00 3.000000e+00
      vertex   4.664314e+01 3.500000e+00 3.011287e+00
    endloop
  endfacet
  facet normal 3.583532e-01 7.107351e-16 9.335861e-01
    outer loop
      vertex   4.664314e+01 1.750000e+00 3.011287e+00
      vertex   4.664314e+01 3.500000e+00 3.011287e+00
      vertex   4.655667e+01 1.750000e+00 3.044476e+00
    endloop
  endfacet
  facet normal 3.583532e-01 -7.107351e-16 9.335861e-01
    outer loop
      vertex   4.655667e+01 1.750000e+00 3.044476e+00
      vertex   4.664314e+01 3.500000e+00 3.011287e+00
      vertex   4.655667e+01 3.500000e+00 3.044476e+00
    endloop
  endfacet
  facet normal 5.735549e-01 -6.236285e-16 8.191671e-01
    outer loop
      vertex   4.655667e+01 1.750000e+00 3.044476e+00
      vertex   4.655667e+01 3.500000e+00 3.044476e+00
      vertex   4.648080e+01 1.750000e+00 3.097597e+00
    endloop
  endfacet
  facet normal 5.735549e-01 -0.000000e+00 8.191671e-01
    outer loop
      vertex   4.648080e+01 1.750000e+00 3.097597e+00
      vertex   4.655667e+01 3.500000e+00 3.044476e+00
      vertex   4.648080e+01 3.500000e+00 3.097597e+00
    endloop
  endfacet
  facet normal 7.546854e-01 -0.000000e+00 6.560868e-01
    outer loop
      vertex   4.648080e+01 1.750000e+00 3.097597e+00
      vertex   4.648080e+01 3.500000e+00 3.097597e+00
      vertex   4.642004e+01 1.750000e+00 3.167493e+00
    endloop
  endfacet
  facet normal 7.546854e-01 9.989522e-16 6.560868e-01
    outer loop
      vertex   4.642004e+01 1.750000e+00 3.167493e+00
      vertex   4.648080e+01 3.500000e+00 3.097597e+00
      vertex   4.642004e+01 3.500000e+00 3.167493e+00
    endloop
  endfacet
  facet normal 8.909850e-01 6.913063e-16 4.540327e-01
    outer loop
      vertex   4.642004e+01 1.750000e+00 3.167493e+00
      vertex   4.642004e+01 3.500000e+00 3.167493e+00
      vertex   4.637799e+01 3.500000e+00 3.250014e+00
    endloop
  endfacet
  facet normal -1.218693e-01 0.000000e+00 9.925462e-01
    outer loop
      vertex   4.686392e+01 3.500000e+00 3.000000e+00
      vertex   4.686392e+01 0.000000e+00 3.000000e+00
      vertex   4.695585e+01 1.750000e+00 3.011288e+00
    endloop
  endfacet
  facet normal -1.218693e-01 -2.518737e-16 9.925462e-01
    outer loop
      vertex   4.695585e+01 1.750000e+00 3.011288e+00
      vertex   4.686392e+01 0.000000e+00 3.000000e+00
      vertex   4.695585e+01 0.000000e+00 3.011288e+00
    endloop
  endfacet
  facet normal -3.583679e-01 -2.369103e-16 9.335804e-01
    outer loop
      vertex   4.695585e+01 1.750000e+00 3.011288e+00
      vertex   4.695585e+01 0.000000e+00 3.011288e+00
      vertex   4.704232e+01 1.750000e+00 3.044480e+00
    endloop
  endfacet
  facet normal -3.583679e-01 4.738206e-16 9.335804e-01
    outer loop
      vertex   4.704232e+01 1.750000e+00 3.044480e+00
      vertex   4.695585e+01 0.000000e+00 3.011288e+00
      vertex   4.704232e+01 0.000000e+00 3.044480e+00
    endloop
  endfacet
  facet normal -5.735764e-01 4.157447e-16 8.191520e-01
    outer loop
      vertex   4.704232e+01 1.750000e+00 3.044480e+00
      vertex   4.704232e+01 0.000000e+00 3.044480e+00
      vertex   4.711819e+01 1.750000e+00 3.097605e+00
    endloop
  endfacet
  facet normal -5.735764e-01 -8.314893e-16 8.191520e-01
    outer loop
      vertex   4.711819e+01 1.750000e+00 3.097605e+00
      vertex   4.704232e+01 0.000000e+00 3.044480e+00
      vertex   4.711819e+01 0.000000e+00 3.097605e+00
    endloop
  endfacet
  facet normal -7.547096e-01 -6.659400e-16 6.560590e-01
    outer loop
      vertex   4.711819e+01 1.750000e+00 3.097605e+00
      vertex   4.711819e+01 0.000000e+00 3.097605e+00
      vertex   4.717896e+01 1.750000e+00 3.167507e+00
    endloop
  endfacet
  facet normal -7.547096e-01 -1.664850e-16 6.560590e-01
    outer loop
      vertex   4.717896e+01 1.750000e+00 3.167507e+00
      vertex   4.711819e+01 0.000000e+00 3.097605e+00
      vertex   4.717896e+01 0.000000e+00 3.167507e+00
    endloop
  endfacet
  facet normal -8.910065e-01 -1.152070e-16 4.539905e-01
    outer loop
      vertex   4.717896e+01 1.750000e+00 3.167507e+00
      vertex   4.717896e+01 0.000000e+00 3.167507e+00
      vertex   4.722100e+01 0.000000e+00 3.250032e+00
    endloop
  endfacet
  facet normal -8.910065e-01 0.000000e+00 4.539905e-01
    outer loop
      vertex   4.722100e+01 0.000000e+00 3.250032e+00
      vertex   4.722100e+01 3.500000e+00 3.250032e+00
      vertex   4.717896e+01 1.750000e+00 3.167507e+00
    endloop
  endfacet
  facet normal -8.910065e-01 1.152070e-16 4.539905e-01
    outer loop
      vertex   4.717896e+01 1.750000e+00 3.167507e+00
      vertex   4.722100e+01 3.500000e+00 3.250032e+00
      vertex   4.717896e+01 3.500000e+00 3.167507e+00
    endloop
  endfacet
  facet normal -7.547096e-01 1.664850e-16 6.560590e-01
    outer loop
      vertex   4.717896e+01 1.750000e+00 3.167507e+00
      vertex   4.717896e+01 3.500000e+00 3.167507e+00
      vertex   4.711819e+01 1.750000e+00 3.097605e+00
    endloop
  endfacet
  facet normal -7.547096e-01 6.659400e-16 6.560590e-01
    outer loop
      vertex   4.711819e+01 1.750000e+00 3.097605e+00
      vertex   4.717896e+01 3.500000e+00 3.167507e+00
      vertex   4.711819e+01 3.500000e+00 3.097605e+00
    endloop
  endfacet
  facet normal -5.735764e-01 8.314893e-16 8.191520e-01
    outer loop
      vertex   4.711819e+01 1.750000e+00 3.097605e+00
      vertex   4.711819e+01 3.500000e+00 3.097605e+00
      vertex   4.704232e+01 1.750000e+00 3.044480e+00
    endloop
  endfacet
  facet normal -5.735764e-01 -4.157447e-16 8.191520e-01
    outer loop
      vertex   4.704232e+01 1.750000e+00 3.044480e+00
      vertex   4.711819e+01 3.500000e+00 3.097605e+00
      vertex   4.704232e+01 3.500000e+00 3.044480e+00
    endloop
  endfacet
  facet normal -3.583679e-01 -4.738206e-16 9.335804e-01
    outer loop
      vertex   4.704232e+01 1.750000e+00 3.044480e+00
      vertex   4.704232e+01 3.500000e+00 3.044480e+00
      vertex   4.695585e+01 1.750000e+00 3.011288e+00
    endloop
  endfacet
  facet normal -3.583679e-01 2.369103e-16 9.335804e-01
    outer loop
      vertex   4.695585e+01 1.750000e+00 3.011288e+00
      vertex   4.704232e+01 3.500000e+00 3.044480e+00
      vertex   4.695585e+01 3.500000e+00 3.011288e+00
    endloop
  endfacet
  facet normal -1.218693e-01 2.518737e-16 9.925462e-01
    outer loop
      vertex   4.695585e+01 1.750000e+00 3.011288e+00
      vertex   4.695585e+01 3.500000e+00 3.011288e+00
      vertex   4.686392e+01 3.500000e+00 3.000000e+00
    endloop
  endfacet
  facet normal -9.396926e-01 0.000000e+00 3.420201e-01
    outer loop
      vertex   4.722100e+01 0.000000e+00 3.250032e+00
      vertex   4.794893e+01 0.000000e+00 5.250000e+00
      vertex   4.722100e+01 3.500000e+00 3.250032e+00
    endloop
  endfacet
  facet normal -9.396926e-01 3.207980e-18 3.420201e-01
    outer loop
      vertex   4.722100e+01 3.500000e+00 3.250032e+00
      vertex   4.794893e+01 0.000000e+00 5.250000e+00
      vertex   4.794893e+01 3.500000e+00 5.250000e+00
    endloop
  endfacet
  facet normal 0.000000e+00 0.000000e+00 1.000000e+00
    outer loop
      vertex   4.794893e+01 0.000000e+00 5.250000e+00
      vertex   4.879193e+01 0.000000e+00 5.250000e+00
      vertex   4.794893e+01 3.500000e+00 5.250000e+00
    endloop
  endfacet
  facet normal -0.000000e+00 0.000000e+00 1.000000e+00
    outer loop
      vertex   4.794893e+01 3.500000e+00 5.250000e+00
      vertex   4.879193e+01 0.000000e+00 5.250000e+00
      vertex   4.879193e+01 3.500000e+00 5.250000e+00
    endloop
  endfacet
  facet normal 9.396746e-01 -0.000000e+00 3.420695e-01
    outer loop
      vertex   4.879193e+01 0.000000e+00 5.250000e+00
      vertex   4.951999e+01 0.000000e+00 3.250014e+00
      vertex   4.879193e+01 3.500000e+00 5.250000e+00
    endloop
  endfacet
  facet normal 9.396746e-01 -7.507863e-18 3.420695e-01
    outer loop
      vertex   4.879193e+01 3.500000e+00 5.250000e+00
      vertex   4.951999e+01 0.000000e+00 3.250014e+00
      vertex   4.951999e+01 3.500000e+00 3.250014e+00
    endloop
  endfacet
  facet normal 8.909850e-01 0.000000e+00 4.540327e-01
    outer loop
      vertex   4.951999e+01 3.500000e+00 3.250014e+00
      vertex   4.951999e+01 0.000000e+00 3.250014e+00
      vertex   4.956204e+01 1.750000e+00 3.167493e+00
    endloop
  endfacet
  facet normal 8.909850e-01 -6.913063e-16 4.540327e-01
    outer loop
      vertex   4.956204e+01 1.750000e+00 3.167493e+00
      vertex   4.951999e+01 0.000000e+00 3.250014e+00
      vertex   4.956204e+01 0.000000e+00 3.167493e+00
    endloop
  endfacet
  facet normal 7.546854e-01 -9.989522e-16 6.560868e-01
    outer loop
      vertex   4.956204e+01 1.750000e+00 3.167493e+00
      vertex   4.956204e+01 0.000000e+00 3.167493e+00
      vertex   4.962280e+01 1.750000e+00 3.097597e+00
    endloop
  endfacet
  facet normal 7.546854e-01 0.000000e+00 6.560868e-01
    outer loop
      vertex   4.962280e+01 1.750000e+00 3.097597e+00
      vertex   4.956204e+01 0.000000e+00 3.167493e+00
      vertex   4.962280e+01 0.000000e+00 3.097597e+00
    endloop
  endfacet
  facet normal 5.735549e-01 0.000000e+00 8.191671e-01
    outer loop
      vertex   4.962280e+01 1.750000e+00 3.097597e+00
      vertex   4.962280e+01 0.000000e+00 3.097597e+00
      vertex   4.969867e+01 1.750000e+00 3.044476e+00
    endloop
  endfacet
  facet normal 5.735549e-01 6.236285e-16 8.191671e-01
    outer loop
      vertex   4.969867e+01 1.750000e+00 3.044476e+00
      vertex   4.962280e+01 0.000000e+00 3.097597e+00
      vertex   4.969867e+01 0.000000e+00 3.044476e+00
    endloop
  endfacet
  facet normal 3.583532e-01 7.107351e-16 9.335861e-01
    outer loop
      vertex   4.969867e+01 1.750000e+00 3.044476e+00
      vertex   4.969867e+01 0.000000e+00 3.044476e+00
      vertex   4.978514e+01 1.750000e+00 3.011287e+00
    endloop
  endfacet
  facet normal 3.583532e-01 -7.107351e-16 9.335861e-01
    outer loop
      vertex   4.978514e+01 1.750000e+00 3.011287e+00
      vertex   4.969867e+01 0.000000e+00 3.044476e+00
      vertex   4.978514e+01 0.000000e+00 3.011287e+00
    endloop
  endfacet
  facet normal 1.218641e-01 -7.556217e-16 9.925468e-01
    outer loop
      vertex   4.978514e+01 1.750000e+00 3.011287e+00
      vertex   4.978514e+01 0.000000e+00 3.011287e+00
      vertex   4.987706e+01 0.000000e+00 3.000000e+00
    endloop
  endfacet
  facet normal 1.218641e-01 -0.000000e+00 9.925468e-01
    outer loop
      vertex   4.987706e+01 0.000000e+00 3.000000e+00
      vertex   4.987706e+01 3.500000e+00 3.000000e+00
      vertex   4.978514e+01 1.750000e+00 3.011287e+00
    endloop
  endfacet
  facet normal 1.218641e-01 7.556217e-16 9.925468e-01
    outer loop
      vertex   4.978514e+01 1.750000e+00 3.011287e+00
      vertex   4.987706e+01 3.500000e+00 3.000000e+00
      vertex   4.978514e+01 3.500000e+00 3.011287e+00
    endloop
  endfacet
  facet normal 3.583532e-01 7.107351e-16 9.335861e-01
    outer loop
      vertex   4.978514e+01 1.750000e+00 3.011287e+00
      vertex   4.978514e+01 3.500000e+00 3.011287e+00
      vertex   4.969867e+01 1.750000e+00 3.044476e+00
    endloop
  endfacet
  facet normal 3.583532e-01 -7.107351e-16 9.335861e-01
    outer loop
      vertex   4.969867e+01 1.750000e+00 3.044476e+00
      vertex   4.978514e+01 3.500000e+00 3.011287e+00
      vertex   4.969867e+01 3.500000e+00 3.044476e+00
    endloop
  endfacet
  facet normal 5.735549e-01 -6.236285e-16 8.191671e-01
    outer loop
      vertex   4.969867e+01 1.750000e+00 3.044476e+00
      vertex   4.969867e+01 3.500000e+00 3.044476e+00
      vertex   4.962280e+01 1.750000e+00 3.097597e+00
    endloop
  endfacet
  facet normal 5.735549e-01 -0.000000e+00 8.191671e-01
    outer loop
      vertex   4.962280e+01 1.750000e+00 3.097597e+00
      vertex   4.969867e+01 3.500000e+00 3.044476e+00
      vertex   4.962280e+01 3.500000e+00 3.097597e+00
    endloop
  endfacet
  facet normal 7.546854e-01 -0.000000e+00 6.560868e-01
    outer loop
      vertex   4.962280e+01 1.750000e+00 3.097597e+00
      vertex   4.962280e+01 3.500000e+00 3.097597e+00
      vertex   4.956204e+01 1.750000e+00 3.167493e+00
    endloop
  endfacet
  facet normal 7.546854e-01 9.989522e-16 6.560868e-01
    outer loop
      vertex   4.956204e+01 1.750000e+00 3.167493e+00
      vertex   4.962280e+01 3.500000e+00 3.097597e+00
      vertex   4.956204e+01 3.500000e+00 3.167493e+00
    endloop
  endfacet
  facet normal 8.909850e-01 6.913063e-16 4.540327e-01
    outer loop
      vertex   4.956204e+01 1.750000e+00 3.167493e+00
      vertex   4.956204e+01 3.500000e+00 3.167493e+00
      vertex   4.951999e+01 3.500000e+00 3.250014e+00
    endloop
  endfacet
  facet normal -1.218693e-01 0.000000e+00 9.925462e-01
    outer loop
      vertex   5.000592e+01 3.500000e+00 3.000000e+00
      vertex   5.000592e+01 0.000000e+00 3.000000e+00
      vertex   5.009785e+01 1.750000e+00 3.011288e+00
    endloop
  endfacet
  facet normal -1.218693e-01 -2.518737e-16 9.925462e-01
    outer loop
      vertex   5.009785e+01 1.750000e+00 3.011288e+00
      vertex   5.000592e+01 0.000000e+00 3.000000e+00
      vertex   5.009785e+01 0.000000e+00 3.011288e+00
    endloop
  endfacet
  facet normal -3.583679e-01 -2.369103e-16 9.335804e-01
    outer loop
      vertex   5.009785e+01 1.750000e+00 3.011288e+00
      vertex   5.009785e+01 0.000000e+00 3.011288e+00
      vertex   5.018432e+01 1.750000e+00 3.044480e+00
    endloop
  endfacet
  facet normal -3.583679e-01 4.738206e-16 9.335804e-01
    outer loop
      vertex   5.018432e+01 1.750000e+00 3.044480e+00
      vertex   5.009785e+01 0.000000e+00 3.011288e+00
      vertex   5.018432e+01 0.000000e+00 3.044480e+00
    endloop
  endfacet
  facet normal -5.735764e-01 4.157447e-16 8.191520e-01
    outer loop
      vertex   5.018432e+01 1.750000e+00 3.044480e+00
      vertex   5.018432e+01 0.000000e+00 3.044480e+00
      vertex   5.026019e+01 1.750000e+00 3.097605e+00
    endloop
  endfacet
  facet normal -5.735764e-01 -8.314893e-16 8.191520e-01
    outer loop
      vertex   5.026019e+01 1.750000e+00 3.097605e+00
      vertex   5.018432e+01 0.000000e+00 3.044480e+00
      vertex   5.026019e+01 0.000000e+00 3.097605e+00
    endloop
  endfacet
  facet normal -7.547096e-01 -6.659400e-16 6.560590e-01
    outer loop
      vertex   5.026019e+01 1.750000e+00 3.097605e+00
      vertex   5.026019e+01 0.000000e+00 3.097605e+00
      vertex   5.032096e+01 1.750000e+00 3.167507e+00
    endloop
  endfacet
  facet normal -7.547096e-01 -1.664850e-16 6.560590e-01
    outer loop
      vertex   5.032096e+01 1.750000e+00 3.167507e+00
      vertex   5.026019e+01 0.000000e+00 3.097605e+00
      vertex   5.032096e+01 0.000000e+00 3.167507e+00
    endloop
  endfacet
  facet normal -8.910065e-01 -1.152070e-16 4.539905e-01
    outer loop
      vertex   5.032096e+01 1.750000e+00 3.167507e+00
      vertex   5.032096e+01 0.000000e+00 3.167507e+00
      vertex   5.036300e+01 0.000000e+00 3.250032e+00
    endloop
  endfacet
  facet normal -8.910065e-01 0.000000e+00 4.539905e-01
    outer loop
      vertex   5.036300e+01 0.000000e+00 3.250032e+00
      vertex   5.036300e+01 3.500000e+00 3.250032e+00
      vertex   5.032096e+01 1.750000e+00 3.167507e+00
    endloop
  endfacet
  facet normal -8.910065e-01 1.152070e-16 4.539905e-01
    outer loop
      vertex   5.032096e+01 1.750000e+00 3.167507e+00
      vertex   5.036300e+01 3.500000e+00 3.250032e+00
      vertex   5.032096e+01 3.500000e+00 3.167507e+00
    endloop
  endfacet
  facet normal -7.547096e-01 1.664850e-16 6.560590e-01
    outer loop
      vertex   5.032096e+01 1.750000e+00 3.167507e+00
      vertex   5.032096e+01 3.500000e+00 3.167507e+00
      vertex   5.026019e+01 1.750000e+00 3.097605e+00
    endloop
  endfacet
  facet normal -7.547096e-01 6.659400e-16 6.560590e-01
    outer loop
      vertex   5.026019e+01 1.750000e+00 3.097605e+00
      vertex   5.032096e+01 3.500000e+00 3.167507e+00
      vertex   5.026019e+01 3.500000e+00 3.097605e+00
    endloop
  endfacet
  facet normal -5.735764e-01 8.314893e-16 8.191520e-01
    outer loop
      vertex   5.026019e+01 1.750000e+00 3.097605e+00
      vertex   5.026019e+01 3.500000e+00 3.097605e+00
      vertex   5.018432e+01 1.750000e+00 3.044480e+00
    endloop
  endfacet
  facet normal -5.735764e-01 -4.157447e-16 8.191520e-01
    outer loop
      vertex   5.018432e+01 1.750000e+00 3.044480e+00
      vertex   5.026019e+01 3.500000e+00 3.097605e+00
      vertex   5.018432e+01 3.500000e+00 3.044480e+00
    endloop
  endfacet
  facet normal -3.583679e-01 -4.738206e-16 9.335804e-01
    outer loop
      vertex   5.018432e+01 1.750000e+00 3.044480e+00
      vertex   5.018432e+01 3.500000e+00 3.044480e+00
      vertex   5.009785e+01 1.750000e+00 3.011288e+00
    endloop
  endfacet
  facet normal -3.583679e-01 2.369103e-16 9.335804e-01
    outer loop
      vertex   5.009785e+01 1.750000e+00 3.011288e+00
      vertex   5.018432e+01 3.500000e+00 3.044480e+00
      vertex   5.009785e+01 3.500000e+00 3.011288e+00
    endloop
  endfacet
  facet normal -1.218693e-01 2.518737e-16 9.925462e-01
    outer loop
      vertex   5.009785e+01 1.750000e+00 3.011288e+00
      vertex   5.009785e+01 3.500000e+00 3.011288e+00
      vertex   5.000592e+01 3.500000e+00 3.000000e+00
    endloop
  endfacet
  facet normal -9.396926e-01 0.000000e+00 3.420201e-01
    outer loop
      vertex   5.036300e+01 0.000000e+00 3.250032e+00
      vertex   5.109093e+01 0.000000e+00 5.250000e+00
      vertex   5.036300e+01 3.500000e+00 3.250032e+00
    endloop
  endfacet
  facet normal -9.396926e-01 3.207980e-18 3.420201e-01
    outer loop
      vertex   5.036300e+01 3.500000e+00 3.250032e+00
      vertex   5.109093e+01 0.000000e+00 5.250000e+00
      vertex   5.109093e+01 3.500000e+00 5.250000e+00
    endloop
  endfacet
  facet normal 0.000000e+00 0.000000e+00 1.000000e+00
    outer loop
      vertex   5.109093e+01 0.000000e+00 5.250000e+00
      vertex   5.193393e+01 0.000000e+00 5.250000e+00
      vertex   5.109093e+01 3.500000e+00 5.250000e+00
    endloop
  endfacet
  facet normal -0.000000e+00 0.000000e+00 1.000000e+00
    outer loop
      vertex   5.109093e+01 3.500000e+00 5.250000e+00
      vertex   5.193393e+01 0.000000e+00 5.250000e+00
      vertex   5.193393e+01 3.500000e+00 5.250000e+00
    endloop
  endfacet
  facet normal 9.396746e-01 -0.000000e+00 3.420695e-01
    outer loop
      vertex   5.193393e+01 0.000000e+00 5.250000e+00
      vertex   5.266199e+01 0.000000e+00 3.250014e+00
      vertex   5.193393e+01 3.500000e+00 5.250000e+00
    endloop
  endfacet
  facet normal 9.396746e-01 -7.507863e-18 3.420695e-01
    outer loop
      vertex   5.193393e+01 3.500000e+00 5.250000e+00
      vertex   5.266199e+01 0.000000e+00 3.250014e+00
      vertex   5.266199e+01 3.500000e+00 3.250014e+00
    endloop
  endfacet
  facet normal 8.909850e-01 0.000000e+00 4.540327e-01
    outer loop
      vertex   5.266199e+01 3.500000e+00 3.250014e+00
      vertex   5.266199e+01 0.000000e+00 3.250014e+00
      vertex   5.270404e+01 1.750000e+00 3.167493e+00
    endloop
  endfacet
  facet normal 8.909850e-01 -6.913063e-16 4.540327e-01
    outer loop
      vertex   5.270404e+01 1.750000e+00 3.167493e+00
      vertex   5.266199e+01 0.000000e+00 3.250014e+00
      vertex   5.270404e+01 0.000000e+00 3.167493e+00
    endloop
  endfacet
  facet normal 7.546854e-01 -9.989522e-16 6.560868e-01
    outer loop
      vertex   5.270404e+01 1.750000e+00 3.167493e+00
      vertex   5.270404e+01 0.000000e+00 3.167493e+00
      vertex   5.276480e+01 1.750000e+00 3.097597e+00
    endloop
  endfacet
  facet normal 7.546854e-01 0.000000e+00 6.560868e-01
    outer loop
      vertex   5.276480e+01 1.750000e+00 3.097597e+00
      vertex   5.270404e+01 0.000000e+00 3.167493e+00
      vertex   5.276480e+01 0.000000e+00 3.097597e+00
    endloop
  endfacet
  facet normal 5.735549e-01 0.000000e+00 8.191671e-01
    outer loop
      vertex   5.276480e+01 1.750000e+00 3.097597e+00
      vertex   5.276480e+01 0.000000e+00 3.097597e+00
      vertex   5.284067e+01 1.750000e+00 3.044476e+00
    endloop
  endfacet
  facet normal 5.735549e-01 6.236285e-16 8.191671e-01
    outer loop
      vertex   5.284067e+01 1.750000e+00 3.044476e+00
      vertex   5.276480e+01 0.000000e+00 3.097597e+00
      vertex   5.284067e+01 0.000000e+00 3.044476e+00
    endloop
  endfacet
  facet normal 3.583532e-01 7.107351e-16 9.335861e-01
    outer loop
      vertex   5.284067e+01 1.750000e+00 3.044476e+00
      vertex   5.284067e+01 0.000000e+00 3.044476e+00
      vertex   5.292714e+01 1.750000e+00 3.011287e+00
    endloop
  endfacet
  facet normal 3.583532e-01 -7.107351e-16 9.335861e-01
    outer loop
      vertex   5.292714e+01 1.750000e+00 3.011287e+00
      vertex   5.284067e+01 0.000000e+00 3.044476e+00
      vertex   5.292714e+01 0.000000e+00 3.011287e+00
    endloop
  endfacet
  facet normal 1.218641e-01 -7.556217e-16 9.925468e-01
    outer loop
      vertex   5.292714e+01 1.750000e+00 3.011287e+00
      vertex   5.292714e+01 0.000000e+00 3.011287e+00
      vertex   5.301906e+01 0.000000e+00 3.000000e+00
    endloop
  endfacet
  facet normal 1.218641e-01 -0.000000e+00 9.925468e-01
    outer loop
      vertex   5.301906e+01 0.000000e+00 3.000000e+00
      vertex   5.301906e+01 3.500000e+00 3.000000e+00
      vertex   5.292714e+01 1.750000e+00 3.011287e+00
    endloop
  endfacet
  facet normal 1.218641e-01 7.556217e-16 9.925468e-01
    outer loop
      vertex   5.292714e+01 1.750000e+00 3.011287e+00
      vertex   5.301906e+01 3.500000e+00 3.000000e+00
      vertex   5.292714e+01 3.500000e+00 3.011287e+00
    endloop
  endfacet
  facet normal 3.583532e-01 7.107351e-16 9.335861e-01
    outer loop
      vertex   5.292714e+01 1.750000e+00 3.011287e+00
      vertex   5.292714e+01 3.500000e+00 3.011287e+00
      vertex   5.284067e+01 1.750000e+00 3.044476e+00
    endloop
  endfacet
  facet normal 3.583532e-01 -7.107351e-16 9.335861e-01
    outer loop
      vertex   5.284067e+01 1.750000e+00 3.044476e+00
      vertex   5.292714e+01 3.500000e+00 3.011287e+00
      vertex   5.284067e+01 3.500000e+00 3.044476e+00
    endloop
  endfacet
  facet normal 5.735549e-01 -6.236285e-16 8.191671e-01
    outer loop
      vertex   5.284067e+01 1.750000e+00 3.044476e+00
      vertex   5.284067e+01 3.500000e+00 3.044476e+00
      vertex   5.276480e+01 1.750000e+00 3.097597e+00
    endloop
  endfacet
  facet normal 5.735549e-01 -0.000000e+00 8.191671e-01
    outer loop
      vertex   5.276480e+01 1.750000e+00 3.097597e+00
      vertex   5.284067e+01 3.500000e+00 3.044476e+00
      vertex   5.276480e+01 3.500000e+00 3.097597e+00
    endloop
  endfacet
  facet normal 7.546854e-01 -0.000000e+00 6.560868e-01
    outer loop
      vertex   5.276480e+01 1.750000e+00 3.097597e+00
      vertex   5.276480e+01 3.500000e+00 3.097597e+00
      vertex   5.270404e+01 1.750000e+00 3.167493e+00
    endloop
  endfacet
  facet normal 7.546854e-01 9.989522e-16 6.560868e-01
    outer loop
      vertex   5.270404e+01 1.750000e+00 3.167493e+00
      vertex   5.276480e+01 3.500000e+00 3.097597e+00
      vertex   5.270404e+01 3.500000e+00 3.167493e+00
    endloop
  endfacet
  facet normal 8.909850e-01 6.913063e-16 4.540327e-01
    outer loop
      vertex   5.270404e+01 1.750000e+00 3.167493e+00
      vertex   5.270404e+01 3.500000e+00 3.167493e+00
      vertex   5.266199e+01 3.500000e+00 3.250014e+00
    endloop
  endfacet
  facet normal -1.218693e-01 0.000000e+00 9.925462e-01
    outer loop
      vertex   5.314792e+01 3.500000e+00 3.000000e+00
      vertex   5.314792e+01 0.000000e+00 3.000000e+00
      vertex   5.323985e+01 1.750000e+00 3.011288e+00
    endloop
  endfacet
  facet normal -1.218693e-01 -2.518737e-16 9.925462e-01
    outer loop
      vertex   5.323985e+01 1.750000e+00 3.011288e+00
      vertex   5.314792e+01 0.000000e+00 3.000000e+00
      vertex   5.323985e+01 0.000000e+00 3.011288e+00
    endloop
  endfacet
  facet normal -3.583679e-01 -2.369103e-16 9.335804e-01
    outer loop
      vertex   5.323985e+01 1.750000e+00 3.011288e+00
      vertex   5.323985e+01 0.000000e+00 3.011288e+00
      vertex   5.332632e+01 1.750000e+00 3.044480e+00
    endloop
  endfacet
  facet normal -3.583679e-01 4.738206e-16 9.335804e-01
    outer loop
      vertex   5.332632e+01 1.750000e+00 3.044480e+00
      vertex   5.323985e+01 0.000000e+00 3.011288e+00
      vertex   5.332632e+01 0.000000e+00 3.044480e+00
    endloop
  endfacet
  facet normal -5.735764e-01 4.157447e-16 8.191520e-01
    outer loop
      vertex   5.332632e+01 1.750000e+00 3.044480e+00
      vertex   5.332632e+01 0.000000e+00 3.044480e+00
      vertex   5.340219e+01 1.750000e+00 3.097605e+00
    endloop
  endfacet
  facet normal -5.735764e-01 -8.314893e-16 8.191520e-01
    outer loop
      vertex   5.340219e+01 1.750000e+00 3.097605e+00
      vertex   5.332632e+01 0.000000e+00 3.044480e+00
      vertex   5.340219e+01 0.000000e+00 3.097605e+00
    endloop
  endfacet
  facet normal -7.547096e-01 -6.659400e-16 6.560590e-01
    outer loop
      vertex   5.340219e+01 1.750000e+00 3.097605e+00
      vertex   5.340219e+01 0.000000e+00 3.097605e+00
      vertex   5.346296e+01 1.750000e+00 3.167507e+00
    endloop
  endfacet
  facet normal -7.547096e-01 -1.664850e-16 6.560590e-01
    outer loop
      vertex   5.346296e+01 1.750000e+00 3.167507e+00
      vertex   5.340219e+01 0.000000e+00 3.097605e+00
      vertex   5.346296e+01 0.000000e+00 3.167507e+00
    endloop
  endfacet
  facet normal -8.910065e-01 -1.152070e-16 4.539905e-01
    outer loop
      vertex   5.346296e+01 1.750000e+00 3.167507e+00
      vertex   5.346296e+01 0.000000e+00 3.167507e+00
      vertex   5.350500e+01 0.000000e+00 3.250032e+00
    endloop
  endfacet
  facet normal -8.910065e-01 0.000000e+00 4.539905e-01
    outer loop
      vertex   5.350500e+01 0.000000e+00 3.250032e+00
      vertex   5.350500e+01 3.500000e+00 3.250032e+00
      vertex   5.346296e+01 1.750000e+00 3.167507e+00
    endloop
  endfacet
  facet normal -8.910065e-01 1.152070e-16 4.539905e-01
    outer loop
      vertex   5.346296e+01 1.750000e+00 3.167507e+00
      vertex   5.350500e+01 3.500000e+00 3.250032e+00
      vertex   5.346296e+01 3.500000e+00 3.167507e+00
    endloop
  endfacet
  facet normal -7.547096e-01 1.664850e-16 6.560590e-01
    outer loop
      vertex   5.346296e+01 1.750000e+00 3.167507e+00
      vertex   5.346296e+01 3.500000e+00 3.167507e+00
      vertex   5.340219e+01 1.750000e+00 3.097605e+00
    endloop
  endfacet
  facet normal -7.547096e-01 6.659400e-16 6.560590e-01
    outer loop
      vertex   5.340219e+01 1.750000e+00 3.097605e+00
      vertex   5.346296e+01 3.500000e+00 3.167507e+00
      vertex   5.340219e+01 3.500000e+00 3.097605e+00
    endloop
  endfacet
  facet normal -5.735764e-01 8.314893e-16 8.191520e-01
    outer loop
      vertex   5.340219e+01 1.750000e+00 3.097605e+00
      vertex   5.340219e+01 3.500000e+00 3.097605e+00
      vertex   5.332632e+01 1.750000e+00 3.044480e+00
    endloop
  endfacet
  facet normal -5.735764e-01 -4.157447e-16 8.191520e-01
    outer loop
      vertex   5.332632e+01 1.750000e+00 3.044480e+00
      vertex   5.340219e+01 3.500000e+00 3.097605e+00
      vertex   5.332632e+01 3.500000e+00 3.044480e+00
    endloop
  endfacet
  facet normal -3.583679e-01 -4.738206e-16 9.335804e-01
    outer loop
      vertex   5.332632e+01 1.750000e+00 3.044480e+00
      vertex   5.332632e+01 3.500000e+00 3.044480e+00
      vertex   5.323985e+01 1.750000e+00 3.011288e+00
    endloop
  endfacet
  facet normal -3.583679e-01 2.369103e-16 9.335804e-01
    outer loop
      vertex   5.323985e+01 1.750000e+00 3.011288e+00
      vertex   5.332632e+01 3.500000e+00 3.044480e+00
      vertex   5.323985e+01 3.500000e+00 3.011288e+00
    endloop
  endfacet
  facet normal -1.218693e-01 2.518737e-16 9.925462e-01
    outer loop
      vertex   5.323985e+01 1.750000e+00 3.011288e+00
      vertex   5.323985e+01 3.500000e+00 3.011288e+00
      vertex   5.314792e+01 3.500000e+00 3.000000e+00
    endloop
  endfacet
  facet normal -9.396926e-01 0.000000e+00 3.420201e-01
    outer loop
      vertex   5.350500e+01 0.000000e+00 3.250032e+00
      vertex   5.423293e+01 0.000000e+00 5.250000e+00
      vertex   5.350500e+01 3.500000e+00 3.250032e+00
    endloop
  endfacet
  facet normal -9.396926e-01 3.207980e-18 3.420201e-01
    outer loop
      vertex   5.350500e+01 3.500000e+00 3.250032e+00
      vertex   5.423293e+01 0.000000e+00 5.250000e+00
      vertex   5.423293e+01 3.500000e+00 5.250000e+00
    endloop
  endfacet
  facet normal 0.000000e+00 0.000000e+00 1.000000e+00
    outer loop
      vertex   5.423293e+01 0.000000e+00 5.250000e+00
      vertex   5.507593e+01 0.000000e+00 5.250000e+00
      vertex   5.423293e+01 3.500000e+00 5.250000e+00
    endloop
  endfacet
  facet normal -0.000000e+00 0.000000e+00 1.000000e+00
    outer loop
      vertex   5.423293e+01 3.500000e+00 5.250000e+00
      vertex   5.507593e+01 0.000000e+00 5.250000e+00
      vertex   5.507593e+01 3.500000e+00 5.250000e+00
    endloop
  endfacet
  facet normal 9.396746e-01 -0.000000e+00 3.420695e-01
    outer loop
      vertex   5.507593e+01 0.000000e+00 5.250000e+00
      vertex   5.580399e+01 0.000000e+00 3.250014e+00
      vertex   5.507593e+01 3.500000e+00 5.250000e+00
    endloop
  endfacet
  facet normal 9.396746e-01 -7.507863e-18 3.420695e-01
    outer loop
      vertex   5.507593e+01 3.500000e+00 5.250000e+00
      vertex   5.580399e+01 0.000000e+00 3.250014e+00
      vertex   5.580399e+01 3.500000e+00 3.250014e+00
    endloop
  endfacet
  facet normal 8.909850e-01 0.000000e+00 4.540327e-01
    outer loop
      vertex   5.580399e+01 3.500000e+00 3.250014e+00
      vertex   5.580399e+01 0.000000e+00 3.250014e+00
      vertex   5.584604e+01 1.750000e+00 3.167493e+00
    endloop
  endfacet
  facet normal 8.909850e-01 -6.913063e-16 4.540327e-01
    outer loop
      vertex   5.584604e+01 1.750000e+00 3.167493e+00
      vertex   5.580399e+01 0.000000e+00 3.250014e+00
      vertex   5.584604e+01 0.000000e+00 3.167493e+00
    endloop
  endfacet
  facet normal 7.546854e-01 -9.989522e-16 6.560868e-01
    outer loop
      vertex   5.584604e+01 1.750000e+00 3.167493e+00
      vertex   5.584604e+01 0.000000e+00 3.167493e+00
      vertex   5.590680e+01 1.750000e+00 3.097597e+00
    endloop
  endfacet
  facet normal 7.546854e-01 0.000000e+00 6.560868e-01
    outer loop
      vertex   5.590680e+01 1.750000e+00 3.097597e+00
      vertex   5.584604e+01 0.000000e+00 3.167493e+00
      vertex   5.590680e+01 0.000000e+00 3.097597e+00
    endloop
  endfacet
  facet normal 5.735549e-01 0.000000e+00 8.191671e-01
    outer loop
      vertex   5.590680e+01 1.750000e+00 3.097597e+00
      vertex   5.590680e+01 0.000000e+00 3.097597e+00
      vertex   5.598267e+01 1.750000e+00 3.044476e+00
    endloop
  endfacet
  facet normal 5.735549e-01 6.236285e-16 8.191671e-01
    outer loop
      vertex   5.598267e+01 1.750000e+00 3.044476e+00
      vertex   5.590680e+01 0.000000e+00 3.097597e+00
      vertex   5.598267e+01 0.000000e+00 3.044476e+00
    endloop
  endfacet
  facet normal 3.583532e-01 7.107351e-16 9.335861e-01
    outer loop
      vertex   5.598267e+01 1.750000e+00 3.044476e+00
      vertex   5.598267e+01 0.000000e+00 3.044476e+00
      vertex   5.606914e+01 1.750000e+00 3.011287e+00
    endloop
  endfacet
  facet normal 3.583532e-01 -7.107351e-16 9.335861e-01
    outer loop
      vertex   5.606914e+01 1.750000e+00 3.011287e+00
      vertex   5.598267e+01 0.000000e+00 3.044476e+00
      vertex   5.606914e+01 0.000000e+00 3.011287e+00
    endloop
  endfacet
  facet normal 1.218641e-01 -7.556217e-16 9.925468e-01
    outer loop
      vertex   5.606914e+01 1.750000e+00 3.011287e+00
      vertex   5.606914e+01 0.000000e+00 3.011287e+00
      vertex   5.616106e+01 0.000000e+00 3.000000e+00
    endloop
  endfacet
  facet normal 1.218641e-01 -0.000000e+00 9.925468e-01
    outer loop
      vertex   5.616106e+01 0.000000e+00 3.000000e+00
      vertex   5.616106e+01 3.500000e+00 3.000000e+00
      vertex   5.606914e+01 1.750000e+00 3.011287e+00
    endloop
  endfacet
  facet normal 1.218641e-01 7.556217e-16 9.925468e-01
    outer loop
      vertex   5.606914e+01 1.750000e+00 3.011287e+00
      vertex   5.616106e+01 3.500000e+00 3.000000e+00
      vertex   5.606914e+01 3.500000e+00 3.011287e+00
    endloop
  endfacet
  facet normal 3.583532e-01 7.107351e-16 9.335861e-01
    outer loop
      vertex   5.606914e+01 1.750000e+00 3.011287e+00
      vertex   5.606914e+01 3.500000e+00 3.011287e+00
      vertex   5.598267e+01 1.750000e+00 3.044476e+00
    endloop
  endfacet
  facet normal 3.583532e-01 -7.107351e-16 9.335861e-01
    outer loop
      vertex   5.598267e+01 1.750000e+00 3.044476e+00
      vertex   5.606914e+01 3.500000e+00 3.011287e+00
      vertex   5.598267e+01 3.500000e+00 3.044476e+00
    endloop
  endfacet
  facet normal 5.735549e-01 -6.236285e-16 8.191671e-01
    outer loop
      vertex   5.598267e+01 1.750000e+00 3.044476e+00
      vertex   5.598267e+01 3.500000e+00 3.044476e+00
      vertex   5.590680e+01 1.750000e+00 3.097597e+00
    endloop
  endfacet
  facet normal 5.735549e-01 -0.000000e+00 8.191671e-01
    outer loop
      vertex   5.590680e+01 1.750000e+00 3.097597e+00
      vertex   5.598267e+01 3.500000e+00 3.044476e+00
      vertex   5.590680e+01 3.500000e+00 3.097597e+00
    endloop
  endfacet
  facet normal 7.546854e-01 -0.000000e+00 6.560868e-01
    outer loop
      vertex   5.590680e+01 1.750000e+00 3.097597e+00
      vertex   5.590680e+01 3.500000e+00 3.097597e+00
      vertex   5.584604e+01 1.750000e+00 3.167493e+00
    endloop
  endfacet
  facet normal 7.546854e-01 9.989522e-16 6.560868e-01
    outer loop
      vertex   5.584604e+01 1.750000e+00 3.167493e+00
      vertex   5.590680e+01 3.500000e+00 3.097597e+00
      vertex   5.584604e+01 3.500000e+00 3.167493e+00
    endloop
  endfacet
  facet normal 8.909850e-01 6.913063e-16 4.540327e-01
    outer loop
      vertex   5.584604e+01 1.750000e+00 3.167493e+00
      vertex   5.584604e+01 3.500000e+00 3.167493e+00
      vertex   5.580399e+01 3.500000e+00 3.250014e+00
    endloop
  endfacet
  facet normal -1.218693e-01 0.000000e+00 9.925462e-01
    outer loop
      vertex   5.628992e+01 3.500000e+00 3.000000e+00
      vertex   5.628992e+01 0.000000e+00 3.000000e+00
      vertex   5.638185e+01 1.750000e+00 3.011288e+00
    endloop
  endfacet
  facet normal -1.218693e-01 -2.518737e-16 9.925462e-01
    outer loop
      vertex   5.638185e+01 1.750000e+00 3.011288e+00
      vertex   5.628992e+01 0.000000e+00 3.000000e+00
      vertex   5.638185e+01 0.000000e+00 3.011288e+00
    endloop
  endfacet
  facet normal -3.583679e-01 -2.369103e-16 9.335804e-01
    outer loop
      vertex   5.638185e+01 1.750000e+00 3.011288e+00
      vertex   5.638185e+01 0.000000e+00 3.011288e+00
      vertex   5.646832e+01 1.750000e+00 3.044480e+00
    endloop
  endfacet
  facet normal -3.583679e-01 4.738206e-16 9.335804e-01
    outer loop
      vertex   5.646832e+01 1.750000e+00 3.044480e+00
      vertex   5.638185e+01 0.000000e+00 3.011288e+00
      vertex   5.646832e+01 0.000000e+00 3.044480e+00
    endloop
  endfacet
  facet normal -5.735764e-01 4.157447e-16 8.191520e-01
    outer loop
      vertex   5.646832e+01 1.750000e+00 3.044480e+00
      vertex   5.646832e+01 0.000000e+00 3.044480e+00
      vertex   5.654419e+01 1.750000e+00 3.097605e+00
    endloop
  endfacet
  facet normal -5.735764e-01 -8.314893e-16 8.191520e-01
    outer loop
      vertex   5.654419e+01 1.750000e+00 3.097605e+00
      vertex   5.646832e+01 0.000000e+00 3.044480e+00
      vertex   5.654419e+01 0.000000e+00 3.097605e+00
    endloop
  endfacet
  facet normal -7.547096e-01 -6.659400e-16 6.560590e-01
    outer loop
      vertex   5.654419e+01 1.750000e+00 3.097605e+00
      vertex   5.654419e+01 0.000000e+00 3.097605e+00
      vertex   5.660496e+01 1.750000e+00 3.167507e+00
    endloop
  endfacet
  facet normal -7.547096e-01 -1.664850e-16 6.560590e-01
    outer loop
      vertex   5.660496e+01 1.750000e+00 3.167507e+00
      vertex   5.654419e+01 0.000000e+00 3.097605e+00
      vertex   5.660496e+01 0.000000e+00 3.167507e+00
    endloop
  endfacet
  facet normal -8.910065e-01 -1.152070e-16 4.539905e-01
    outer loop
      vertex   5.660496e+01 1.750000e+00 3.167507e+00
      vertex   5.660496e+01 0.000000e+00 3.167507e+00
      vertex   5.664700e+01 0.000000e+00 3.250032e+00
    endloop
  endfacet
  facet normal -8.910065e-01 0.000000e+00 4.539905e-01
    outer loop
      vertex   5.664700e+01 0.000000e+00 3.250032e+00
      vertex   5.664700e+01 3.500000e+00 3.250032e+00
      vertex   5.660496e+01 1.750000e+00 3.167507e+00
    endloop
  endfacet
  facet normal -8.910065e-01 1.152070e-16 4.539905e-01
    outer loop
      vertex   5.660496e+01 1.750000e+00 3.167507e+00
      vertex   5.664700e+01 3.500000e+00 3.250032e+00
      vertex   5.660496e+01 3.500000e+00 3.167507e+00
    endloop
  endfacet
  facet normal -7.547096e-01 1.664850e-16 6.560590e-01
    outer loop
      vertex   5.660496e+01 1.750000e+00 3.167507e+00
      vertex   5.660496e+01 3.500000e+00 3.167507e+00
      vertex   5.654419e+01 1.750000e+00 3.097605e+00
    endloop
  endfacet
  facet normal -7.547096e-01 6.659400e-16 6.560590e-01
    outer loop
      vertex   5.654419e+01 1.750000e+00 3.097605e+00
      vertex   5.660496e+01 3.500000e+00 3.167507e+00
      vertex   5.654419e+01 3.500000e+00 3.097605e+00
    endloop
  endfacet
  facet normal -5.735764e-01 8.314893e-16 8.191520e-01
    outer loop
      vertex   5.654419e+01 1.750000e+00 3.097605e+00
      vertex   5.654419e+01 3.500000e+00 3.097605e+00
      vertex   5.646832e+01 1.750000e+00 3.044480e+00
    endloop
  endfacet
  facet normal -5.735764e-01 -4.157447e-16 8.191520e-01
    outer loop
      vertex   5.646832e+01 1.750000e+00 3.044480e+00
      vertex   5.654419e+01 3.500000e+00 3.097605e+00
      vertex   5.646832e+01 3.500000e+00 3.044480e+00
    endloop
  endfacet
  facet normal -3.583679e-01 -4.738206e-16 9.335804e-01
    outer loop
      vertex   5.646832e+01 1.750000e+00 3.044480e+00
      vertex   5.646832e+01 3.500000e+00 3.044480e+00
      vertex   5.638185e+01 1.750000e+00 3.011288e+00
    endloop
  endfacet
  facet normal -3.583679e-01 2.369103e-16 9.335804e-01
    outer loop
      vertex   5.638185e+01 1.750000e+00 3.011288e+00
      vertex   5.646832e+01 3.500000e+00 3.044480e+00
      vertex   5.638185e+01 3.500000e+00 3.011288e+00
    endloop
  endfacet
  facet normal -1.218693e-01 2.518737e-16 9.925462e-01
    outer loop
      vertex   5.638185e+01 1.750000e+00 3.011288e+00
      vertex   5.638185e+01 3.500000e+00 3.011288e+00
      vertex   5.628992e+01 3.500000e+00 3.000000e+00
    endloop
  endfacet
  facet normal -9.396926e-01 0.000000e+00 3.420201e-01
    outer loop
      vertex   5.664700e+01 0.000000e+00 3.250032e+00
      vertex   5.737493e+01 0.000000e+00 5.250000e+00
      vertex   5.664700e+01 3.500000e+00 3.250032e+00
    endloop
  endfacet
  facet normal -9.396926e-01 3.207980e-18 3.420201e-01
    outer loop
      vertex   5.664700e+01 3.500000e+00 3.250032e+00
      vertex   5.737493e+01 0.000000e+00 5.250000e+00
      vertex   5.737493e+01 3.500000e+00 5.250000e+00
    endloop
  endfacet
  facet normal 0.000000e+00 0.000000e+00 1.000000e+00
    outer loop
      vertex   5.737493e+01 0.000000e+00 5.250000e+00
      vertex   5.821793e+01 0.000000e+00 5.250000e+00
      vertex   5.737493e+01 3.500000e+00 5.250000e+00
    endloop
  endfacet
  facet normal -0.000000e+00 0.000000e+00 1.000000e+00
    outer loop
      vertex   5.737493e+01 3.500000e+00 5.250000e+00
      vertex   5.821793e+01 0.000000e+00 5.250000e+00
      vertex   5.821793e+01 3.500000e+00 5.250000e+00
    endloop
  endfacet
  facet normal 9.396746e-01 -0.000000e+00 3.420695e-01
    outer loop
      vertex   5.821793e+01 0.000000e+00 5.250000e+00
      vertex   5.894599e+01 0.000000e+00 3.250014e+00
      vertex   5.821793e+01 3.500000e+00 5.250000e+00
    endloop
  endfacet
  facet normal 9.396746e-01 -7.507863e-18 3.420695e-01
    outer loop
      vertex   5.821793e+01 3.500000e+00 5.250000e+00
      vertex   5.894599e+01 0.000000e+00 3.250014e+00
      vertex   5.894599e+01 3.500000e+00 3.250014e+00
    endloop
  endfacet
  facet normal 4.189810e-01 6.191523e-04 9.079948e-01
    outer loop
      vertex   5.917424e+01 4.313221e-01 3.022502e+00
      vertex   5.912467e+01 1.750000e+00 3.044476e+00
      vertex   5.911465e+01 4.313221e-01 3.050000e+00
    endloop
  endfacet
  facet normal 5.735547e-01 -9.277417e-04 8.191668e-01
    outer loop
      vertex   5.911465e+01 4.313221e-01 3.050000e+00
      vertex   5.912467e+01 1.750000e+00 3.044476e+00
      vertex   5.904880e+01 1.750000e+00 3.097597e+00
    endloop
  endfacet
  facet normal 5.920692e-01 4.760833e-04 8.058870e-01
    outer loop
      vertex   5.911465e+01 4.313221e-01 3.050000e+00
      vertex   5.904880e+01 1.750000e+00 3.097597e+00
      vertex   5.904318e+01 0.000000e+00 3.102758e+00
    endloop
  endfacet
  facet normal 7.546853e-01 -4.878154e-04 6.560867e-01
    outer loop
      vertex   5.904318e+01 0.000000e+00 3.102758e+00
      vertex   5.904880e+01 1.750000e+00 3.097597e+00
      vertex   5.898804e+01 1.750000e+00 3.167493e+00
    endloop
  endfacet
  facet normal 7.644789e-01 2.439108e-04 6.446487e-01
    outer loop
      vertex   5.904318e+01 0.000000e+00 3.102758e+00
      vertex   5.898804e+01 1.750000e+00 3.167493e+00
      vertex   5.898592e+01 0.000000e+00 3.170667e+00
    endloop
  endfacet
  facet normal 8.932527e-01 -2.656435e-04 4.495547e-01
    outer loop
      vertex   5.898592e+01 0.000000e+00 3.170667e+00
      vertex   5.898804e+01 1.750000e+00 3.167493e+00
      vertex   5.894599e+01 0.000000e+00 3.250014e+00
    endloop
  endfacet
  facet normal 8.909850e-01 -0.000000e+00 4.540327e-01
    outer loop
      vertex   5.894599e+01 0.000000e+00 3.250014e+00
      vertex   5.898804e+01 1.750000e+00 3.167493e+00
      vertex   5.894599e+01 3.500000e+00 3.250014e+00
    endloop
  endfacet
  facet normal 8.909850e-01 3.616689e-15 4.540327e-01
    outer loop
      vertex   5.894599e+01 3.500000e+00 3.250014e+00
      vertex   5.898804e+01 1.750000e+00 3.167493e+00
      vertex   5.898804e+01 3.500000e+00 3.167493e+00
    endloop
  endfacet
  facet normal 7.546854e-01 3.064207e-15 6.560868e-01
    outer loop
      vertex   5.898804e+01 3.500000e+00 3.167493e+00
      vertex   5.898804e+01 1.750000e+00 3.167493e+00
      vertex   5.904880e+01 3.500000e+00 3.097597e+00
    endloop
  endfacet
  facet normal 7.546854e-01 -3.329841e-16 6.560868e-01
    outer loop
      vertex   5.904880e+01 3.500000e+00 3.097597e+00
      vertex   5.898804e+01 1.750000e+00 3.167493e+00
      vertex   5.904880e+01 1.750000e+00 3.097597e+00
    endloop
  endfacet
  facet normal 5.735549e-01 -4.157523e-16 8.191671e-01
    outer loop
      vertex   5.904880e+01 3.500000e+00 3.097597e+00
      vertex   5.904880e+01 1.750000e+00 3.097597e+00
      vertex   5.912467e+01 3.500000e+00 3.044476e+00
    endloop
  endfacet
  facet normal 5.735549e-01 -6.236285e-16 8.191671e-01
    outer loop
      vertex   5.912467e+01 3.500000e+00 3.044476e+00
      vertex   5.904880e+01 1.750000e+00 3.097597e+00
      vertex   5.912467e+01 1.750000e+00 3.044476e+00
    endloop
  endfacet
  facet normal 3.583532e-01 -7.107351e-16 9.335861e-01
    outer loop
      vertex   5.912467e+01 3.500000e+00 3.044476e+00
      vertex   5.912467e+01 1.750000e+00 3.044476e+00
      vertex   5.921114e+01 3.500000e+00 3.011287e+00
    endloop
  endfacet
  facet normal 3.583532e-01 0.000000e+00 9.335861e-01
    outer loop
      vertex   5.921114e+01 3.500000e+00 3.011287e+00
      vertex   5.912467e+01 1.750000e+00 3.044476e+00
      vertex   5.921114e+01 1.750000e+00 3.011287e+00
    endloop
  endfacet
  facet normal 1.218641e-01 0.000000e+00 9.925468e-01
    outer loop
      vertex   5.921114e+01 3.500000e+00 3.011287e+00
      vertex   5.921114e+01 1.750000e+00 3.011287e+00
      vertex   5.930306e+01 3.500000e+00 3.000000e+00
    endloop
  endfacet
  facet normal 1.458387e-01 -1.280261e-03 9.893076e-01
    outer loop
      vertex   5.930306e+01 3.500000e+00 3.000000e+00
      vertex   5.921114e+01 1.750000e+00 3.011287e+00
      vertex   5.923768e+01 4.313221e-01 3.005668e+00
    endloop
  endfacet
  facet normal 8.635687e-02 0.000000e+00 9.962643e-01
    outer loop
      vertex   5.930306e+01 3.500000e+00 3.000000e+00
      vertex   5.923768e+01 4.313221e-01 3.005668e+00
      vertex   5.930306e+01 4.313221e-01 3.000000e+00
    endloop
  endfacet
  facet normal 3.583524e-01 -2.086358e-03 9.335840e-01
    outer loop
      vertex   5.912467e+01 1.750000e+00 3.044476e+00
      vertex   5.917424e+01 4.313221e-01 3.022502e+00
      vertex   5.921114e+01 1.750000e+00 3.011287e+00
    endloop
  endfacet
  facet normal 2.564944e-01 1.043846e-03 9.665451e-01
    outer loop
      vertex   5.921114e+01 1.750000e+00 3.011287e+00
      vertex   5.917424e+01 4.313221e-01 3.022502e+00
      vertex   5.923768e+01 4.313221e-01 3.005668e+00
    endloop
  endfacet
  facet normal 5.939307e-01 -5.285751e-15 8.045162e-01
    outer loop
      vertex   5.904318e+01 0.000000e+00 3.102758e+00
      vertex   5.911465e+01 0.000000e+00 3.050000e+00
      vertex   5.911465e+01 4.313221e-01 3.050000e+00
    endloop
  endfacet
  facet normal -1.000000e+00 -5.075305e-16 -7.886452e-05
    outer loop
      vertex   -2.660000e-01 3.500000e+00 2.000000e+00
      vertex   -2.660000e-01 0.000000e+00 2.000000e+00
      vertex   -2.660789e-01 3.500000e+00 3.000000e+00
    endloop
  endfacet
  facet normal -1.000000e+00 -0.000000e+00 -7.886452e-05
    outer loop
      vertex   -2.660789e-01 3.500000e+00 3.000000e+00
      vertex   -2.660000e-01 0.000000e+00 2.000000e+00
      vertex   -2.660789e-01 0.000000e+00 3.000000e+00
    endloop
  endfacet
  facet normal 0.000000e+00 -1.000000e+00 0.000000e+00
    outer loop
      vertex   5.911465e+01 0.000000e+00 3.050000e+00
      vertex   5.904318e+01 0.000000e+00 3.102758e+00
      vertex   5.900000e+01 0.000000e+00 3.050000e+00
    endloop
  endfacet
  facet normal 0.000000e+00 -1.000000e+00 0.000000e+00
    outer loop
      vertex   5.900000e+01 0.000000e+00 3.050000e+00
      vertex   5.904318e+01 0.000000e+00 3.102758e+00
      vertex   5.654419e+01 0.000000e+00 3.097605e+00
    endloop
  endfacet
  facet normal -0.000000e+00 -1.000000e+00 0.000000e+00
    outer loop
      vertex   5.900000e+01 0.000000e+00 3.050000e+00
      vertex   5.654419e+01 0.000000e+00 3.097605e+00
      vertex   5.646832e+01 0.000000e+00 3.044480e+00
    endloop
  endfacet
  facet normal 0.000000e+00 -1.000000e+00 0.000000e+00
    outer loop
      vertex   5.654419e+01 0.000000e+00 3.097605e+00
      vertex   5.904318e+01 0.000000e+00 3.102758e+00
      vertex   5.660496e+01 0.000000e+00 3.167507e+00
    endloop
  endfacet
  facet normal 0.000000e+00 -1.000000e+00 0.000000e+00
    outer loop
      vertex   5.660496e+01 0.000000e+00 3.167507e+00
      vertex   5.904318e+01 0.000000e+00 3.102758e+00
      vertex   5.898592e+01 0.000000e+00 3.170667e+00
    endloop
  endfacet
  facet normal 0.000000e+00 -1.000000e+00 0.000000e+00
    outer loop
      vertex   5.660496e+01 0.000000e+00 3.167507e+00
      vertex   5.898592e+01 0.000000e+00 3.170667e+00
      vertex   5.664700e+01 0.000000e+00 3.250032e+00
    endloop
  endfacet
  facet normal 0.000000e+00 -1.000000e+00 0.000000e+00
    outer loop
      vertex   5.664700e+01 0.000000e+00 3.250032e+00
      vertex   5.898592e+01 0.000000e+00 3.170667e+00
      vertex   5.894599e+01 0.000000e+00 3.250014e+00
    endloop
  endfacet
  facet normal 0.000000e+00 -1.000000e+00 0.000000e+00
    outer loop
      vertex   5.664700e+01 0.000000e+00 3.250032e+00
      vertex   5.894599e+01 0.000000e+00 3.250014e+00
      vertex   5.821793e+01 0.000000e+00 5.250000e+00
    endloop
  endfacet
  facet normal -0.000000e+00 -1.000000e+00 0.000000e+00
    outer loop
      vertex   5.821793e+01 0.000000e+00 5.250000e+00
      vertex   5.737493e+01 0.000000e+00 5.250000e+00
      vertex   5.664700e+01 0.000000e+00 3.250032e+00
    endloop
  endfacet
  facet normal 0.000000e+00 -1.000000e+00 -0.000000e+00
    outer loop
      vertex   5.646832e+01 0.000000e+00 3.044480e+00
      vertex   5.638185e+01 0.000000e+00 3.011288e+00
      vertex   5.900000e+01 0.000000e+00 3.050000e+00
    endloop
  endfacet
  facet normal 0.000000e+00 -1.000000e+00 0.000000e+00
    outer loop
      vertex   5.900000e+01 0.000000e+00 3.050000e+00
      vertex   5.638185e+01 0.000000e+00 3.011288e+00
      vertex   5.628992e+01 0.000000e+00 3.000000e+00
    endloop
  endfacet
  facet normal -1.184365e-33 -1.000000e+00 6.419443e-32
    outer loop
      vertex   5.900000e+01 0.000000e+00 3.050000e+00
      vertex   5.628992e+01 0.000000e+00 3.000000e+00
      vertex   5.900000e+01 -1.957930e-31 0.000000e+00
    endloop
  endfacet
  facet normal -1.633837e-48 -1.000000e+00 6.526433e-32
    outer loop
      vertex   5.900000e+01 -1.957930e-31 0.000000e+00
      vertex   5.628992e+01 0.000000e+00 3.000000e+00
      vertex   5.616106e+01 0.000000e+00 3.000000e+00
    endloop
  endfacet
  facet normal -6.987111e-50 -1.000000e+00 6.526433e-32
    outer loop
      vertex   5.900000e+01 -1.957930e-31 0.000000e+00
      vertex   5.616106e+01 0.000000e+00 3.000000e+00
      vertex   5.314792e+01 0.000000e+00 3.000000e+00
    endloop
  endfacet
  facet normal 0.000000e+00 -1.000000e+00 0.000000e+00
    outer loop
      vertex   5.314792e+01 0.000000e+00 3.000000e+00
      vertex   5.616106e+01 0.000000e+00 3.000000e+00
      vertex   5.606914e+01 0.000000e+00 3.011287e+00
    endloop
  endfacet
  facet normal 0.000000e+00 -1.000000e+00 0.000000e+00
    outer loop
      vertex   5.314792e+01 0.000000e+00 3.000000e+00
      vertex   5.606914e+01 0.000000e+00 3.011287e+00
      vertex   5.323985e+01 0.000000e+00 3.011288e+00
    endloop
  endfacet
  facet normal 0.000000e+00 -1.000000e+00 0.000000e+00
    outer loop
      vertex   5.323985e+01 0.000000e+00 3.011288e+00
      vertex   5.606914e+01 0.000000e+00 3.011287e+00
      vertex   5.598267e+01 0.000000e+00 3.044476e+00
    endloop
  endfacet
  facet normal 0.000000e+00 -1.000000e+00 0.000000e+00
    outer loop
      vertex   5.323985e+01 0.000000e+00 3.011288e+00
      vertex   5.598267e+01 0.000000e+00 3.044476e+00
      vertex   5.332632e+01 0.000000e+00 3.044480e+00
    endloop
  endfacet
  facet normal 0.000000e+00 -1.000000e+00 0.000000e+00
    outer loop
      vertex   5.332632e+01 0.000000e+00 3.044480e+00
      vertex   5.598267e+01 0.000000e+00 3.044476e+00
      vertex   5.590680e+01 0.000000e+00 3.097597e+00
    endloop
  endfacet
  facet normal 0.000000e+00 -1.000000e+00 0.000000e+00
    outer loop
      vertex   5.332632e+01 0.000000e+00 3.044480e+00
      vertex   5.590680e+01 0.000000e+00 3.097597e+00
      vertex   5.340219e+01 0.000000e+00 3.097605e+00
    endloop
  endfacet
  facet normal 0.000000e+00 -1.000000e+00 0.000000e+00
    outer loop
      vertex   5.340219e+01 0.000000e+00 3.097605e+00
      vertex   5.590680e+01 0.000000e+00 3.097597e+00
      vertex   5.584604e+01 0.000000e+00 3.167493e+00
    endloop
  endfacet
  facet normal 0.000000e+00 -1.000000e+00 0.000000e+00
    outer loop
      vertex   5.340219e+01 0.000000e+00 3.097605e+00
      vertex   5.584604e+01 0.000000e+00 3.167493e+00
      vertex   5.346296e+01 0.000000e+00 3.167507e+00
    endloop
  endfacet
  facet normal 0.000000e+00 -1.000000e+00 0.000000e+00
    outer loop
      vertex   5.346296e+01 0.000000e+00 3.167507e+00
      vertex   5.584604e+01 0.000000e+00 3.167493e+00
      vertex   5.580399e+01 0.000000e+00 3.250014e+00
    endloop
  endfacet
  facet normal 0.000000e+00 -1.000000e+00 0.000000e+00
    outer loop
      vertex   5.346296e+01 0.000000e+00 3.167507e+00
      vertex   5.580399e+01 0.000000e+00 3.250014e+00
      vertex   5.350500e+01 0.000000e+00 3.250032e+00
    endloop
  endfacet
  facet normal 0.000000e+00 -1.000000e+00 0.000000e+00
    outer loop
      vertex   5.350500e+01 0.000000e+00 3.250032e+00
      vertex   5.580399e+01 0.000000e+00 3.250014e+00
      vertex   5.507593e+01 0.000000e+00 5.250000e+00
    endloop
  endfacet
  facet normal 0.000000e+00 -1.000000e+00 0.000000e+00
    outer loop
      vertex   5.350500e+01 0.000000e+00 3.250032e+00
      vertex   5.507593e+01 0.000000e+00 5.250000e+00
      vertex   5.423293e+01 0.000000e+00 5.250000e+00
    endloop
  endfacet
  facet normal 0.000000e+00 -1.000000e+00 6.526433e-32
    outer loop
      vertex   5.314792e+01 0.000000e+00 3.000000e+00
      vertex   5.301906e+01 0.000000e+00 3.000000e+00
      vertex   5.900000e+01 -1.957930e-31 0.000000e+00
    endloop
  endfacet
  facet normal -6.987111e-50 -1.000000e+00 6.526433e-32
    outer loop
      vertex   5.900000e+01 -1.957930e-31 0.000000e+00
      vertex   5.301906e+01 0.000000e+00 3.000000e+00
      vertex   5.000592e+01 0.000000e+00 3.000000e+00
    endloop
  endfacet
  facet normal -1.633837e-48 -1.000000e+00 6.526433e-32
    outer loop
      vertex   5.900000e+01 -1.957930e-31 0.000000e+00
      vertex   5.000592e+01 0.000000e+00 3.000000e+00
      vertex   4.987706e+01 0.000000e+00 3.000000e+00
    endloop
  endfacet
  facet normal 0.000000e+00 -1.000000e+00 0.000000e+00
    outer loop
      vertex   5.301906e+01 0.000000e+00 3.000000e+00
      vertex   5.292714e+01 0.000000e+00 3.011287e+00
      vertex   5.000592e+01 0.000000e+00 3.000000e+00
    endloop
  endfacet
  facet normal 0.000000e+00 -1.000000e+00 0.000000e+00
    outer loop
      vertex   5.000592e+01 0.000000e+00 3.000000e+00
      vertex   5.292714e+01 0.000000e+00 3.011287e+00
      vertex   5.009785e+01 0.000000e+00 3.011288e+00
    endloop
  endfacet
  facet normal 0.000000e+00 -1.000000e+00 0.000000e+00
    outer loop
      vertex   5.009785e+01 0.000000e+00 3.011288e+00
      vertex   5.292714e+01 0.000000e+00 3.011287e+00
      vertex   5.284067e+01 0.000000e+00 3.044476e+00
    endloop
  endfacet
  facet normal 0.000000e+00 -1.000000e+00 0.000000e+00
    outer loop
      vertex   5.009785e+01 0.000000e+00 3.011288e+00
      vertex   5.284067e+01 0.000000e+00 3.044476e+00
      vertex   5.018432e+01 0.000000e+00 3.044480e+00
    endloop
  endfacet
  facet normal 0.000000e+00 -1.000000e+00 0.000000e+00
    outer loop
      vertex   5.018432e+01 0.000000e+00 3.044480e+00
      vertex   5.284067e+01 0.000000e+00 3.044476e+00
      vertex   5.276480e+01 0.000000e+00 3.097597e+00
    endloop
  endfacet
  facet normal 0.000000e+00 -1.000000e+00 0.000000e+00
    outer loop
      vertex   5.018432e+01 0.000000e+00 3.044480e+00
      vertex   5.276480e+01 0.000000e+00 3.097597e+00
      vertex   5.026019e+01 0.000000e+00 3.097605e+00
    endloop
  endfacet
  facet normal 0.000000e+00 -1.000000e+00 0.000000e+00
    outer loop
      vertex   5.026019e+01 0.000000e+00 3.097605e+00
      vertex   5.276480e+01 0.000000e+00 3.097597e+00
      vertex   5.270404e+01 0.000000e+00 3.167493e+00
    endloop
  endfacet
  facet normal 0.000000e+00 -1.000000e+00 0.000000e+00
    outer loop
      vertex   5.026019e+01 0.000000e+00 3.097605e+00
      vertex   5.270404e+01 0.000000e+00 3.167493e+00
      vertex   5.032096e+01 0.000000e+00 3.167507e+00
    endloop
  endfacet
  facet normal 0.000000e+00 -1.000000e+00 0.000000e+00
    outer loop
      vertex   5.032096e+01 0.000000e+00 3.167507e+00
      vertex   5.270404e+01 0.000000e+00 3.167493e+00
      vertex   5.266199e+01 0.000000e+00 3.250014e+00
    endloop
  endfacet
  facet normal 0.000000e+00 -1.000000e+00 0.000000e+00
    outer loop
      vertex   5.032096e+01 0.000000e+00 3.167507e+00
      vertex   5.266199e+01 0.000000e+00 3.250014e+00
      vertex   5.036300e+01 0.000000e+00 3.250032e+00
    endloop
  endfacet
  facet normal 0.000000e+00 -1.000000e+00 0.000000e+00
    outer loop
      vertex   5.036300e+01 0.000000e+00 3.250032e+00
      vertex   5.266199e+01 0.000000e+00 3.250014e+00
      vertex   5.193393e+01 0.000000e+00 5.250000e+00
    endloop
  endfacet
  facet normal 0.000000e+00 -1.000000e+00 0.000000e+00
    outer loop
      vertex   5.036300e+01 0.000000e+00 3.250032e+00
      vertex   5.193393e+01 0.000000e+00 5.250000e+00
      vertex   5.109093e+01 0.000000e+00 5.250000e+00
    endloop
  endfacet
  facet normal -6.987111e-50 -1.000000e+00 6.526433e-32
    outer loop
      vertex   5.900000e+01 -1.957930e-31 0.000000e+00
      vertex   4.987706e+01 0.000000e+00 3.000000e+00
      vertex   4.686392e+01 0.000000e+00 3.000000e+00
    endloop
  endfacet
  facet normal 0.000000e+00 -1.000000e+00 0.000000e+00
    outer loop
      vertex   4.686392e+01 0.000000e+00 3.000000e+00
      vertex   4.987706e+01 0.000000e+00 3.000000e+00
      vertex   4.978514e+01 0.000000e+00 3.011287e+00
    endloop
  endfacet
  facet normal 0.000000e+00 -1.000000e+00 0.000000e+00
    outer loop
      vertex   4.686392e+01 0.000000e+00 3.000000e+00
      vertex   4.978514e+01 0.000000e+00 3.011287e+00
      vertex   4.695585e+01 0.000000e+00 3.011288e+00
    endloop
  endfacet
  facet normal 0.000000e+00 -1.000000e+00 0.000000e+00
    outer loop
      vertex   4.695585e+01 0.000000e+00 3.011288e+00
      vertex   4.978514e+01 0.000000e+00 3.011287e+00
      vertex   4.969867e+01 0.000000e+00 3.044476e+00
    endloop
  endfacet
  facet normal 0.000000e+00 -1.000000e+00 0.000000e+00
    outer loop
      vertex   4.695585e+01 0.000000e+00 3.011288e+00
      vertex   4.969867e+01 0.000000e+00 3.044476e+00
      vertex   4.704232e+01 0.000000e+00 3.044480e+00
    endloop
  endfacet
  facet normal 0.000000e+00 -1.000000e+00 0.000000e+00
    outer loop
      vertex   4.704232e+01 0.000000e+00 3.044480e+00
      vertex   4.969867e+01 0.000000e+00 3.044476e+00
      vertex   4.962280e+01 0.000000e+00 3.097597e+00
    endloop
  endfacet
  facet normal 0.000000e+00 -1.000000e+00 0.000000e+00
    outer loop
      vertex   4.704232e+01 0.000000e+00 3.044480e+00
      vertex   4.962280e+01 0.000000e+00 3.097597e+00
      vertex   4.711819e+01 0.000000e+00 3.097605e+00
    endloop
  endfacet
  facet normal 0.000000e+00 -1.000000e+00 0.000000e+00
    outer loop
      vertex   4.711819e+01 0.000000e+00 3.097605e+00
      vertex   4.962280e+01 0.000000e+00 3.097597e+00
      vertex   4.956204e+01 0.000000e+00 3.167493e+00
    endloop
  endfacet
  facet normal 0.000000e+00 -1.000000e+00 0.000000e+00
    outer loop
      vertex   4.711819e+01 0.000000e+00 3.097605e+00
      vertex   4.956204e+01 0.000000e+00 3.167493e+00
      vertex   4.717896e+01 0.000000e+00 3.167507e+00
    endloop
  endfacet
  facet normal 0.000000e+00 -1.000000e+00 0.000000e+00
    outer loop
      vertex   4.717896e+01 0.000000e+00 3.167507e+00
      vertex   4.956204e+01 0.000000e+00 3.167493e+00
      vertex   4.951999e+01 0.000000e+00 3.250014e+00
    endloop
  endfacet
  facet normal 0.000000e+00 -1.000000e+00 0.000000e+00
    outer loop
      vertex   4.717896e+01 0.000000e+00 3.167507e+00
      vertex   4.951999e+01 0.000000e+00 3.250014e+00
      vertex   4.722100e+01 0.000000e+00 3.250032e+00
    endloop
  endfacet
  facet normal 0.000000e+00 -1.000000e+00 0.000000e+00
    outer loop
      vertex   4.722100e+01 0.000000e+00 3.250032e+00
      vertex   4.951999e+01 0.000000e+00 3.250014e+00
      vertex   4.879193e+01 0.000000e+00 5.250000e+00
    endloop
  endfacet
  facet normal 0.000000e+00 -1.000000e+00 0.000000e+00
    outer loop
      vertex   4.722100e+01 0.000000e+00 3.250032e+00
      vertex   4.879193e+01 0.000000e+00 5.250000e+00
      vertex   4.794893e+01 0.000000e+00 5.250000e+00
    endloop
  endfacet
  facet normal 0.000000e+00 -1.000000e+00 6.526433e-32
    outer loop
      vertex   4.686392e+01 0.000000e+00 3.000000e+00
      vertex   4.673506e+01 0.000000e+00 3.000000e+00
      vertex   5.900000e+01 -1.957930e-31 0.000000e+00
    endloop
  endfacet
  facet normal -6.987111e-50 -1.000000e+00 6.526433e-32
    outer loop
      vertex   5.900000e+01 -1.957930e-31 0.000000e+00
      vertex   4.673506e+01 0.000000e+00 3.000000e+00
      vertex   4.372192e+01 0.000000e+00 3.000000e+00
    endloop
  endfacet
  facet normal -1.633837e-48 -1.000000e+00 6.526433e-32
    outer loop
      vertex   5.900000e+01 -1.957930e-31 0.000000e+00
      vertex   4.372192e+01 0.000000e+00 3.000000e+00
      vertex   4.359306e+01 0.000000e+00 3.000000e+00
    endloop
  endfacet
  facet normal 0.000000e+00 -1.000000e+00 0.000000e+00
    outer loop
      vertex   4.673506e+01 0.000000e+00 3.000000e+00
      vertex   4.664314e+01 0.000000e+00 3.011287e+00
      vertex   4.372192e+01 0.000000e+00 3.000000e+00
    endloop
  endfacet
  facet normal 0.000000e+00 -1.000000e+00 0.000000e+00
    outer loop
      vertex   4.372192e+01 0.000000e+00 3.000000e+00
      vertex   4.664314e+01 0.000000e+00 3.011287e+00
      vertex   4.381385e+01 0.000000e+00 3.011288e+00
    endloop
  endfacet
  facet normal 0.000000e+00 -1.000000e+00 0.000000e+00
    outer loop
      vertex   4.381385e+01 0.000000e+00 3.011288e+00
      vertex   4.664314e+01 0.000000e+00 3.011287e+00
      vertex   4.655667e+01 0.000000e+00 3.044476e+00
    endloop
  endfacet
  facet normal 0.000000e+00 -1.000000e+00 0.000000e+00
    outer loop
      vertex   4.381385e+01 0.000000e+00 3.011288e+00
      vertex   4.655667e+01 0.000000e+00 3.044476e+00
      vertex   4.390032e+01 0.000000e+00 3.044480e+00
    endloop
  endfacet
  facet normal 0.000000e+00 -1.000000e+00 0.000000e+00
    outer loop
      vertex   4.390032e+01 0.000000e+00 3.044480e+00
      vertex   4.655667e+01 0.000000e+00 3.044476e+00
      vertex   4.648080e+01 0.000000e+00 3.097597e+00
    endloop
  endfacet
  facet normal 0.000000e+00 -1.000000e+00 0.000000e+00
    outer loop
      vertex   4.390032e+01 0.000000e+00 3.044480e+00
      vertex   4.648080e+01 0.000000e+00 3.097597e+00
      vertex   4.397619e+01 0.000000e+00 3.097605e+00
    endloop
  endfacet
  facet normal 0.000000e+00 -1.000000e+00 0.000000e+00
    outer loop
      vertex   4.397619e+01 0.000000e+00 3.097605e+00
      vertex   4.648080e+01 0.000000e+00 3.097597e+00
      vertex   4.642004e+01 0.000000e+00 3.167493e+00
    endloop
  endfacet
  facet normal 0.000000e+00 -1.000000e+00 0.000000e+00
    outer loop
      vertex   4.397619e+01 0.000000e+00 3.097605e+00
      vertex   4.642004e+01 0.000000e+00 3.167493e+00
      vertex   4.403696e+01 0.000000e+00 3.167507e+00
    endloop
  endfacet
  facet normal 0.000000e+00 -1.000000e+00 0.000000e+00
    outer loop
      vertex   4.403696e+01 0.000000e+00 3.167507e+00
      vertex   4.642004e+01 0.000000e+00 3.167493e+00
      vertex   4.637799e+01 0.000000e+00 3.250014e+00
    endloop
  endfacet
  facet normal 0.000000e+00 -1.000000e+00 0.000000e+00
    outer loop
      vertex   4.403696e+01 0.000000e+00 3.167507e+00
      vertex   4.637799e+01 0.000000e+00 3.250014e+00
      vertex   4.407900e+01 0.000000e+00 3.250032e+00
    endloop
  endfacet
  facet normal 0.000000e+00 -1.000000e+00 0.000000e+00
    outer loop
      vertex   4.407900e+01 0.000000e+00 3.250032e+00
      vertex   4.637799e+01 0.000000e+00 3.250014e+00
      vertex   4.564993e+01 0.000000e+00 5.250000e+00
    endloop
  endfacet
  facet normal 0.000000e+00 -1.000000e+00 0.000000e+00
    outer loop
      vertex   4.407900e+01 0.000000e+00 3.250032e+00
      vertex   4.564993e+01 0.000000e+00 5.250000e+00
      vertex   4.480693e+01 0.000000e+00 5.250000e+00
    endloop
  endfacet
  facet normal -6.987111e-50 -1.000000e+00 6.526433e-32
    outer loop
      vertex   5.900000e+01 -1.957930e-31 0.000000e+00
      vertex   4.359306e+01 0.000000e+00 3.000000e+00
      vertex   4.057992e+01 0.000000e+00 3.000000e+00
    endloop
  endfacet
  facet normal 0.000000e+00 -1.000000e+00 0.000000e+00
    outer loop
      vertex   4.057992e+01 0.000000e+00 3.000000e+00
      vertex   4.359306e+01 0.000000e+00 3.000000e+00
      vertex   4.350114e+01 0.000000e+00 3.011287e+00
    endloop
  endfacet
  facet normal 0.000000e+00 -1.000000e+00 0.000000e+00
    outer loop
      vertex   4.057992e+01 0.000000e+00 3.000000e+00
      vertex   4.350114e+01 0.000000e+00 3.011287e+00
      vertex   4.067185e+01 0.000000e+00 3.011288e+00
    endloop
  endfacet
  facet normal 0.000000e+00 -1.000000e+00 0.000000e+00
    outer loop
      vertex   4.067185e+01 0.000000e+00 3.011288e+00
      vertex   4.350114e+01 0.000000e+00 3.011287e+00
      vertex   4.341467e+01 0.000000e+00 3.044476e+00
    endloop
  endfacet
  facet normal 0.000000e+00 -1.000000e+00 0.000000e+00
    outer loop
      vertex   4.067185e+01 0.000000e+00 3.011288e+00
      vertex   4.341467e+01 0.000000e+00 3.044476e+00
      vertex   4.075832e+01 0.000000e+00 3.044480e+00
    endloop
  endfacet
  facet normal 0.000000e+00 -1.000000e+00 0.000000e+00
    outer loop
      vertex   4.075832e+01 0.000000e+00 3.044480e+00
      vertex   4.341467e+01 0.000000e+00 3.044476e+00
      vertex   4.333880e+01 0.000000e+00 3.097597e+00
    endloop
  endfacet
  facet normal 0.000000e+00 -1.000000e+00 0.000000e+00
    outer loop
      vertex   4.075832e+01 0.000000e+00 3.044480e+00
      vertex   4.333880e+01 0.000000e+00 3.097597e+00
      vertex   4.083419e+01 0.000000e+00 3.097605e+00
    endloop
  endfacet
  facet normal 0.000000e+00 -1.000000e+00 0.000000e+00
    outer loop
      vertex   4.083419e+01 0.000000e+00 3.097605e+00
      vertex   4.333880e+01 0.000000e+00 3.097597e+00
      vertex   4.327804e+01 0.000000e+00 3.167493e+00
    endloop
  endfacet
  facet normal 0.000000e+00 -1.000000e+00 0.000000e+00
    outer loop
      vertex   4.083419e+01 0.000000e+00 3.097605e+00
      vertex   4.327804e+01 0.000000e+00 3.167493e+00
      vertex   4.089496e+01 0.000000e+00 3.167507e+00
    endloop
  endfacet
  facet normal 0.000000e+00 -1.000000e+00 0.000000e+00
    outer loop
      vertex   4.089496e+01 0.000000e+00 3.167507e+00
      vertex   4.327804e+01 0.000000e+00 3.167493e+00
      vertex   4.323599e+01 0.000000e+00 3.250014e+00
    endloop
  endfacet
  facet normal 0.000000e+00 -1.000000e+00 0.000000e+00
    outer loop
      vertex   4.089496e+01 0.000000e+00 3.167507e+00
      vertex   4.323599e+01 0.000000e+00 3.250014e+00
      vertex   4.093700e+01 0.000000e+00 3.250032e+00
    endloop
  endfacet
  facet normal 0.000000e+00 -1.000000e+00 0.000000e+00
    outer loop
      vertex   4.093700e+01 0.000000e+00 3.250032e+00
      vertex   4.323599e+01 0.000000e+00 3.250014e+00
      vertex   4.250793e+01 0.000000e+00 5.250000e+00
    endloop
  endfacet
  facet normal 0.000000e+00 -1.000000e+00 0.000000e+00
    outer loop
      vertex   4.093700e+01 0.000000e+00 3.250032e+00
      vertex   4.250793e+01 0.000000e+00 5.250000e+00
      vertex   4.166493e+01 0.000000e+00 5.250000e+00
    endloop
  endfacet
  facet normal 0.000000e+00 -1.000000e+00 6.526433e-32
    outer loop
      vertex   4.057992e+01 0.000000e+00 3.000000e+00
      vertex   4.045106e+01 0.000000e+00 3.000000e+00
      vertex   5.900000e+01 -1.957930e-31 0.000000e+00
    endloop
  endfacet
  facet normal -6.987111e-50 -1.000000e+00 6.526433e-32
    outer loop
      vertex   5.900000e+01 -1.957930e-31 0.000000e+00
      vertex   4.045106e+01 0.000000e+00 3.000000e+00
      vertex   3.743792e+01 0.000000e+00 3.000000e+00
    endloop
  endfacet
  facet normal -1.633837e-48 -1.000000e+00 6.526433e-32
    outer loop
      vertex   5.900000e+01 -1.957930e-31 0.000000e+00
      vertex   3.743792e+01 0.000000e+00 3.000000e+00
      vertex   3.730906e+01 0.000000e+00 3.000000e+00
    endloop
  endfacet
  facet normal 0.000000e+00 -1.000000e+00 0.000000e+00
    outer loop
      vertex   4.045106e+01 0.000000e+00 3.000000e+00
      vertex   4.035914e+01 0.000000e+00 3.011287e+00
      vertex   3.743792e+01 0.000000e+00 3.000000e+00
    endloop
  endfacet
  facet normal 0.000000e+00 -1.000000e+00 0.000000e+00
    outer loop
      vertex   3.743792e+01 0.000000e+00 3.000000e+00
      vertex   4.035914e+01 0.000000e+00 3.011287e+00
      vertex   3.752985e+01 0.000000e+00 3.011288e+00
    endloop
  endfacet
  facet normal 0.000000e+00 -1.000000e+00 0.000000e+00
    outer loop
      vertex   3.752985e+01 0.000000e+00 3.011288e+00
      vertex   4.035914e+01 0.000000e+00 3.011287e+00
      vertex   4.027267e+01 0.000000e+00 3.044476e+00
    endloop
  endfacet
  facet normal 0.000000e+00 -1.000000e+00 0.000000e+00
    outer loop
      vertex   3.752985e+01 0.000000e+00 3.011288e+00
      vertex   4.027267e+01 0.000000e+00 3.044476e+00
      vertex   3.761632e+01 0.000000e+00 3.044480e+00
    endloop
  endfacet
  facet normal 0.000000e+00 -1.000000e+00 0.000000e+00
    outer loop
      vertex   3.761632e+01 0.000000e+00 3.044480e+00
      vertex   4.027267e+01 0.000000e+00 3.044476e+00
      vertex   4.019680e+01 0.000000e+00 3.097597e+00
    endloop
  endfacet
  facet normal 0.000000e+00 -1.000000e+00 0.000000e+00
    outer loop
      vertex   3.761632e+01 0.000000e+00 3.044480e+00
      vertex   4.019680e+01 0.000000e+00 3.097597e+00
      vertex   3.769219e+01 0.000000e+00 3.097605e+00
    endloop
  endfacet
  facet normal 0.000000e+00 -1.000000e+00 0.000000e+00
    outer loop
      vertex   3.769219e+01 0.000000e+00 3.097605e+00
      vertex   4.019680e+01 0.000000e+00 3.097597e+00
      vertex   4.013604e+01 0.000000e+00 3.167493e+00
    endloop
  endfacet
  facet normal 0.000000e+00 -1.000000e+00 0.000000e+00
    outer loop
      vertex   3.769219e+01 0.000000e+00 3.097605e+00
      vertex   4.013604e+01 0.000000e+00 3.167493e+00
      vertex   3.775296e+01 0.000000e+00 3.167507e+00
    endloop
  endfacet
  facet normal 0.000000e+00 -1.000000e+00 0.000000e+00
    outer loop
      vertex   3.775296e+01 0.000000e+00 3.167507e+00
      vertex   4.013604e+01 0.000000e+00 3.167493e+00
      vertex   4.009399e+01 0.000000e+00 3.250014e+00
    endloop
  endfacet
  facet normal 0.000000e+00 -1.000000e+00 0.000000e+00
    outer loop
      vertex   3.775296e+01 0.000000e+00 3.167507e+00
      vertex   4.009399e+01 0.000000e+00 3.250014e+00
      vertex   3.779500e+01 0.000000e+00 3.250032e+00
    endloop
  endfacet
  facet normal 0.000000e+00 -1.000000e+00 0.000000e+00
    outer loop
      vertex   3.779500e+01 0.000000e+00 3.250032e+00
      vertex   4.009399e+01 0.000000e+00 3.250014e+00
      vertex   3.936593e+01 0.000000e+00 5.250000e+00
    endloop
  endfacet
  facet normal 0.000000e+00 -1.000000e+00 0.000000e+00
    outer loop
      vertex   3.779500e+01 0.000000e+00 3.250032e+00
      vertex   3.936593e+01 0.000000e+00 5.250000e+00
      vertex   3.852293e+01 0.000000e+00 5.250000e+00
    endloop
  endfacet
  facet normal -6.987111e-50 -1.000000e+00 6.526433e-32
    outer loop
      vertex   5.900000e+01 -1.957930e-31 0.000000e+00
      vertex   3.730906e+01 0.000000e+00 3.000000e+00
      vertex   3.429592e+01 0.000000e+00 3.000000e+00
    endloop
  endfacet
  facet normal 0.000000e+00 -1.000000e+00 0.000000e+00
    outer loop
      vertex   3.429592e+01 0.000000e+00 3.000000e+00
      vertex   3.730906e+01 0.000000e+00 3.000000e+00
      vertex   3.721714e+01 0.000000e+00 3.011287e+00
    endloop
  endfacet
  facet normal 0.000000e+00 -1.000000e+00 0.000000e+00
    outer loop
      vertex   3.429592e+01 0.000000e+00 3.000000e+00
      vertex   3.721714e+01 0.000000e+00 3.011287e+00
      vertex   3.438785e+01 0.000000e+00 3.011288e+00
    endloop
  endfacet
  facet normal 0.000000e+00 -1.000000e+00 0.000000e+00
    outer loop
      vertex   3.438785e+01 0.000000e+00 3.011288e+00
      vertex   3.721714e+01 0.000000e+00 3.011287e+00
      vertex   3.713067e+01 0.000000e+00 3.044476e+00
    endloop
  endfacet
  facet normal 0.000000e+00 -1.000000e+00 0.000000e+00
    outer loop
      vertex   3.438785e+01 0.000000e+00 3.011288e+00
      vertex   3.713067e+01 0.000000e+00 3.044476e+00
      vertex   3.447432e+01 0.000000e+00 3.044480e+00
    endloop
  endfacet
  facet normal 0.000000e+00 -1.000000e+00 0.000000e+00
    outer loop
      vertex   3.447432e+01 0.000000e+00 3.044480e+00
      vertex   3.713067e+01 0.000000e+00 3.044476e+00
      vertex   3.705480e+01 0.000000e+00 3.097597e+00
    endloop
  endfacet
  facet normal 0.000000e+00 -1.000000e+00 0.000000e+00
    outer loop
      vertex   3.447432e+01 0.000000e+00 3.044480e+00
      vertex   3.705480e+01 0.000000e+00 3.097597e+00
      vertex   3.455019e+01 0.000000e+00 3.097605e+00
    endloop
  endfacet
  facet normal 0.000000e+00 -1.000000e+00 0.000000e+00
    outer loop
      vertex   3.455019e+01 0.000000e+00 3.097605e+00
      vertex   3.705480e+01 0.000000e+00 3.097597e+00
      vertex   3.699404e+01 0.000000e+00 3.167493e+00
    endloop
  endfacet
  facet normal 0.000000e+00 -1.000000e+00 0.000000e+00
    outer loop
      vertex   3.455019e+01 0.000000e+00 3.097605e+00
      vertex   3.699404e+01 0.000000e+00 3.167493e+00
      vertex   3.461096e+01 0.000000e+00 3.167507e+00
    endloop
  endfacet
  facet normal 0.000000e+00 -1.000000e+00 0.000000e+00
    outer loop
      vertex   3.461096e+01 0.000000e+00 3.167507e+00
      vertex   3.699404e+01 0.000000e+00 3.167493e+00
      vertex   3.695199e+01 0.000000e+00 3.250014e+00
    endloop
  endfacet
  facet normal 0.000000e+00 -1.000000e+00 0.000000e+00
    outer loop
      vertex   3.461096e+01 0.000000e+00 3.167507e+00
      vertex   3.695199e+01 0.000000e+00 3.250014e+00
      vertex   3.465300e+01 0.000000e+00 3.250032e+00
    endloop
  endfacet
  facet normal 0.000000e+00 -1.000000e+00 0.000000e+00
    outer loop
      vertex   3.465300e+01 0.000000e+00 3.250032e+00
      vertex   3.695199e+01 0.000000e+00 3.250014e+00
      vertex   3.622393e+01 0.000000e+00 5.250000e+00
    endloop
  endfacet
  facet normal 0.000000e+00 -1.000000e+00 0.000000e+00
    outer loop
      vertex   3.465300e+01 0.000000e+00 3.250032e+00
      vertex   3.622393e+01 0.000000e+00 5.250000e+00
      vertex   3.538093e+01 0.000000e+00 5.250000e+00
    endloop
  endfacet
  facet normal 0.000000e+00 -1.000000e+00 6.526433e-32
    outer loop
      vertex   3.429592e+01 0.000000e+00 3.000000e+00
      vertex   3.416706e+01 0.000000e+00 3.000000e+00
      vertex   5.900000e+01 -1.957930e-31 0.000000e+00
    endloop
  endfacet
  facet normal -6.987111e-50 -1.000000e+00 6.526433e-32
    outer loop
      vertex   5.900000e+01 -1.957930e-31 0.000000e+00
      vertex   3.416706e+01 0.000000e+00 3.000000e+00
      vertex   3.115392e+01 0.000000e+00 3.000000e+00
    endloop
  endfacet
  facet normal -1.633837e-48 -1.000000e+00 6.526433e-32
    outer loop
      vertex   5.900000e+01 -1.957930e-31 0.000000e+00
      vertex   3.115392e+01 0.000000e+00 3.000000e+00
      vertex   3.102506e+01 0.000000e+00 3.000000e+00
    endloop
  endfacet
  facet normal 0.000000e+00 -1.000000e+00 0.000000e+00
    outer loop
      vertex   3.416706e+01 0.000000e+00 3.000000e+00
      vertex   3.407514e+01 0.000000e+00 3.011287e+00
      vertex   3.115392e+01 0.000000e+00 3.000000e+00
    endloop
  endfacet
  facet normal 0.000000e+00 -1.000000e+00 0.000000e+00
    outer loop
      vertex   3.115392e+01 0.000000e+00 3.000000e+00
      vertex   3.407514e+01 0.000000e+00 3.011287e+00
      vertex   3.124585e+01 0.000000e+00 3.011288e+00
    endloop
  endfacet
  facet normal 0.000000e+00 -1.000000e+00 0.000000e+00
    outer loop
      vertex   3.124585e+01 0.000000e+00 3.011288e+00
      vertex   3.407514e+01 0.000000e+00 3.011287e+00
      vertex   3.398867e+01 0.000000e+00 3.044476e+00
    endloop
  endfacet
  facet normal 0.000000e+00 -1.000000e+00 0.000000e+00
    outer loop
      vertex   3.124585e+01 0.000000e+00 3.011288e+00
      vertex   3.398867e+01 0.000000e+00 3.044476e+00
      vertex   3.133232e+01 0.000000e+00 3.044480e+00
    endloop
  endfacet
  facet normal 0.000000e+00 -1.000000e+00 0.000000e+00
    outer loop
      vertex   3.133232e+01 0.000000e+00 3.044480e+00
      vertex   3.398867e+01 0.000000e+00 3.044476e+00
      vertex   3.391280e+01 0.000000e+00 3.097597e+00
    endloop
  endfacet
  facet normal 0.000000e+00 -1.000000e+00 0.000000e+00
    outer loop
      vertex   3.133232e+01 0.000000e+00 3.044480e+00
      vertex   3.391280e+01 0.000000e+00 3.097597e+00
      vertex   3.140819e+01 0.000000e+00 3.097605e+00
    endloop
  endfacet
  facet normal 0.000000e+00 -1.000000e+00 0.000000e+00
    outer loop
      vertex   3.140819e+01 0.000000e+00 3.097605e+00
      vertex   3.391280e+01 0.000000e+00 3.097597e+00
      vertex   3.385204e+01 0.000000e+00 3.167493e+00
    endloop
  endfacet
  facet normal 0.000000e+00 -1.000000e+00 0.000000e+00
    outer loop
      vertex   3.140819e+01 0.000000e+00 3.097605e+00
      vertex   3.385204e+01 0.000000e+00 3.167493e+00
      vertex   3.146896e+01 0.000000e+00 3.167507e+00
    endloop
  endfacet
  facet normal 0.000000e+00 -1.000000e+00 0.000000e+00
    outer loop
      vertex   3.146896e+01 0.000000e+00 3.167507e+00
      vertex   3.385204e+01 0.000000e+00 3.167493e+00
      vertex   3.380999e+01 0.000000e+00 3.250014e+00
    endloop
  endfacet
  facet normal 0.000000e+00 -1.000000e+00 0.000000e+00
    outer loop
      vertex   3.146896e+01 0.000000e+00 3.167507e+00
      vertex   3.380999e+01 0.000000e+00 3.250014e+00
      vertex   3.151100e+01 0.000000e+00 3.250032e+00
    endloop
  endfacet
  facet normal 0.000000e+00 -1.000000e+00 0.000000e+00
    outer loop
      vertex   3.151100e+01 0.000000e+00 3.250032e+00
      vertex   3.380999e+01 0.000000e+00 3.250014e+00
      vertex   3.308193e+01 0.000000e+00 5.250000e+00
    endloop
  endfacet
  facet normal 0.000000e+00 -1.000000e+00 0.000000e+00
    outer loop
      vertex   3.151100e+01 0.000000e+00 3.250032e+00
      vertex   3.308193e+01 0.000000e+00 5.250000e+00
      vertex   3.223893e+01 0.000000e+00 5.250000e+00
    endloop
  endfacet
  facet normal 0.000000e+00 -1.000000e+00 -0.000000e+00
    outer loop
      vertex   3.093314e+01 0.000000e+00 3.011287e+00
      vertex   2.801192e+01 0.000000e+00 3.000000e+00
      vertex   3.102506e+01 0.000000e+00 3.000000e+00
    endloop
  endfacet
  facet normal -0.000000e+00 -1.000000e+00 -4.381571e-34
    outer loop
      vertex   3.102506e+01 0.000000e+00 3.000000e+00
      vertex   2.801192e+01 0.000000e+00 3.000000e+00
      vertex   4.979320e-01 1.468326e-33 -3.511410e-01
    endloop
  endfacet
  facet normal -3.564114e-33 -1.000000e+00 3.202905e-32
    outer loop
      vertex   3.102506e+01 0.000000e+00 3.000000e+00
      vertex   4.979320e-01 1.468326e-33 -3.511410e-01
      vertex   5.900000e+01 -1.957930e-31 0.000000e+00
    endloop
  endfacet
  facet normal -3.373043e-33 -1.000000e+00 1.955560e-34
    outer loop
      vertex   5.900000e+01 -1.957930e-31 0.000000e+00
      vertex   4.979320e-01 1.468326e-33 -3.511410e-01
      vertex   9.055729e-01 -2.298958e-48 -8.284271e-01
    endloop
  endfacet
  facet normal -3.365429e-33 -1.000000e+00 -3.384011e-34
    outer loop
      vertex   5.900000e+01 -1.957930e-31 0.000000e+00
      vertex   9.055729e-01 -2.298958e-48 -8.284271e-01
      vertex   1.382859e+00 -1.468326e-33 -1.236068e+00
    endloop
  endfacet
  facet normal 0.000000e+00 -1.000000e+00 0.000000e+00
    outer loop
      vertex   2.801192e+01 0.000000e+00 3.000000e+00
      vertex   3.093314e+01 0.000000e+00 3.011287e+00
      vertex   2.810385e+01 0.000000e+00 3.011288e+00
    endloop
  endfacet
  facet normal 0.000000e+00 -1.000000e+00 0.000000e+00
    outer loop
      vertex   2.810385e+01 0.000000e+00 3.011288e+00
      vertex   3.093314e+01 0.000000e+00 3.011287e+00
      vertex   3.084667e+01 0.000000e+00 3.044476e+00
    endloop
  endfacet
  facet normal 0.000000e+00 -1.000000e+00 0.000000e+00
    outer loop
      vertex   2.810385e+01 0.000000e+00 3.011288e+00
      vertex   3.084667e+01 0.000000e+00 3.044476e+00
      vertex   2.819032e+01 0.000000e+00 3.044480e+00
    endloop
  endfacet
  facet normal 0.000000e+00 -1.000000e+00 0.000000e+00
    outer loop
      vertex   2.819032e+01 0.000000e+00 3.044480e+00
      vertex   3.084667e+01 0.000000e+00 3.044476e+00
      vertex   3.077080e+01 0.000000e+00 3.097597e+00
    endloop
  endfacet
  facet normal 0.000000e+00 -1.000000e+00 0.000000e+00
    outer loop
      vertex   2.819032e+01 0.000000e+00 3.044480e+00
      vertex   3.077080e+01 0.000000e+00 3.097597e+00
      vertex   2.826619e+01 0.000000e+00 3.097605e+00
    endloop
  endfacet
  facet normal 0.000000e+00 -1.000000e+00 0.000000e+00
    outer loop
      vertex   2.826619e+01 0.000000e+00 3.097605e+00
      vertex   3.077080e+01 0.000000e+00 3.097597e+00
      vertex   3.071004e+01 0.000000e+00 3.167493e+00
    endloop
  endfacet
  facet normal 0.000000e+00 -1.000000e+00 0.000000e+00
    outer loop
      vertex   2.826619e+01 0.000000e+00 3.097605e+00
      vertex   3.071004e+01 0.000000e+00 3.167493e+00
      vertex   2.832696e+01 0.000000e+00 3.167507e+00
    endloop
  endfacet
  facet normal 0.000000e+00 -1.000000e+00 0.000000e+00
    outer loop
      vertex   2.832696e+01 0.000000e+00 3.167507e+00
      vertex   3.071004e+01 0.000000e+00 3.167493e+00
      vertex   3.066799e+01 0.000000e+00 3.250014e+00
    endloop
  endfacet
  facet normal 0.000000e+00 -1.000000e+00 0.000000e+00
    outer loop
      vertex   2.832696e+01 0.000000e+00 3.167507e+00
      vertex   3.066799e+01 0.000000e+00 3.250014e+00
      vertex   2.836900e+01 0.000000e+00 3.250032e+00
    endloop
  endfacet
  facet normal 0.000000e+00 -1.000000e+00 0.000000e+00
    outer loop
      vertex   2.836900e+01 0.000000e+00 3.250032e+00
      vertex   3.066799e+01 0.000000e+00 3.250014e+00
      vertex   2.993993e+01 0.000000e+00 5.250000e+00
    endloop
  endfacet
  facet normal 0.000000e+00 -1.000000e+00 0.000000e+00
    outer loop
      vertex   2.836900e+01 0.000000e+00 3.250032e+00
      vertex   2.993993e+01 0.000000e+00 5.250000e+00
      vertex   2.909693e+01 0.000000e+00 5.250000e+00
    endloop
  endfacet
  facet normal -0.000000e+00 -1.000000e+00 -4.381571e-34
    outer loop
      vertex   2.801192e+01 0.000000e+00 3.000000e+00
      vertex   2.788306e+01 0.000000e+00 3.000000e+00
      vertex   4.979320e-01 1.468326e-33 -3.511410e-01
    endloop
  endfacet
  facet normal 1.109298e-51 -1.000000e+00 -4.381571e-34
    outer loop
      vertex   4.979320e-01 1.468326e-33 -3.511410e-01
      vertex   2.788306e+01 0.000000e+00 3.000000e+00
      vertex   2.486992e+01 0.000000e+00 3.000000e+00
    endloop
  endfacet
  facet normal -3.949274e-34 -1.000000e+00 2.434048e-33
    outer loop
      vertex   4.979320e-01 1.468326e-33 -3.511410e-01
      vertex   2.486992e+01 0.000000e+00 3.000000e+00
      vertex   1.699739e-01 2.900498e-33 1.840380e-01
    endloop
  endfacet
  facet normal -1.825562e-48 -1.000000e+00 -1.030020e-33
    outer loop
      vertex   1.699739e-01 2.900498e-33 1.840380e-01
      vertex   2.486992e+01 0.000000e+00 3.000000e+00
      vertex   2.474106e+01 0.000000e+00 3.000000e+00
    endloop
  endfacet
  facet normal -7.807024e-50 -1.000000e+00 -1.030020e-33
    outer loop
      vertex   1.699739e-01 2.900498e-33 1.840380e-01
      vertex   2.474106e+01 0.000000e+00 3.000000e+00
      vertex   2.172792e+01 0.000000e+00 3.000000e+00
    endloop
  endfacet
  facet normal 0.000000e+00 -1.000000e+00 0.000000e+00
    outer loop
      vertex   2.172792e+01 0.000000e+00 3.000000e+00
      vertex   2.474106e+01 0.000000e+00 3.000000e+00
      vertex   2.464914e+01 0.000000e+00 3.011287e+00
    endloop
  endfacet
  facet normal 0.000000e+00 -1.000000e+00 0.000000e+00
    outer loop
      vertex   2.172792e+01 0.000000e+00 3.000000e+00
      vertex   2.464914e+01 0.000000e+00 3.011287e+00
      vertex   2.181985e+01 0.000000e+00 3.011288e+00
    endloop
  endfacet
  facet normal 0.000000e+00 -1.000000e+00 0.000000e+00
    outer loop
      vertex   2.181985e+01 0.000000e+00 3.011288e+00
      vertex   2.464914e+01 0.000000e+00 3.011287e+00
      vertex   2.456267e+01 0.000000e+00 3.044476e+00
    endloop
  endfacet
  facet normal 0.000000e+00 -1.000000e+00 0.000000e+00
    outer loop
      vertex   2.181985e+01 0.000000e+00 3.011288e+00
      vertex   2.456267e+01 0.000000e+00 3.044476e+00
      vertex   2.190632e+01 0.000000e+00 3.044480e+00
    endloop
  endfacet
  facet normal 0.000000e+00 -1.000000e+00 0.000000e+00
    outer loop
      vertex   2.190632e+01 0.000000e+00 3.044480e+00
      vertex   2.456267e+01 0.000000e+00 3.044476e+00
      vertex   2.448680e+01 0.000000e+00 3.097597e+00
    endloop
  endfacet
  facet normal 0.000000e+00 -1.000000e+00 0.000000e+00
    outer loop
      vertex   2.190632e+01 0.000000e+00 3.044480e+00
      vertex   2.448680e+01 0.000000e+00 3.097597e+00
      vertex   2.198219e+01 0.000000e+00 3.097605e+00
    endloop
  endfacet
  facet normal 0.000000e+00 -1.000000e+00 0.000000e+00
    outer loop
      vertex   2.198219e+01 0.000000e+00 3.097605e+00
      vertex   2.448680e+01 0.000000e+00 3.097597e+00
      vertex   2.442604e+01 0.000000e+00 3.167493e+00
    endloop
  endfacet
  facet normal 0.000000e+00 -1.000000e+00 0.000000e+00
    outer loop
      vertex   2.198219e+01 0.000000e+00 3.097605e+00
      vertex   2.442604e+01 0.000000e+00 3.167493e+00
      vertex   2.204296e+01 0.000000e+00 3.167507e+00
    endloop
  endfacet
  facet normal 0.000000e+00 -1.000000e+00 0.000000e+00
    outer loop
      vertex   2.204296e+01 0.000000e+00 3.167507e+00
      vertex   2.442604e+01 0.000000e+00 3.167493e+00
      vertex   2.438399e+01 0.000000e+00 3.250014e+00
    endloop
  endfacet
  facet normal 0.000000e+00 -1.000000e+00 0.000000e+00
    outer loop
      vertex   2.204296e+01 0.000000e+00 3.167507e+00
      vertex   2.438399e+01 0.000000e+00 3.250014e+00
      vertex   2.208500e+01 0.000000e+00 3.250032e+00
    endloop
  endfacet
  facet normal 0.000000e+00 -1.000000e+00 0.000000e+00
    outer loop
      vertex   2.208500e+01 0.000000e+00 3.250032e+00
      vertex   2.438399e+01 0.000000e+00 3.250014e+00
      vertex   2.365593e+01 0.000000e+00 5.250000e+00
    endloop
  endfacet
  facet normal 0.000000e+00 -1.000000e+00 0.000000e+00
    outer loop
      vertex   2.208500e+01 0.000000e+00 3.250032e+00
      vertex   2.365593e+01 0.000000e+00 5.250000e+00
      vertex   2.281293e+01 0.000000e+00 5.250000e+00
    endloop
  endfacet
  facet normal 0.000000e+00 -1.000000e+00 0.000000e+00
    outer loop
      vertex   2.788306e+01 0.000000e+00 3.000000e+00
      vertex   2.779114e+01 0.000000e+00 3.011287e+00
      vertex   2.486992e+01 0.000000e+00 3.000000e+00
    endloop
  endfacet
  facet normal 0.000000e+00 -1.000000e+00 0.000000e+00
    outer loop
      vertex   2.486992e+01 0.000000e+00 3.000000e+00
      vertex   2.779114e+01 0.000000e+00 3.011287e+00
      vertex   2.496185e+01 0.000000e+00 3.011288e+00
    endloop
  endfacet
  facet normal 0.000000e+00 -1.000000e+00 0.000000e+00
    outer loop
      vertex   2.496185e+01 0.000000e+00 3.011288e+00
      vertex   2.779114e+01 0.000000e+00 3.011287e+00
      vertex   2.770467e+01 0.000000e+00 3.044476e+00
    endloop
  endfacet
  facet normal 0.000000e+00 -1.000000e+00 0.000000e+00
    outer loop
      vertex   2.496185e+01 0.000000e+00 3.011288e+00
      vertex   2.770467e+01 0.000000e+00 3.044476e+00
      vertex   2.504832e+01 0.000000e+00 3.044480e+00
    endloop
  endfacet
  facet normal 0.000000e+00 -1.000000e+00 0.000000e+00
    outer loop
      vertex   2.504832e+01 0.000000e+00 3.044480e+00
      vertex   2.770467e+01 0.000000e+00 3.044476e+00
      vertex   2.762880e+01 0.000000e+00 3.097597e+00
    endloop
  endfacet
  facet normal 0.000000e+00 -1.000000e+00 0.000000e+00
    outer loop
      vertex   2.504832e+01 0.000000e+00 3.044480e+00
      vertex   2.762880e+01 0.000000e+00 3.097597e+00
      vertex   2.512419e+01 0.000000e+00 3.097605e+00
    endloop
  endfacet
  facet normal 0.000000e+00 -1.000000e+00 0.000000e+00
    outer loop
      vertex   2.512419e+01 0.000000e+00 3.097605e+00
      vertex   2.762880e+01 0.000000e+00 3.097597e+00
      vertex   2.756804e+01 0.000000e+00 3.167493e+00
    endloop
  endfacet
  facet normal 0.000000e+00 -1.000000e+00 0.000000e+00
    outer loop
      vertex   2.512419e+01 0.000000e+00 3.097605e+00
      vertex   2.756804e+01 0.000000e+00 3.167493e+00
      vertex   2.518496e+01 0.000000e+00 3.167507e+00
    endloop
  endfacet
  facet normal 0.000000e+00 -1.000000e+00 0.000000e+00
    outer loop
      vertex   2.518496e+01 0.000000e+00 3.167507e+00
      vertex   2.756804e+01 0.000000e+00 3.167493e+00
      vertex   2.752599e+01 0.000000e+00 3.250014e+00
    endloop
  endfacet
  facet normal 0.000000e+00 -1.000000e+00 0.000000e+00
    outer loop
      vertex   2.518496e+01 0.000000e+00 3.167507e+00
      vertex   2.752599e+01 0.000000e+00 3.250014e+00
      vertex   2.522700e+01 0.000000e+00 3.250032e+00
    endloop
  endfacet
  facet normal 0.000000e+00 -1.000000e+00 0.000000e+00
    outer loop
      vertex   2.522700e+01 0.000000e+00 3.250032e+00
      vertex   2.752599e+01 0.000000e+00 3.250014e+00
      vertex   2.679793e+01 0.000000e+00 5.250000e+00
    endloop
  endfacet
  facet normal 0.000000e+00 -1.000000e+00 0.000000e+00
    outer loop
      vertex   2.522700e+01 0.000000e+00 3.250032e+00
      vertex   2.679793e+01 0.000000e+00 5.250000e+00
      vertex   2.595493e+01 0.000000e+00 5.250000e+00
    endloop
  endfacet
  facet normal -0.000000e+00 -1.000000e+00 -1.030020e-33
    outer loop
      vertex   2.172792e+01 0.000000e+00 3.000000e+00
      vertex   2.159906e+01 0.000000e+00 3.000000e+00
      vertex   1.699739e-01 2.900498e-33 1.840380e-01
    endloop
  endfacet
  facet normal -4.208050e-34 -1.000000e+00 2.172249e-33
    outer loop
      vertex   1.699739e-01 2.900498e-33 1.840380e-01
      vertex   2.159906e+01 0.000000e+00 3.000000e+00
      vertex   -7.022607e-02 4.261249e-33 7.639320e-01
    endloop
  endfacet
  facet normal 4.169635e-50 -1.000000e+00 -1.905688e-33
    outer loop
      vertex   -7.022607e-02 4.261249e-33 7.639320e-01
      vertex   2.159906e+01 0.000000e+00 3.000000e+00
      vertex   1.858592e+01 0.000000e+00 3.000000e+00
    endloop
  endfacet
  facet normal 9.750103e-49 -1.000000e+00 -1.905688e-33
    outer loop
      vertex   -7.022607e-02 4.261249e-33 7.639320e-01
      vertex   1.858592e+01 0.000000e+00 3.000000e+00
      vertex   1.845706e+01 0.000000e+00 3.000000e+00
    endloop
  endfacet
  facet normal 0.000000e+00 -1.000000e+00 0.000000e+00
    outer loop
      vertex   2.159906e+01 0.000000e+00 3.000000e+00
      vertex   2.150714e+01 0.000000e+00 3.011287e+00
      vertex   1.858592e+01 0.000000e+00 3.000000e+00
    endloop
  endfacet
  facet normal 0.000000e+00 -1.000000e+00 0.000000e+00
    outer loop
      vertex   1.858592e+01 0.000000e+00 3.000000e+00
      vertex   2.150714e+01 0.000000e+00 3.011287e+00
      vertex   1.867785e+01 0.000000e+00 3.011288e+00
    endloop
  endfacet
  facet normal 0.000000e+00 -1.000000e+00 0.000000e+00
    outer loop
      vertex   1.867785e+01 0.000000e+00 3.011288e+00
      vertex   2.150714e+01 0.000000e+00 3.011287e+00
      vertex   2.142067e+01 0.000000e+00 3.044476e+00
    endloop
  endfacet
  facet normal 0.000000e+00 -1.000000e+00 0.000000e+00
    outer loop
      vertex   1.867785e+01 0.000000e+00 3.011288e+00
      vertex   2.142067e+01 0.000000e+00 3.044476e+00
      vertex   1.876432e+01 0.000000e+00 3.044480e+00
    endloop
  endfacet
  facet normal 0.000000e+00 -1.000000e+00 0.000000e+00
    outer loop
      vertex   1.876432e+01 0.000000e+00 3.044480e+00
      vertex   2.142067e+01 0.000000e+00 3.044476e+00
      vertex   2.134480e+01 0.000000e+00 3.097597e+00
    endloop
  endfacet
  facet normal 0.000000e+00 -1.000000e+00 0.000000e+00
    outer loop
      vertex   1.876432e+01 0.000000e+00 3.044480e+00
      vertex   2.134480e+01 0.000000e+00 3.097597e+00
      vertex   1.884019e+01 0.000000e+00 3.097605e+00
    endloop
  endfacet
  facet normal 0.000000e+00 -1.000000e+00 0.000000e+00
    outer loop
      vertex   1.884019e+01 0.000000e+00 3.097605e+00
      vertex   2.134480e+01 0.000000e+00 3.097597e+00
      vertex   2.128404e+01 0.000000e+00 3.167493e+00
    endloop
  endfacet
  facet normal 0.000000e+00 -1.000000e+00 0.000000e+00
    outer loop
      vertex   1.884019e+01 0.000000e+00 3.097605e+00
      vertex   2.128404e+01 0.000000e+00 3.167493e+00
      vertex   1.890096e+01 0.000000e+00 3.167507e+00
    endloop
  endfacet
  facet normal 0.000000e+00 -1.000000e+00 0.000000e+00
    outer loop
      vertex   1.890096e+01 0.000000e+00 3.167507e+00
      vertex   2.128404e+01 0.000000e+00 3.167493e+00
      vertex   2.124199e+01 0.000000e+00 3.250014e+00
    endloop
  endfacet
  facet normal 0.000000e+00 -1.000000e+00 0.000000e+00
    outer loop
      vertex   1.890096e+01 0.000000e+00 3.167507e+00
      vertex   2.124199e+01 0.000000e+00 3.250014e+00
      vertex   1.894300e+01 0.000000e+00 3.250032e+00
    endloop
  endfacet
  facet normal 0.000000e+00 -1.000000e+00 0.000000e+00
    outer loop
      vertex   1.894300e+01 0.000000e+00 3.250032e+00
      vertex   2.124199e+01 0.000000e+00 3.250014e+00
      vertex   2.051393e+01 0.000000e+00 5.250000e+00
    endloop
  endfacet
  facet normal 0.000000e+00 -1.000000e+00 0.000000e+00
    outer loop
      vertex   1.894300e+01 0.000000e+00 3.250032e+00
      vertex   2.051393e+01 0.000000e+00 5.250000e+00
      vertex   1.967093e+01 0.000000e+00 5.250000e+00
    endloop
  endfacet
  facet normal 4.169635e-50 -1.000000e+00 -1.905688e-33
    outer loop
      vertex   -7.022607e-02 4.261249e-33 7.639320e-01
      vertex   1.845706e+01 0.000000e+00 3.000000e+00
      vertex   1.544392e+01 0.000000e+00 3.000000e+00
    endloop
  endfacet
  facet normal 0.000000e+00 -1.000000e+00 0.000000e+00
    outer loop
      vertex   1.544392e+01 0.000000e+00 3.000000e+00
      vertex   1.845706e+01 0.000000e+00 3.000000e+00
      vertex   1.836514e+01 0.000000e+00 3.011287e+00
    endloop
  endfacet
  facet normal 0.000000e+00 -1.000000e+00 0.000000e+00
    outer loop
      vertex   1.544392e+01 0.000000e+00 3.000000e+00
      vertex   1.836514e+01 0.000000e+00 3.011287e+00
      vertex   1.553585e+01 0.000000e+00 3.011288e+00
    endloop
  endfacet
  facet normal 0.000000e+00 -1.000000e+00 0.000000e+00
    outer loop
      vertex   1.553585e+01 0.000000e+00 3.011288e+00
      vertex   1.836514e+01 0.000000e+00 3.011287e+00
      vertex   1.827867e+01 0.000000e+00 3.044476e+00
    endloop
  endfacet
  facet normal 0.000000e+00 -1.000000e+00 0.000000e+00
    outer loop
      vertex   1.553585e+01 0.000000e+00 3.011288e+00
      vertex   1.827867e+01 0.000000e+00 3.044476e+00
      vertex   1.562232e+01 0.000000e+00 3.044480e+00
    endloop
  endfacet
  facet normal 0.000000e+00 -1.000000e+00 0.000000e+00
    outer loop
      vertex   1.562232e+01 0.000000e+00 3.044480e+00
      vertex   1.827867e+01 0.000000e+00 3.044476e+00
      vertex   1.820280e+01 0.000000e+00 3.097597e+00
    endloop
  endfacet
  facet normal 0.000000e+00 -1.000000e+00 0.000000e+00
    outer loop
      vertex   1.562232e+01 0.000000e+00 3.044480e+00
      vertex   1.820280e+01 0.000000e+00 3.097597e+00
      vertex   1.569819e+01 0.000000e+00 3.097605e+00
    endloop
  endfacet
  facet normal 0.000000e+00 -1.000000e+00 0.000000e+00
    outer loop
      vertex   1.569819e+01 0.000000e+00 3.097605e+00
      vertex   1.820280e+01 0.000000e+00 3.097597e+00
      vertex   1.814204e+01 0.000000e+00 3.167493e+00
    endloop
  endfacet
  facet normal 0.000000e+00 -1.000000e+00 0.000000e+00
    outer loop
      vertex   1.569819e+01 0.000000e+00 3.097605e+00
      vertex   1.814204e+01 0.000000e+00 3.167493e+00
      vertex   1.575896e+01 0.000000e+00 3.167507e+00
    endloop
  endfacet
  facet normal 0.000000e+00 -1.000000e+00 0.000000e+00
    outer loop
      vertex   1.575896e+01 0.000000e+00 3.167507e+00
      vertex   1.814204e+01 0.000000e+00 3.167493e+00
      vertex   1.809999e+01 0.000000e+00 3.250014e+00
    endloop
  endfacet
  facet normal 0.000000e+00 -1.000000e+00 0.000000e+00
    outer loop
      vertex   1.575896e+01 0.000000e+00 3.167507e+00
      vertex   1.809999e+01 0.000000e+00 3.250014e+00
      vertex   1.580100e+01 0.000000e+00 3.250032e+00
    endloop
  endfacet
  facet normal 0.000000e+00 -1.000000e+00 0.000000e+00
    outer loop
      vertex   1.580100e+01 0.000000e+00 3.250032e+00
      vertex   1.809999e+01 0.000000e+00 3.250014e+00
      vertex   1.737193e+01 0.000000e+00 5.250000e+00
    endloop
  endfacet
  facet normal 0.000000e+00 -1.000000e+00 0.000000e+00
    outer loop
      vertex   1.580100e+01 0.000000e+00 3.250032e+00
      vertex   1.737193e+01 0.000000e+00 5.250000e+00
      vertex   1.652893e+01 0.000000e+00 5.250000e+00
    endloop
  endfacet
  facet normal -5.521295e-34 -1.000000e+00 1.925062e-33
    outer loop
      vertex   -7.022607e-02 4.261249e-33 7.639320e-01
      vertex   1.544392e+01 0.000000e+00 3.000000e+00
      vertex   -2.167534e-01 5.517074e-33 1.374262e+00
    endloop
  endfacet
  facet normal -9.899370e-49 -1.000000e+00 -3.393582e-33
    outer loop
      vertex   -2.167534e-01 5.517074e-33 1.374262e+00
      vertex   1.544392e+01 0.000000e+00 3.000000e+00
      vertex   1.531506e+01 0.000000e+00 3.000000e+00
    endloop
  endfacet
  facet normal -4.233469e-50 -1.000000e+00 -3.393582e-33
    outer loop
      vertex   -2.167534e-01 5.517074e-33 1.374262e+00
      vertex   1.531506e+01 0.000000e+00 3.000000e+00
      vertex   1.230192e+01 0.000000e+00 3.000000e+00
    endloop
  endfacet
  facet normal 0.000000e+00 -1.000000e+00 0.000000e+00
    outer loop
      vertex   1.230192e+01 0.000000e+00 3.000000e+00
      vertex   1.531506e+01 0.000000e+00 3.000000e+00
      vertex   1.522314e+01 0.000000e+00 3.011287e+00
    endloop
  endfacet
  facet normal 0.000000e+00 -1.000000e+00 0.000000e+00
    outer loop
      vertex   1.230192e+01 0.000000e+00 3.000000e+00
      vertex   1.522314e+01 0.000000e+00 3.011287e+00
      vertex   1.239385e+01 0.000000e+00 3.011288e+00
    endloop
  endfacet
  facet normal 0.000000e+00 -1.000000e+00 0.000000e+00
    outer loop
      vertex   1.239385e+01 0.000000e+00 3.011288e+00
      vertex   1.522314e+01 0.000000e+00 3.011287e+00
      vertex   1.513667e+01 0.000000e+00 3.044476e+00
    endloop
  endfacet
  facet normal 0.000000e+00 -1.000000e+00 0.000000e+00
    outer loop
      vertex   1.239385e+01 0.000000e+00 3.011288e+00
      vertex   1.513667e+01 0.000000e+00 3.044476e+00
      vertex   1.248032e+01 0.000000e+00 3.044480e+00
    endloop
  endfacet
  facet normal 0.000000e+00 -1.000000e+00 0.000000e+00
    outer loop
      vertex   1.248032e+01 0.000000e+00 3.044480e+00
      vertex   1.513667e+01 0.000000e+00 3.044476e+00
      vertex   1.506080e+01 0.000000e+00 3.097597e+00
    endloop
  endfacet
  facet normal 0.000000e+00 -1.000000e+00 0.000000e+00
    outer loop
      vertex   1.248032e+01 0.000000e+00 3.044480e+00
      vertex   1.506080e+01 0.000000e+00 3.097597e+00
      vertex   1.255619e+01 0.000000e+00 3.097605e+00
    endloop
  endfacet
  facet normal 0.000000e+00 -1.000000e+00 0.000000e+00
    outer loop
      vertex   1.255619e+01 0.000000e+00 3.097605e+00
      vertex   1.506080e+01 0.000000e+00 3.097597e+00
      vertex   1.500004e+01 0.000000e+00 3.167493e+00
    endloop
  endfacet
  facet normal 0.000000e+00 -1.000000e+00 0.000000e+00
    outer loop
      vertex   1.255619e+01 0.000000e+00 3.097605e+00
      vertex   1.500004e+01 0.000000e+00 3.167493e+00
      vertex   1.261696e+01 0.000000e+00 3.167507e+00
    endloop
  endfacet
  facet normal 0.000000e+00 -1.000000e+00 0.000000e+00
    outer loop
      vertex   1.261696e+01 0.000000e+00 3.167507e+00
      vertex   1.500004e+01 0.000000e+00 3.167493e+00
      vertex   1.495799e+01 0.000000e+00 3.250014e+00
    endloop
  endfacet
  facet normal 0.000000e+00 -1.000000e+00 0.000000e+00
    outer loop
      vertex   1.261696e+01 0.000000e+00 3.167507e+00
      vertex   1.495799e+01 0.000000e+00 3.250014e+00
      vertex   1.265900e+01 0.000000e+00 3.250032e+00
    endloop
  endfacet
  facet normal 0.000000e+00 -1.000000e+00 0.000000e+00
    outer loop
      vertex   1.265900e+01 0.000000e+00 3.250032e+00
      vertex   1.495799e+01 0.000000e+00 3.250014e+00
      vertex   1.422993e+01 0.000000e+00 5.250000e+00
    endloop
  endfacet
  facet normal 0.000000e+00 -1.000000e+00 0.000000e+00
    outer loop
      vertex   1.265900e+01 0.000000e+00 3.250032e+00
      vertex   1.422993e+01 0.000000e+00 5.250000e+00
      vertex   1.338693e+01 0.000000e+00 5.250000e+00
    endloop
  endfacet
  facet normal -0.000000e+00 -1.000000e+00 -3.393582e-33
    outer loop
      vertex   1.230192e+01 0.000000e+00 3.000000e+00
      vertex   1.217306e+01 0.000000e+00 3.000000e+00
      vertex   -2.167534e-01 5.517074e-33 1.374262e+00
    endloop
  endfacet
  facet normal 7.043517e-34 -1.000000e+00 -8.761476e-33
    outer loop
      vertex   -2.167534e-01 5.517074e-33 1.374262e+00
      vertex   1.217306e+01 0.000000e+00 3.000000e+00
      vertex   -2.660000e-01 0.000000e+00 2.000000e+00
    endloop
  endfacet
  facet normal 0.000000e+00 -1.000000e+00 0.000000e+00
    outer loop
      vertex   -2.660000e-01 0.000000e+00 2.000000e+00
      vertex   1.217306e+01 0.000000e+00 3.000000e+00
      vertex   9.159921e+00 0.000000e+00 3.000000e+00
    endloop
  endfacet
  facet normal 0.000000e+00 -1.000000e+00 0.000000e+00
    outer loop
      vertex   -2.660000e-01 0.000000e+00 2.000000e+00
      vertex   9.159921e+00 0.000000e+00 3.000000e+00
      vertex   9.031064e+00 0.000000e+00 3.000000e+00
    endloop
  endfacet
  facet normal 0.000000e+00 -1.000000e+00 0.000000e+00
    outer loop
      vertex   1.217306e+01 0.000000e+00 3.000000e+00
      vertex   1.208114e+01 0.000000e+00 3.011287e+00
      vertex   9.159921e+00 0.000000e+00 3.000000e+00
    endloop
  endfacet
  facet normal 0.000000e+00 -1.000000e+00 0.000000e+00
    outer loop
      vertex   9.159921e+00 0.000000e+00 3.000000e+00
      vertex   1.208114e+01 0.000000e+00 3.011287e+00
      vertex   9.251851e+00 0.000000e+00 3.011288e+00
    endloop
  endfacet
  facet normal 0.000000e+00 -1.000000e+00 0.000000e+00
    outer loop
      vertex   9.251851e+00 0.000000e+00 3.011288e+00
      vertex   1.208114e+01 0.000000e+00 3.011287e+00
      vertex   1.199467e+01 0.000000e+00 3.044476e+00
    endloop
  endfacet
  facet normal 0.000000e+00 -1.000000e+00 0.000000e+00
    outer loop
      vertex   9.251851e+00 0.000000e+00 3.011288e+00
      vertex   1.199467e+01 0.000000e+00 3.044476e+00
      vertex   9.338320e+00 0.000000e+00 3.044480e+00
    endloop
  endfacet
  facet normal 0.000000e+00 -1.000000e+00 0.000000e+00
    outer loop
      vertex   9.338320e+00 0.000000e+00 3.044480e+00
      vertex   1.199467e+01 0.000000e+00 3.044476e+00
      vertex   1.191880e+01 0.000000e+00 3.097597e+00
    endloop
  endfacet
  facet normal 0.000000e+00 -1.000000e+00 0.000000e+00
    outer loop
      vertex   9.338320e+00 0.000000e+00 3.044480e+00
      vertex   1.191880e+01 0.000000e+00 3.097597e+00
      vertex   9.414191e+00 0.000000e+00 3.097605e+00
    endloop
  endfacet
  facet normal 0.000000e+00 -1.000000e+00 0.000000e+00
    outer loop
      vertex   9.414191e+00 0.000000e+00 3.097605e+00
      vertex   1.191880e+01 0.000000e+00 3.097597e+00
      vertex   1.185804e+01 0.000000e+00 3.167493e+00
    endloop
  endfacet
  facet normal 0.000000e+00 -1.000000e+00 0.000000e+00
    outer loop
      vertex   9.414191e+00 0.000000e+00 3.097605e+00
      vertex   1.185804e+01 0.000000e+00 3.167493e+00
      vertex   9.474955e+00 0.000000e+00 3.167507e+00
    endloop
  endfacet
  facet normal 0.000000e+00 -1.000000e+00 0.000000e+00
    outer loop
      vertex   9.474955e+00 0.000000e+00 3.167507e+00
      vertex   1.185804e+01 0.000000e+00 3.167493e+00
      vertex   1.181599e+01 0.000000e+00 3.250014e+00
    endloop
  endfacet
  facet normal 0.000000e+00 -1.000000e+00 0.000000e+00
    outer loop
      vertex   9.474955e+00 0.000000e+00 3.167507e+00
      vertex   1.181599e+01 0.000000e+00 3.250014e+00
      vertex   9.517004e+00 0.000000e+00 3.250032e+00
    endloop
  endfacet
  facet normal 0.000000e+00 -1.000000e+00 0.000000e+00
    outer loop
      vertex   9.517004e+00 0.000000e+00 3.250032e+00
      vertex   1.181599e+01 0.000000e+00 3.250014e+00
      vertex   1.108793e+01 0.000000e+00 5.250000e+00
    endloop
  endfacet
  facet normal 0.000000e+00 -1.000000e+00 0.000000e+00
    outer loop
      vertex   9.517004e+00 0.000000e+00 3.250032e+00
      vertex   1.108793e+01 0.000000e+00 5.250000e+00
      vertex   1.024493e+01 0.000000e+00 5.250000e+00
    endloop
  endfacet
  facet normal 0.000000e+00 -1.000000e+00 0.000000e+00
    outer loop
      vertex   -2.660000e-01 0.000000e+00 2.000000e+00
      vertex   9.031064e+00 0.000000e+00 3.000000e+00
      vertex   6.017921e+00 0.000000e+00 3.000000e+00
    endloop
  endfacet
  facet normal 0.000000e+00 -1.000000e+00 0.000000e+00
    outer loop
      vertex   6.017921e+00 0.000000e+00 3.000000e+00
      vertex   9.031064e+00 0.000000e+00 3.000000e+00
      vertex   8.939138e+00 0.000000e+00 3.011287e+00
    endloop
  endfacet
  facet normal 0.000000e+00 -1.000000e+00 0.000000e+00
    outer loop
      vertex   6.017921e+00 0.000000e+00 3.000000e+00
      vertex   8.939138e+00 0.000000e+00 3.011287e+00
      vertex   6.109851e+00 0.000000e+00 3.011288e+00
    endloop
  endfacet
  facet normal 0.000000e+00 -1.000000e+00 0.000000e+00
    outer loop
      vertex   6.109851e+00 0.000000e+00 3.011288e+00
      vertex   8.939138e+00 0.000000e+00 3.011287e+00
      vertex   8.852672e+00 0.000000e+00 3.044476e+00
    endloop
  endfacet
  facet normal 0.000000e+00 -1.000000e+00 0.000000e+00
    outer loop
      vertex   6.109851e+00 0.000000e+00 3.011288e+00
      vertex   8.852672e+00 0.000000e+00 3.044476e+00
      vertex   6.196320e+00 0.000000e+00 3.044480e+00
    endloop
  endfacet
  facet normal 0.000000e+00 -1.000000e+00 0.000000e+00
    outer loop
      vertex   6.196320e+00 0.000000e+00 3.044480e+00
      vertex   8.852672e+00 0.000000e+00 3.044476e+00
      vertex   8.776803e+00 0.000000e+00 3.097597e+00
    endloop
  endfacet
  facet normal 0.000000e+00 -1.000000e+00 0.000000e+00
    outer loop
      vertex   6.196320e+00 0.000000e+00 3.044480e+00
      vertex   8.776803e+00 0.000000e+00 3.097597e+00
      vertex   6.272191e+00 0.000000e+00 3.097605e+00
    endloop
  endfacet
  facet normal 0.000000e+00 -1.000000e+00 0.000000e+00
    outer loop
      vertex   6.272191e+00 0.000000e+00 3.097605e+00
      vertex   8.776803e+00 0.000000e+00 3.097597e+00
      vertex   8.716039e+00 0.000000e+00 3.167493e+00
    endloop
  endfacet
  facet normal 0.000000e+00 -1.000000e+00 0.000000e+00
    outer loop
      vertex   6.272191e+00 0.000000e+00 3.097605e+00
      vertex   8.716039e+00 0.000000e+00 3.167493e+00
      vertex   6.332955e+00 0.000000e+00 3.167507e+00
    endloop
  endfacet
  facet normal 0.000000e+00 -1.000000e+00 0.000000e+00
    outer loop
      vertex   6.332955e+00 0.000000e+00 3.167507e+00
      vertex   8.716039e+00 0.000000e+00 3.167493e+00
      vertex   8.673988e+00 0.000000e+00 3.250014e+00
    endloop
  endfacet
  facet normal 0.000000e+00 -1.000000e+00 0.000000e+00
    outer loop
      vertex   6.332955e+00 0.000000e+00 3.167507e+00
      vertex   8.673988e+00 0.000000e+00 3.250014e+00
      vertex   6.375004e+00 0.000000e+00 3.250032e+00
    endloop
  endfacet
  facet normal 0.000000e+00 -1.000000e+00 0.000000e+00
    outer loop
      vertex   6.375004e+00 0.000000e+00 3.250032e+00
      vertex   8.673988e+00 0.000000e+00 3.250014e+00
      vertex   7.945933e+00 0.000000e+00 5.250000e+00
    endloop
  endfacet
  facet normal 0.000000e+00 -1.000000e+00 0.000000e+00
    outer loop
      vertex   6.375004e+00 0.000000e+00 3.250032e+00
      vertex   7.945933e+00 0.000000e+00 5.250000e+00
      vertex   7.102933e+00 0.000000e+00 5.250000e+00
    endloop
  endfacet
  facet normal -0.000000e+00 -1.000000e+00 0.000000e+00
    outer loop
      vertex   6.017921e+00 0.000000e+00 3.000000e+00
      vertex   5.889064e+00 0.000000e+00 3.000000e+00
      vertex   -2.660000e-01 0.000000e+00 2.000000e+00
    endloop
  endfacet
  facet normal 0.000000e+00 -1.000000e+00 0.000000e+00
    outer loop
      vertex   -2.660000e-01 0.000000e+00 2.000000e+00
      vertex   5.889064e+00 0.000000e+00 3.000000e+00
      vertex   2.875921e+00 0.000000e+00 3.000000e+00
    endloop
  endfacet
  facet normal 0.000000e+00 -1.000000e+00 0.000000e+00
    outer loop
      vertex   -2.660000e-01 0.000000e+00 2.000000e+00
      vertex   2.875921e+00 0.000000e+00 3.000000e+00
      vertex   2.747064e+00 0.000000e+00 3.000000e+00
    endloop
  endfacet
  facet normal 0.000000e+00 -1.000000e+00 0.000000e+00
    outer loop
      vertex   5.889064e+00 0.000000e+00 3.000000e+00
      vertex   5.797138e+00 0.000000e+00 3.011287e+00
      vertex   2.875921e+00 0.000000e+00 3.000000e+00
    endloop
  endfacet
  facet normal 0.000000e+00 -1.000000e+00 0.000000e+00
    outer loop
      vertex   2.875921e+00 0.000000e+00 3.000000e+00
      vertex   5.797138e+00 0.000000e+00 3.011287e+00
      vertex   2.967851e+00 0.000000e+00 3.011288e+00
    endloop
  endfacet
  facet normal 0.000000e+00 -1.000000e+00 0.000000e+00
    outer loop
      vertex   2.967851e+00 0.000000e+00 3.011288e+00
      vertex   5.797138e+00 0.000000e+00 3.011287e+00
      vertex   5.710672e+00 0.000000e+00 3.044476e+00
    endloop
  endfacet
  facet normal 0.000000e+00 -1.000000e+00 0.000000e+00
    outer loop
      vertex   2.967851e+00 0.000000e+00 3.011288e+00
      vertex   5.710672e+00 0.000000e+00 3.044476e+00
      vertex   3.054320e+00 0.000000e+00 3.044480e+00
    endloop
  endfacet
  facet normal 0.000000e+00 -1.000000e+00 0.000000e+00
    outer loop
      vertex   3.054320e+00 0.000000e+00 3.044480e+00
      vertex   5.710672e+00 0.000000e+00 3.044476e+00
      vertex   5.634803e+00 0.000000e+00 3.097597e+00
    endloop
  endfacet
  facet normal 0.000000e+00 -1.000000e+00 0.000000e+00
    outer loop
      vertex   3.054320e+00 0.000000e+00 3.044480e+00
      vertex   5.634803e+00 0.000000e+00 3.097597e+00
      vertex   3.130191e+00 0.000000e+00 3.097605e+00
    endloop
  endfacet
  facet normal 0.000000e+00 -1.000000e+00 0.000000e+00
    outer loop
      vertex   3.130191e+00 0.000000e+00 3.097605e+00
      vertex   5.634803e+00 0.000000e+00 3.097597e+00
      vertex   5.574039e+00 0.000000e+00 3.167493e+00
    endloop
  endfacet
  facet normal 0.000000e+00 -1.000000e+00 0.000000e+00
    outer loop
      vertex   3.130191e+00 0.000000e+00 3.097605e+00
      vertex   5.574039e+00 0.000000e+00 3.167493e+00
      vertex   3.190955e+00 0.000000e+00 3.167507e+00
    endloop
  endfacet
  facet normal 0.000000e+00 -1.000000e+00 0.000000e+00
    outer loop
      vertex   3.190955e+00 0.000000e+00 3.167507e+00
      vertex   5.574039e+00 0.000000e+00 3.167493e+00
      vertex   5.531988e+00 0.000000e+00 3.250014e+00
    endloop
  endfacet
  facet normal 0.000000e+00 -1.000000e+00 0.000000e+00
    outer loop
      vertex   3.190955e+00 0.000000e+00 3.167507e+00
      vertex   5.531988e+00 0.000000e+00 3.250014e+00
      vertex   3.233004e+00 0.000000e+00 3.250032e+00
    endloop
  endfacet
  facet normal 0.000000e+00 -1.000000e+00 0.000000e+00
    outer loop
      vertex   3.233004e+00 0.000000e+00 3.250032e+00
      vertex   5.531988e+00 0.000000e+00 3.250014e+00
      vertex   4.803933e+00 0.000000e+00 5.250000e+00
    endloop
  endfacet
  facet normal 0.000000e+00 -1.000000e+00 0.000000e+00
    outer loop
      vertex   3.233004e+00 0.000000e+00 3.250032e+00
      vertex   4.803933e+00 0.000000e+00 5.250000e+00
      vertex   3.960933e+00 0.000000e+00 5.250000e+00
    endloop
  endfacet
  facet normal 0.000000e+00 -1.000000e+00 0.000000e+00
    outer loop
      vertex   -2.660000e-01 0.000000e+00 2.000000e+00
      vertex   2.747064e+00 0.000000e+00 3.000000e+00
      vertex   -2.660789e-01 0.000000e+00 3.000000e+00
    endloop
  endfacet
  facet normal 0.000000e+00 -1.000000e+00 0.000000e+00
    outer loop
      vertex   -2.660789e-01 0.000000e+00 3.000000e+00
      vertex   2.747064e+00 0.000000e+00 3.000000e+00
      vertex   2.655138e+00 0.000000e+00 3.011287e+00
    endloop
  endfacet
  facet normal 0.000000e+00 -1.000000e+00 0.000000e+00
    outer loop
      vertex   -2.660789e-01 0.000000e+00 3.000000e+00
      vertex   2.655138e+00 0.000000e+00 3.011287e+00
      vertex   -1.741485e-01 0.000000e+00 3.011288e+00
    endloop
  endfacet
  facet normal 0.000000e+00 -1.000000e+00 0.000000e+00
    outer loop
      vertex   -1.741485e-01 0.000000e+00 3.011288e+00
      vertex   2.655138e+00 0.000000e+00 3.011287e+00
      vertex   2.568672e+00 0.000000e+00 3.044476e+00
    endloop
  endfacet
  facet normal 0.000000e+00 -1.000000e+00 0.000000e+00
    outer loop
      vertex   -1.741485e-01 0.000000e+00 3.011288e+00
      vertex   2.568672e+00 0.000000e+00 3.044476e+00
      vertex   -8.767967e-02 0.000000e+00 3.044480e+00
    endloop
  endfacet
  facet normal 0.000000e+00 -1.000000e+00 0.000000e+00
    outer loop
      vertex   -8.767967e-02 0.000000e+00 3.044480e+00
      vertex   2.568672e+00 0.000000e+00 3.044476e+00
      vertex   2.492803e+00 0.000000e+00 3.097597e+00
    endloop
  endfacet
  facet normal 0.000000e+00 -1.000000e+00 0.000000e+00
    outer loop
      vertex   -8.767967e-02 0.000000e+00 3.044480e+00
      vertex   2.492803e+00 0.000000e+00 3.097597e+00
      vertex   -1.180923e-02 0.000000e+00 3.097605e+00
    endloop
  endfacet
  facet normal 0.000000e+00 -1.000000e+00 0.000000e+00
    outer loop
      vertex   -1.180923e-02 0.000000e+00 3.097605e+00
      vertex   2.492803e+00 0.000000e+00 3.097597e+00
      vertex   2.432039e+00 0.000000e+00 3.167493e+00
    endloop
  endfacet
  facet normal 0.000000e+00 -1.000000e+00 0.000000e+00
    outer loop
      vertex   -1.180923e-02 0.000000e+00 3.097605e+00
      vertex   2.432039e+00 0.000000e+00 3.167493e+00
      vertex   4.895541e-02 0.000000e+00 3.167507e+00
    endloop
  endfacet
  facet normal 0.000000e+00 -1.000000e+00 0.000000e+00
    outer loop
      vertex   4.895541e-02 0.000000e+00 3.167507e+00
      vertex   2.432039e+00 0.000000e+00 3.167493e+00
      vertex   2.389988e+00 0.000000e+00 3.250014e+00
    endloop
  endfacet
  facet normal 0.000000e+00 -1.000000e+00 0.000000e+00
    outer loop
      vertex   4.895541e-02 0.000000e+00 3.167507e+00
      vertex   2.389988e+00 0.000000e+00 3.250014e+00
      vertex   9.100433e-02 0.000000e+00 3.250032e+00
    endloop
  endfacet
  facet normal 0.000000e+00 -1.000000e+00 0.000000e+00
    outer loop
      vertex   9.100433e-02 0.000000e+00 3.250032e+00
      vertex   2.389988e+00 0.000000e+00 3.250014e+00
      vertex   1.661933e+00 0.000000e+00 5.250000e+00
    endloop
  endfacet
  facet normal 0.000000e+00 -1.000000e+00 0.000000e+00
    outer loop
      vertex   9.100433e-02 0.000000e+00 3.250032e+00
      vertex   1.661933e+00 0.000000e+00 5.250000e+00
      vertex   8.189330e-01 0.000000e+00 5.250000e+00
    endloop
  endfacet
  facet normal -3.451544e-33 -1.000000e+00 3.675696e-33
    outer loop
      vertex   5.900000e+01 -1.957930e-31 0.000000e+00
      vertex   1.382859e+00 -1.468326e-33 -1.236068e+00
      vertex   3.734000e+00 -1.239137e-32 -2.000000e+00
    endloop
  endfacet
  facet normal -6.869071e-33 -1.000000e+00 -6.842372e-33
    outer loop
      vertex   3.734000e+00 -1.239137e-32 -2.000000e+00
      vertex   1.382859e+00 -1.468326e-33 -1.236068e+00
      vertex   1.918038e+00 -2.900498e-33 -1.564026e+00
    endloop
  endfacet
  facet normal -9.196744e-33 -1.000000e+00 -1.653783e-32
    outer loop
      vertex   3.734000e+00 -1.239137e-32 -2.000000e+00
      vertex   1.918038e+00 -2.900498e-33 -1.564026e+00
      vertex   2.497932e+00 -4.261249e-33 -1.804226e+00
    endloop
  endfacet
  facet normal -1.534013e-32 -1.000000e+00 -5.532567e-32
    outer loop
      vertex   2.497932e+00 -4.261249e-33 -1.804226e+00
      vertex   3.108262e+00 -5.517074e-33 -1.950753e+00
      vertex   3.734000e+00 -1.239137e-32 -2.000000e+00
    endloop
  endfacet
  facet normal -3.318525e-33 -1.000000e+00 -3.584772e-47
    outer loop
      vertex   3.734000e+00 -1.239137e-32 -2.000000e+00
      vertex   6.100000e+01 -2.024301e-31 -2.000000e+00
      vertex   5.900000e+01 -1.957930e-31 0.000000e+00
    endloop
  endfacet
  facet normal 9.580122e-32 -1.000000e+00 9.911974e-32
    outer loop
      vertex   5.900000e+01 -1.957930e-31 0.000000e+00
      vertex   6.100000e+01 -2.024301e-31 -2.000000e+00
      vertex   6.273553e+01 3.100068e-33 -1.603875e+00
    endloop
  endfacet
  facet normal 2.941914e-32 -1.000000e+00 -5.548863e-32
    outer loop
      vertex   5.900000e+01 -1.957930e-31 0.000000e+00
      vertex   6.273553e+01 3.100068e-33 -1.603875e+00
      vertex   6.325328e+01 1.745005e-33 -1.304955e+00
    endloop
  endfacet
  facet normal 5.204503e-31 -1.000000e+00 -2.289171e-30
    outer loop
      vertex   6.159617e+01 5.573719e-33 -1.955323e+00
      vertex   6.217902e+01 4.385880e-33 -1.822291e+00
      vertex   6.100000e+01 -2.024301e-31 -2.000000e+00
    endloop
  endfacet
  facet normal 2.862223e-31 -1.000000e+00 -7.351695e-31
    outer loop
      vertex   6.100000e+01 -2.024301e-31 -2.000000e+00
      vertex   6.217902e+01 4.385880e-33 -1.822291e+00
      vertex   6.273553e+01 3.100068e-33 -1.603875e+00
    endloop
  endfacet
  facet normal 3.271126e-32 -1.000000e+00 -4.475853e-32
    outer loop
      vertex   6.325328e+01 1.745005e-33 -1.304955e+00
      vertex   6.372069e+01 3.509615e-34 -9.322075e-01
      vertex   5.900000e+01 -1.957930e-31 0.000000e+00
    endloop
  endfacet
  facet normal 3.458181e-32 -1.000000e+00 -3.528606e-32
    outer loop
      vertex   5.900000e+01 -1.957930e-31 0.000000e+00
      vertex   6.372069e+01 3.509615e-34 -9.322075e-01
      vertex   6.412733e+01 -1.050922e-33 -4.939592e-01
    endloop
  endfacet
  facet normal 2.507426e-32 -1.000000e+00 -1.339750e-31
    outer loop
      vertex   5.900000e+01 -1.957930e-31 0.000000e+00
      vertex   6.412733e+01 -1.050922e-33 -4.939592e-01
      vertex   6.446410e+01 -5.878470e-32 0.000000e+00
    endloop
  endfacet
  facet normal -1.000000e+00 -0.000000e+00 0.000000e+00
    outer loop
      vertex   5.900000e+01 0.000000e+00 3.050000e+00
      vertex   5.900000e+01 -1.957930e-31 0.000000e+00
      vertex   5.900000e+01 -7.000000e+00 3.050000e+00
    endloop
  endfacet
  facet normal -1.000000e+00 0.000000e+00 -0.000000e+00
    outer loop
      vertex   5.900000e+01 -7.000000e+00 3.050000e+00
      vertex   5.900000e+01 -1.957930e-31 0.000000e+00
      vertex   5.900000e+01 -3.000000e+01 0.000000e+00
    endloop
  endfacet
  facet normal -1.000000e+00 -0.000000e+00 0.000000e+00
    outer loop
      vertex   5.900000e+01 -7.000000e+00 3.050000e+00
      vertex   5.900000e+01 -3.000000e+01 0.000000e+00
      vertex   5.900000e+01 -3.000000e+01 2.900000e+01
    endloop
  endfacet
  facet normal -1.000000e+00 0.000000e+00 0.000000e+00
    outer loop
      vertex   5.900000e+01 -3.000000e+01 2.900000e+01
      vertex   5.900000e+01 -7.000000e+00 2.900000e+01
      vertex   5.900000e+01 -7.000000e+00 3.050000e+00
    endloop
  endfacet
  facet normal 0.000000e+00 0.000000e+00 -1.000000e+00
    outer loop
      vertex   5.900000e+01 -1.957930e-31 0.000000e+00
      vertex   6.446410e+01 -5.878470e-32 0.000000e+00
      vertex   5.900000e+01 -3.000000e+01 0.000000e+00
    endloop
  endfacet
  facet normal 0.000000e+00 0.000000e+00 -1.000000e+00
    outer loop
      vertex   5.900000e+01 -3.000000e+01 0.000000e+00
      vertex   6.446410e+01 -5.878470e-32 0.000000e+00
      vertex   6.500000e+01 -3.000000e+01 0.000000e+00
    endloop
  endfacet
  facet normal -4.988150e-16 -8.910472e-18 -1.000000e+00
    outer loop
      vertex   6.500000e+01 -3.000000e+01 0.000000e+00
      vertex   6.446410e+01 -5.878470e-32 0.000000e+00
      vertex   6.500000e+01 1.149387e+00 -2.775558e-16
    endloop
  endfacet
  facet normal -4.920298e-15 2.052593e-15 -1.000000e+00
    outer loop
      vertex   6.500000e+01 1.149387e+00 -2.775558e-16
      vertex   6.446410e+01 -5.878470e-32 0.000000e+00
      vertex   6.446410e+01 1.149387e+00 2.359224e-15
    endloop
  endfacet
  facet normal -1.675251e-16 8.759917e-01 4.823263e-01
    outer loop
      vertex   6.446410e+01 1.149387e+00 2.359224e-15
      vertex   6.469311e+01 8.942050e-01 4.634570e-01
      vertex   6.500000e+01 1.149387e+00 -2.775558e-16
    endloop
  endfacet
  facet normal 1.858017e-15 8.759917e-01 4.823263e-01
    outer loop
      vertex   6.500000e+01 1.149387e+00 -2.775558e-16
      vertex   6.469311e+01 8.942050e-01 4.634570e-01
      vertex   6.500000e+01 6.279750e-01 9.469788e-01
    endloop
  endfacet
  facet normal -4.092338e-05 8.759807e-01 4.823462e-01
    outer loop
      vertex   6.500000e+01 6.279750e-01 9.469788e-01
      vertex   6.469311e+01 8.942050e-01 4.634570e-01
      vertex   6.485893e+01 6.279723e-01 9.469717e-01
    endloop
  endfacet
  facet normal -4.109462e-05 8.736029e-01 4.866394e-01
    outer loop
      vertex   6.500000e+01 6.279750e-01 9.469788e-01
      vertex   6.485893e+01 6.279723e-01 9.469717e-01
      vertex   6.493827e+01 4.313221e-01 1.300000e+00
    endloop
  endfacet
  facet normal 1.140706e-14 8.735999e-01 4.866449e-01
    outer loop
      vertex   6.493827e+01 4.313221e-01 1.300000e+00
      vertex   6.500000e+01 4.313221e-01 1.300000e+00
      vertex   6.500000e+01 6.279750e-01 9.469788e-01
    endloop
  endfacet
  facet normal 9.874661e-01 1.042224e-15 1.578310e-01
    outer loop
      vertex   6.500000e+01 -3.000000e+01 5.074831e+00
      vertex   6.500000e+01 -7.000000e+00 5.074831e+00
      vertex   6.487852e+01 -1.850000e+01 5.834867e+00
    endloop
  endfacet
  facet normal 9.873743e-01 3.888864e-05 1.584048e-01
    outer loop
      vertex   6.487852e+01 -1.850000e+01 5.834867e+00
      vertex   6.500000e+01 -7.000000e+00 5.074831e+00
      vertex   6.487808e+01 -7.000000e+00 5.834770e+00
    endloop
  endfacet
  facet normal 9.639191e-01 3.890554e-05 2.661953e-01
    outer loop
      vertex   6.487852e+01 -1.850000e+01 5.834867e+00
      vertex   6.487808e+01 -7.000000e+00 5.834770e+00
      vertex   6.467295e+01 -7.000000e+00 6.577569e+00
    endloop
  endfacet
  facet normal 9.645541e-01 1.994515e-04 2.638852e-01
    outer loop
      vertex   6.487852e+01 -1.850000e+01 5.834867e+00
      vertex   6.467295e+01 -7.000000e+00 6.577569e+00
      vertex   6.467513e+01 -1.850000e+01 6.578283e+00
    endloop
  endfacet
  facet normal 9.377894e-01 1.995472e-04 3.472046e-01
    outer loop
      vertex   6.467513e+01 -1.850000e+01 6.578283e+00
      vertex   6.467295e+01 -7.000000e+00 6.577569e+00
      vertex   6.440117e+01 -7.000000e+00 7.311650e+00
    endloop
  endfacet
  facet normal 9.387837e-01 3.952742e-04 3.445069e-01
    outer loop
      vertex   6.467513e+01 -1.850000e+01 6.578283e+00
      vertex   6.440117e+01 -7.000000e+00 7.311650e+00
      vertex   6.440538e+01 -1.850000e+01 7.313371e+00
    endloop
  endfacet
  facet normal 9.157691e-01 3.954127e-04 4.017049e-01
    outer loop
      vertex   6.440538e+01 -1.850000e+01 7.313371e+00
      vertex   6.440117e+01 -7.000000e+00 7.311650e+00
      vertex   6.407929e+01 -7.000000e+00 8.045434e+00
    endloop
  endfacet
  facet normal 9.163379e-01 4.942608e-04 4.004055e-01
    outer loop
      vertex   6.440538e+01 -1.850000e+01 7.313371e+00
      vertex   6.407929e+01 -7.000000e+00 8.045434e+00
      vertex   6.408445e+01 -1.850000e+01 8.047825e+00
    endloop
  endfacet
  facet normal 9.016108e-01 4.943386e-04 4.325480e-01
    outer loop
      vertex   6.408445e+01 -1.850000e+01 8.047825e+00
      vertex   6.407929e+01 -7.000000e+00 8.045434e+00
      vertex   6.373064e+01 -1.850000e+01 8.785311e+00
    endloop
  endfacet
  facet normal 9.016109e-01 1.500617e-04 4.325480e-01
    outer loop
      vertex   6.408445e+01 -1.850000e+01 8.047825e+00
      vertex   6.373064e+01 -1.850000e+01 8.785311e+00
      vertex   6.401163e+01 -3.000000e+01 8.203609e+00
    endloop
  endfacet
  facet normal 8.999968e-01 -5.874699e-05 4.358964e-01
    outer loop
      vertex   6.401163e+01 -3.000000e+01 8.203609e+00
      vertex   6.373064e+01 -1.850000e+01 8.785311e+00
      vertex   6.368391e+01 -3.000000e+01 8.880248e+00
    endloop
  endfacet
  facet normal 8.967609e-01 9.044713e-06 4.425153e-01
    outer loop
      vertex   6.368391e+01 -3.000000e+01 8.880248e+00
      vertex   6.373064e+01 -1.850000e+01 8.785311e+00
      vertex   6.335462e+01 -1.850000e+01 9.547321e+00
    endloop
  endfacet
  facet normal 8.993967e-01 3.967187e-04 4.371331e-01
    outer loop
      vertex   6.368391e+01 -3.000000e+01 8.880248e+00
      vertex   6.335462e+01 -1.850000e+01 9.547321e+00
      vertex   6.299495e+01 -3.000000e+01 1.029778e+01
    endloop
  endfacet
  facet normal 9.020096e-01 -3.851659e-05 4.317159e-01
    outer loop
      vertex   6.299495e+01 -3.000000e+01 1.029778e+01
      vertex   6.335462e+01 -1.850000e+01 9.547321e+00
      vertex   6.298008e+01 -1.850000e+01 1.032986e+01
    endloop
  endfacet
  facet normal 9.144207e-01 5.270502e-05 4.047652e-01
    outer loop
      vertex   6.299495e+01 -3.000000e+01 1.029778e+01
      vertex   6.298008e+01 -1.850000e+01 1.032986e+01
      vertex   6.266508e+01 -3.000000e+01 1.104300e+01
    endloop
  endfacet
  facet normal 9.158808e-01 -1.928601e-04 4.014502e-01
    outer loop
      vertex   6.266508e+01 -3.000000e+01 1.104300e+01
      vertex   6.298008e+01 -1.850000e+01 1.032986e+01
      vertex   6.262229e+01 -1.850000e+01 1.114614e+01
    endloop
  endfacet
  facet normal 9.319017e-01 2.141810e-04 3.627109e-01
    outer loop
      vertex   6.266508e+01 -3.000000e+01 1.104300e+01
      vertex   6.262229e+01 -1.850000e+01 1.114614e+01
      vertex   6.236446e+01 -3.000000e+01 1.181537e+01
    endloop
  endfacet
  facet normal 9.355328e-01 -4.184121e-04 3.532395e-01
    outer loop
      vertex   6.236446e+01 -3.000000e+01 1.181537e+01
      vertex   6.262229e+01 -1.850000e+01 1.114614e+01
      vertex   6.229825e+01 -1.850000e+01 1.200434e+01
    endloop
  endfacet
  facet normal 9.512684e-01 4.095889e-04 3.083638e-01
    outer loop
      vertex   6.236446e+01 -3.000000e+01 1.181537e+01
      vertex   6.229825e+01 -1.850000e+01 1.200434e+01
      vertex   6.210467e+01 -3.000000e+01 1.261679e+01
    endloop
  endfacet
  facet normal 9.564928e-01 -5.628694e-04 2.917552e-01
    outer loop
      vertex   6.210467e+01 -3.000000e+01 1.261679e+01
      vertex   6.229825e+01 -1.850000e+01 1.200434e+01
      vertex   6.203336e+01 -1.850000e+01 1.287277e+01
    endloop
  endfacet
  facet normal 9.691813e-01 5.265434e-04 2.463480e-01
    outer loop
      vertex   6.210467e+01 -3.000000e+01 1.261679e+01
      vertex   6.203336e+01 -1.850000e+01 1.287277e+01
      vertex   6.189318e+01 -3.000000e+01 1.344882e+01
    endloop
  endfacet
  facet normal 9.741702e-01 -5.628122e-04 2.258143e-01
    outer loop
      vertex   6.189318e+01 -3.000000e+01 1.344882e+01
      vertex   6.203336e+01 -1.850000e+01 1.287277e+01
      vertex   6.183430e+01 -1.850000e+01 1.373152e+01
    endloop
  endfacet
  facet normal 9.830795e-01 5.309231e-04 1.831788e-01
    outer loop
      vertex   6.189318e+01 -3.000000e+01 1.344882e+01
      vertex   6.183430e+01 -1.850000e+01 1.373152e+01
      vertex   6.173225e+01 -3.000000e+01 1.431249e+01
    endloop
  endfacet
  facet normal 9.864102e-01 -4.523250e-04 1.643009e-01
    outer loop
      vertex   6.173225e+01 -3.000000e+01 1.431249e+01
      vertex   6.183430e+01 -1.850000e+01 1.373152e+01
      vertex   6.169428e+01 -1.850000e+01 1.457211e+01
    endloop
  endfacet
  facet normal 9.920737e-01 4.387901e-04 1.256567e-01
    outer loop
      vertex   6.173225e+01 -3.000000e+01 1.431249e+01
      vertex   6.169428e+01 -1.850000e+01 1.457211e+01
      vertex   6.161880e+01 -3.000000e+01 1.520819e+01
    endloop
  endfacet
  facet normal 9.937601e-01 -3.532172e-04 1.115377e-01
    outer loop
      vertex   6.161880e+01 -3.000000e+01 1.520819e+01
      vertex   6.169428e+01 -1.850000e+01 1.457211e+01
      vertex   6.159662e+01 -1.850000e+01 1.544230e+01
    endloop
  endfacet
  facet normal 9.968925e-01 3.198359e-04 7.877273e-02
    outer loop
      vertex   6.161880e+01 -3.000000e+01 1.520819e+01
      vertex   6.159662e+01 -1.850000e+01 1.544230e+01
      vertex   6.154554e+01 -3.000000e+01 1.613537e+01
    endloop
  endfacet
  facet normal 9.980311e-01 -6.528641e-04 6.271690e-02
    outer loop
      vertex   6.154554e+01 -3.000000e+01 1.613537e+01
      vertex   6.159662e+01 -1.850000e+01 1.544230e+01
      vertex   6.151561e+01 -1.850000e+01 1.673133e+01
    endloop
  endfacet
  facet normal 9.989731e-01 2.518701e-04 4.530570e-02
    outer loop
      vertex   6.154554e+01 -3.000000e+01 1.613537e+01
      vertex   6.151561e+01 -1.850000e+01 1.673133e+01
      vertex   6.150214e+01 -3.000000e+01 1.709239e+01
    endloop
  endfacet
  facet normal 9.995746e-01 -2.555788e-04 2.916582e-02
    outer loop
      vertex   6.150214e+01 -3.000000e+01 1.709239e+01
      vertex   6.151561e+01 -1.850000e+01 1.673133e+01
      vertex   6.147647e+01 -1.850000e+01 1.807297e+01
    endloop
  endfacet
  facet normal 9.997245e-01 2.304579e-04 2.346959e-02
    outer loop
      vertex   6.150214e+01 -3.000000e+01 1.709239e+01
      vertex   6.147647e+01 -1.850000e+01 1.807297e+01
      vertex   6.145542e+01 -3.000000e+01 1.908228e+01
    endloop
  endfacet
  facet normal 9.997214e-01 2.419395e-04 2.360035e-02
    outer loop
      vertex   6.145542e+01 -3.000000e+01 1.908228e+01
      vertex   6.147647e+01 -1.850000e+01 1.807297e+01
      vertex   6.143250e+01 -1.850000e+01 1.993534e+01
    endloop
  endfacet
  facet normal 9.993178e-01 -7.472948e-04 3.692524e-02
    outer loop
      vertex   6.145542e+01 -3.000000e+01 1.908228e+01
      vertex   6.143250e+01 -1.850000e+01 1.993534e+01
      vertex   6.137965e+01 -3.000000e+01 2.113300e+01
    endloop
  endfacet
  facet normal 9.990743e-01 -1.115998e-04 4.301847e-02
    outer loop
      vertex   6.137965e+01 -3.000000e+01 2.113300e+01
      vertex   6.143250e+01 -1.850000e+01 1.993534e+01
      vertex   6.139156e+01 -7.000000e+00 2.091593e+01
    endloop
  endfacet
  facet normal 9.977809e-01 1.114570e-04 6.658263e-02
    outer loop
      vertex   6.137965e+01 -3.000000e+01 2.113300e+01
      vertex   6.139156e+01 -7.000000e+00 2.091593e+01
      vertex   6.132593e+01 -1.850000e+01 2.191876e+01
    endloop
  endfacet
  facet normal 9.978765e-01 -1.542758e-05 6.513382e-02
    outer loop
      vertex   6.132593e+01 -1.850000e+01 2.191876e+01
      vertex   6.139156e+01 -7.000000e+00 2.091593e+01
      vertex   6.132610e+01 -7.000000e+00 2.191877e+01
    endloop
  endfacet
  facet normal 9.956123e-01 -1.542729e-05 9.357392e-02
    outer loop
      vertex   6.132593e+01 -1.850000e+01 2.191876e+01
      vertex   6.132610e+01 -7.000000e+00 2.191877e+01
      vertex   6.124126e+01 -1.850000e+01 2.281959e+01
    endloop
  endfacet
  facet normal 9.957068e-01 -9.526021e-05 9.256365e-02
    outer loop
      vertex   6.124126e+01 -1.850000e+01 2.281959e+01
      vertex   6.132610e+01 -7.000000e+00 2.191877e+01
      vertex   6.123954e+01 -7.000000e+00 2.284993e+01
    endloop
  endfacet
  facet normal 9.922888e-01 -1.785819e-04 1.239469e-01
    outer loop
      vertex   6.124126e+01 -1.850000e+01 2.281959e+01
      vertex   6.123954e+01 -7.000000e+00 2.284993e+01
      vertex   6.113141e+01 -1.850000e+01 2.369902e+01
    endloop
  endfacet
  facet normal 9.925338e-01 -3.268908e-04 1.219694e-01
    outer loop
      vertex   6.113141e+01 -1.850000e+01 2.369902e+01
      vertex   6.123954e+01 -7.000000e+00 2.284993e+01
      vertex   6.113514e+01 -7.000000e+00 2.369954e+01
    endloop
  endfacet
  facet normal 9.879229e-01 -3.268803e-04 1.549462e-01
    outer loop
      vertex   6.113141e+01 -1.850000e+01 2.369902e+01
      vertex   6.113514e+01 -7.000000e+00 2.369954e+01
      vertex   6.101310e+01 -1.850000e+01 2.445336e+01
    endloop
  endfacet
  facet normal 9.881968e-01 -4.449708e-04 1.531890e-01
    outer loop
      vertex   6.101310e+01 -1.850000e+01 2.445336e+01
      vertex   6.113514e+01 -7.000000e+00 2.369954e+01
      vertex   6.101527e+01 -7.000000e+00 2.447276e+01
    endloop
  endfacet
  facet normal 9.825380e-01 -4.993484e-04 1.860611e-01
    outer loop
      vertex   6.101310e+01 -1.850000e+01 2.445336e+01
      vertex   6.101527e+01 -7.000000e+00 2.447276e+01
      vertex   6.087672e+01 -1.850000e+01 2.517356e+01
    endloop
  endfacet
  facet normal 9.825374e-01 -4.991344e-04 1.860645e-01
    outer loop
      vertex   6.087672e+01 -1.850000e+01 2.517356e+01
      vertex   6.101527e+01 -7.000000e+00 2.447276e+01
      vertex   6.088234e+01 -7.000000e+00 2.517473e+01
    endloop
  endfacet
  facet normal 9.754304e-01 -4.991349e-04 2.203073e-01
    outer loop
      vertex   6.087672e+01 -1.850000e+01 2.517356e+01
      vertex   6.088234e+01 -7.000000e+00 2.517473e+01
      vertex   6.073872e+01 -7.000000e+00 2.581061e+01
    endloop
  endfacet
  facet normal 8.997341e-01 8.014911e-04 4.364377e-01
    outer loop
      vertex   6.407929e+01 -7.000000e+00 8.045434e+00
      vertex   6.335150e+01 -7.000000e+00 9.545801e+00
      vertex   6.373064e+01 -1.850000e+01 8.785311e+00
    endloop
  endfacet
  facet normal 8.967609e-01 3.015604e-04 4.425153e-01
    outer loop
      vertex   6.373064e+01 -1.850000e+01 8.785311e+00
      vertex   6.335150e+01 -7.000000e+00 9.545801e+00
      vertex   6.335462e+01 -1.850000e+01 9.547321e+00
    endloop
  endfacet
  facet normal 9.020096e-01 3.015553e-04 4.317159e-01
    outer loop
      vertex   6.335462e+01 -1.850000e+01 9.547321e+00
      vertex   6.335150e+01 -7.000000e+00 9.545801e+00
      vertex   6.298008e+01 -1.850000e+01 1.032986e+01
    endloop
  endfacet
  facet normal 9.029807e-01 1.314535e-04 4.296810e-01
    outer loop
      vertex   6.298008e+01 -1.850000e+01 1.032986e+01
      vertex   6.335150e+01 -7.000000e+00 9.545801e+00
      vertex   6.297871e+01 -7.000000e+00 1.032923e+01
    endloop
  endfacet
  facet normal 9.158808e-01 1.314429e-04 4.014502e-01
    outer loop
      vertex   6.298008e+01 -1.850000e+01 1.032986e+01
      vertex   6.297871e+01 -7.000000e+00 1.032923e+01
      vertex   6.262229e+01 -1.850000e+01 1.114614e+01
    endloop
  endfacet
  facet normal 9.164520e-01 2.100143e-05 4.001447e-01
    outer loop
      vertex   6.262229e+01 -1.850000e+01 1.114614e+01
      vertex   6.297871e+01 -7.000000e+00 1.032923e+01
      vertex   6.262207e+01 -7.000000e+00 1.114605e+01
    endloop
  endfacet
  facet normal 9.355329e-01 2.099835e-05 3.532395e-01
    outer loop
      vertex   6.262229e+01 -1.850000e+01 1.114614e+01
      vertex   6.262207e+01 -7.000000e+00 1.114605e+01
      vertex   6.229825e+01 -1.850000e+01 1.200434e+01
    endloop
  endfacet
  facet normal 9.356367e-01 -2.434898e-06 3.529646e-01
    outer loop
      vertex   6.229825e+01 -1.850000e+01 1.200434e+01
      vertex   6.262207e+01 -7.000000e+00 1.114605e+01
      vertex   6.229828e+01 -7.000000e+00 1.200435e+01
    endloop
  endfacet
  facet normal 9.570879e-01 -2.434588e-06 2.897978e-01
    outer loop
      vertex   6.229825e+01 -1.850000e+01 1.200434e+01
      vertex   6.229828e+01 -7.000000e+00 1.200435e+01
      vertex   6.203518e+01 -7.000000e+00 1.287326e+01
    endloop
  endfacet
  facet normal 9.564930e-01 -1.639443e-04 2.917553e-01
    outer loop
      vertex   6.229825e+01 -1.850000e+01 1.200434e+01
      vertex   6.203518e+01 -7.000000e+00 1.287326e+01
      vertex   6.203336e+01 -1.850000e+01 1.287277e+01
    endloop
  endfacet
  facet normal 9.745539e-01 -1.639684e-04 2.241532e-01
    outer loop
      vertex   6.203336e+01 -1.850000e+01 1.287277e+01
      vertex   6.203518e+01 -7.000000e+00 1.287326e+01
      vertex   6.183762e+01 -7.000000e+00 1.373218e+01
    endloop
  endfacet
  facet normal 9.741703e-01 -2.946350e-04 2.258143e-01
    outer loop
      vertex   6.203336e+01 -1.850000e+01 1.287277e+01
      vertex   6.183762e+01 -7.000000e+00 1.373218e+01
      vertex   6.183430e+01 -1.850000e+01 1.373152e+01
    endloop
  endfacet
  facet normal 9.864102e-01 -2.946786e-04 1.643009e-01
    outer loop
      vertex   6.183430e+01 -1.850000e+01 1.373152e+01
      vertex   6.183762e+01 -7.000000e+00 1.373218e+01
      vertex   6.169428e+01 -1.850000e+01 1.457211e+01
    endloop
  endfacet
  facet normal 9.864308e-01 -3.039434e-04 1.641776e-01
    outer loop
      vertex   6.183762e+01 -7.000000e+00 1.373218e+01
      vertex   6.169540e+01 -7.000000e+00 1.458671e+01
      vertex   6.169428e+01 -1.850000e+01 1.457211e+01
    endloop
  endfacet
  facet normal 9.937602e-01 -2.378429e-04 1.115377e-01
    outer loop
      vertex   6.169428e+01 -1.850000e+01 1.457211e+01
      vertex   6.169540e+01 -7.000000e+00 1.458671e+01
      vertex   6.159662e+01 -1.850000e+01 1.544230e+01
    endloop
  endfacet
  facet normal 9.936237e-01 -1.466667e-04 1.127474e-01
    outer loop
      vertex   6.169540e+01 -7.000000e+00 1.458671e+01
      vertex   6.159830e+01 -7.000000e+00 1.544245e+01
      vertex   6.159662e+01 -1.850000e+01 1.544230e+01
    endloop
  endfacet
  facet normal 9.974110e-01 -1.466782e-04 7.191096e-02
    outer loop
      vertex   6.159662e+01 -1.850000e+01 1.544230e+01
      vertex   6.159830e+01 -7.000000e+00 1.544245e+01
      vertex   6.153611e+01 -7.000000e+00 1.630501e+01
    endloop
  endfacet
  facet normal 9.980312e-01 5.463050e-04 6.271690e-02
    outer loop
      vertex   6.159662e+01 -1.850000e+01 1.544230e+01
      vertex   6.153611e+01 -7.000000e+00 1.630501e+01
      vertex   6.151561e+01 -1.850000e+01 1.673133e+01
    endloop
  endfacet
  facet normal 9.994154e-01 -5.139197e-04 3.418385e-02
    outer loop
      vertex   6.151561e+01 -1.850000e+01 1.673133e+01
      vertex   6.153611e+01 -7.000000e+00 1.630501e+01
      vertex   6.147564e+01 -7.000000e+00 1.807295e+01
    endloop
  endfacet
  facet normal 9.995746e-01 7.205087e-05 2.916582e-02
    outer loop
      vertex   6.151561e+01 -1.850000e+01 1.673133e+01
      vertex   6.147564e+01 -7.000000e+00 1.807295e+01
      vertex   6.147647e+01 -1.850000e+01 1.807297e+01
    endloop
  endfacet
  facet normal 9.997919e-01 7.205315e-05 2.039766e-02
    outer loop
      vertex   6.147647e+01 -1.850000e+01 1.807297e+01
      vertex   6.147564e+01 -7.000000e+00 1.807295e+01
      vertex   6.145694e+01 -7.000000e+00 1.898954e+01
    endloop
  endfacet
  facet normal 9.997215e-01 -1.833257e-04 2.360035e-02
    outer loop
      vertex   6.147647e+01 -1.850000e+01 1.807297e+01
      vertex   6.145694e+01 -7.000000e+00 1.898954e+01
      vertex   6.143250e+01 -1.850000e+01 1.993534e+01
    endloop
  endfacet
  facet normal 9.996613e-01 1.615083e-05 2.602423e-02
    outer loop
      vertex   6.143250e+01 -1.850000e+01 1.993534e+01
      vertex   6.145694e+01 -7.000000e+00 1.898954e+01
      vertex   6.143232e+01 -7.000000e+00 1.993533e+01
    endloop
  endfacet
  facet normal 9.991376e-01 1.615044e-05 4.152292e-02
    outer loop
      vertex   6.143250e+01 -1.850000e+01 1.993534e+01
      vertex   6.143232e+01 -7.000000e+00 1.993533e+01
      vertex   6.139156e+01 -7.000000e+00 2.091593e+01
    endloop
  endfacet
  facet normal 9.759369e-01 -3.681775e-04 2.180529e-01
    outer loop
      vertex   6.087672e+01 -1.850000e+01 2.517356e+01
      vertex   6.073872e+01 -7.000000e+00 2.581061e+01
      vertex   6.073665e+01 -1.850000e+01 2.580049e+01
    endloop
  endfacet
  facet normal 9.668193e-01 -3.994729e-04 2.554609e-01
    outer loop
      vertex   6.073665e+01 -1.850000e+01 2.580049e+01
      vertex   6.073872e+01 -7.000000e+00 2.581061e+01
      vertex   6.058680e+01 -7.000000e+00 2.638556e+01
    endloop
  endfacet
  facet normal 9.679057e-01 -1.743145e-04 2.513135e-01
    outer loop
      vertex   6.073665e+01 -1.850000e+01 2.580049e+01
      vertex   6.058680e+01 -7.000000e+00 2.638556e+01
      vertex   6.058488e+01 -1.850000e+01 2.638501e+01
    endloop
  endfacet
  facet normal 9.567643e-01 -1.743316e-04 2.908645e-01
    outer loop
      vertex   6.058488e+01 -1.850000e+01 2.638501e+01
      vertex   6.058680e+01 -7.000000e+00 2.638556e+01
      vertex   6.042898e+01 -7.000000e+00 2.690472e+01
    endloop
  endfacet
  facet normal 9.576061e-01 -3.712498e-05 2.880809e-01
    outer loop
      vertex   6.058488e+01 -1.850000e+01 2.638501e+01
      vertex   6.042898e+01 -7.000000e+00 2.690472e+01
      vertex   6.042418e+01 -1.850000e+01 2.691918e+01
    endloop
  endfacet
  facet normal 9.441492e-01 2.061107e-05 3.295182e-01
    outer loop
      vertex   6.042418e+01 -1.850000e+01 2.691918e+01
      vertex   6.042898e+01 -7.000000e+00 2.690472e+01
      vertex   6.025610e+01 -7.000000e+00 2.740004e+01
    endloop
  endfacet
  facet normal 9.439903e-01 -7.392579e-07 3.299732e-01
    outer loop
      vertex   6.042418e+01 -1.850000e+01 2.691918e+01
      vertex   6.025610e+01 -7.000000e+00 2.740004e+01
      vertex   6.025609e+01 -1.850000e+01 2.740004e+01
    endloop
  endfacet
  facet normal 9.288630e-01 -7.393701e-07 3.704233e-01
    outer loop
      vertex   6.025609e+01 -1.850000e+01 2.740004e+01
      vertex   6.025610e+01 -7.000000e+00 2.740004e+01
      vertex   6.014212e+01 -1.850000e+01 2.768583e+01
    endloop
  endfacet
  facet normal 9.288630e-01 3.204608e-06 3.704233e-01
    outer loop
      vertex   6.025609e+01 -1.850000e+01 2.740004e+01
      vertex   6.014212e+01 -1.850000e+01 2.768583e+01
      vertex   6.014287e+01 -3.000000e+01 2.768406e+01
    endloop
  endfacet
  facet normal 9.131498e-01 -3.507650e-06 4.076241e-01
    outer loop
      vertex   6.014287e+01 -3.000000e+01 2.768406e+01
      vertex   6.014212e+01 -1.850000e+01 2.768583e+01
      vertex   6.002633e+01 -1.850000e+01 2.794523e+01
    endloop
  endfacet
  facet normal 9.128606e-01 -2.113930e-05 4.082714e-01
    outer loop
      vertex   6.014287e+01 -3.000000e+01 2.768406e+01
      vertex   6.002633e+01 -1.850000e+01 2.794523e+01
      vertex   6.002179e+01 -3.000000e+01 2.795477e+01
    endloop
  endfacet
  facet normal 8.926716e-01 2.201950e-05 4.507076e-01
    outer loop
      vertex   6.002179e+01 -3.000000e+01 2.795477e+01
      vertex   6.002633e+01 -1.850000e+01 2.794523e+01
      vertex   5.990914e+01 -1.850000e+01 2.817733e+01
    endloop
  endfacet
  facet normal 8.912124e-01 -4.798075e-05 4.535862e-01
    outer loop
      vertex   6.002179e+01 -3.000000e+01 2.795477e+01
      vertex   5.990914e+01 -1.850000e+01 2.817733e+01
      vertex   5.989922e+01 -3.000000e+01 2.819560e+01
    endloop
  endfacet
  facet normal 8.652870e-01 5.016389e-05 5.012768e-01
    outer loop
      vertex   5.989922e+01 -3.000000e+01 2.819560e+01
      vertex   5.990914e+01 -1.850000e+01 2.817733e+01
      vertex   5.979094e+01 -1.850000e+01 2.838137e+01
    endloop
  endfacet
  facet normal 8.618287e-01 -7.807661e-05 5.071995e-01
    outer loop
      vertex   5.989922e+01 -3.000000e+01 2.819560e+01
      vertex   5.979094e+01 -1.850000e+01 2.838137e+01
      vertex   5.977556e+01 -3.000000e+01 2.840572e+01
    endloop
  endfacet
  facet normal 8.208155e-01 1.122635e-04 5.711934e-01
    outer loop
      vertex   5.977556e+01 -3.000000e+01 2.840572e+01
      vertex   5.979094e+01 -1.850000e+01 2.838137e+01
      vertex   5.965112e+01 -3.000000e+01 2.858455e+01
    endloop
  endfacet
  facet normal 8.198290e-01 1.492583e-04 5.726084e-01
    outer loop
      vertex   5.965112e+01 -3.000000e+01 2.858455e+01
      vertex   5.979094e+01 -1.850000e+01 2.838137e+01
      vertex   5.963062e+01 -1.850000e+01 2.861090e+01
    endloop
  endfacet
  facet normal 7.620936e-01 -1.251512e-04 6.474668e-01
    outer loop
      vertex   5.965112e+01 -3.000000e+01 2.858455e+01
      vertex   5.963062e+01 -1.850000e+01 2.861090e+01
      vertex   5.952611e+01 -3.000000e+01 2.873169e+01
    endloop
  endfacet
  facet normal 7.390842e-01 3.585766e-04 6.736130e-01
    outer loop
      vertex   5.952611e+01 -3.000000e+01 2.873169e+01
      vertex   5.963062e+01 -1.850000e+01 2.861090e+01
      vertex   5.946942e+01 -1.850000e+01 2.878777e+01
    endloop
  endfacet
  facet normal 6.764804e-01 -2.565354e-04 7.364606e-01
    outer loop
      vertex   5.952611e+01 -3.000000e+01 2.873169e+01
      vertex   5.946942e+01 -1.850000e+01 2.878777e+01
      vertex   5.940070e+01 -3.000000e+01 2.884689e+01
    endloop
  endfacet
  facet normal 6.324920e-01 2.022245e-04 7.745668e-01
    outer loop
      vertex   5.940070e+01 -3.000000e+01 2.884689e+01
      vertex   5.946942e+01 -1.850000e+01 2.878777e+01
      vertex   5.935807e+01 -1.850000e+01 2.887870e+01
    endloop
  endfacet
  facet normal 5.515754e-01 -2.624339e-04 8.341250e-01
    outer loop
      vertex   5.940070e+01 -3.000000e+01 2.884689e+01
      vertex   5.935807e+01 -1.850000e+01 2.887870e+01
      vertex   5.927497e+01 -3.000000e+01 2.893003e+01
    endloop
  endfacet
  facet normal 5.073268e-01 1.806460e-04 8.617538e-01
    outer loop
      vertex   5.927497e+01 -3.000000e+01 2.893003e+01
      vertex   5.935807e+01 -1.850000e+01 2.887870e+01
      vertex   5.924649e+01 -1.850000e+01 2.894438e+01
    endloop
  endfacet
  facet normal 3.754416e-01 -2.271862e-04 9.268460e-01
    outer loop
      vertex   5.927497e+01 -3.000000e+01 2.893003e+01
      vertex   5.924649e+01 -1.850000e+01 2.894438e+01
      vertex   5.914898e+01 -3.000000e+01 2.898107e+01
    endloop
  endfacet
  facet normal 3.401520e-01 1.151936e-04 9.403705e-01
    outer loop
      vertex   5.914898e+01 -3.000000e+01 2.898107e+01
      vertex   5.924649e+01 -1.850000e+01 2.894438e+01
      vertex   5.913471e+01 -1.850000e+01 2.898482e+01
    endloop
  endfacet
  facet normal 1.483322e-01 -1.385879e-04 9.889376e-01
    outer loop
      vertex   5.914898e+01 -3.000000e+01 2.898107e+01
      vertex   5.913471e+01 -1.850000e+01 2.898482e+01
      vertex   5.902274e+01 -3.000000e+01 2.900000e+01
    endloop
  endfacet
  facet normal 1.343687e-01 3.141838e-15 9.909314e-01
    outer loop
      vertex   5.902274e+01 -3.000000e+01 2.900000e+01
      vertex   5.913471e+01 -1.850000e+01 2.898482e+01
      vertex   5.902274e+01 -7.000000e+00 2.900000e+01
    endloop
  endfacet
  facet normal 1.457973e-01 1.134093e-04 9.893145e-01
    outer loop
      vertex   5.902274e+01 -7.000000e+00 2.900000e+01
      vertex   5.913471e+01 -1.850000e+01 2.898482e+01
      vertex   5.914638e+01 -7.000000e+00 2.898178e+01
    endloop
  endfacet
  facet normal 3.401520e-01 -9.673448e-05 9.403705e-01
    outer loop
      vertex   5.914638e+01 -7.000000e+00 2.898178e+01
      vertex   5.913471e+01 -1.850000e+01 2.898482e+01
      vertex   5.924649e+01 -1.850000e+01 2.894438e+01
    endloop
  endfacet
  facet normal 3.641253e-01 1.412926e-04 9.313500e-01
    outer loop
      vertex   5.914638e+01 -7.000000e+00 2.898178e+01
      vertex   5.924649e+01 -1.850000e+01 2.894438e+01
      vertex   5.926365e+01 -7.000000e+00 2.893593e+01
    endloop
  endfacet
  facet normal 5.073268e-01 -1.235907e-04 8.617538e-01
    outer loop
      vertex   5.926365e+01 -7.000000e+00 2.893593e+01
      vertex   5.924649e+01 -1.850000e+01 2.894438e+01
      vertex   5.935807e+01 -1.850000e+01 2.887870e+01
    endloop
  endfacet
  facet normal 5.269884e-01 9.696345e-05 8.498725e-01
    outer loop
      vertex   5.926365e+01 -7.000000e+00 2.893593e+01
      vertex   5.935807e+01 -1.850000e+01 2.887870e+01
      vertex   5.937168e+01 -7.000000e+00 2.886895e+01
    endloop
  endfacet
  facet normal 6.324921e-01 -9.169494e-05 7.745668e-01
    outer loop
      vertex   5.937168e+01 -7.000000e+00 2.886895e+01
      vertex   5.935807e+01 -1.850000e+01 2.887870e+01
      vertex   5.946942e+01 -1.850000e+01 2.878777e+01
    endloop
  endfacet
  facet normal 6.389088e-01 1.449137e-07 7.692825e-01
    outer loop
      vertex   5.937168e+01 -7.000000e+00 2.886895e+01
      vertex   5.946942e+01 -1.850000e+01 2.878777e+01
      vertex   5.946942e+01 -7.000000e+00 2.878777e+01
    endloop
  endfacet
  facet normal 7.390842e-01 1.337425e-07 6.736130e-01
    outer loop
      vertex   5.946942e+01 -7.000000e+00 2.878777e+01
      vertex   5.946942e+01 -1.850000e+01 2.878777e+01
      vertex   5.963062e+01 -1.850000e+01 2.861090e+01
    endloop
  endfacet
  facet normal 7.432557e-01 1.294428e-04 6.690074e-01
    outer loop
      vertex   5.946942e+01 -7.000000e+00 2.878777e+01
      vertex   5.963062e+01 -1.850000e+01 2.861090e+01
      vertex   5.964387e+01 -7.000000e+00 2.859395e+01
    endloop
  endfacet
  facet normal 8.198290e-01 -1.008404e-04 5.726084e-01
    outer loop
      vertex   5.964387e+01 -7.000000e+00 2.859395e+01
      vertex   5.963062e+01 -1.850000e+01 2.861090e+01
      vertex   5.979094e+01 -1.850000e+01 2.838137e+01
    endloop
  endfacet
  facet normal 8.223883e-01 -5.347161e-08 5.689267e-01
    outer loop
      vertex   5.964387e+01 -7.000000e+00 2.859395e+01
      vertex   5.979094e+01 -1.850000e+01 2.838137e+01
      vertex   5.979094e+01 -7.000000e+00 2.838137e+01
    endloop
  endfacet
  facet normal 8.652870e-01 -5.349982e-08 5.012768e-01
    outer loop
      vertex   5.979094e+01 -7.000000e+00 2.838137e+01
      vertex   5.979094e+01 -1.850000e+01 2.838137e+01
      vertex   5.990914e+01 -1.850000e+01 2.817733e+01
    endloop
  endfacet
  facet normal 8.818725e-01 6.989827e-04 4.714874e-01
    outer loop
      vertex   5.979094e+01 -7.000000e+00 2.838137e+01
      vertex   5.990914e+01 -1.850000e+01 2.817733e+01
      vertex   6.004272e+01 -7.000000e+00 2.791043e+01
    endloop
  endfacet
  facet normal 8.926716e-01 9.128842e-05 4.507076e-01
    outer loop
      vertex   6.004272e+01 -7.000000e+00 2.791043e+01
      vertex   5.990914e+01 -1.850000e+01 2.817733e+01
      vertex   6.002633e+01 -1.850000e+01 2.794523e+01
    endloop
  endfacet
  facet normal 9.131498e-01 -6.828453e-05 4.076241e-01
    outer loop
      vertex   6.004272e+01 -7.000000e+00 2.791043e+01
      vertex   6.002633e+01 -1.850000e+01 2.794523e+01
      vertex   6.014212e+01 -1.850000e+01 2.768583e+01
    endloop
  endfacet
  facet normal 9.226155e-01 4.413312e-04 3.857206e-01
    outer loop
      vertex   6.025610e+01 -7.000000e+00 2.740004e+01
      vertex   6.004272e+01 -7.000000e+00 2.791043e+01
      vertex   6.014212e+01 -1.850000e+01 2.768583e+01
    endloop
  endfacet
  facet normal 9.292652e-01 -2.569973e-05 3.694133e-01
    outer loop
      vertex   6.014287e+01 -3.000000e+01 2.768406e+01
      vertex   6.026194e+01 -3.000000e+01 2.738454e+01
      vertex   6.025609e+01 -1.850000e+01 2.740004e+01
    endloop
  endfacet
  facet normal 9.420352e-01 2.647808e-05 3.355140e-01
    outer loop
      vertex   6.025609e+01 -1.850000e+01 2.740004e+01
      vertex   6.026194e+01 -3.000000e+01 2.738454e+01
      vertex   6.037842e+01 -3.000000e+01 2.705749e+01
    endloop
  endfacet
  facet normal 9.439903e-01 2.123169e-04 3.299732e-01
    outer loop
      vertex   6.025609e+01 -1.850000e+01 2.740004e+01
      vertex   6.037842e+01 -3.000000e+01 2.705749e+01
      vertex   6.042418e+01 -1.850000e+01 2.691918e+01
    endloop
  endfacet
  facet normal 9.522223e-01 -1.159118e-04 3.054056e-01
    outer loop
      vertex   6.042418e+01 -1.850000e+01 2.691918e+01
      vertex   6.037842e+01 -3.000000e+01 2.705749e+01
      vertex   6.049166e+01 -3.000000e+01 2.670442e+01
    endloop
  endfacet
  facet normal 9.576060e-01 2.392201e-04 2.880809e-01
    outer loop
      vertex   6.042418e+01 -1.850000e+01 2.691918e+01
      vertex   6.049166e+01 -3.000000e+01 2.670442e+01
      vertex   6.058488e+01 -1.850000e+01 2.638501e+01
    endloop
  endfacet
  facet normal 9.641371e-01 -4.435594e-04 2.654042e-01
    outer loop
      vertex   6.058488e+01 -1.850000e+01 2.638501e+01
      vertex   6.049166e+01 -3.000000e+01 2.670442e+01
      vertex   6.070566e+01 -3.000000e+01 2.592700e+01
    endloop
  endfacet
  facet normal 9.679057e-01 1.572132e-04 2.513135e-01
    outer loop
      vertex   6.058488e+01 -1.850000e+01 2.638501e+01
      vertex   6.070566e+01 -3.000000e+01 2.592700e+01
      vertex   6.073665e+01 -1.850000e+01 2.580049e+01
    endloop
  endfacet
  facet normal 9.757791e-01 -2.221466e-04 2.187581e-01
    outer loop
      vertex   6.073665e+01 -1.850000e+01 2.580049e+01
      vertex   6.070566e+01 -3.000000e+01 2.592700e+01
      vertex   6.089843e+01 -3.000000e+01 2.506716e+01
    endloop
  endfacet
  facet normal 9.759369e-01 -1.749625e-04 2.180529e-01
    outer loop
      vertex   6.073665e+01 -1.850000e+01 2.580049e+01
      vertex   6.089843e+01 -3.000000e+01 2.506716e+01
      vertex   6.087672e+01 -1.850000e+01 2.517356e+01
    endloop
  endfacet
  facet normal 9.825382e-01 1.334992e-04 1.860612e-01
    outer loop
      vertex   6.087672e+01 -1.850000e+01 2.517356e+01
      vertex   6.089843e+01 -3.000000e+01 2.506716e+01
      vertex   6.101310e+01 -1.850000e+01 2.445336e+01
    endloop
  endfacet
  facet normal 9.842146e-01 -3.679913e-04 1.769786e-01
    outer loop
      vertex   6.089843e+01 -3.000000e+01 2.506716e+01
      vertex   6.106493e+01 -3.000000e+01 2.414121e+01
      vertex   6.101310e+01 -1.850000e+01 2.445336e+01
    endloop
  endfacet
  facet normal 9.879229e-01 2.467569e-04 1.549462e-01
    outer loop
      vertex   6.101310e+01 -1.850000e+01 2.445336e+01
      vertex   6.106493e+01 -3.000000e+01 2.414121e+01
      vertex   6.113141e+01 -1.850000e+01 2.369902e+01
    endloop
  endfacet
  facet normal 9.903518e-01 -3.967629e-04 1.385752e-01
    outer loop
      vertex   6.106493e+01 -3.000000e+01 2.414121e+01
      vertex   6.120139e+01 -3.000000e+01 2.316601e+01
      vertex   6.113141e+01 -1.850000e+01 2.369902e+01
    endloop
  endfacet
  facet normal 9.922888e-01 2.930372e-04 1.239469e-01
    outer loop
      vertex   6.113141e+01 -1.850000e+01 2.369902e+01
      vertex   6.120139e+01 -3.000000e+01 2.316601e+01
      vertex   6.124126e+01 -1.850000e+01 2.281959e+01
    endloop
  endfacet
  facet normal 9.946584e-01 -3.395154e-04 1.032211e-01
    outer loop
      vertex   6.120139e+01 -3.000000e+01 2.316601e+01
      vertex   6.130598e+01 -3.000000e+01 2.215813e+01
      vertex   6.124126e+01 -1.850000e+01 2.281959e+01
    endloop
  endfacet
  facet normal 9.956123e-01 2.207377e-04 9.357392e-02
    outer loop
      vertex   6.124126e+01 -1.850000e+01 2.281959e+01
      vertex   6.130598e+01 -3.000000e+01 2.215813e+01
      vertex   6.132593e+01 -1.850000e+01 2.191876e+01
    endloop
  endfacet
  facet normal 9.974279e-01 -2.382135e-04 7.167610e-02
    outer loop
      vertex   6.130598e+01 -3.000000e+01 2.215813e+01
      vertex   6.137965e+01 -3.000000e+01 2.113300e+01
      vertex   6.132593e+01 -1.850000e+01 2.191876e+01
    endloop
  endfacet
  facet normal 9.114878e-01 -1.999539e-04 4.113270e-01
    outer loop
      vertex   6.401163e+01 -3.000000e+01 8.203609e+00
      vertex   6.430851e+01 -3.000000e+01 7.545728e+00
      vertex   6.408445e+01 -1.850000e+01 8.047825e+00
    endloop
  endfacet
  facet normal 9.163380e-01 3.713822e-04 4.004055e-01
    outer loop
      vertex   6.408445e+01 -1.850000e+01 8.047825e+00
      vertex   6.430851e+01 -3.000000e+01 7.545728e+00
      vertex   6.440538e+01 -1.850000e+01 7.313371e+00
    endloop
  endfacet
  facet normal 9.294980e-01 -3.775111e-04 3.688270e-01
    outer loop
      vertex   6.430851e+01 -3.000000e+01 7.545728e+00
      vertex   6.456276e+01 -3.000000e+01 6.904973e+00
      vertex   6.440538e+01 -1.850000e+01 7.313371e+00
    endloop
  endfacet
  facet normal 9.387836e-01 6.132472e-04 3.445068e-01
    outer loop
      vertex   6.440538e+01 -1.850000e+01 7.313371e+00
      vertex   6.456276e+01 -3.000000e+01 6.904973e+00
      vertex   6.467513e+01 -1.850000e+01 6.578283e+00
    endloop
  endfacet
  facet normal 9.509933e-01 -5.087417e-04 3.092109e-01
    outer loop
      vertex   6.456276e+01 -3.000000e+01 6.904973e+00
      vertex   6.476593e+01 -3.000000e+01 6.280103e+00
      vertex   6.467513e+01 -1.850000e+01 6.578283e+00
    endloop
  endfacet
  facet normal 9.645538e-01 7.735678e-04 2.638851e-01
    outer loop
      vertex   6.467513e+01 -1.850000e+01 6.578283e+00
      vertex   6.476593e+01 -3.000000e+01 6.280103e+00
      vertex   6.487852e+01 -1.850000e+01 5.834867e+00
    endloop
  endfacet
  facet normal 9.722481e-01 -4.606609e-04 2.339518e-01
    outer loop
      vertex   6.476593e+01 -3.000000e+01 6.280103e+00
      vertex   6.491268e+01 -3.000000e+01 5.670246e+00
      vertex   6.487852e+01 -1.850000e+01 5.834867e+00
    endloop
  endfacet
  facet normal 9.894173e-01 8.623224e-04 1.450952e-01
    outer loop
      vertex   6.487852e+01 -1.850000e+01 5.834867e+00
      vertex   6.491268e+01 -3.000000e+01 5.670246e+00
      vertex   6.500000e+01 -3.000000e+01 5.074831e+00
    endloop
  endfacet
  facet normal -0.000000e+00 -1.000000e+00 -0.000000e+00
    outer loop
      vertex   6.491268e+01 -3.000000e+01 5.670246e+00
      vertex   6.476593e+01 -3.000000e+01 6.280103e+00
      vertex   6.500000e+01 -3.000000e+01 5.074831e+00
    endloop
  endfacet
  facet normal -0.000000e+00 -1.000000e+00 -0.000000e+00
    outer loop
      vertex   6.500000e+01 -3.000000e+01 5.074831e+00
      vertex   6.476593e+01 -3.000000e+01 6.280103e+00
      vertex   6.500000e+01 -3.000000e+01 0.000000e+00
    endloop
  endfacet
  facet normal 0.000000e+00 -1.000000e+00 0.000000e+00
    outer loop
      vertex   6.500000e+01 -3.000000e+01 0.000000e+00
      vertex   6.476593e+01 -3.000000e+01 6.280103e+00
      vertex   6.456276e+01 -3.000000e+01 6.904973e+00
    endloop
  endfacet
  facet normal 0.000000e+00 -1.000000e+00 0.000000e+00
    outer loop
      vertex   6.500000e+01 -3.000000e+01 0.000000e+00
      vertex   6.456276e+01 -3.000000e+01 6.904973e+00
      vertex   6.430851e+01 -3.000000e+01 7.545728e+00
    endloop
  endfacet
  facet normal -0.000000e+00 -1.000000e+00 -0.000000e+00
    outer loop
      vertex   6.430851e+01 -3.000000e+01 7.545728e+00
      vertex   6.401163e+01 -3.000000e+01 8.203609e+00
      vertex   6.500000e+01 -3.000000e+01 0.000000e+00
    endloop
  endfacet
  facet normal 0.000000e+00 -1.000000e+00 0.000000e+00
    outer loop
      vertex   6.500000e+01 -3.000000e+01 0.000000e+00
      vertex   6.401163e+01 -3.000000e+01 8.203609e+00
      vertex   6.368391e+01 -3.000000e+01 8.880248e+00
    endloop
  endfacet
  facet normal 0.000000e+00 -1.000000e+00 0.000000e+00
    outer loop
      vertex   6.500000e+01 -3.000000e+01 0.000000e+00
      vertex   6.368391e+01 -3.000000e+01 8.880248e+00
      vertex   6.299495e+01 -3.000000e+01 1.029778e+01
    endloop
  endfacet
  facet normal 0.000000e+00 -1.000000e+00 0.000000e+00
    outer loop
      vertex   6.500000e+01 -3.000000e+01 0.000000e+00
      vertex   6.299495e+01 -3.000000e+01 1.029778e+01
      vertex   5.900000e+01 -3.000000e+01 0.000000e+00
    endloop
  endfacet
  facet normal 0.000000e+00 -1.000000e+00 0.000000e+00
    outer loop
      vertex   5.900000e+01 -3.000000e+01 0.000000e+00
      vertex   6.299495e+01 -3.000000e+01 1.029778e+01
      vertex   6.266508e+01 -3.000000e+01 1.104300e+01
    endloop
  endfacet
  facet normal 0.000000e+00 -1.000000e+00 0.000000e+00
    outer loop
      vertex   5.900000e+01 -3.000000e+01 0.000000e+00
      vertex   6.266508e+01 -3.000000e+01 1.104300e+01
      vertex   6.236446e+01 -3.000000e+01 1.181537e+01
    endloop
  endfacet
  facet normal -0.000000e+00 -1.000000e+00 0.000000e+00
    outer loop
      vertex   6.236446e+01 -3.000000e+01 1.181537e+01
      vertex   6.210467e+01 -3.000000e+01 1.261679e+01
      vertex   5.900000e+01 -3.000000e+01 0.000000e+00
    endloop
  endfacet
  facet normal 0.000000e+00 -1.000000e+00 0.000000e+00
    outer loop
      vertex   5.900000e+01 -3.000000e+01 0.000000e+00
      vertex   6.210467e+01 -3.000000e+01 1.261679e+01
      vertex   6.189318e+01 -3.000000e+01 1.344882e+01
    endloop
  endfacet
  facet normal 0.000000e+00 -1.000000e+00 0.000000e+00
    outer loop
      vertex   5.900000e+01 -3.000000e+01 0.000000e+00
      vertex   6.189318e+01 -3.000000e+01 1.344882e+01
      vertex   6.173225e+01 -3.000000e+01 1.431249e+01
    endloop
  endfacet
  facet normal -0.000000e+00 -1.000000e+00 0.000000e+00
    outer loop
      vertex   6.173225e+01 -3.000000e+01 1.431249e+01
      vertex   6.161880e+01 -3.000000e+01 1.520819e+01
      vertex   5.900000e+01 -3.000000e+01 0.000000e+00
    endloop
  endfacet
  facet normal 0.000000e+00 -1.000000e+00 0.000000e+00
    outer loop
      vertex   5.900000e+01 -3.000000e+01 0.000000e+00
      vertex   6.161880e+01 -3.000000e+01 1.520819e+01
      vertex   6.154554e+01 -3.000000e+01 1.613537e+01
    endloop
  endfacet
  facet normal 1.827682e-14 -1.000000e+00 -2.883378e-15
    outer loop
      vertex   5.900000e+01 -3.000000e+01 0.000000e+00
      vertex   6.154554e+01 -3.000000e+01 1.613537e+01
      vertex   6.150214e+01 -3.000000e+01 1.709239e+01
    endloop
  endfacet
  facet normal -1.419872e-15 -1.000000e+00 0.000000e+00
    outer loop
      vertex   5.900000e+01 -3.000000e+01 0.000000e+00
      vertex   6.150214e+01 -3.000000e+01 1.709239e+01
      vertex   5.900000e+01 -3.000000e+01 2.900000e+01
    endloop
  endfacet
  facet normal 7.966814e-15 -1.000000e+00 1.972417e-15
    outer loop
      vertex   5.900000e+01 -3.000000e+01 2.900000e+01
      vertex   6.150214e+01 -3.000000e+01 1.709239e+01
      vertex   6.145542e+01 -3.000000e+01 1.908228e+01
    endloop
  endfacet
  facet normal 0.000000e+00 -1.000000e+00 0.000000e+00
    outer loop
      vertex   5.900000e+01 -3.000000e+01 2.900000e+01
      vertex   6.145542e+01 -3.000000e+01 1.908228e+01
      vertex   5.914898e+01 -3.000000e+01 2.898107e+01
    endloop
  endfacet
  facet normal 0.000000e+00 -1.000000e+00 0.000000e+00
    outer loop
      vertex   5.914898e+01 -3.000000e+01 2.898107e+01
      vertex   6.145542e+01 -3.000000e+01 1.908228e+01
      vertex   5.927497e+01 -3.000000e+01 2.893003e+01
    endloop
  endfacet
  facet normal 0.000000e+00 -1.000000e+00 0.000000e+00
    outer loop
      vertex   5.927497e+01 -3.000000e+01 2.893003e+01
      vertex   6.145542e+01 -3.000000e+01 1.908228e+01
      vertex   5.940070e+01 -3.000000e+01 2.884689e+01
    endloop
  endfacet
  facet normal 0.000000e+00 -1.000000e+00 0.000000e+00
    outer loop
      vertex   5.940070e+01 -3.000000e+01 2.884689e+01
      vertex   6.145542e+01 -3.000000e+01 1.908228e+01
      vertex   5.952611e+01 -3.000000e+01 2.873169e+01
    endloop
  endfacet
  facet normal 0.000000e+00 -1.000000e+00 0.000000e+00
    outer loop
      vertex   5.952611e+01 -3.000000e+01 2.873169e+01
      vertex   6.145542e+01 -3.000000e+01 1.908228e+01
      vertex   5.965112e+01 -3.000000e+01 2.858455e+01
    endloop
  endfacet
  facet normal 0.000000e+00 -1.000000e+00 0.000000e+00
    outer loop
      vertex   5.965112e+01 -3.000000e+01 2.858455e+01
      vertex   6.145542e+01 -3.000000e+01 1.908228e+01
      vertex   5.977556e+01 -3.000000e+01 2.840572e+01
    endloop
  endfacet
  facet normal 0.000000e+00 -1.000000e+00 0.000000e+00
    outer loop
      vertex   5.977556e+01 -3.000000e+01 2.840572e+01
      vertex   6.145542e+01 -3.000000e+01 1.908228e+01
      vertex   5.989922e+01 -3.000000e+01 2.819560e+01
    endloop
  endfacet
  facet normal 0.000000e+00 -1.000000e+00 0.000000e+00
    outer loop
      vertex   5.989922e+01 -3.000000e+01 2.819560e+01
      vertex   6.145542e+01 -3.000000e+01 1.908228e+01
      vertex   6.002179e+01 -3.000000e+01 2.795477e+01
    endloop
  endfacet
  facet normal 0.000000e+00 -1.000000e+00 0.000000e+00
    outer loop
      vertex   6.002179e+01 -3.000000e+01 2.795477e+01
      vertex   6.145542e+01 -3.000000e+01 1.908228e+01
      vertex   6.014287e+01 -3.000000e+01 2.768406e+01
    endloop
  endfacet
  facet normal 0.000000e+00 -1.000000e+00 0.000000e+00
    outer loop
      vertex   6.014287e+01 -3.000000e+01 2.768406e+01
      vertex   6.145542e+01 -3.000000e+01 1.908228e+01
      vertex   6.026194e+01 -3.000000e+01 2.738454e+01
    endloop
  endfacet
  facet normal 0.000000e+00 -1.000000e+00 0.000000e+00
    outer loop
      vertex   6.026194e+01 -3.000000e+01 2.738454e+01
      vertex   6.145542e+01 -3.000000e+01 1.908228e+01
      vertex   6.037842e+01 -3.000000e+01 2.705749e+01
    endloop
  endfacet
  facet normal 0.000000e+00 -1.000000e+00 0.000000e+00
    outer loop
      vertex   6.037842e+01 -3.000000e+01 2.705749e+01
      vertex   6.145542e+01 -3.000000e+01 1.908228e+01
      vertex   6.049166e+01 -3.000000e+01 2.670442e+01
    endloop
  endfacet
  facet normal 0.000000e+00 -1.000000e+00 0.000000e+00
    outer loop
      vertex   6.049166e+01 -3.000000e+01 2.670442e+01
      vertex   6.145542e+01 -3.000000e+01 1.908228e+01
      vertex   6.070566e+01 -3.000000e+01 2.592700e+01
    endloop
  endfacet
  facet normal 0.000000e+00 -1.000000e+00 0.000000e+00
    outer loop
      vertex   6.070566e+01 -3.000000e+01 2.592700e+01
      vertex   6.145542e+01 -3.000000e+01 1.908228e+01
      vertex   6.089843e+01 -3.000000e+01 2.506716e+01
    endloop
  endfacet
  facet normal 0.000000e+00 -1.000000e+00 0.000000e+00
    outer loop
      vertex   6.089843e+01 -3.000000e+01 2.506716e+01
      vertex   6.145542e+01 -3.000000e+01 1.908228e+01
      vertex   6.106493e+01 -3.000000e+01 2.414121e+01
    endloop
  endfacet
  facet normal 0.000000e+00 -1.000000e+00 0.000000e+00
    outer loop
      vertex   6.106493e+01 -3.000000e+01 2.414121e+01
      vertex   6.145542e+01 -3.000000e+01 1.908228e+01
      vertex   6.120139e+01 -3.000000e+01 2.316601e+01
    endloop
  endfacet
  facet normal 0.000000e+00 -1.000000e+00 0.000000e+00
    outer loop
      vertex   6.120139e+01 -3.000000e+01 2.316601e+01
      vertex   6.145542e+01 -3.000000e+01 1.908228e+01
      vertex   6.130598e+01 -3.000000e+01 2.215813e+01
    endloop
  endfacet
  facet normal 0.000000e+00 -1.000000e+00 0.000000e+00
    outer loop
      vertex   6.130598e+01 -3.000000e+01 2.215813e+01
      vertex   6.145542e+01 -3.000000e+01 1.908228e+01
      vertex   6.137965e+01 -3.000000e+01 2.113300e+01
    endloop
  endfacet
  facet normal 0.000000e+00 -1.000000e+00 0.000000e+00
    outer loop
      vertex   5.914898e+01 -3.000000e+01 2.898107e+01
      vertex   5.902274e+01 -3.000000e+01 2.900000e+01
      vertex   5.900000e+01 -3.000000e+01 2.900000e+01
    endloop
  endfacet
  facet normal 0.000000e+00 1.544658e-16 1.000000e+00
    outer loop
      vertex   5.902274e+01 -7.000000e+00 2.900000e+01
      vertex   5.900000e+01 -7.000000e+00 2.900000e+01
      vertex   5.902274e+01 -3.000000e+01 2.900000e+01
    endloop
  endfacet
  facet normal -1.562156e-13 0.000000e+00 1.000000e+00
    outer loop
      vertex   5.902274e+01 -3.000000e+01 2.900000e+01
      vertex   5.900000e+01 -7.000000e+00 2.900000e+01
      vertex   5.900000e+01 -3.000000e+01 2.900000e+01
    endloop
  endfacet
endsolid
