solid ASCII
  facet normal -1.000000e+00 0.000000e+00 0.000000e+00
    outer loop
      vertex   9.974859e+00 7.929781e+01 4.250000e+00
      vertex   9.974859e+00 7.929781e+01 1.325000e+01
      vertex   9.974859e+00 8.394781e+01 4.250000e+00
    endloop
  endfacet
  facet normal -1.000000e+00 0.000000e+00 0.000000e+00
    outer loop
      vertex   9.974859e+00 8.394781e+01 4.250000e+00
      vertex   9.974859e+00 7.929781e+01 1.325000e+01
      vertex   9.974859e+00 8.394781e+01 1.325000e+01
    endloop
  endfacet
  facet normal 0.000000e+00 0.000000e+00 1.000000e+00
    outer loop
      vertex   5.474859e+00 7.929781e+01 4.250000e+00
      vertex   9.974859e+00 7.929781e+01 4.250000e+00
      vertex   5.474859e+00 8.394781e+01 4.250000e+00
    endloop
  endfacet
  facet normal -0.000000e+00 0.000000e+00 1.000000e+00
    outer loop
      vertex   5.474859e+00 8.394781e+01 4.250000e+00
      vertex   9.974859e+00 7.929781e+01 4.250000e+00
      vertex   9.974859e+00 8.394781e+01 4.250000e+00
    endloop
  endfacet
  facet normal 1.000000e+00 -0.000000e+00 0.000000e+00
    outer loop
      vertex   5.474859e+00 7.929781e+01 1.325000e+01
      vertex   5.474859e+00 7.929781e+01 4.250000e+00
      vertex   5.474859e+00 8.394781e+01 1.325000e+01
    endloop
  endfacet
  facet normal 1.000000e+00 0.000000e+00 0.000000e+00
    outer loop
      vertex   5.474859e+00 8.394781e+01 1.325000e+01
      vertex   5.474859e+00 7.929781e+01 4.250000e+00
      vertex   5.474859e+00 8.394781e+01 4.250000e+00
    endloop
  endfacet
  facet normal 0.000000e+00 0.000000e+00 -1.000000e+00
    outer loop
      vertex   9.974859e+00 7.929781e+01 1.325000e+01
      vertex   5.474859e+00 7.929781e+01 1.325000e+01
      vertex   9.974859e+00 8.394781e+01 1.325000e+01
    endloop
  endfacet
  facet normal -0.000000e+00 0.000000e+00 -1.000000e+00
    outer loop
      vertex   9.974859e+00 8.394781e+01 1.325000e+01
      vertex   5.474859e+00 7.929781e+01 1.325000e+01
      vertex   5.474859e+00 8.394781e+01 1.325000e+01
    endloop
  endfacet
  facet normal 0.000000e+00 9.941380e-01 -1.081190e-01
    outer loop
      vertex   1.797486e+01 7.368937e+01 7.962574e+00
      vertex   1.347486e+01 7.368937e+01 7.962574e+00
      vertex   1.797486e+01 7.374781e+01 8.500000e+00
    endloop
  endfacet
  facet normal 0.000000e+00 9.941380e-01 -1.081190e-01
    outer loop
      vertex   1.797486e+01 7.374781e+01 8.500000e+00
      vertex   1.347486e+01 7.368937e+01 7.962574e+00
      vertex   1.347486e+01 7.374781e+01 8.500000e+00
    endloop
  endfacet
  facet normal 0.000000e+00 9.941380e-01 1.081190e-01
    outer loop
      vertex   1.797486e+01 7.374781e+01 8.500000e+00
      vertex   1.347486e+01 7.374781e+01 8.500000e+00
      vertex   1.797486e+01 7.368937e+01 9.037426e+00
    endloop
  endfacet
  facet normal 0.000000e+00 9.941380e-01 1.081190e-01
    outer loop
      vertex   1.797486e+01 7.368937e+01 9.037426e+00
      vertex   1.347486e+01 7.374781e+01 8.500000e+00
      vertex   1.347486e+01 7.368937e+01 9.037426e+00
    endloop
  endfacet
  facet normal 0.000000e+00 9.476532e-01 3.193015e-01
    outer loop
      vertex   1.797486e+01 7.368937e+01 9.037426e+00
      vertex   1.347486e+01 7.368937e+01 9.037426e+00
      vertex   1.797486e+01 7.351675e+01 9.549723e+00
    endloop
  endfacet
  facet normal 0.000000e+00 9.476532e-01 3.193015e-01
    outer loop
      vertex   1.797486e+01 7.351675e+01 9.549723e+00
      vertex   1.347486e+01 7.368937e+01 9.037426e+00
      vertex   1.347486e+01 7.351675e+01 9.549723e+00
    endloop
  endfacet
  facet normal 0.000000e+00 8.568572e-01 5.155539e-01
    outer loop
      vertex   1.797486e+01 7.351675e+01 9.549723e+00
      vertex   1.347486e+01 7.351675e+01 9.549723e+00
      vertex   1.797486e+01 7.323805e+01 1.001294e+01
    endloop
  endfacet
  facet normal -4.070256e-16 8.568572e-01 5.155539e-01
    outer loop
      vertex   1.797486e+01 7.323805e+01 1.001294e+01
      vertex   1.347486e+01 7.351675e+01 9.549723e+00
      vertex   1.347486e+01 7.323805e+01 1.001294e+01
    endloop
  endfacet
  facet normal -5.429332e-16 7.259955e-01 6.876995e-01
    outer loop
      vertex   1.797486e+01 7.323805e+01 1.001294e+01
      vertex   1.347486e+01 7.323805e+01 1.001294e+01
      vertex   1.797486e+01 7.286628e+01 1.040541e+01
    endloop
  endfacet
  facet normal 0.000000e+00 7.259955e-01 6.876995e-01
    outer loop
      vertex   1.797486e+01 7.286628e+01 1.040541e+01
      vertex   1.347486e+01 7.323805e+01 1.001294e+01
      vertex   1.347486e+01 7.286628e+01 1.040541e+01
    endloop
  endfacet
  facet normal 0.000000e+00 5.611871e-01 8.276890e-01
    outer loop
      vertex   1.797486e+01 7.286628e+01 1.040541e+01
      vertex   1.347486e+01 7.286628e+01 1.040541e+01
      vertex   1.797486e+01 7.241884e+01 1.070878e+01
    endloop
  endfacet
  facet normal 0.000000e+00 5.611871e-01 8.276890e-01
    outer loop
      vertex   1.797486e+01 7.241884e+01 1.070878e+01
      vertex   1.347486e+01 7.286628e+01 1.040541e+01
      vertex   1.347486e+01 7.241884e+01 1.070878e+01
    endloop
  endfacet
  facet normal 0.000000e+00 3.701382e-01 9.289767e-01
    outer loop
      vertex   1.797486e+01 7.241884e+01 1.070878e+01
      vertex   1.347486e+01 7.241884e+01 1.070878e+01
      vertex   1.797486e+01 7.191664e+01 1.090887e+01
    endloop
  endfacet
  facet normal 0.000000e+00 3.701382e-01 9.289767e-01
    outer loop
      vertex   1.797486e+01 7.191664e+01 1.090887e+01
      vertex   1.347486e+01 7.241884e+01 1.070878e+01
      vertex   1.347486e+01 7.191664e+01 1.090887e+01
    endloop
  endfacet
  facet normal 0.000000e+00 1.617820e-01 9.868265e-01
    outer loop
      vertex   1.797486e+01 7.191664e+01 1.090887e+01
      vertex   1.347486e+01 7.191664e+01 1.090887e+01
      vertex   1.797486e+01 7.138316e+01 1.099633e+01
    endloop
  endfacet
  facet normal 0.000000e+00 1.617820e-01 9.868265e-01
    outer loop
      vertex   1.797486e+01 7.138316e+01 1.099633e+01
      vertex   1.347486e+01 7.191664e+01 1.090887e+01
      vertex   1.347486e+01 7.138316e+01 1.099633e+01
    endloop
  endfacet
  facet normal 0.000000e+00 -5.413891e-02 9.985334e-01
    outer loop
      vertex   1.797486e+01 7.138316e+01 1.099633e+01
      vertex   1.347486e+01 7.138316e+01 1.099633e+01
      vertex   1.797486e+01 7.084336e+01 1.096707e+01
    endloop
  endfacet
  facet normal 0.000000e+00 -5.413891e-02 9.985334e-01
    outer loop
      vertex   1.797486e+01 7.084336e+01 1.096707e+01
      vertex   1.347486e+01 7.138316e+01 1.099633e+01
      vertex   1.347486e+01 7.084336e+01 1.096707e+01
    endloop
  endfacet
  facet normal 0.000000e+00 -2.675283e-01 9.635500e-01
    outer loop
      vertex   1.797486e+01 7.084336e+01 1.096707e+01
      vertex   1.347486e+01 7.084336e+01 1.096707e+01
      vertex   1.797486e+01 7.032247e+01 1.082244e+01
    endloop
  endfacet
  facet normal 0.000000e+00 -2.675283e-01 9.635500e-01
    outer loop
      vertex   1.797486e+01 7.032247e+01 1.082244e+01
      vertex   1.347486e+01 7.084336e+01 1.096707e+01
      vertex   1.347486e+01 7.032247e+01 1.082244e+01
    endloop
  endfacet
  facet normal 0.000000e+00 -4.684084e-01 8.835120e-01
    outer loop
      vertex   1.797486e+01 7.032247e+01 1.082244e+01
      vertex   1.347486e+01 7.032247e+01 1.082244e+01
      vertex   1.797486e+01 6.984485e+01 1.056922e+01
    endloop
  endfacet
  facet normal 0.000000e+00 -4.684084e-01 8.835120e-01
    outer loop
      vertex   1.797486e+01 6.984485e+01 1.056922e+01
      vertex   1.347486e+01 7.032247e+01 1.082244e+01
      vertex   1.347486e+01 6.984485e+01 1.056922e+01
    endloop
  endfacet
  facet normal 0.000000e+00 -6.473863e-01 7.621621e-01
    outer loop
      vertex   1.797486e+01 6.984485e+01 1.056922e+01
      vertex   1.347486e+01 6.984485e+01 1.056922e+01
      vertex   1.797486e+01 6.943283e+01 1.021925e+01
    endloop
  endfacet
  facet normal -2.044425e-15 -6.473863e-01 7.621621e-01
    outer loop
      vertex   1.797486e+01 6.943283e+01 1.021925e+01
      vertex   1.347486e+01 6.984485e+01 1.056922e+01
      vertex   1.347486e+01 6.943283e+01 1.021925e+01
    endloop
  endfacet
  facet normal -2.514036e-15 -7.960931e-01 6.051742e-01
    outer loop
      vertex   1.797486e+01 6.943283e+01 1.021925e+01
      vertex   1.347486e+01 6.943283e+01 1.021925e+01
      vertex   1.797486e+01 6.910567e+01 9.788885e+00
    endloop
  endfacet
  facet normal 2.388901e-16 -7.960931e-01 6.051742e-01
    outer loop
      vertex   1.797486e+01 6.910567e+01 9.788885e+00
      vertex   1.347486e+01 6.943283e+01 1.021925e+01
      vertex   1.347486e+01 6.910567e+01 9.788885e+00
    endloop
  endfacet
  facet normal 1.657495e-16 -9.075754e-01 4.198891e-01
    outer loop
      vertex   1.797486e+01 6.910567e+01 9.788885e+00
      vertex   1.347486e+01 6.910567e+01 9.788885e+00
      vertex   1.797486e+01 6.887868e+01 9.298254e+00
    endloop
  endfacet
  facet normal 1.657495e-16 -9.075754e-01 4.198891e-01
    outer loop
      vertex   1.797486e+01 6.887868e+01 9.298254e+00
      vertex   1.347486e+01 6.910567e+01 9.788885e+00
      vertex   1.347486e+01 6.887868e+01 9.298254e+00
    endloop
  endfacet
  facet normal 8.485871e-17 -9.766206e-01 2.149704e-01
    outer loop
      vertex   1.797486e+01 6.887868e+01 9.298254e+00
      vertex   1.347486e+01 6.887868e+01 9.298254e+00
      vertex   1.797486e+01 6.876247e+01 8.770298e+00
    endloop
  endfacet
  facet normal 0.000000e+00 -9.766206e-01 2.149704e-01
    outer loop
      vertex   1.797486e+01 6.876247e+01 8.770298e+00
      vertex   1.347486e+01 6.887868e+01 9.298254e+00
      vertex   1.347486e+01 6.876247e+01 8.770298e+00
    endloop
  endfacet
  facet normal -0.000000e+00 -1.000000e+00 -0.000000e+00
    outer loop
      vertex   1.797486e+01 6.876247e+01 8.770298e+00
      vertex   1.347486e+01 6.876247e+01 8.770298e+00
      vertex   1.797486e+01 6.876247e+01 8.229702e+00
    endloop
  endfacet
  facet normal 0.000000e+00 -1.000000e+00 0.000000e+00
    outer loop
      vertex   1.797486e+01 6.876247e+01 8.229702e+00
      vertex   1.347486e+01 6.876247e+01 8.770298e+00
      vertex   1.347486e+01 6.876247e+01 8.229702e+00
    endloop
  endfacet
  facet normal -0.000000e+00 -9.766206e-01 -2.149704e-01
    outer loop
      vertex   1.797486e+01 6.876247e+01 8.229702e+00
      vertex   1.347486e+01 6.876247e+01 8.229702e+00
      vertex   1.797486e+01 6.887868e+01 7.701746e+00
    endloop
  endfacet
  facet normal -4.242936e-17 -9.766206e-01 -2.149704e-01
    outer loop
      vertex   1.797486e+01 6.887868e+01 7.701746e+00
      vertex   1.347486e+01 6.876247e+01 8.229702e+00
      vertex   1.347486e+01 6.887868e+01 7.701746e+00
    endloop
  endfacet
  facet normal -8.287476e-17 -9.075754e-01 -4.198891e-01
    outer loop
      vertex   1.797486e+01 6.887868e+01 7.701746e+00
      vertex   1.347486e+01 6.887868e+01 7.701746e+00
      vertex   1.797486e+01 6.910567e+01 7.211115e+00
    endloop
  endfacet
  facet normal -8.287476e-17 -9.075754e-01 -4.198891e-01
    outer loop
      vertex   1.797486e+01 6.910567e+01 7.211115e+00
      vertex   1.347486e+01 6.887868e+01 7.701746e+00
      vertex   1.347486e+01 6.910567e+01 7.211115e+00
    endloop
  endfacet
  facet normal -1.194450e-16 -7.960931e-01 -6.051742e-01
    outer loop
      vertex   1.797486e+01 6.910567e+01 7.211115e+00
      vertex   1.347486e+01 6.910567e+01 7.211115e+00
      vertex   1.797486e+01 6.943283e+01 6.780751e+00
    endloop
  endfacet
  facet normal 2.394591e-15 -7.960931e-01 -6.051742e-01
    outer loop
      vertex   1.797486e+01 6.943283e+01 6.780751e+00
      vertex   1.347486e+01 6.910567e+01 7.211115e+00
      vertex   1.347486e+01 6.943283e+01 6.780751e+00
    endloop
  endfacet
  facet normal 1.893995e-15 -6.473863e-01 -7.621621e-01
    outer loop
      vertex   1.797486e+01 6.943283e+01 6.780751e+00
      vertex   1.347486e+01 6.943283e+01 6.780751e+00
      vertex   1.797486e+01 6.984485e+01 6.430778e+00
    endloop
  endfacet
  facet normal -0.000000e+00 -6.473863e-01 -7.621621e-01
    outer loop
      vertex   1.797486e+01 6.984485e+01 6.430778e+00
      vertex   1.347486e+01 6.943283e+01 6.780751e+00
      vertex   1.347486e+01 6.984485e+01 6.430778e+00
    endloop
  endfacet
  facet normal -0.000000e+00 -4.684084e-01 -8.835120e-01
    outer loop
      vertex   1.797486e+01 6.984485e+01 6.430778e+00
      vertex   1.347486e+01 6.984485e+01 6.430778e+00
      vertex   1.797486e+01 7.032247e+01 6.177558e+00
    endloop
  endfacet
  facet normal -0.000000e+00 -4.684084e-01 -8.835120e-01
    outer loop
      vertex   1.797486e+01 7.032247e+01 6.177558e+00
      vertex   1.347486e+01 6.984485e+01 6.430778e+00
      vertex   1.347486e+01 7.032247e+01 6.177558e+00
    endloop
  endfacet
  facet normal -0.000000e+00 -2.675283e-01 -9.635500e-01
    outer loop
      vertex   1.797486e+01 7.032247e+01 6.177558e+00
      vertex   1.347486e+01 7.032247e+01 6.177558e+00
      vertex   1.797486e+01 7.084336e+01 6.032934e+00
    endloop
  endfacet
  facet normal -0.000000e+00 -2.675283e-01 -9.635500e-01
    outer loop
      vertex   1.797486e+01 7.084336e+01 6.032934e+00
      vertex   1.347486e+01 7.032247e+01 6.177558e+00
      vertex   1.347486e+01 7.084336e+01 6.032934e+00
    endloop
  endfacet
  facet normal -0.000000e+00 -5.413891e-02 -9.985334e-01
    outer loop
      vertex   1.797486e+01 7.084336e+01 6.032934e+00
      vertex   1.347486e+01 7.084336e+01 6.032934e+00
      vertex   1.797486e+01 7.138316e+01 6.003666e+00
    endloop
  endfacet
  facet normal -0.000000e+00 -5.413891e-02 -9.985334e-01
    outer loop
      vertex   1.797486e+01 7.138316e+01 6.003666e+00
      vertex   1.347486e+01 7.084336e+01 6.032934e+00
      vertex   1.347486e+01 7.138316e+01 6.003666e+00
    endloop
  endfacet
  facet normal 0.000000e+00 1.617820e-01 -9.868265e-01
    outer loop
      vertex   1.797486e+01 7.138316e+01 6.003666e+00
      vertex   1.347486e+01 7.138316e+01 6.003666e+00
      vertex   1.797486e+01 7.191664e+01 6.091125e+00
    endloop
  endfacet
  facet normal 1.947729e-16 1.617820e-01 -9.868265e-01
    outer loop
      vertex   1.797486e+01 7.191664e+01 6.091125e+00
      vertex   1.347486e+01 7.138316e+01 6.003666e+00
      vertex   1.347486e+01 7.191664e+01 6.091125e+00
    endloop
  endfacet
  facet normal 1.833549e-16 3.701382e-01 -9.289767e-01
    outer loop
      vertex   1.797486e+01 7.191664e+01 6.091125e+00
      vertex   1.347486e+01 7.191664e+01 6.091125e+00
      vertex   1.797486e+01 7.241884e+01 6.291220e+00
    endloop
  endfacet
  facet normal 0.000000e+00 3.701382e-01 -9.289767e-01
    outer loop
      vertex   1.797486e+01 7.241884e+01 6.291220e+00
      vertex   1.347486e+01 7.191664e+01 6.091125e+00
      vertex   1.347486e+01 7.241884e+01 6.291220e+00
    endloop
  endfacet
  facet normal 0.000000e+00 5.611871e-01 -8.276890e-01
    outer loop
      vertex   1.797486e+01 7.241884e+01 6.291220e+00
      vertex   1.347486e+01 7.241884e+01 6.291220e+00
      vertex   1.797486e+01 7.286628e+01 6.594595e+00
    endloop
  endfacet
  facet normal 0.000000e+00 5.611871e-01 -8.276890e-01
    outer loop
      vertex   1.797486e+01 7.286628e+01 6.594595e+00
      vertex   1.347486e+01 7.241884e+01 6.291220e+00
      vertex   1.347486e+01 7.286628e+01 6.594595e+00
    endloop
  endfacet
  facet normal 0.000000e+00 7.259955e-01 -6.876995e-01
    outer loop
      vertex   1.797486e+01 7.286628e+01 6.594595e+00
      vertex   1.347486e+01 7.286628e+01 6.594595e+00
      vertex   1.797486e+01 7.323805e+01 6.987064e+00
    endloop
  endfacet
  facet normal 2.714666e-16 7.259955e-01 -6.876995e-01
    outer loop
      vertex   1.797486e+01 7.323805e+01 6.987064e+00
      vertex   1.347486e+01 7.286628e+01 6.594595e+00
      vertex   1.347486e+01 7.323805e+01 6.987064e+00
    endloop
  endfacet
  facet normal 2.035128e-16 8.568572e-01 -5.155539e-01
    outer loop
      vertex   1.797486e+01 7.323805e+01 6.987064e+00
      vertex   1.347486e+01 7.323805e+01 6.987064e+00
      vertex   1.797486e+01 7.351675e+01 7.450277e+00
    endloop
  endfacet
  facet normal 0.000000e+00 8.568572e-01 -5.155539e-01
    outer loop
      vertex   1.797486e+01 7.351675e+01 7.450277e+00
      vertex   1.347486e+01 7.323805e+01 6.987064e+00
      vertex   1.347486e+01 7.351675e+01 7.450277e+00
    endloop
  endfacet
  facet normal 0.000000e+00 9.476532e-01 -3.193015e-01
    outer loop
      vertex   1.797486e+01 7.351675e+01 7.450277e+00
      vertex   1.347486e+01 7.351675e+01 7.450277e+00
      vertex   1.797486e+01 7.368937e+01 7.962574e+00
    endloop
  endfacet
  facet normal 0.000000e+00 9.476532e-01 -3.193015e-01
    outer loop
      vertex   1.797486e+01 7.368937e+01 7.962574e+00
      vertex   1.347486e+01 7.351675e+01 7.450277e+00
      vertex   1.347486e+01 7.368937e+01 7.962574e+00
    endloop
  endfacet
  facet normal 1.000000e+00 0.000000e+00 -0.000000e+00
    outer loop
      vertex   1.797486e+01 7.368937e+01 7.962574e+00
      vertex   1.797486e+01 7.374781e+01 8.500000e+00
      vertex   1.797486e+01 6.984485e+01 6.430778e+00
    endloop
  endfacet
  facet normal 1.000000e+00 0.000000e+00 0.000000e+00
    outer loop
      vertex   1.797486e+01 6.984485e+01 6.430778e+00
      vertex   1.797486e+01 7.374781e+01 8.500000e+00
      vertex   1.797486e+01 7.368937e+01 9.037426e+00
    endloop
  endfacet
  facet normal 1.000000e+00 0.000000e+00 0.000000e+00
    outer loop
      vertex   1.797486e+01 6.984485e+01 6.430778e+00
      vertex   1.797486e+01 7.368937e+01 9.037426e+00
      vertex   1.797486e+01 7.351675e+01 9.549723e+00
    endloop
  endfacet
  facet normal 1.000000e+00 0.000000e+00 0.000000e+00
    outer loop
      vertex   1.797486e+01 7.351675e+01 9.549723e+00
      vertex   1.797486e+01 7.323805e+01 1.001294e+01
      vertex   1.797486e+01 6.984485e+01 6.430778e+00
    endloop
  endfacet
  facet normal 1.000000e+00 0.000000e+00 0.000000e+00
    outer loop
      vertex   1.797486e+01 6.984485e+01 6.430778e+00
      vertex   1.797486e+01 7.323805e+01 1.001294e+01
      vertex   1.797486e+01 7.286628e+01 1.040541e+01
    endloop
  endfacet
  facet normal 1.000000e+00 0.000000e+00 0.000000e+00
    outer loop
      vertex   1.797486e+01 6.984485e+01 6.430778e+00
      vertex   1.797486e+01 7.286628e+01 1.040541e+01
      vertex   1.797486e+01 7.241884e+01 1.070878e+01
    endloop
  endfacet
  facet normal 1.000000e+00 0.000000e+00 0.000000e+00
    outer loop
      vertex   1.797486e+01 7.241884e+01 1.070878e+01
      vertex   1.797486e+01 7.191664e+01 1.090887e+01
      vertex   1.797486e+01 6.984485e+01 6.430778e+00
    endloop
  endfacet
  facet normal 1.000000e+00 0.000000e+00 0.000000e+00
    outer loop
      vertex   1.797486e+01 6.984485e+01 6.430778e+00
      vertex   1.797486e+01 7.191664e+01 1.090887e+01
      vertex   1.797486e+01 7.138316e+01 1.099633e+01
    endloop
  endfacet
  facet normal 1.000000e+00 0.000000e+00 0.000000e+00
    outer loop
      vertex   1.797486e+01 6.984485e+01 6.430778e+00
      vertex   1.797486e+01 7.138316e+01 1.099633e+01
      vertex   1.797486e+01 7.084336e+01 1.096707e+01
    endloop
  endfacet
  facet normal 1.000000e+00 0.000000e+00 0.000000e+00
    outer loop
      vertex   1.797486e+01 7.084336e+01 1.096707e+01
      vertex   1.797486e+01 7.032247e+01 1.082244e+01
      vertex   1.797486e+01 6.984485e+01 6.430778e+00
    endloop
  endfacet
  facet normal 1.000000e+00 0.000000e+00 0.000000e+00
    outer loop
      vertex   1.797486e+01 6.984485e+01 6.430778e+00
      vertex   1.797486e+01 7.032247e+01 1.082244e+01
      vertex   1.797486e+01 6.984485e+01 1.056922e+01
    endloop
  endfacet
  facet normal 1.000000e+00 0.000000e+00 -0.000000e+00
    outer loop
      vertex   1.797486e+01 6.984485e+01 6.430778e+00
      vertex   1.797486e+01 6.984485e+01 1.056922e+01
      vertex   1.797486e+01 6.943283e+01 6.780751e+00
    endloop
  endfacet
  facet normal 1.000000e+00 0.000000e+00 -0.000000e+00
    outer loop
      vertex   1.797486e+01 6.943283e+01 6.780751e+00
      vertex   1.797486e+01 6.984485e+01 1.056922e+01
      vertex   1.797486e+01 6.943283e+01 1.021925e+01
    endloop
  endfacet
  facet normal 1.000000e+00 0.000000e+00 0.000000e+00
    outer loop
      vertex   1.797486e+01 6.943283e+01 6.780751e+00
      vertex   1.797486e+01 6.943283e+01 1.021925e+01
      vertex   1.797486e+01 6.910567e+01 7.211115e+00
    endloop
  endfacet
  facet normal 1.000000e+00 0.000000e+00 0.000000e+00
    outer loop
      vertex   1.797486e+01 6.910567e+01 7.211115e+00
      vertex   1.797486e+01 6.943283e+01 1.021925e+01
      vertex   1.797486e+01 6.910567e+01 9.788885e+00
    endloop
  endfacet
  facet normal 1.000000e+00 0.000000e+00 -0.000000e+00
    outer loop
      vertex   1.797486e+01 6.910567e+01 7.211115e+00
      vertex   1.797486e+01 6.910567e+01 9.788885e+00
      vertex   1.797486e+01 6.887868e+01 7.701746e+00
    endloop
  endfacet
  facet normal 1.000000e+00 0.000000e+00 0.000000e+00
    outer loop
      vertex   1.797486e+01 6.887868e+01 7.701746e+00
      vertex   1.797486e+01 6.910567e+01 9.788885e+00
      vertex   1.797486e+01 6.887868e+01 9.298254e+00
    endloop
  endfacet
  facet normal 1.000000e+00 0.000000e+00 -0.000000e+00
    outer loop
      vertex   1.797486e+01 6.887868e+01 7.701746e+00
      vertex   1.797486e+01 6.887868e+01 9.298254e+00
      vertex   1.797486e+01 6.876247e+01 8.229702e+00
    endloop
  endfacet
  facet normal 1.000000e+00 0.000000e+00 0.000000e+00
    outer loop
      vertex   1.797486e+01 6.876247e+01 8.229702e+00
      vertex   1.797486e+01 6.887868e+01 9.298254e+00
      vertex   1.797486e+01 6.876247e+01 8.770298e+00
    endloop
  endfacet
  facet normal 1.000000e+00 0.000000e+00 -0.000000e+00
    outer loop
      vertex   1.797486e+01 7.032247e+01 6.177558e+00
      vertex   1.797486e+01 7.241884e+01 6.291220e+00
      vertex   1.797486e+01 6.984485e+01 6.430778e+00
    endloop
  endfacet
  facet normal 1.000000e+00 -0.000000e+00 0.000000e+00
    outer loop
      vertex   1.797486e+01 6.984485e+01 6.430778e+00
      vertex   1.797486e+01 7.241884e+01 6.291220e+00
      vertex   1.797486e+01 7.286628e+01 6.594595e+00
    endloop
  endfacet
  facet normal 1.000000e+00 0.000000e+00 0.000000e+00
    outer loop
      vertex   1.797486e+01 6.984485e+01 6.430778e+00
      vertex   1.797486e+01 7.286628e+01 6.594595e+00
      vertex   1.797486e+01 7.323805e+01 6.987064e+00
    endloop
  endfacet
  facet normal 1.000000e+00 0.000000e+00 0.000000e+00
    outer loop
      vertex   1.797486e+01 7.241884e+01 6.291220e+00
      vertex   1.797486e+01 7.032247e+01 6.177558e+00
      vertex   1.797486e+01 7.191664e+01 6.091125e+00
    endloop
  endfacet
  facet normal 1.000000e+00 0.000000e+00 0.000000e+00
    outer loop
      vertex   1.797486e+01 7.191664e+01 6.091125e+00
      vertex   1.797486e+01 7.032247e+01 6.177558e+00
      vertex   1.797486e+01 7.084336e+01 6.032934e+00
    endloop
  endfacet
  facet normal 1.000000e+00 0.000000e+00 0.000000e+00
    outer loop
      vertex   1.797486e+01 7.191664e+01 6.091125e+00
      vertex   1.797486e+01 7.084336e+01 6.032934e+00
      vertex   1.797486e+01 7.138316e+01 6.003666e+00
    endloop
  endfacet
  facet normal 1.000000e+00 0.000000e+00 -0.000000e+00
    outer loop
      vertex   1.797486e+01 7.323805e+01 6.987064e+00
      vertex   1.797486e+01 7.351675e+01 7.450277e+00
      vertex   1.797486e+01 6.984485e+01 6.430778e+00
    endloop
  endfacet
  facet normal 1.000000e+00 0.000000e+00 0.000000e+00
    outer loop
      vertex   1.797486e+01 6.984485e+01 6.430778e+00
      vertex   1.797486e+01 7.351675e+01 7.450277e+00
      vertex   1.797486e+01 7.368937e+01 7.962574e+00
    endloop
  endfacet
  facet normal 5.796527e-17 9.914449e-01 1.305262e-01
    outer loop
      vertex   1.325141e+00 8.062848e+01 8.267063e+00
      vertex   -2.674859e+00 8.062848e+01 8.267063e+00
      vertex   1.325141e+00 8.059781e+01 8.500000e+00
    endloop
  endfacet
  facet normal 0.000000e+00 9.914449e-01 1.305262e-01
    outer loop
      vertex   1.325141e+00 8.059781e+01 8.500000e+00
      vertex   -2.674859e+00 8.062848e+01 8.267063e+00
      vertex   -2.674859e+00 8.059781e+01 8.500000e+00
    endloop
  endfacet
  facet normal 0.000000e+00 9.914449e-01 -1.305262e-01
    outer loop
      vertex   1.325141e+00 8.059781e+01 8.500000e+00
      vertex   -2.674859e+00 8.059781e+01 8.500000e+00
      vertex   1.325141e+00 8.062848e+01 8.732937e+00
    endloop
  endfacet
  facet normal 5.796527e-17 9.914449e-01 -1.305262e-01
    outer loop
      vertex   1.325141e+00 8.062848e+01 8.732937e+00
      vertex   -2.674859e+00 8.059781e+01 8.500000e+00
      vertex   -2.674859e+00 8.062848e+01 8.732937e+00
    endloop
  endfacet
  facet normal 1.699456e-16 9.238795e-01 -3.826834e-01
    outer loop
      vertex   1.325141e+00 8.062848e+01 8.732937e+00
      vertex   -2.674859e+00 8.062848e+01 8.732937e+00
      vertex   1.325141e+00 8.071839e+01 8.950000e+00
    endloop
  endfacet
  facet normal 0.000000e+00 9.238795e-01 -3.826834e-01
    outer loop
      vertex   1.325141e+00 8.071839e+01 8.950000e+00
      vertex   -2.674859e+00 8.062848e+01 8.732937e+00
      vertex   -2.674859e+00 8.071839e+01 8.950000e+00
    endloop
  endfacet
  facet normal 0.000000e+00 7.933533e-01 -6.087614e-01
    outer loop
      vertex   1.325141e+00 8.071839e+01 8.950000e+00
      vertex   -2.674859e+00 8.071839e+01 8.950000e+00
      vertex   1.325141e+00 8.086142e+01 9.136396e+00
    endloop
  endfacet
  facet normal -2.703444e-16 7.933533e-01 -6.087614e-01
    outer loop
      vertex   1.325141e+00 8.086142e+01 9.136396e+00
      vertex   -2.674859e+00 8.071839e+01 8.950000e+00
      vertex   -2.674859e+00 8.086142e+01 9.136396e+00
    endloop
  endfacet
  facet normal -3.523197e-16 6.087614e-01 -7.933533e-01
    outer loop
      vertex   1.325141e+00 8.086142e+01 9.136396e+00
      vertex   -2.674859e+00 8.086142e+01 9.136396e+00
      vertex   1.325141e+00 8.104781e+01 9.279423e+00
    endloop
  endfacet
  facet normal 0.000000e+00 6.087614e-01 -7.933533e-01
    outer loop
      vertex   1.325141e+00 8.104781e+01 9.279423e+00
      vertex   -2.674859e+00 8.086142e+01 9.136396e+00
      vertex   -2.674859e+00 8.104781e+01 9.279423e+00
    endloop
  endfacet
  facet normal 0.000000e+00 3.826834e-01 -9.238795e-01
    outer loop
      vertex   1.325141e+00 8.104781e+01 9.279423e+00
      vertex   -2.674859e+00 8.104781e+01 9.279423e+00
      vertex   1.325141e+00 8.126488e+01 9.369333e+00
    endloop
  endfacet
  facet normal -4.102849e-16 3.826834e-01 -9.238795e-01
    outer loop
      vertex   1.325141e+00 8.126488e+01 9.369333e+00
      vertex   -2.674859e+00 8.104781e+01 9.279423e+00
      vertex   -2.674859e+00 8.126488e+01 9.369333e+00
    endloop
  endfacet
  facet normal -4.402900e-16 1.305262e-01 -9.914449e-01
    outer loop
      vertex   1.325141e+00 8.126488e+01 9.369333e+00
      vertex   -2.674859e+00 8.126488e+01 9.369333e+00
      vertex   1.325141e+00 8.149781e+01 9.400000e+00
    endloop
  endfacet
  facet normal 0.000000e+00 1.305262e-01 -9.914449e-01
    outer loop
      vertex   1.325141e+00 8.149781e+01 9.400000e+00
      vertex   -2.674859e+00 8.126488e+01 9.369333e+00
      vertex   -2.674859e+00 8.149781e+01 9.400000e+00
    endloop
  endfacet
  facet normal -0.000000e+00 -1.305262e-01 -9.914449e-01
    outer loop
      vertex   1.325141e+00 8.149781e+01 9.400000e+00
      vertex   -2.674859e+00 8.149781e+01 9.400000e+00
      vertex   1.325141e+00 8.173075e+01 9.369333e+00
    endloop
  endfacet
  facet normal -4.402900e-16 -1.305262e-01 -9.914449e-01
    outer loop
      vertex   1.325141e+00 8.173075e+01 9.369333e+00
      vertex   -2.674859e+00 8.149781e+01 9.400000e+00
      vertex   -2.674859e+00 8.173075e+01 9.369333e+00
    endloop
  endfacet
  facet normal -4.102849e-16 -3.826834e-01 -9.238795e-01
    outer loop
      vertex   1.325141e+00 8.173075e+01 9.369333e+00
      vertex   -2.674859e+00 8.173075e+01 9.369333e+00
      vertex   1.325141e+00 8.194781e+01 9.279423e+00
    endloop
  endfacet
  facet normal -0.000000e+00 -3.826834e-01 -9.238795e-01
    outer loop
      vertex   1.325141e+00 8.194781e+01 9.279423e+00
      vertex   -2.674859e+00 8.173075e+01 9.369333e+00
      vertex   -2.674859e+00 8.194781e+01 9.279423e+00
    endloop
  endfacet
  facet normal -0.000000e+00 -6.087614e-01 -7.933533e-01
    outer loop
      vertex   1.325141e+00 8.194781e+01 9.279423e+00
      vertex   -2.674859e+00 8.194781e+01 9.279423e+00
      vertex   1.325141e+00 8.213421e+01 9.136396e+00
    endloop
  endfacet
  facet normal -3.523197e-16 -6.087614e-01 -7.933533e-01
    outer loop
      vertex   1.325141e+00 8.213421e+01 9.136396e+00
      vertex   -2.674859e+00 8.194781e+01 9.279423e+00
      vertex   -2.674859e+00 8.213421e+01 9.136396e+00
    endloop
  endfacet
  facet normal -2.703444e-16 -7.933533e-01 -6.087614e-01
    outer loop
      vertex   1.325141e+00 8.213421e+01 9.136396e+00
      vertex   -2.674859e+00 8.213421e+01 9.136396e+00
      vertex   1.325141e+00 8.227724e+01 8.950000e+00
    endloop
  endfacet
  facet normal -0.000000e+00 -7.933533e-01 -6.087614e-01
    outer loop
      vertex   1.325141e+00 8.227724e+01 8.950000e+00
      vertex   -2.674859e+00 8.213421e+01 9.136396e+00
      vertex   -2.674859e+00 8.227724e+01 8.950000e+00
    endloop
  endfacet
  facet normal -0.000000e+00 -9.238795e-01 -3.826834e-01
    outer loop
      vertex   1.325141e+00 8.227724e+01 8.950000e+00
      vertex   -2.674859e+00 8.227724e+01 8.950000e+00
      vertex   1.325141e+00 8.236715e+01 8.732937e+00
    endloop
  endfacet
  facet normal 1.699456e-16 -9.238795e-01 -3.826834e-01
    outer loop
      vertex   1.325141e+00 8.236715e+01 8.732937e+00
      vertex   -2.674859e+00 8.227724e+01 8.950000e+00
      vertex   -2.674859e+00 8.236715e+01 8.732937e+00
    endloop
  endfacet
  facet normal 5.796527e-17 -9.914449e-01 -1.305262e-01
    outer loop
      vertex   1.325141e+00 8.236715e+01 8.732937e+00
      vertex   -2.674859e+00 8.236715e+01 8.732937e+00
      vertex   1.325141e+00 8.239781e+01 8.500000e+00
    endloop
  endfacet
  facet normal -0.000000e+00 -9.914449e-01 -1.305262e-01
    outer loop
      vertex   1.325141e+00 8.239781e+01 8.500000e+00
      vertex   -2.674859e+00 8.236715e+01 8.732937e+00
      vertex   -2.674859e+00 8.239781e+01 8.500000e+00
    endloop
  endfacet
  facet normal 0.000000e+00 -9.914449e-01 1.305262e-01
    outer loop
      vertex   1.325141e+00 8.239781e+01 8.500000e+00
      vertex   -2.674859e+00 8.239781e+01 8.500000e+00
      vertex   1.325141e+00 8.236715e+01 8.267063e+00
    endloop
  endfacet
  facet normal 5.796527e-17 -9.914449e-01 1.305262e-01
    outer loop
      vertex   1.325141e+00 8.236715e+01 8.267063e+00
      vertex   -2.674859e+00 8.239781e+01 8.500000e+00
      vertex   -2.674859e+00 8.236715e+01 8.267063e+00
    endloop
  endfacet
  facet normal 1.699456e-16 -9.238795e-01 3.826834e-01
    outer loop
      vertex   1.325141e+00 8.236715e+01 8.267063e+00
      vertex   -2.674859e+00 8.236715e+01 8.267063e+00
      vertex   1.325141e+00 8.227724e+01 8.050000e+00
    endloop
  endfacet
  facet normal 0.000000e+00 -9.238795e-01 3.826834e-01
    outer loop
      vertex   1.325141e+00 8.227724e+01 8.050000e+00
      vertex   -2.674859e+00 8.236715e+01 8.267063e+00
      vertex   -2.674859e+00 8.227724e+01 8.050000e+00
    endloop
  endfacet
  facet normal 0.000000e+00 -7.933533e-01 6.087614e-01
    outer loop
      vertex   1.325141e+00 8.227724e+01 8.050000e+00
      vertex   -2.674859e+00 8.227724e+01 8.050000e+00
      vertex   1.325141e+00 8.213421e+01 7.863604e+00
    endloop
  endfacet
  facet normal -6.758610e-16 -7.933533e-01 6.087614e-01
    outer loop
      vertex   1.325141e+00 8.213421e+01 7.863604e+00
      vertex   -2.674859e+00 8.227724e+01 8.050000e+00
      vertex   -2.674859e+00 8.213421e+01 7.863604e+00
    endloop
  endfacet
  facet normal -8.807991e-16 -6.087614e-01 7.933533e-01
    outer loop
      vertex   1.325141e+00 8.213421e+01 7.863604e+00
      vertex   -2.674859e+00 8.213421e+01 7.863604e+00
      vertex   1.325141e+00 8.194781e+01 7.720577e+00
    endloop
  endfacet
  facet normal 0.000000e+00 -6.087614e-01 7.933533e-01
    outer loop
      vertex   1.325141e+00 8.194781e+01 7.720577e+00
      vertex   -2.674859e+00 8.213421e+01 7.863604e+00
      vertex   -2.674859e+00 8.194781e+01 7.720577e+00
    endloop
  endfacet
  facet normal 0.000000e+00 -3.826834e-01 9.238795e-01
    outer loop
      vertex   1.325141e+00 8.194781e+01 7.720577e+00
      vertex   -2.674859e+00 8.194781e+01 7.720577e+00
      vertex   1.325141e+00 8.173075e+01 7.630667e+00
    endloop
  endfacet
  facet normal -2.051425e-16 -3.826834e-01 9.238795e-01
    outer loop
      vertex   1.325141e+00 8.173075e+01 7.630667e+00
      vertex   -2.674859e+00 8.194781e+01 7.720577e+00
      vertex   -2.674859e+00 8.173075e+01 7.630667e+00
    endloop
  endfacet
  facet normal -2.201450e-16 -1.305262e-01 9.914449e-01
    outer loop
      vertex   1.325141e+00 8.173075e+01 7.630667e+00
      vertex   -2.674859e+00 8.173075e+01 7.630667e+00
      vertex   1.325141e+00 8.149781e+01 7.600000e+00
    endloop
  endfacet
  facet normal 0.000000e+00 -1.305262e-01 9.914449e-01
    outer loop
      vertex   1.325141e+00 8.149781e+01 7.600000e+00
      vertex   -2.674859e+00 8.173075e+01 7.630667e+00
      vertex   -2.674859e+00 8.149781e+01 7.600000e+00
    endloop
  endfacet
  facet normal 0.000000e+00 1.305262e-01 9.914449e-01
    outer loop
      vertex   1.325141e+00 8.149781e+01 7.600000e+00
      vertex   -2.674859e+00 8.149781e+01 7.600000e+00
      vertex   1.325141e+00 8.126488e+01 7.630667e+00
    endloop
  endfacet
  facet normal -2.201450e-16 1.305262e-01 9.914449e-01
    outer loop
      vertex   1.325141e+00 8.126488e+01 7.630667e+00
      vertex   -2.674859e+00 8.149781e+01 7.600000e+00
      vertex   -2.674859e+00 8.126488e+01 7.630667e+00
    endloop
  endfacet
  facet normal -2.051425e-16 3.826834e-01 9.238795e-01
    outer loop
      vertex   1.325141e+00 8.126488e+01 7.630667e+00
      vertex   -2.674859e+00 8.126488e+01 7.630667e+00
      vertex   1.325141e+00 8.104781e+01 7.720577e+00
    endloop
  endfacet
  facet normal 4.102849e-16 3.826834e-01 9.238795e-01
    outer loop
      vertex   1.325141e+00 8.104781e+01 7.720577e+00
      vertex   -2.674859e+00 8.126488e+01 7.630667e+00
      vertex   -2.674859e+00 8.104781e+01 7.720577e+00
    endloop
  endfacet
  facet normal 3.523197e-16 6.087614e-01 7.933533e-01
    outer loop
      vertex   1.325141e+00 8.104781e+01 7.720577e+00
      vertex   -2.674859e+00 8.104781e+01 7.720577e+00
      vertex   1.325141e+00 8.086142e+01 7.863604e+00
    endloop
  endfacet
  facet normal -7.046393e-16 6.087614e-01 7.933533e-01
    outer loop
      vertex   1.325141e+00 8.086142e+01 7.863604e+00
      vertex   -2.674859e+00 8.104781e+01 7.720577e+00
      vertex   -2.674859e+00 8.086142e+01 7.863604e+00
    endloop
  endfacet
  facet normal -5.406888e-16 7.933533e-01 6.087614e-01
    outer loop
      vertex   1.325141e+00 8.086142e+01 7.863604e+00
      vertex   -2.674859e+00 8.086142e+01 7.863604e+00
      vertex   1.325141e+00 8.071839e+01 8.050000e+00
    endloop
  endfacet
  facet normal 0.000000e+00 7.933533e-01 6.087614e-01
    outer loop
      vertex   1.325141e+00 8.071839e+01 8.050000e+00
      vertex   -2.674859e+00 8.086142e+01 7.863604e+00
      vertex   -2.674859e+00 8.071839e+01 8.050000e+00
    endloop
  endfacet
  facet normal 0.000000e+00 9.238795e-01 3.826834e-01
    outer loop
      vertex   1.325141e+00 8.071839e+01 8.050000e+00
      vertex   -2.674859e+00 8.071839e+01 8.050000e+00
      vertex   1.325141e+00 8.062848e+01 8.267063e+00
    endloop
  endfacet
  facet normal 1.699456e-16 9.238795e-01 3.826834e-01
    outer loop
      vertex   1.325141e+00 8.062848e+01 8.267063e+00
      vertex   -2.674859e+00 8.071839e+01 8.050000e+00
      vertex   -2.674859e+00 8.062848e+01 8.267063e+00
    endloop
  endfacet
  facet normal -5.796527e-17 9.914449e-01 -1.305262e-01
    outer loop
      vertex   -6.674859e+00 8.062848e+01 8.732937e+00
      vertex   -2.674859e+00 8.062848e+01 8.732937e+00
      vertex   -6.674859e+00 8.059781e+01 8.500000e+00
    endloop
  endfacet
  facet normal 0.000000e+00 9.914449e-01 -1.305262e-01
    outer loop
      vertex   -6.674859e+00 8.059781e+01 8.500000e+00
      vertex   -2.674859e+00 8.062848e+01 8.732937e+00
      vertex   -2.674859e+00 8.059781e+01 8.500000e+00
    endloop
  endfacet
  facet normal -0.000000e+00 9.914449e-01 1.305262e-01
    outer loop
      vertex   -6.674859e+00 8.059781e+01 8.500000e+00
      vertex   -2.674859e+00 8.059781e+01 8.500000e+00
      vertex   -6.674859e+00 8.062848e+01 8.267063e+00
    endloop
  endfacet
  facet normal -5.796527e-17 9.914449e-01 1.305262e-01
    outer loop
      vertex   -6.674859e+00 8.062848e+01 8.267063e+00
      vertex   -2.674859e+00 8.059781e+01 8.500000e+00
      vertex   -2.674859e+00 8.062848e+01 8.267063e+00
    endloop
  endfacet
  facet normal -1.699456e-16 9.238795e-01 3.826834e-01
    outer loop
      vertex   -6.674859e+00 8.062848e+01 8.267063e+00
      vertex   -2.674859e+00 8.062848e+01 8.267063e+00
      vertex   -6.674859e+00 8.071839e+01 8.050000e+00
    endloop
  endfacet
  facet normal -0.000000e+00 9.238795e-01 3.826834e-01
    outer loop
      vertex   -6.674859e+00 8.071839e+01 8.050000e+00
      vertex   -2.674859e+00 8.062848e+01 8.267063e+00
      vertex   -2.674859e+00 8.071839e+01 8.050000e+00
    endloop
  endfacet
  facet normal -0.000000e+00 7.933533e-01 6.087614e-01
    outer loop
      vertex   -6.674859e+00 8.071839e+01 8.050000e+00
      vertex   -2.674859e+00 8.071839e+01 8.050000e+00
      vertex   -6.674859e+00 8.086142e+01 7.863604e+00
    endloop
  endfacet
  facet normal 5.406888e-16 7.933533e-01 6.087614e-01
    outer loop
      vertex   -6.674859e+00 8.086142e+01 7.863604e+00
      vertex   -2.674859e+00 8.071839e+01 8.050000e+00
      vertex   -2.674859e+00 8.086142e+01 7.863604e+00
    endloop
  endfacet
  facet normal 7.046393e-16 6.087614e-01 7.933533e-01
    outer loop
      vertex   -6.674859e+00 8.086142e+01 7.863604e+00
      vertex   -2.674859e+00 8.086142e+01 7.863604e+00
      vertex   -6.674859e+00 8.104781e+01 7.720577e+00
    endloop
  endfacet
  facet normal -0.000000e+00 6.087614e-01 7.933533e-01
    outer loop
      vertex   -6.674859e+00 8.104781e+01 7.720577e+00
      vertex   -2.674859e+00 8.086142e+01 7.863604e+00
      vertex   -2.674859e+00 8.104781e+01 7.720577e+00
    endloop
  endfacet
  facet normal -0.000000e+00 3.826834e-01 9.238795e-01
    outer loop
      vertex   -6.674859e+00 8.104781e+01 7.720577e+00
      vertex   -2.674859e+00 8.104781e+01 7.720577e+00
      vertex   -6.674859e+00 8.126488e+01 7.630667e+00
    endloop
  endfacet
  facet normal 2.051425e-16 3.826834e-01 9.238795e-01
    outer loop
      vertex   -6.674859e+00 8.126488e+01 7.630667e+00
      vertex   -2.674859e+00 8.104781e+01 7.720577e+00
      vertex   -2.674859e+00 8.126488e+01 7.630667e+00
    endloop
  endfacet
  facet normal 2.201450e-16 1.305262e-01 9.914449e-01
    outer loop
      vertex   -6.674859e+00 8.126488e+01 7.630667e+00
      vertex   -2.674859e+00 8.126488e+01 7.630667e+00
      vertex   -6.674859e+00 8.149781e+01 7.600000e+00
    endloop
  endfacet
  facet normal -0.000000e+00 1.305262e-01 9.914449e-01
    outer loop
      vertex   -6.674859e+00 8.149781e+01 7.600000e+00
      vertex   -2.674859e+00 8.126488e+01 7.630667e+00
      vertex   -2.674859e+00 8.149781e+01 7.600000e+00
    endloop
  endfacet
  facet normal 0.000000e+00 -1.305262e-01 9.914449e-01
    outer loop
      vertex   -6.674859e+00 8.149781e+01 7.600000e+00
      vertex   -2.674859e+00 8.149781e+01 7.600000e+00
      vertex   -6.674859e+00 8.173075e+01 7.630667e+00
    endloop
  endfacet
  facet normal 2.201450e-16 -1.305262e-01 9.914449e-01
    outer loop
      vertex   -6.674859e+00 8.173075e+01 7.630667e+00
      vertex   -2.674859e+00 8.149781e+01 7.600000e+00
      vertex   -2.674859e+00 8.173075e+01 7.630667e+00
    endloop
  endfacet
  facet normal 2.051425e-16 -3.826834e-01 9.238795e-01
    outer loop
      vertex   -6.674859e+00 8.173075e+01 7.630667e+00
      vertex   -2.674859e+00 8.173075e+01 7.630667e+00
      vertex   -6.674859e+00 8.194781e+01 7.720577e+00
    endloop
  endfacet
  facet normal 0.000000e+00 -3.826834e-01 9.238795e-01
    outer loop
      vertex   -6.674859e+00 8.194781e+01 7.720577e+00
      vertex   -2.674859e+00 8.173075e+01 7.630667e+00
      vertex   -2.674859e+00 8.194781e+01 7.720577e+00
    endloop
  endfacet
  facet normal 0.000000e+00 -6.087614e-01 7.933533e-01
    outer loop
      vertex   -6.674859e+00 8.194781e+01 7.720577e+00
      vertex   -2.674859e+00 8.194781e+01 7.720577e+00
      vertex   -6.674859e+00 8.213421e+01 7.863604e+00
    endloop
  endfacet
  facet normal 7.046393e-16 -6.087614e-01 7.933533e-01
    outer loop
      vertex   -6.674859e+00 8.213421e+01 7.863604e+00
      vertex   -2.674859e+00 8.194781e+01 7.720577e+00
      vertex   -2.674859e+00 8.213421e+01 7.863604e+00
    endloop
  endfacet
  facet normal 5.406888e-16 -7.933533e-01 6.087614e-01
    outer loop
      vertex   -6.674859e+00 8.213421e+01 7.863604e+00
      vertex   -2.674859e+00 8.213421e+01 7.863604e+00
      vertex   -6.674859e+00 8.227724e+01 8.050000e+00
    endloop
  endfacet
  facet normal 0.000000e+00 -7.933533e-01 6.087614e-01
    outer loop
      vertex   -6.674859e+00 8.227724e+01 8.050000e+00
      vertex   -2.674859e+00 8.213421e+01 7.863604e+00
      vertex   -2.674859e+00 8.227724e+01 8.050000e+00
    endloop
  endfacet
  facet normal 0.000000e+00 -9.238795e-01 3.826834e-01
    outer loop
      vertex   -6.674859e+00 8.227724e+01 8.050000e+00
      vertex   -2.674859e+00 8.227724e+01 8.050000e+00
      vertex   -6.674859e+00 8.236715e+01 8.267063e+00
    endloop
  endfacet
  facet normal -1.699456e-16 -9.238795e-01 3.826834e-01
    outer loop
      vertex   -6.674859e+00 8.236715e+01 8.267063e+00
      vertex   -2.674859e+00 8.227724e+01 8.050000e+00
      vertex   -2.674859e+00 8.236715e+01 8.267063e+00
    endloop
  endfacet
  facet normal -5.796527e-17 -9.914449e-01 1.305262e-01
    outer loop
      vertex   -6.674859e+00 8.236715e+01 8.267063e+00
      vertex   -2.674859e+00 8.236715e+01 8.267063e+00
      vertex   -6.674859e+00 8.239781e+01 8.500000e+00
    endloop
  endfacet
  facet normal 0.000000e+00 -9.914449e-01 1.305262e-01
    outer loop
      vertex   -6.674859e+00 8.239781e+01 8.500000e+00
      vertex   -2.674859e+00 8.236715e+01 8.267063e+00
      vertex   -2.674859e+00 8.239781e+01 8.500000e+00
    endloop
  endfacet
  facet normal 0.000000e+00 -9.914449e-01 -1.305262e-01
    outer loop
      vertex   -6.674859e+00 8.239781e+01 8.500000e+00
      vertex   -2.674859e+00 8.239781e+01 8.500000e+00
      vertex   -6.674859e+00 8.236715e+01 8.732937e+00
    endloop
  endfacet
  facet normal -5.796527e-17 -9.914449e-01 -1.305262e-01
    outer loop
      vertex   -6.674859e+00 8.236715e+01 8.732937e+00
      vertex   -2.674859e+00 8.239781e+01 8.500000e+00
      vertex   -2.674859e+00 8.236715e+01 8.732937e+00
    endloop
  endfacet
  facet normal -1.699456e-16 -9.238795e-01 -3.826834e-01
    outer loop
      vertex   -6.674859e+00 8.236715e+01 8.732937e+00
      vertex   -2.674859e+00 8.236715e+01 8.732937e+00
      vertex   -6.674859e+00 8.227724e+01 8.950000e+00
    endloop
  endfacet
  facet normal 0.000000e+00 -9.238795e-01 -3.826834e-01
    outer loop
      vertex   -6.674859e+00 8.227724e+01 8.950000e+00
      vertex   -2.674859e+00 8.236715e+01 8.732937e+00
      vertex   -2.674859e+00 8.227724e+01 8.950000e+00
    endloop
  endfacet
  facet normal 0.000000e+00 -7.933533e-01 -6.087614e-01
    outer loop
      vertex   -6.674859e+00 8.227724e+01 8.950000e+00
      vertex   -2.674859e+00 8.227724e+01 8.950000e+00
      vertex   -6.674859e+00 8.213421e+01 9.136396e+00
    endloop
  endfacet
  facet normal 5.406888e-16 -7.933533e-01 -6.087614e-01
    outer loop
      vertex   -6.674859e+00 8.213421e+01 9.136396e+00
      vertex   -2.674859e+00 8.227724e+01 8.950000e+00
      vertex   -2.674859e+00 8.213421e+01 9.136396e+00
    endloop
  endfacet
  facet normal 7.046393e-16 -6.087614e-01 -7.933533e-01
    outer loop
      vertex   -6.674859e+00 8.213421e+01 9.136396e+00
      vertex   -2.674859e+00 8.213421e+01 9.136396e+00
      vertex   -6.674859e+00 8.194781e+01 9.279423e+00
    endloop
  endfacet
  facet normal 0.000000e+00 -6.087614e-01 -7.933533e-01
    outer loop
      vertex   -6.674859e+00 8.194781e+01 9.279423e+00
      vertex   -2.674859e+00 8.213421e+01 9.136396e+00
      vertex   -2.674859e+00 8.194781e+01 9.279423e+00
    endloop
  endfacet
  facet normal 0.000000e+00 -3.826834e-01 -9.238795e-01
    outer loop
      vertex   -6.674859e+00 8.194781e+01 9.279423e+00
      vertex   -2.674859e+00 8.194781e+01 9.279423e+00
      vertex   -6.674859e+00 8.173075e+01 9.369333e+00
    endloop
  endfacet
  facet normal 4.102849e-16 -3.826834e-01 -9.238795e-01
    outer loop
      vertex   -6.674859e+00 8.173075e+01 9.369333e+00
      vertex   -2.674859e+00 8.194781e+01 9.279423e+00
      vertex   -2.674859e+00 8.173075e+01 9.369333e+00
    endloop
  endfacet
  facet normal 4.402900e-16 -1.305262e-01 -9.914449e-01
    outer loop
      vertex   -6.674859e+00 8.173075e+01 9.369333e+00
      vertex   -2.674859e+00 8.173075e+01 9.369333e+00
      vertex   -6.674859e+00 8.149781e+01 9.400000e+00
    endloop
  endfacet
  facet normal 0.000000e+00 -1.305262e-01 -9.914449e-01
    outer loop
      vertex   -6.674859e+00 8.149781e+01 9.400000e+00
      vertex   -2.674859e+00 8.173075e+01 9.369333e+00
      vertex   -2.674859e+00 8.149781e+01 9.400000e+00
    endloop
  endfacet
  facet normal 0.000000e+00 1.305262e-01 -9.914449e-01
    outer loop
      vertex   -6.674859e+00 8.149781e+01 9.400000e+00
      vertex   -2.674859e+00 8.149781e+01 9.400000e+00
      vertex   -6.674859e+00 8.126488e+01 9.369333e+00
    endloop
  endfacet
  facet normal 4.402900e-16 1.305262e-01 -9.914449e-01
    outer loop
      vertex   -6.674859e+00 8.126488e+01 9.369333e+00
      vertex   -2.674859e+00 8.149781e+01 9.400000e+00
      vertex   -2.674859e+00 8.126488e+01 9.369333e+00
    endloop
  endfacet
  facet normal 4.102849e-16 3.826834e-01 -9.238795e-01
    outer loop
      vertex   -6.674859e+00 8.126488e+01 9.369333e+00
      vertex   -2.674859e+00 8.126488e+01 9.369333e+00
      vertex   -6.674859e+00 8.104781e+01 9.279423e+00
    endloop
  endfacet
  facet normal -4.102849e-16 3.826834e-01 -9.238795e-01
    outer loop
      vertex   -6.674859e+00 8.104781e+01 9.279423e+00
      vertex   -2.674859e+00 8.126488e+01 9.369333e+00
      vertex   -2.674859e+00 8.104781e+01 9.279423e+00
    endloop
  endfacet
  facet normal -3.523197e-16 6.087614e-01 -7.933533e-01
    outer loop
      vertex   -6.674859e+00 8.104781e+01 9.279423e+00
      vertex   -2.674859e+00 8.104781e+01 9.279423e+00
      vertex   -6.674859e+00 8.086142e+01 9.136396e+00
    endloop
  endfacet
  facet normal 3.523197e-16 6.087614e-01 -7.933533e-01
    outer loop
      vertex   -6.674859e+00 8.086142e+01 9.136396e+00
      vertex   -2.674859e+00 8.104781e+01 9.279423e+00
      vertex   -2.674859e+00 8.086142e+01 9.136396e+00
    endloop
  endfacet
  facet normal 2.703444e-16 7.933533e-01 -6.087614e-01
    outer loop
      vertex   -6.674859e+00 8.086142e+01 9.136396e+00
      vertex   -2.674859e+00 8.086142e+01 9.136396e+00
      vertex   -6.674859e+00 8.071839e+01 8.950000e+00
    endloop
  endfacet
  facet normal 0.000000e+00 7.933533e-01 -6.087614e-01
    outer loop
      vertex   -6.674859e+00 8.071839e+01 8.950000e+00
      vertex   -2.674859e+00 8.086142e+01 9.136396e+00
      vertex   -2.674859e+00 8.071839e+01 8.950000e+00
    endloop
  endfacet
  facet normal 0.000000e+00 9.238795e-01 -3.826834e-01
    outer loop
      vertex   -6.674859e+00 8.071839e+01 8.950000e+00
      vertex   -2.674859e+00 8.071839e+01 8.950000e+00
      vertex   -6.674859e+00 8.062848e+01 8.732937e+00
    endloop
  endfacet
  facet normal -1.699456e-16 9.238795e-01 -3.826834e-01
    outer loop
      vertex   -6.674859e+00 8.062848e+01 8.732937e+00
      vertex   -2.674859e+00 8.071839e+01 8.950000e+00
      vertex   -2.674859e+00 8.062848e+01 8.732937e+00
    endloop
  endfacet
  facet normal -1.000000e+00 0.000000e+00 -0.000000e+00
    outer loop
      vertex   1.325141e+00 8.062848e+01 8.732937e+00
      vertex   1.325141e+00 8.236715e+01 8.732937e+00
      vertex   1.325141e+00 8.059781e+01 8.500000e+00
    endloop
  endfacet
  facet normal -1.000000e+00 0.000000e+00 0.000000e+00
    outer loop
      vertex   1.325141e+00 8.059781e+01 8.500000e+00
      vertex   1.325141e+00 8.236715e+01 8.732937e+00
      vertex   1.325141e+00 8.239781e+01 8.500000e+00
    endloop
  endfacet
  facet normal -1.000000e+00 0.000000e+00 0.000000e+00
    outer loop
      vertex   1.325141e+00 8.059781e+01 8.500000e+00
      vertex   1.325141e+00 8.239781e+01 8.500000e+00
      vertex   1.325141e+00 8.062848e+01 8.267063e+00
    endloop
  endfacet
  facet normal -1.000000e+00 0.000000e+00 0.000000e+00
    outer loop
      vertex   1.325141e+00 8.062848e+01 8.267063e+00
      vertex   1.325141e+00 8.239781e+01 8.500000e+00
      vertex   1.325141e+00 8.236715e+01 8.267063e+00
    endloop
  endfacet
  facet normal -1.000000e+00 0.000000e+00 0.000000e+00
    outer loop
      vertex   1.325141e+00 8.062848e+01 8.267063e+00
      vertex   1.325141e+00 8.236715e+01 8.267063e+00
      vertex   1.325141e+00 8.071839e+01 8.050000e+00
    endloop
  endfacet
  facet normal -1.000000e+00 0.000000e+00 0.000000e+00
    outer loop
      vertex   1.325141e+00 8.071839e+01 8.050000e+00
      vertex   1.325141e+00 8.236715e+01 8.267063e+00
      vertex   1.325141e+00 8.227724e+01 8.050000e+00
    endloop
  endfacet
  facet normal -1.000000e+00 0.000000e+00 0.000000e+00
    outer loop
      vertex   1.325141e+00 8.071839e+01 8.050000e+00
      vertex   1.325141e+00 8.227724e+01 8.050000e+00
      vertex   1.325141e+00 8.086142e+01 7.863604e+00
    endloop
  endfacet
  facet normal -1.000000e+00 0.000000e+00 0.000000e+00
    outer loop
      vertex   1.325141e+00 8.086142e+01 7.863604e+00
      vertex   1.325141e+00 8.227724e+01 8.050000e+00
      vertex   1.325141e+00 8.213421e+01 7.863604e+00
    endloop
  endfacet
  facet normal -1.000000e+00 0.000000e+00 0.000000e+00
    outer loop
      vertex   1.325141e+00 8.086142e+01 7.863604e+00
      vertex   1.325141e+00 8.213421e+01 7.863604e+00
      vertex   1.325141e+00 8.104781e+01 7.720577e+00
    endloop
  endfacet
  facet normal -1.000000e+00 0.000000e+00 0.000000e+00
    outer loop
      vertex   1.325141e+00 8.104781e+01 7.720577e+00
      vertex   1.325141e+00 8.213421e+01 7.863604e+00
      vertex   1.325141e+00 8.194781e+01 7.720577e+00
    endloop
  endfacet
  facet normal -1.000000e+00 0.000000e+00 0.000000e+00
    outer loop
      vertex   1.325141e+00 8.104781e+01 7.720577e+00
      vertex   1.325141e+00 8.194781e+01 7.720577e+00
      vertex   1.325141e+00 8.126488e+01 7.630667e+00
    endloop
  endfacet
  facet normal -1.000000e+00 0.000000e+00 0.000000e+00
    outer loop
      vertex   1.325141e+00 8.126488e+01 7.630667e+00
      vertex   1.325141e+00 8.194781e+01 7.720577e+00
      vertex   1.325141e+00 8.173075e+01 7.630667e+00
    endloop
  endfacet
  facet normal -1.000000e+00 0.000000e+00 0.000000e+00
    outer loop
      vertex   1.325141e+00 8.126488e+01 7.630667e+00
      vertex   1.325141e+00 8.173075e+01 7.630667e+00
      vertex   1.325141e+00 8.149781e+01 7.600000e+00
    endloop
  endfacet
  facet normal -1.000000e+00 0.000000e+00 0.000000e+00
    outer loop
      vertex   1.325141e+00 8.236715e+01 8.732937e+00
      vertex   1.325141e+00 8.062848e+01 8.732937e+00
      vertex   1.325141e+00 8.227724e+01 8.950000e+00
    endloop
  endfacet
  facet normal -1.000000e+00 -0.000000e+00 0.000000e+00
    outer loop
      vertex   1.325141e+00 8.227724e+01 8.950000e+00
      vertex   1.325141e+00 8.062848e+01 8.732937e+00
      vertex   1.325141e+00 8.071839e+01 8.950000e+00
    endloop
  endfacet
  facet normal -1.000000e+00 0.000000e+00 0.000000e+00
    outer loop
      vertex   1.325141e+00 8.227724e+01 8.950000e+00
      vertex   1.325141e+00 8.071839e+01 8.950000e+00
      vertex   1.325141e+00 8.213421e+01 9.136396e+00
    endloop
  endfacet
  facet normal -1.000000e+00 -0.000000e+00 0.000000e+00
    outer loop
      vertex   1.325141e+00 8.213421e+01 9.136396e+00
      vertex   1.325141e+00 8.071839e+01 8.950000e+00
      vertex   1.325141e+00 8.086142e+01 9.136396e+00
    endloop
  endfacet
  facet normal -1.000000e+00 0.000000e+00 0.000000e+00
    outer loop
      vertex   1.325141e+00 8.213421e+01 9.136396e+00
      vertex   1.325141e+00 8.086142e+01 9.136396e+00
      vertex   1.325141e+00 8.194781e+01 9.279423e+00
    endloop
  endfacet
  facet normal -1.000000e+00 -0.000000e+00 0.000000e+00
    outer loop
      vertex   1.325141e+00 8.194781e+01 9.279423e+00
      vertex   1.325141e+00 8.086142e+01 9.136396e+00
      vertex   1.325141e+00 8.104781e+01 9.279423e+00
    endloop
  endfacet
  facet normal -1.000000e+00 0.000000e+00 0.000000e+00
    outer loop
      vertex   1.325141e+00 8.194781e+01 9.279423e+00
      vertex   1.325141e+00 8.104781e+01 9.279423e+00
      vertex   1.325141e+00 8.173075e+01 9.369333e+00
    endloop
  endfacet
  facet normal -1.000000e+00 -0.000000e+00 0.000000e+00
    outer loop
      vertex   1.325141e+00 8.173075e+01 9.369333e+00
      vertex   1.325141e+00 8.104781e+01 9.279423e+00
      vertex   1.325141e+00 8.126488e+01 9.369333e+00
    endloop
  endfacet
  facet normal -1.000000e+00 0.000000e+00 0.000000e+00
    outer loop
      vertex   1.325141e+00 8.173075e+01 9.369333e+00
      vertex   1.325141e+00 8.126488e+01 9.369333e+00
      vertex   1.325141e+00 8.149781e+01 9.400000e+00
    endloop
  endfacet
  facet normal -1.000000e+00 2.161530e-14 -4.780199e-15
    outer loop
      vertex   -6.674859e+00 8.062848e+01 8.267063e+00
      vertex   -6.674859e+00 7.929781e+01 2.250000e+00
      vertex   -6.674859e+00 8.059781e+01 8.500000e+00
    endloop
  endfacet
  facet normal -1.000000e+00 -2.679271e-17 -2.786442e-16
    outer loop
      vertex   -6.674859e+00 8.059781e+01 8.500000e+00
      vertex   -6.674859e+00 7.929781e+01 2.250000e+00
      vertex   -6.674859e+00 7.929781e+01 1.500000e+01
    endloop
  endfacet
  facet normal -1.000000e+00 2.381768e-14 4.490250e-15
    outer loop
      vertex   -6.674859e+00 8.059781e+01 8.500000e+00
      vertex   -6.674859e+00 7.929781e+01 1.500000e+01
      vertex   -6.674859e+00 8.062848e+01 8.732937e+00
    endloop
  endfacet
  facet normal -1.000000e+00 9.047883e-16 -3.747756e-16
    outer loop
      vertex   -6.674859e+00 8.062848e+01 8.732937e+00
      vertex   -6.674859e+00 7.929781e+01 1.500000e+01
      vertex   -6.674859e+00 8.071839e+01 8.950000e+00
    endloop
  endfacet
  facet normal -1.000000e+00 5.859754e-16 -4.496348e-16
    outer loop
      vertex   -6.674859e+00 8.071839e+01 8.950000e+00
      vertex   -6.674859e+00 7.929781e+01 1.500000e+01
      vertex   -6.674859e+00 8.086142e+01 9.136396e+00
    endloop
  endfacet
  facet normal -1.000000e+00 3.859463e-16 -5.029751e-16
    outer loop
      vertex   -6.674859e+00 8.086142e+01 9.136396e+00
      vertex   -6.674859e+00 7.929781e+01 1.500000e+01
      vertex   -6.674859e+00 8.104781e+01 9.279423e+00
    endloop
  endfacet
  facet normal -1.000000e+00 2.283133e-16 -5.511971e-16
    outer loop
      vertex   -6.674859e+00 8.104781e+01 9.279423e+00
      vertex   -6.674859e+00 7.929781e+01 1.500000e+01
      vertex   -6.674859e+00 8.126488e+01 9.369333e+00
    endloop
  endfacet
  facet normal -1.000000e+00 7.941470e-17 -6.032145e-16
    outer loop
      vertex   -6.674859e+00 8.126488e+01 9.369333e+00
      vertex   -6.674859e+00 7.929781e+01 1.500000e+01
      vertex   -6.674859e+00 8.149781e+01 9.400000e+00
    endloop
  endfacet
  facet normal -1.000000e+00 0.000000e+00 -6.344132e-16
    outer loop
      vertex   -6.674859e+00 8.149781e+01 9.400000e+00
      vertex   -6.674859e+00 7.929781e+01 1.500000e+01
      vertex   -6.674859e+00 8.394781e+01 1.500000e+01
    endloop
  endfacet
  facet normal -1.000000e+00 -7.897337e-17 -5.998623e-16
    outer loop
      vertex   -6.674859e+00 8.149781e+01 9.400000e+00
      vertex   -6.674859e+00 8.394781e+01 1.500000e+01
      vertex   -6.674859e+00 8.173075e+01 9.369333e+00
    endloop
  endfacet
  facet normal -1.000000e+00 -2.247032e-16 -5.424815e-16
    outer loop
      vertex   -6.674859e+00 8.173075e+01 9.369333e+00
      vertex   -6.674859e+00 8.394781e+01 1.500000e+01
      vertex   -6.674859e+00 8.194781e+01 9.279423e+00
    endloop
  endfacet
  facet normal -1.000000e+00 -3.757417e-16 -4.896762e-16
    outer loop
      vertex   -6.674859e+00 8.194781e+01 9.279423e+00
      vertex   -6.674859e+00 8.394781e+01 1.500000e+01
      vertex   -6.674859e+00 8.213421e+01 9.136396e+00
    endloop
  endfacet
  facet normal -1.000000e+00 -5.627700e-16 -4.318286e-16
    outer loop
      vertex   -6.674859e+00 8.213421e+01 9.136396e+00
      vertex   -6.674859e+00 8.394781e+01 1.500000e+01
      vertex   -6.674859e+00 8.227724e+01 8.950000e+00
    endloop
  endfacet
  facet normal -1.000000e+00 -8.506297e-16 -3.523423e-16
    outer loop
      vertex   -6.674859e+00 8.227724e+01 8.950000e+00
      vertex   -6.674859e+00 8.394781e+01 1.500000e+01
      vertex   -6.674859e+00 8.236715e+01 8.732937e+00
    endloop
  endfacet
  facet normal -1.000000e+00 -1.476765e-15 -1.944198e-16
    outer loop
      vertex   -6.674859e+00 8.236715e+01 8.732937e+00
      vertex   -6.674859e+00 8.394781e+01 1.500000e+01
      vertex   -6.674859e+00 8.239781e+01 8.500000e+00
    endloop
  endfacet
  facet normal -1.000000e+00 -1.123565e-15 -2.786442e-16
    outer loop
      vertex   -6.674859e+00 8.239781e+01 8.500000e+00
      vertex   -6.674859e+00 8.394781e+01 1.500000e+01
      vertex   -6.674859e+00 8.394781e+01 2.250000e+00
    endloop
  endfacet
  facet normal -1.000000e+00 0.000000e+00 -0.000000e+00
    outer loop
      vertex   -6.674859e+00 8.239781e+01 8.500000e+00
      vertex   -6.674859e+00 8.394781e+01 2.250000e+00
      vertex   -6.674859e+00 8.236715e+01 8.267063e+00
    endloop
  endfacet
  facet normal -1.000000e+00 0.000000e+00 -0.000000e+00
    outer loop
      vertex   -6.674859e+00 8.236715e+01 8.267063e+00
      vertex   -6.674859e+00 8.394781e+01 2.250000e+00
      vertex   -6.674859e+00 8.227724e+01 8.050000e+00
    endloop
  endfacet
  facet normal -1.000000e+00 0.000000e+00 -0.000000e+00
    outer loop
      vertex   -6.674859e+00 8.227724e+01 8.050000e+00
      vertex   -6.674859e+00 8.394781e+01 2.250000e+00
      vertex   -6.674859e+00 8.213421e+01 7.863604e+00
    endloop
  endfacet
  facet normal -1.000000e+00 0.000000e+00 -0.000000e+00
    outer loop
      vertex   -6.674859e+00 8.213421e+01 7.863604e+00
      vertex   -6.674859e+00 8.394781e+01 2.250000e+00
      vertex   -6.674859e+00 8.194781e+01 7.720577e+00
    endloop
  endfacet
  facet normal -1.000000e+00 0.000000e+00 -0.000000e+00
    outer loop
      vertex   -6.674859e+00 8.194781e+01 7.720577e+00
      vertex   -6.674859e+00 8.394781e+01 2.250000e+00
      vertex   -6.674859e+00 8.173075e+01 7.630667e+00
    endloop
  endfacet
  facet normal -1.000000e+00 0.000000e+00 -0.000000e+00
    outer loop
      vertex   -6.674859e+00 8.173075e+01 7.630667e+00
      vertex   -6.674859e+00 8.394781e+01 2.250000e+00
      vertex   -6.674859e+00 8.149781e+01 7.600000e+00
    endloop
  endfacet
  facet normal -1.000000e+00 0.000000e+00 -0.000000e+00
    outer loop
      vertex   -6.674859e+00 8.149781e+01 7.600000e+00
      vertex   -6.674859e+00 8.394781e+01 2.250000e+00
      vertex   -6.674859e+00 7.929781e+01 2.250000e+00
    endloop
  endfacet
  facet normal -1.000000e+00 -0.000000e+00 0.000000e+00
    outer loop
      vertex   -6.674859e+00 8.149781e+01 7.600000e+00
      vertex   -6.674859e+00 7.929781e+01 2.250000e+00
      vertex   -6.674859e+00 8.126488e+01 7.630667e+00
    endloop
  endfacet
  facet normal -1.000000e+00 -0.000000e+00 0.000000e+00
    outer loop
      vertex   -6.674859e+00 8.126488e+01 7.630667e+00
      vertex   -6.674859e+00 7.929781e+01 2.250000e+00
      vertex   -6.674859e+00 8.104781e+01 7.720577e+00
    endloop
  endfacet
  facet normal -1.000000e+00 -0.000000e+00 0.000000e+00
    outer loop
      vertex   -6.674859e+00 8.104781e+01 7.720577e+00
      vertex   -6.674859e+00 7.929781e+01 2.250000e+00
      vertex   -6.674859e+00 8.086142e+01 7.863604e+00
    endloop
  endfacet
  facet normal -1.000000e+00 -0.000000e+00 0.000000e+00
    outer loop
      vertex   -6.674859e+00 8.086142e+01 7.863604e+00
      vertex   -6.674859e+00 7.929781e+01 2.250000e+00
      vertex   -6.674859e+00 8.071839e+01 8.050000e+00
    endloop
  endfacet
  facet normal -1.000000e+00 -0.000000e+00 0.000000e+00
    outer loop
      vertex   -6.674859e+00 8.071839e+01 8.050000e+00
      vertex   -6.674859e+00 7.929781e+01 2.250000e+00
      vertex   -6.674859e+00 8.062848e+01 8.267063e+00
    endloop
  endfacet
  facet normal -0.000000e+00 -1.000000e+00 -0.000000e+00
    outer loop
      vertex   5.474859e+00 7.929781e+01 1.325000e+01
      vertex   -6.674859e+00 7.929781e+01 1.500000e+01
      vertex   5.474859e+00 7.929781e+01 4.250000e+00
    endloop
  endfacet
  facet normal -0.000000e+00 -1.000000e+00 0.000000e+00
    outer loop
      vertex   5.474859e+00 7.929781e+01 4.250000e+00
      vertex   -6.674859e+00 7.929781e+01 1.500000e+01
      vertex   -6.674859e+00 7.929781e+01 2.250000e+00
    endloop
  endfacet
  facet normal 0.000000e+00 -1.000000e+00 0.000000e+00
    outer loop
      vertex   5.474859e+00 7.929781e+01 4.250000e+00
      vertex   -6.674859e+00 7.929781e+01 2.250000e+00
      vertex   -6.681812e+00 7.929781e+01 2.000000e+00
    endloop
  endfacet
  facet normal 0.000000e+00 -1.000000e+00 0.000000e+00
    outer loop
      vertex   -6.674859e+00 7.929781e+01 1.500000e+01
      vertex   5.474859e+00 7.929781e+01 1.325000e+01
      vertex   1.122486e+01 7.929781e+01 1.500000e+01
    endloop
  endfacet
  facet normal 0.000000e+00 -1.000000e+00 0.000000e+00
    outer loop
      vertex   1.122486e+01 7.929781e+01 1.500000e+01
      vertex   5.474859e+00 7.929781e+01 1.325000e+01
      vertex   9.974859e+00 7.929781e+01 1.325000e+01
    endloop
  endfacet
  facet normal 0.000000e+00 -1.000000e+00 0.000000e+00
    outer loop
      vertex   1.122486e+01 7.929781e+01 1.500000e+01
      vertex   9.974859e+00 7.929781e+01 1.325000e+01
      vertex   9.974859e+00 7.929781e+01 4.250000e+00
    endloop
  endfacet
  facet normal 0.000000e+00 -1.000000e+00 -0.000000e+00
    outer loop
      vertex   1.122486e+01 7.929781e+01 1.500000e+01
      vertex   9.974859e+00 7.929781e+01 4.250000e+00
      vertex   1.122486e+01 7.929781e+01 2.000000e+00
    endloop
  endfacet
  facet normal 0.000000e+00 -1.000000e+00 0.000000e+00
    outer loop
      vertex   1.122486e+01 7.929781e+01 2.000000e+00
      vertex   9.974859e+00 7.929781e+01 4.250000e+00
      vertex   5.474859e+00 7.929781e+01 4.250000e+00
    endloop
  endfacet
  facet normal 0.000000e+00 -1.000000e+00 0.000000e+00
    outer loop
      vertex   1.122486e+01 7.929781e+01 2.000000e+00
      vertex   5.474859e+00 7.929781e+01 4.250000e+00
      vertex   -6.681812e+00 7.929781e+01 2.000000e+00
    endloop
  endfacet
  facet normal -0.000000e+00 -0.000000e+00 -1.000000e+00
    outer loop
      vertex   -6.674859e+00 8.394781e+01 1.500000e+01
      vertex   -6.674859e+00 7.929781e+01 1.500000e+01
      vertex   -6.675141e+00 8.394781e+01 1.500000e+01
    endloop
  endfacet
  facet normal 0.000000e+00 0.000000e+00 -1.000000e+00
    outer loop
      vertex   -6.675141e+00 8.394781e+01 1.500000e+01
      vertex   -6.674859e+00 7.929781e+01 1.500000e+01
      vertex   -6.675141e+00 5.064781e+01 1.500000e+01
    endloop
  endfacet
  facet normal 0.000000e+00 0.000000e+00 -1.000000e+00
    outer loop
      vertex   -6.675141e+00 5.064781e+01 1.500000e+01
      vertex   -6.674859e+00 7.929781e+01 1.500000e+01
      vertex   -6.674859e+00 5.529781e+01 1.500000e+01
    endloop
  endfacet
  facet normal 0.000000e+00 0.000000e+00 -1.000000e+00
    outer loop
      vertex   -6.675141e+00 5.064781e+01 1.500000e+01
      vertex   -6.674859e+00 5.529781e+01 1.500000e+01
      vertex   -6.674859e+00 5.064781e+01 1.500000e+01
    endloop
  endfacet
  facet normal 9.923937e-17 0.000000e+00 -1.000000e+00
    outer loop
      vertex   -6.674859e+00 7.929781e+01 1.500000e+01
      vertex   1.122486e+01 7.929781e+01 1.500000e+01
      vertex   -6.674859e+00 5.529781e+01 1.500000e+01
    endloop
  endfacet
  facet normal 9.923937e-17 0.000000e+00 -1.000000e+00
    outer loop
      vertex   -6.674859e+00 5.529781e+01 1.500000e+01
      vertex   1.122486e+01 7.929781e+01 1.500000e+01
      vertex   1.122486e+01 5.529781e+01 1.500000e+01
    endloop
  endfacet
  facet normal -1.000000e+00 -0.000000e+00 -0.000000e+00
    outer loop
      vertex   1.122486e+01 7.929781e+01 1.500000e+01
      vertex   1.122486e+01 7.929781e+01 2.000000e+00
      vertex   1.122486e+01 5.529781e+01 1.500000e+01
    endloop
  endfacet
  facet normal -1.000000e+00 0.000000e+00 0.000000e+00
    outer loop
      vertex   1.122486e+01 5.529781e+01 1.500000e+01
      vertex   1.122486e+01 7.929781e+01 2.000000e+00
      vertex   1.122486e+01 5.529781e+01 2.000000e+00
    endloop
  endfacet
  facet normal 1.240011e-17 0.000000e+00 1.000000e+00
    outer loop
      vertex   1.122486e+01 7.929781e+01 2.000000e+00
      vertex   -6.681812e+00 7.929781e+01 2.000000e+00
      vertex   1.122486e+01 5.529781e+01 2.000000e+00
    endloop
  endfacet
  facet normal -1.240011e-17 -1.850372e-17 1.000000e+00
    outer loop
      vertex   1.122486e+01 5.529781e+01 2.000000e+00
      vertex   -6.681812e+00 7.929781e+01 2.000000e+00
      vertex   -6.681812e+00 5.529781e+01 2.000000e+00
    endloop
  endfacet
  facet normal -9.996136e-01 -2.897043e-16 2.779829e-02
    outer loop
      vertex   -6.674859e+00 5.064781e+01 2.250000e+00
      vertex   -6.681812e+00 5.529781e+01 2.000000e+00
      vertex   -6.737430e+00 5.064781e+01 0.000000e+00
    endloop
  endfacet
  facet normal -9.996136e-01 7.347189e-17 2.779829e-02
    outer loop
      vertex   -6.737430e+00 5.064781e+01 0.000000e+00
      vertex   -6.681812e+00 5.529781e+01 2.000000e+00
      vertex   -6.681812e+00 7.929781e+01 2.000000e+00
    endloop
  endfacet
  facet normal -9.996136e-01 0.000000e+00 2.779829e-02
    outer loop
      vertex   -6.737430e+00 5.064781e+01 0.000000e+00
      vertex   -6.681812e+00 7.929781e+01 2.000000e+00
      vertex   -6.737430e+00 8.394781e+01 0.000000e+00
    endloop
  endfacet
  facet normal -9.996136e-01 -9.016247e-17 2.779829e-02
    outer loop
      vertex   -6.737430e+00 8.394781e+01 0.000000e+00
      vertex   -6.681812e+00 7.929781e+01 2.000000e+00
      vertex   -6.674859e+00 8.394781e+01 2.250000e+00
    endloop
  endfacet
  facet normal -9.996136e-01 -5.309643e-18 2.779829e-02
    outer loop
      vertex   -6.674859e+00 8.394781e+01 2.250000e+00
      vertex   -6.681812e+00 7.929781e+01 2.000000e+00
      vertex   -6.674859e+00 7.929781e+01 2.250000e+00
    endloop
  endfacet
  facet normal -9.996136e-01 1.221218e-16 2.779829e-02
    outer loop
      vertex   -6.674859e+00 5.064781e+01 2.250000e+00
      vertex   -6.674859e+00 5.529781e+01 2.250000e+00
      vertex   -6.681812e+00 5.529781e+01 2.000000e+00
    endloop
  endfacet
  facet normal -1.000000e+00 0.000000e+00 0.000000e+00
    outer loop
      vertex   -6.675141e+00 5.064781e+01 1.500000e+01
      vertex   -6.675141e+00 5.064781e+01 1.700000e+01
      vertex   -6.675141e+00 8.394781e+01 1.500000e+01
    endloop
  endfacet
  facet normal -1.000000e+00 0.000000e+00 0.000000e+00
    outer loop
      vertex   -6.675141e+00 8.394781e+01 1.500000e+01
      vertex   -6.675141e+00 5.064781e+01 1.700000e+01
      vertex   -6.675141e+00 8.394781e+01 1.700000e+01
    endloop
  endfacet
  facet normal 0.000000e+00 1.000000e+00 -0.000000e+00
    outer loop
      vertex   5.474859e+00 8.394781e+01 4.250000e+00
      vertex   -6.674859e+00 8.394781e+01 1.500000e+01
      vertex   5.474859e+00 8.394781e+01 1.325000e+01
    endloop
  endfacet
  facet normal 0.000000e+00 1.000000e+00 0.000000e+00
    outer loop
      vertex   5.474859e+00 8.394781e+01 1.325000e+01
      vertex   -6.674859e+00 8.394781e+01 1.500000e+01
      vertex   -6.675141e+00 8.394781e+01 1.700000e+01
    endloop
  endfacet
  facet normal 0.000000e+00 1.000000e+00 -0.000000e+00
    outer loop
      vertex   5.474859e+00 8.394781e+01 1.325000e+01
      vertex   -6.675141e+00 8.394781e+01 1.700000e+01
      vertex   1.347486e+01 8.394781e+01 1.700000e+01
    endloop
  endfacet
  facet normal 0.000000e+00 1.000000e+00 0.000000e+00
    outer loop
      vertex   9.974859e+00 8.394781e+01 4.250000e+00
      vertex   1.347486e+01 8.394781e+01 0.000000e+00
      vertex   5.474859e+00 8.394781e+01 4.250000e+00
    endloop
  endfacet
  facet normal 0.000000e+00 1.000000e+00 0.000000e+00
    outer loop
      vertex   5.474859e+00 8.394781e+01 4.250000e+00
      vertex   1.347486e+01 8.394781e+01 0.000000e+00
      vertex   -6.737430e+00 8.394781e+01 0.000000e+00
    endloop
  endfacet
  facet normal 0.000000e+00 1.000000e+00 0.000000e+00
    outer loop
      vertex   5.474859e+00 8.394781e+01 4.250000e+00
      vertex   -6.737430e+00 8.394781e+01 0.000000e+00
      vertex   -6.674859e+00 8.394781e+01 2.250000e+00
    endloop
  endfacet
  facet normal 0.000000e+00 1.000000e+00 -0.000000e+00
    outer loop
      vertex   1.347486e+01 8.394781e+01 0.000000e+00
      vertex   9.974859e+00 8.394781e+01 4.250000e+00
      vertex   1.347486e+01 8.394781e+01 1.700000e+01
    endloop
  endfacet
  facet normal 0.000000e+00 1.000000e+00 0.000000e+00
    outer loop
      vertex   1.347486e+01 8.394781e+01 1.700000e+01
      vertex   9.974859e+00 8.394781e+01 4.250000e+00
      vertex   9.974859e+00 8.394781e+01 1.325000e+01
    endloop
  endfacet
  facet normal 0.000000e+00 1.000000e+00 0.000000e+00
    outer loop
      vertex   1.347486e+01 8.394781e+01 1.700000e+01
      vertex   9.974859e+00 8.394781e+01 1.325000e+01
      vertex   5.474859e+00 8.394781e+01 1.325000e+01
    endloop
  endfacet
  facet normal 0.000000e+00 1.000000e+00 0.000000e+00
    outer loop
      vertex   -6.675141e+00 8.394781e+01 1.500000e+01
      vertex   -6.675141e+00 8.394781e+01 1.700000e+01
      vertex   -6.674859e+00 8.394781e+01 1.500000e+01
    endloop
  endfacet
  facet normal 0.000000e+00 1.000000e+00 -0.000000e+00
    outer loop
      vertex   -6.674859e+00 8.394781e+01 2.250000e+00
      vertex   -6.674859e+00 8.394781e+01 1.500000e+01
      vertex   5.474859e+00 8.394781e+01 4.250000e+00
    endloop
  endfacet
  facet normal 0.000000e+00 1.000000e+00 0.000000e+00
    outer loop
      vertex   -6.675141e+00 5.064781e+01 1.700000e+01
      vertex   -6.675141e+00 5.064781e+01 1.500000e+01
      vertex   -1.347486e+01 5.064781e+01 1.700000e+01
    endloop
  endfacet
  facet normal 0.000000e+00 1.000000e+00 0.000000e+00
    outer loop
      vertex   -1.347486e+01 5.064781e+01 1.700000e+01
      vertex   -6.675141e+00 5.064781e+01 1.500000e+01
      vertex   -6.674859e+00 5.064781e+01 2.250000e+00
    endloop
  endfacet
  facet normal 0.000000e+00 1.000000e+00 0.000000e+00
    outer loop
      vertex   -1.347486e+01 5.064781e+01 1.700000e+01
      vertex   -6.674859e+00 5.064781e+01 2.250000e+00
      vertex   -1.347486e+01 5.064781e+01 0.000000e+00
    endloop
  endfacet
  facet normal 0.000000e+00 1.000000e+00 0.000000e+00
    outer loop
      vertex   -1.347486e+01 5.064781e+01 0.000000e+00
      vertex   -6.674859e+00 5.064781e+01 2.250000e+00
      vertex   -6.737430e+00 5.064781e+01 0.000000e+00
    endloop
  endfacet
  facet normal -0.000000e+00 1.000000e+00 0.000000e+00
    outer loop
      vertex   -6.675141e+00 5.064781e+01 1.500000e+01
      vertex   -6.674859e+00 5.064781e+01 1.500000e+01
      vertex   -6.674859e+00 5.064781e+01 2.250000e+00
    endloop
  endfacet
  facet normal -0.000000e+00 -9.914449e-01 -1.305262e-01
    outer loop
      vertex   1.325141e+00 5.396715e+01 8.732937e+00
      vertex   -2.674859e+00 5.396715e+01 8.732937e+00
      vertex   1.325141e+00 5.399781e+01 8.500000e+00
    endloop
  endfacet
  facet normal -0.000000e+00 -9.914449e-01 -1.305262e-01
    outer loop
      vertex   1.325141e+00 5.399781e+01 8.500000e+00
      vertex   -2.674859e+00 5.396715e+01 8.732937e+00
      vertex   -2.674859e+00 5.399781e+01 8.500000e+00
    endloop
  endfacet
  facet normal 0.000000e+00 -9.914449e-01 1.305262e-01
    outer loop
      vertex   1.325141e+00 5.399781e+01 8.500000e+00
      vertex   -2.674859e+00 5.399781e+01 8.500000e+00
      vertex   1.325141e+00 5.396715e+01 8.267063e+00
    endloop
  endfacet
  facet normal 0.000000e+00 -9.914449e-01 1.305262e-01
    outer loop
      vertex   1.325141e+00 5.396715e+01 8.267063e+00
      vertex   -2.674859e+00 5.399781e+01 8.500000e+00
      vertex   -2.674859e+00 5.396715e+01 8.267063e+00
    endloop
  endfacet
  facet normal 0.000000e+00 -9.238795e-01 3.826834e-01
    outer loop
      vertex   1.325141e+00 5.396715e+01 8.267063e+00
      vertex   -2.674859e+00 5.396715e+01 8.267063e+00
      vertex   1.325141e+00 5.387724e+01 8.050000e+00
    endloop
  endfacet
  facet normal 0.000000e+00 -9.238795e-01 3.826834e-01
    outer loop
      vertex   1.325141e+00 5.387724e+01 8.050000e+00
      vertex   -2.674859e+00 5.396715e+01 8.267063e+00
      vertex   -2.674859e+00 5.387724e+01 8.050000e+00
    endloop
  endfacet
  facet normal 0.000000e+00 -7.933533e-01 6.087614e-01
    outer loop
      vertex   1.325141e+00 5.387724e+01 8.050000e+00
      vertex   -2.674859e+00 5.387724e+01 8.050000e+00
      vertex   1.325141e+00 5.373421e+01 7.863604e+00
    endloop
  endfacet
  facet normal 1.351722e-16 -7.933533e-01 6.087614e-01
    outer loop
      vertex   1.325141e+00 5.373421e+01 7.863604e+00
      vertex   -2.674859e+00 5.387724e+01 8.050000e+00
      vertex   -2.674859e+00 5.373421e+01 7.863604e+00
    endloop
  endfacet
  facet normal 1.761598e-16 -6.087614e-01 7.933533e-01
    outer loop
      vertex   1.325141e+00 5.373421e+01 7.863604e+00
      vertex   -2.674859e+00 5.373421e+01 7.863604e+00
      vertex   1.325141e+00 5.354781e+01 7.720577e+00
    endloop
  endfacet
  facet normal 3.523197e-16 -6.087614e-01 7.933533e-01
    outer loop
      vertex   1.325141e+00 5.354781e+01 7.720577e+00
      vertex   -2.674859e+00 5.373421e+01 7.863604e+00
      vertex   -2.674859e+00 5.354781e+01 7.720577e+00
    endloop
  endfacet
  facet normal 4.102849e-16 -3.826834e-01 9.238795e-01
    outer loop
      vertex   1.325141e+00 5.354781e+01 7.720577e+00
      vertex   -2.674859e+00 5.354781e+01 7.720577e+00
      vertex   1.325141e+00 5.333075e+01 7.630667e+00
    endloop
  endfacet
  facet normal -2.051425e-16 -3.826834e-01 9.238795e-01
    outer loop
      vertex   1.325141e+00 5.333075e+01 7.630667e+00
      vertex   -2.674859e+00 5.354781e+01 7.720577e+00
      vertex   -2.674859e+00 5.333075e+01 7.630667e+00
    endloop
  endfacet
  facet normal -2.201450e-16 -1.305262e-01 9.914449e-01
    outer loop
      vertex   1.325141e+00 5.333075e+01 7.630667e+00
      vertex   -2.674859e+00 5.333075e+01 7.630667e+00
      vertex   1.325141e+00 5.309781e+01 7.600000e+00
    endloop
  endfacet
  facet normal 0.000000e+00 -1.305262e-01 9.914449e-01
    outer loop
      vertex   1.325141e+00 5.309781e+01 7.600000e+00
      vertex   -2.674859e+00 5.333075e+01 7.630667e+00
      vertex   -2.674859e+00 5.309781e+01 7.600000e+00
    endloop
  endfacet
  facet normal 0.000000e+00 1.305262e-01 9.914449e-01
    outer loop
      vertex   1.325141e+00 5.309781e+01 7.600000e+00
      vertex   -2.674859e+00 5.309781e+01 7.600000e+00
      vertex   1.325141e+00 5.286488e+01 7.630667e+00
    endloop
  endfacet
  facet normal -2.201450e-16 1.305262e-01 9.914449e-01
    outer loop
      vertex   1.325141e+00 5.286488e+01 7.630667e+00
      vertex   -2.674859e+00 5.309781e+01 7.600000e+00
      vertex   -2.674859e+00 5.286488e+01 7.630667e+00
    endloop
  endfacet
  facet normal -2.051425e-16 3.826834e-01 9.238795e-01
    outer loop
      vertex   1.325141e+00 5.286488e+01 7.630667e+00
      vertex   -2.674859e+00 5.286488e+01 7.630667e+00
      vertex   1.325141e+00 5.264781e+01 7.720577e+00
    endloop
  endfacet
  facet normal 0.000000e+00 3.826834e-01 9.238795e-01
    outer loop
      vertex   1.325141e+00 5.264781e+01 7.720577e+00
      vertex   -2.674859e+00 5.286488e+01 7.630667e+00
      vertex   -2.674859e+00 5.264781e+01 7.720577e+00
    endloop
  endfacet
  facet normal 0.000000e+00 6.087614e-01 7.933533e-01
    outer loop
      vertex   1.325141e+00 5.264781e+01 7.720577e+00
      vertex   -2.674859e+00 5.264781e+01 7.720577e+00
      vertex   1.325141e+00 5.246142e+01 7.863604e+00
    endloop
  endfacet
  facet normal 0.000000e+00 6.087614e-01 7.933533e-01
    outer loop
      vertex   1.325141e+00 5.246142e+01 7.863604e+00
      vertex   -2.674859e+00 5.264781e+01 7.720577e+00
      vertex   -2.674859e+00 5.246142e+01 7.863604e+00
    endloop
  endfacet
  facet normal 0.000000e+00 7.933533e-01 6.087614e-01
    outer loop
      vertex   1.325141e+00 5.246142e+01 7.863604e+00
      vertex   -2.674859e+00 5.246142e+01 7.863604e+00
      vertex   1.325141e+00 5.231839e+01 8.050000e+00
    endloop
  endfacet
  facet normal 0.000000e+00 7.933533e-01 6.087614e-01
    outer loop
      vertex   1.325141e+00 5.231839e+01 8.050000e+00
      vertex   -2.674859e+00 5.246142e+01 7.863604e+00
      vertex   -2.674859e+00 5.231839e+01 8.050000e+00
    endloop
  endfacet
  facet normal 0.000000e+00 9.238795e-01 3.826834e-01
    outer loop
      vertex   1.325141e+00 5.231839e+01 8.050000e+00
      vertex   -2.674859e+00 5.231839e+01 8.050000e+00
      vertex   1.325141e+00 5.222848e+01 8.267063e+00
    endloop
  endfacet
  facet normal 0.000000e+00 9.238795e-01 3.826834e-01
    outer loop
      vertex   1.325141e+00 5.222848e+01 8.267063e+00
      vertex   -2.674859e+00 5.231839e+01 8.050000e+00
      vertex   -2.674859e+00 5.222848e+01 8.267063e+00
    endloop
  endfacet
  facet normal 0.000000e+00 9.914449e-01 1.305262e-01
    outer loop
      vertex   1.325141e+00 5.222848e+01 8.267063e+00
      vertex   -2.674859e+00 5.222848e+01 8.267063e+00
      vertex   1.325141e+00 5.219781e+01 8.500000e+00
    endloop
  endfacet
  facet normal 0.000000e+00 9.914449e-01 1.305262e-01
    outer loop
      vertex   1.325141e+00 5.219781e+01 8.500000e+00
      vertex   -2.674859e+00 5.222848e+01 8.267063e+00
      vertex   -2.674859e+00 5.219781e+01 8.500000e+00
    endloop
  endfacet
  facet normal 0.000000e+00 9.914449e-01 -1.305262e-01
    outer loop
      vertex   1.325141e+00 5.219781e+01 8.500000e+00
      vertex   -2.674859e+00 5.219781e+01 8.500000e+00
      vertex   1.325141e+00 5.222848e+01 8.732937e+00
    endloop
  endfacet
  facet normal 0.000000e+00 9.914449e-01 -1.305262e-01
    outer loop
      vertex   1.325141e+00 5.222848e+01 8.732937e+00
      vertex   -2.674859e+00 5.219781e+01 8.500000e+00
      vertex   -2.674859e+00 5.222848e+01 8.732937e+00
    endloop
  endfacet
  facet normal 0.000000e+00 9.238795e-01 -3.826834e-01
    outer loop
      vertex   1.325141e+00 5.222848e+01 8.732937e+00
      vertex   -2.674859e+00 5.222848e+01 8.732937e+00
      vertex   1.325141e+00 5.231839e+01 8.950000e+00
    endloop
  endfacet
  facet normal 0.000000e+00 9.238795e-01 -3.826834e-01
    outer loop
      vertex   1.325141e+00 5.231839e+01 8.950000e+00
      vertex   -2.674859e+00 5.222848e+01 8.732937e+00
      vertex   -2.674859e+00 5.231839e+01 8.950000e+00
    endloop
  endfacet
  facet normal 0.000000e+00 7.933533e-01 -6.087614e-01
    outer loop
      vertex   1.325141e+00 5.231839e+01 8.950000e+00
      vertex   -2.674859e+00 5.231839e+01 8.950000e+00
      vertex   1.325141e+00 5.246142e+01 9.136396e+00
    endloop
  endfacet
  facet normal 2.703444e-16 7.933533e-01 -6.087614e-01
    outer loop
      vertex   1.325141e+00 5.246142e+01 9.136396e+00
      vertex   -2.674859e+00 5.231839e+01 8.950000e+00
      vertex   -2.674859e+00 5.246142e+01 9.136396e+00
    endloop
  endfacet
  facet normal 3.523197e-16 6.087614e-01 -7.933533e-01
    outer loop
      vertex   1.325141e+00 5.246142e+01 9.136396e+00
      vertex   -2.674859e+00 5.246142e+01 9.136396e+00
      vertex   1.325141e+00 5.264781e+01 9.279423e+00
    endloop
  endfacet
  facet normal 0.000000e+00 6.087614e-01 -7.933533e-01
    outer loop
      vertex   1.325141e+00 5.264781e+01 9.279423e+00
      vertex   -2.674859e+00 5.246142e+01 9.136396e+00
      vertex   -2.674859e+00 5.264781e+01 9.279423e+00
    endloop
  endfacet
  facet normal 0.000000e+00 3.826834e-01 -9.238795e-01
    outer loop
      vertex   1.325141e+00 5.264781e+01 9.279423e+00
      vertex   -2.674859e+00 5.264781e+01 9.279423e+00
      vertex   1.325141e+00 5.286488e+01 9.369333e+00
    endloop
  endfacet
  facet normal -4.102849e-16 3.826834e-01 -9.238795e-01
    outer loop
      vertex   1.325141e+00 5.286488e+01 9.369333e+00
      vertex   -2.674859e+00 5.264781e+01 9.279423e+00
      vertex   -2.674859e+00 5.286488e+01 9.369333e+00
    endloop
  endfacet
  facet normal -4.402900e-16 1.305262e-01 -9.914449e-01
    outer loop
      vertex   1.325141e+00 5.286488e+01 9.369333e+00
      vertex   -2.674859e+00 5.286488e+01 9.369333e+00
      vertex   1.325141e+00 5.309781e+01 9.400000e+00
    endloop
  endfacet
  facet normal 0.000000e+00 1.305262e-01 -9.914449e-01
    outer loop
      vertex   1.325141e+00 5.309781e+01 9.400000e+00
      vertex   -2.674859e+00 5.286488e+01 9.369333e+00
      vertex   -2.674859e+00 5.309781e+01 9.400000e+00
    endloop
  endfacet
  facet normal -0.000000e+00 -1.305262e-01 -9.914449e-01
    outer loop
      vertex   1.325141e+00 5.309781e+01 9.400000e+00
      vertex   -2.674859e+00 5.309781e+01 9.400000e+00
      vertex   1.325141e+00 5.333075e+01 9.369333e+00
    endloop
  endfacet
  facet normal -4.402900e-16 -1.305262e-01 -9.914449e-01
    outer loop
      vertex   1.325141e+00 5.333075e+01 9.369333e+00
      vertex   -2.674859e+00 5.309781e+01 9.400000e+00
      vertex   -2.674859e+00 5.333075e+01 9.369333e+00
    endloop
  endfacet
  facet normal -4.102849e-16 -3.826834e-01 -9.238795e-01
    outer loop
      vertex   1.325141e+00 5.333075e+01 9.369333e+00
      vertex   -2.674859e+00 5.333075e+01 9.369333e+00
      vertex   1.325141e+00 5.354781e+01 9.279423e+00
    endloop
  endfacet
  facet normal -0.000000e+00 -3.826834e-01 -9.238795e-01
    outer loop
      vertex   1.325141e+00 5.354781e+01 9.279423e+00
      vertex   -2.674859e+00 5.333075e+01 9.369333e+00
      vertex   -2.674859e+00 5.354781e+01 9.279423e+00
    endloop
  endfacet
  facet normal -0.000000e+00 -6.087614e-01 -7.933533e-01
    outer loop
      vertex   1.325141e+00 5.354781e+01 9.279423e+00
      vertex   -2.674859e+00 5.354781e+01 9.279423e+00
      vertex   1.325141e+00 5.373421e+01 9.136396e+00
    endloop
  endfacet
  facet normal 3.523197e-16 -6.087614e-01 -7.933533e-01
    outer loop
      vertex   1.325141e+00 5.373421e+01 9.136396e+00
      vertex   -2.674859e+00 5.354781e+01 9.279423e+00
      vertex   -2.674859e+00 5.373421e+01 9.136396e+00
    endloop
  endfacet
  facet normal 2.703444e-16 -7.933533e-01 -6.087614e-01
    outer loop
      vertex   1.325141e+00 5.373421e+01 9.136396e+00
      vertex   -2.674859e+00 5.373421e+01 9.136396e+00
      vertex   1.325141e+00 5.387724e+01 8.950000e+00
    endloop
  endfacet
  facet normal -0.000000e+00 -7.933533e-01 -6.087614e-01
    outer loop
      vertex   1.325141e+00 5.387724e+01 8.950000e+00
      vertex   -2.674859e+00 5.373421e+01 9.136396e+00
      vertex   -2.674859e+00 5.387724e+01 8.950000e+00
    endloop
  endfacet
  facet normal -0.000000e+00 -9.238795e-01 -3.826834e-01
    outer loop
      vertex   1.325141e+00 5.387724e+01 8.950000e+00
      vertex   -2.674859e+00 5.387724e+01 8.950000e+00
      vertex   1.325141e+00 5.396715e+01 8.732937e+00
    endloop
  endfacet
  facet normal -0.000000e+00 -9.238795e-01 -3.826834e-01
    outer loop
      vertex   1.325141e+00 5.396715e+01 8.732937e+00
      vertex   -2.674859e+00 5.387724e+01 8.950000e+00
      vertex   -2.674859e+00 5.396715e+01 8.732937e+00
    endloop
  endfacet
  facet normal 0.000000e+00 -9.914449e-01 1.305262e-01
    outer loop
      vertex   -6.674859e+00 5.396715e+01 8.267063e+00
      vertex   -2.674859e+00 5.396715e+01 8.267063e+00
      vertex   -6.674859e+00 5.399781e+01 8.500000e+00
    endloop
  endfacet
  facet normal 0.000000e+00 -9.914449e-01 1.305262e-01
    outer loop
      vertex   -6.674859e+00 5.399781e+01 8.500000e+00
      vertex   -2.674859e+00 5.396715e+01 8.267063e+00
      vertex   -2.674859e+00 5.399781e+01 8.500000e+00
    endloop
  endfacet
  facet normal 0.000000e+00 -9.914449e-01 -1.305262e-01
    outer loop
      vertex   -6.674859e+00 5.399781e+01 8.500000e+00
      vertex   -2.674859e+00 5.399781e+01 8.500000e+00
      vertex   -6.674859e+00 5.396715e+01 8.732937e+00
    endloop
  endfacet
  facet normal 0.000000e+00 -9.914449e-01 -1.305262e-01
    outer loop
      vertex   -6.674859e+00 5.396715e+01 8.732937e+00
      vertex   -2.674859e+00 5.399781e+01 8.500000e+00
      vertex   -2.674859e+00 5.396715e+01 8.732937e+00
    endloop
  endfacet
  facet normal 0.000000e+00 -9.238795e-01 -3.826834e-01
    outer loop
      vertex   -6.674859e+00 5.396715e+01 8.732937e+00
      vertex   -2.674859e+00 5.396715e+01 8.732937e+00
      vertex   -6.674859e+00 5.387724e+01 8.950000e+00
    endloop
  endfacet
  facet normal 0.000000e+00 -9.238795e-01 -3.826834e-01
    outer loop
      vertex   -6.674859e+00 5.387724e+01 8.950000e+00
      vertex   -2.674859e+00 5.396715e+01 8.732937e+00
      vertex   -2.674859e+00 5.387724e+01 8.950000e+00
    endloop
  endfacet
  facet normal 0.000000e+00 -7.933533e-01 -6.087614e-01
    outer loop
      vertex   -6.674859e+00 5.387724e+01 8.950000e+00
      vertex   -2.674859e+00 5.387724e+01 8.950000e+00
      vertex   -6.674859e+00 5.373421e+01 9.136396e+00
    endloop
  endfacet
  facet normal -2.703444e-16 -7.933533e-01 -6.087614e-01
    outer loop
      vertex   -6.674859e+00 5.373421e+01 9.136396e+00
      vertex   -2.674859e+00 5.387724e+01 8.950000e+00
      vertex   -2.674859e+00 5.373421e+01 9.136396e+00
    endloop
  endfacet
  facet normal -3.523197e-16 -6.087614e-01 -7.933533e-01
    outer loop
      vertex   -6.674859e+00 5.373421e+01 9.136396e+00
      vertex   -2.674859e+00 5.373421e+01 9.136396e+00
      vertex   -6.674859e+00 5.354781e+01 9.279423e+00
    endloop
  endfacet
  facet normal 0.000000e+00 -6.087614e-01 -7.933533e-01
    outer loop
      vertex   -6.674859e+00 5.354781e+01 9.279423e+00
      vertex   -2.674859e+00 5.373421e+01 9.136396e+00
      vertex   -2.674859e+00 5.354781e+01 9.279423e+00
    endloop
  endfacet
  facet normal 0.000000e+00 -3.826834e-01 -9.238795e-01
    outer loop
      vertex   -6.674859e+00 5.354781e+01 9.279423e+00
      vertex   -2.674859e+00 5.354781e+01 9.279423e+00
      vertex   -6.674859e+00 5.333075e+01 9.369333e+00
    endloop
  endfacet
  facet normal 4.102849e-16 -3.826834e-01 -9.238795e-01
    outer loop
      vertex   -6.674859e+00 5.333075e+01 9.369333e+00
      vertex   -2.674859e+00 5.354781e+01 9.279423e+00
      vertex   -2.674859e+00 5.333075e+01 9.369333e+00
    endloop
  endfacet
  facet normal 4.402900e-16 -1.305262e-01 -9.914449e-01
    outer loop
      vertex   -6.674859e+00 5.333075e+01 9.369333e+00
      vertex   -2.674859e+00 5.333075e+01 9.369333e+00
      vertex   -6.674859e+00 5.309781e+01 9.400000e+00
    endloop
  endfacet
  facet normal 0.000000e+00 -1.305262e-01 -9.914449e-01
    outer loop
      vertex   -6.674859e+00 5.309781e+01 9.400000e+00
      vertex   -2.674859e+00 5.333075e+01 9.369333e+00
      vertex   -2.674859e+00 5.309781e+01 9.400000e+00
    endloop
  endfacet
  facet normal 0.000000e+00 1.305262e-01 -9.914449e-01
    outer loop
      vertex   -6.674859e+00 5.309781e+01 9.400000e+00
      vertex   -2.674859e+00 5.309781e+01 9.400000e+00
      vertex   -6.674859e+00 5.286488e+01 9.369333e+00
    endloop
  endfacet
  facet normal 4.402900e-16 1.305262e-01 -9.914449e-01
    outer loop
      vertex   -6.674859e+00 5.286488e+01 9.369333e+00
      vertex   -2.674859e+00 5.309781e+01 9.400000e+00
      vertex   -2.674859e+00 5.286488e+01 9.369333e+00
    endloop
  endfacet
  facet normal 4.102849e-16 3.826834e-01 -9.238795e-01
    outer loop
      vertex   -6.674859e+00 5.286488e+01 9.369333e+00
      vertex   -2.674859e+00 5.286488e+01 9.369333e+00
      vertex   -6.674859e+00 5.264781e+01 9.279423e+00
    endloop
  endfacet
  facet normal 0.000000e+00 3.826834e-01 -9.238795e-01
    outer loop
      vertex   -6.674859e+00 5.264781e+01 9.279423e+00
      vertex   -2.674859e+00 5.286488e+01 9.369333e+00
      vertex   -2.674859e+00 5.264781e+01 9.279423e+00
    endloop
  endfacet
  facet normal 0.000000e+00 6.087614e-01 -7.933533e-01
    outer loop
      vertex   -6.674859e+00 5.264781e+01 9.279423e+00
      vertex   -2.674859e+00 5.264781e+01 9.279423e+00
      vertex   -6.674859e+00 5.246142e+01 9.136396e+00
    endloop
  endfacet
  facet normal -3.523197e-16 6.087614e-01 -7.933533e-01
    outer loop
      vertex   -6.674859e+00 5.246142e+01 9.136396e+00
      vertex   -2.674859e+00 5.264781e+01 9.279423e+00
      vertex   -2.674859e+00 5.246142e+01 9.136396e+00
    endloop
  endfacet
  facet normal -2.703444e-16 7.933533e-01 -6.087614e-01
    outer loop
      vertex   -6.674859e+00 5.246142e+01 9.136396e+00
      vertex   -2.674859e+00 5.246142e+01 9.136396e+00
      vertex   -6.674859e+00 5.231839e+01 8.950000e+00
    endloop
  endfacet
  facet normal 0.000000e+00 7.933533e-01 -6.087614e-01
    outer loop
      vertex   -6.674859e+00 5.231839e+01 8.950000e+00
      vertex   -2.674859e+00 5.246142e+01 9.136396e+00
      vertex   -2.674859e+00 5.231839e+01 8.950000e+00
    endloop
  endfacet
  facet normal 0.000000e+00 9.238795e-01 -3.826834e-01
    outer loop
      vertex   -6.674859e+00 5.231839e+01 8.950000e+00
      vertex   -2.674859e+00 5.231839e+01 8.950000e+00
      vertex   -6.674859e+00 5.222848e+01 8.732937e+00
    endloop
  endfacet
  facet normal 0.000000e+00 9.238795e-01 -3.826834e-01
    outer loop
      vertex   -6.674859e+00 5.222848e+01 8.732937e+00
      vertex   -2.674859e+00 5.231839e+01 8.950000e+00
      vertex   -2.674859e+00 5.222848e+01 8.732937e+00
    endloop
  endfacet
  facet normal 0.000000e+00 9.914449e-01 -1.305262e-01
    outer loop
      vertex   -6.674859e+00 5.222848e+01 8.732937e+00
      vertex   -2.674859e+00 5.222848e+01 8.732937e+00
      vertex   -6.674859e+00 5.219781e+01 8.500000e+00
    endloop
  endfacet
  facet normal 0.000000e+00 9.914449e-01 -1.305262e-01
    outer loop
      vertex   -6.674859e+00 5.219781e+01 8.500000e+00
      vertex   -2.674859e+00 5.222848e+01 8.732937e+00
      vertex   -2.674859e+00 5.219781e+01 8.500000e+00
    endloop
  endfacet
  facet normal -0.000000e+00 9.914449e-01 1.305262e-01
    outer loop
      vertex   -6.674859e+00 5.219781e+01 8.500000e+00
      vertex   -2.674859e+00 5.219781e+01 8.500000e+00
      vertex   -6.674859e+00 5.222848e+01 8.267063e+00
    endloop
  endfacet
  facet normal -0.000000e+00 9.914449e-01 1.305262e-01
    outer loop
      vertex   -6.674859e+00 5.222848e+01 8.267063e+00
      vertex   -2.674859e+00 5.219781e+01 8.500000e+00
      vertex   -2.674859e+00 5.222848e+01 8.267063e+00
    endloop
  endfacet
  facet normal -0.000000e+00 9.238795e-01 3.826834e-01
    outer loop
      vertex   -6.674859e+00 5.222848e+01 8.267063e+00
      vertex   -2.674859e+00 5.222848e+01 8.267063e+00
      vertex   -6.674859e+00 5.231839e+01 8.050000e+00
    endloop
  endfacet
  facet normal -0.000000e+00 9.238795e-01 3.826834e-01
    outer loop
      vertex   -6.674859e+00 5.231839e+01 8.050000e+00
      vertex   -2.674859e+00 5.222848e+01 8.267063e+00
      vertex   -2.674859e+00 5.231839e+01 8.050000e+00
    endloop
  endfacet
  facet normal -0.000000e+00 7.933533e-01 6.087614e-01
    outer loop
      vertex   -6.674859e+00 5.231839e+01 8.050000e+00
      vertex   -2.674859e+00 5.231839e+01 8.050000e+00
      vertex   -6.674859e+00 5.246142e+01 7.863604e+00
    endloop
  endfacet
  facet normal -0.000000e+00 7.933533e-01 6.087614e-01
    outer loop
      vertex   -6.674859e+00 5.246142e+01 7.863604e+00
      vertex   -2.674859e+00 5.231839e+01 8.050000e+00
      vertex   -2.674859e+00 5.246142e+01 7.863604e+00
    endloop
  endfacet
  facet normal -0.000000e+00 6.087614e-01 7.933533e-01
    outer loop
      vertex   -6.674859e+00 5.246142e+01 7.863604e+00
      vertex   -2.674859e+00 5.246142e+01 7.863604e+00
      vertex   -6.674859e+00 5.264781e+01 7.720577e+00
    endloop
  endfacet
  facet normal -0.000000e+00 6.087614e-01 7.933533e-01
    outer loop
      vertex   -6.674859e+00 5.264781e+01 7.720577e+00
      vertex   -2.674859e+00 5.246142e+01 7.863604e+00
      vertex   -2.674859e+00 5.264781e+01 7.720577e+00
    endloop
  endfacet
  facet normal -0.000000e+00 3.826834e-01 9.238795e-01
    outer loop
      vertex   -6.674859e+00 5.264781e+01 7.720577e+00
      vertex   -2.674859e+00 5.264781e+01 7.720577e+00
      vertex   -6.674859e+00 5.286488e+01 7.630667e+00
    endloop
  endfacet
  facet normal 2.051425e-16 3.826834e-01 9.238795e-01
    outer loop
      vertex   -6.674859e+00 5.286488e+01 7.630667e+00
      vertex   -2.674859e+00 5.264781e+01 7.720577e+00
      vertex   -2.674859e+00 5.286488e+01 7.630667e+00
    endloop
  endfacet
  facet normal 2.201450e-16 1.305262e-01 9.914449e-01
    outer loop
      vertex   -6.674859e+00 5.286488e+01 7.630667e+00
      vertex   -2.674859e+00 5.286488e+01 7.630667e+00
      vertex   -6.674859e+00 5.309781e+01 7.600000e+00
    endloop
  endfacet
  facet normal -0.000000e+00 1.305262e-01 9.914449e-01
    outer loop
      vertex   -6.674859e+00 5.309781e+01 7.600000e+00
      vertex   -2.674859e+00 5.286488e+01 7.630667e+00
      vertex   -2.674859e+00 5.309781e+01 7.600000e+00
    endloop
  endfacet
  facet normal 0.000000e+00 -1.305262e-01 9.914449e-01
    outer loop
      vertex   -6.674859e+00 5.309781e+01 7.600000e+00
      vertex   -2.674859e+00 5.309781e+01 7.600000e+00
      vertex   -6.674859e+00 5.333075e+01 7.630667e+00
    endloop
  endfacet
  facet normal 2.201450e-16 -1.305262e-01 9.914449e-01
    outer loop
      vertex   -6.674859e+00 5.333075e+01 7.630667e+00
      vertex   -2.674859e+00 5.309781e+01 7.600000e+00
      vertex   -2.674859e+00 5.333075e+01 7.630667e+00
    endloop
  endfacet
  facet normal 2.051425e-16 -3.826834e-01 9.238795e-01
    outer loop
      vertex   -6.674859e+00 5.333075e+01 7.630667e+00
      vertex   -2.674859e+00 5.333075e+01 7.630667e+00
      vertex   -6.674859e+00 5.354781e+01 7.720577e+00
    endloop
  endfacet
  facet normal -4.102849e-16 -3.826834e-01 9.238795e-01
    outer loop
      vertex   -6.674859e+00 5.354781e+01 7.720577e+00
      vertex   -2.674859e+00 5.333075e+01 7.630667e+00
      vertex   -2.674859e+00 5.354781e+01 7.720577e+00
    endloop
  endfacet
  facet normal -3.523197e-16 -6.087614e-01 7.933533e-01
    outer loop
      vertex   -6.674859e+00 5.354781e+01 7.720577e+00
      vertex   -2.674859e+00 5.354781e+01 7.720577e+00
      vertex   -6.674859e+00 5.373421e+01 7.863604e+00
    endloop
  endfacet
  facet normal -1.761598e-16 -6.087614e-01 7.933533e-01
    outer loop
      vertex   -6.674859e+00 5.373421e+01 7.863604e+00
      vertex   -2.674859e+00 5.354781e+01 7.720577e+00
      vertex   -2.674859e+00 5.373421e+01 7.863604e+00
    endloop
  endfacet
  facet normal -1.351722e-16 -7.933533e-01 6.087614e-01
    outer loop
      vertex   -6.674859e+00 5.373421e+01 7.863604e+00
      vertex   -2.674859e+00 5.373421e+01 7.863604e+00
      vertex   -6.674859e+00 5.387724e+01 8.050000e+00
    endloop
  endfacet
  facet normal 0.000000e+00 -7.933533e-01 6.087614e-01
    outer loop
      vertex   -6.674859e+00 5.387724e+01 8.050000e+00
      vertex   -2.674859e+00 5.373421e+01 7.863604e+00
      vertex   -2.674859e+00 5.387724e+01 8.050000e+00
    endloop
  endfacet
  facet normal 0.000000e+00 -9.238795e-01 3.826834e-01
    outer loop
      vertex   -6.674859e+00 5.387724e+01 8.050000e+00
      vertex   -2.674859e+00 5.387724e+01 8.050000e+00
      vertex   -6.674859e+00 5.396715e+01 8.267063e+00
    endloop
  endfacet
  facet normal 0.000000e+00 -9.238795e-01 3.826834e-01
    outer loop
      vertex   -6.674859e+00 5.396715e+01 8.267063e+00
      vertex   -2.674859e+00 5.387724e+01 8.050000e+00
      vertex   -2.674859e+00 5.396715e+01 8.267063e+00
    endloop
  endfacet
  facet normal -1.000000e+00 0.000000e+00 0.000000e+00
    outer loop
      vertex   1.325141e+00 5.396715e+01 8.267063e+00
      vertex   1.325141e+00 5.222848e+01 8.267063e+00
      vertex   1.325141e+00 5.399781e+01 8.500000e+00
    endloop
  endfacet
  facet normal -1.000000e+00 -0.000000e+00 0.000000e+00
    outer loop
      vertex   1.325141e+00 5.399781e+01 8.500000e+00
      vertex   1.325141e+00 5.222848e+01 8.267063e+00
      vertex   1.325141e+00 5.219781e+01 8.500000e+00
    endloop
  endfacet
  facet normal -1.000000e+00 0.000000e+00 0.000000e+00
    outer loop
      vertex   1.325141e+00 5.399781e+01 8.500000e+00
      vertex   1.325141e+00 5.219781e+01 8.500000e+00
      vertex   1.325141e+00 5.396715e+01 8.732937e+00
    endloop
  endfacet
  facet normal -1.000000e+00 -0.000000e+00 0.000000e+00
    outer loop
      vertex   1.325141e+00 5.396715e+01 8.732937e+00
      vertex   1.325141e+00 5.219781e+01 8.500000e+00
      vertex   1.325141e+00 5.222848e+01 8.732937e+00
    endloop
  endfacet
  facet normal -1.000000e+00 0.000000e+00 0.000000e+00
    outer loop
      vertex   1.325141e+00 5.396715e+01 8.732937e+00
      vertex   1.325141e+00 5.222848e+01 8.732937e+00
      vertex   1.325141e+00 5.387724e+01 8.950000e+00
    endloop
  endfacet
  facet normal -1.000000e+00 -0.000000e+00 0.000000e+00
    outer loop
      vertex   1.325141e+00 5.387724e+01 8.950000e+00
      vertex   1.325141e+00 5.222848e+01 8.732937e+00
      vertex   1.325141e+00 5.231839e+01 8.950000e+00
    endloop
  endfacet
  facet normal -1.000000e+00 0.000000e+00 0.000000e+00
    outer loop
      vertex   1.325141e+00 5.387724e+01 8.950000e+00
      vertex   1.325141e+00 5.231839e+01 8.950000e+00
      vertex   1.325141e+00 5.373421e+01 9.136396e+00
    endloop
  endfacet
  facet normal -1.000000e+00 -0.000000e+00 0.000000e+00
    outer loop
      vertex   1.325141e+00 5.373421e+01 9.136396e+00
      vertex   1.325141e+00 5.231839e+01 8.950000e+00
      vertex   1.325141e+00 5.246142e+01 9.136396e+00
    endloop
  endfacet
  facet normal -1.000000e+00 0.000000e+00 0.000000e+00
    outer loop
      vertex   1.325141e+00 5.373421e+01 9.136396e+00
      vertex   1.325141e+00 5.246142e+01 9.136396e+00
      vertex   1.325141e+00 5.354781e+01 9.279423e+00
    endloop
  endfacet
  facet normal -1.000000e+00 -0.000000e+00 0.000000e+00
    outer loop
      vertex   1.325141e+00 5.354781e+01 9.279423e+00
      vertex   1.325141e+00 5.246142e+01 9.136396e+00
      vertex   1.325141e+00 5.264781e+01 9.279423e+00
    endloop
  endfacet
  facet normal -1.000000e+00 0.000000e+00 0.000000e+00
    outer loop
      vertex   1.325141e+00 5.354781e+01 9.279423e+00
      vertex   1.325141e+00 5.264781e+01 9.279423e+00
      vertex   1.325141e+00 5.333075e+01 9.369333e+00
    endloop
  endfacet
  facet normal -1.000000e+00 -0.000000e+00 0.000000e+00
    outer loop
      vertex   1.325141e+00 5.333075e+01 9.369333e+00
      vertex   1.325141e+00 5.264781e+01 9.279423e+00
      vertex   1.325141e+00 5.286488e+01 9.369333e+00
    endloop
  endfacet
  facet normal -1.000000e+00 0.000000e+00 0.000000e+00
    outer loop
      vertex   1.325141e+00 5.333075e+01 9.369333e+00
      vertex   1.325141e+00 5.286488e+01 9.369333e+00
      vertex   1.325141e+00 5.309781e+01 9.400000e+00
    endloop
  endfacet
  facet normal -1.000000e+00 0.000000e+00 0.000000e+00
    outer loop
      vertex   1.325141e+00 5.222848e+01 8.267063e+00
      vertex   1.325141e+00 5.396715e+01 8.267063e+00
      vertex   1.325141e+00 5.231839e+01 8.050000e+00
    endloop
  endfacet
  facet normal -1.000000e+00 0.000000e+00 0.000000e+00
    outer loop
      vertex   1.325141e+00 5.231839e+01 8.050000e+00
      vertex   1.325141e+00 5.396715e+01 8.267063e+00
      vertex   1.325141e+00 5.387724e+01 8.050000e+00
    endloop
  endfacet
  facet normal -1.000000e+00 0.000000e+00 0.000000e+00
    outer loop
      vertex   1.325141e+00 5.231839e+01 8.050000e+00
      vertex   1.325141e+00 5.387724e+01 8.050000e+00
      vertex   1.325141e+00 5.246142e+01 7.863604e+00
    endloop
  endfacet
  facet normal -1.000000e+00 0.000000e+00 0.000000e+00
    outer loop
      vertex   1.325141e+00 5.246142e+01 7.863604e+00
      vertex   1.325141e+00 5.387724e+01 8.050000e+00
      vertex   1.325141e+00 5.373421e+01 7.863604e+00
    endloop
  endfacet
  facet normal -1.000000e+00 0.000000e+00 0.000000e+00
    outer loop
      vertex   1.325141e+00 5.246142e+01 7.863604e+00
      vertex   1.325141e+00 5.373421e+01 7.863604e+00
      vertex   1.325141e+00 5.264781e+01 7.720577e+00
    endloop
  endfacet
  facet normal -1.000000e+00 0.000000e+00 0.000000e+00
    outer loop
      vertex   1.325141e+00 5.264781e+01 7.720577e+00
      vertex   1.325141e+00 5.373421e+01 7.863604e+00
      vertex   1.325141e+00 5.354781e+01 7.720577e+00
    endloop
  endfacet
  facet normal -1.000000e+00 0.000000e+00 0.000000e+00
    outer loop
      vertex   1.325141e+00 5.264781e+01 7.720577e+00
      vertex   1.325141e+00 5.354781e+01 7.720577e+00
      vertex   1.325141e+00 5.286488e+01 7.630667e+00
    endloop
  endfacet
  facet normal -1.000000e+00 0.000000e+00 0.000000e+00
    outer loop
      vertex   1.325141e+00 5.286488e+01 7.630667e+00
      vertex   1.325141e+00 5.354781e+01 7.720577e+00
      vertex   1.325141e+00 5.333075e+01 7.630667e+00
    endloop
  endfacet
  facet normal -1.000000e+00 0.000000e+00 0.000000e+00
    outer loop
      vertex   1.325141e+00 5.286488e+01 7.630667e+00
      vertex   1.325141e+00 5.333075e+01 7.630667e+00
      vertex   1.325141e+00 5.309781e+01 7.600000e+00
    endloop
  endfacet
  facet normal -1.000000e+00 -2.381768e-14 4.490250e-15
    outer loop
      vertex   -6.674859e+00 5.396715e+01 8.732937e+00
      vertex   -6.674859e+00 5.529781e+01 1.500000e+01
      vertex   -6.674859e+00 5.399781e+01 8.500000e+00
    endloop
  endfacet
  facet normal -1.000000e+00 2.679271e-17 -2.786442e-16
    outer loop
      vertex   -6.674859e+00 5.399781e+01 8.500000e+00
      vertex   -6.674859e+00 5.529781e+01 1.500000e+01
      vertex   -6.674859e+00 5.529781e+01 2.250000e+00
    endloop
  endfacet
  facet normal -1.000000e+00 -2.161530e-14 -4.780199e-15
    outer loop
      vertex   -6.674859e+00 5.399781e+01 8.500000e+00
      vertex   -6.674859e+00 5.529781e+01 2.250000e+00
      vertex   -6.674859e+00 5.396715e+01 8.267063e+00
    endloop
  endfacet
  facet normal -1.000000e+00 0.000000e+00 -0.000000e+00
    outer loop
      vertex   -6.674859e+00 5.396715e+01 8.267063e+00
      vertex   -6.674859e+00 5.529781e+01 2.250000e+00
      vertex   -6.674859e+00 5.387724e+01 8.050000e+00
    endloop
  endfacet
  facet normal -1.000000e+00 0.000000e+00 -0.000000e+00
    outer loop
      vertex   -6.674859e+00 5.387724e+01 8.050000e+00
      vertex   -6.674859e+00 5.529781e+01 2.250000e+00
      vertex   -6.674859e+00 5.373421e+01 7.863604e+00
    endloop
  endfacet
  facet normal -1.000000e+00 0.000000e+00 -0.000000e+00
    outer loop
      vertex   -6.674859e+00 5.373421e+01 7.863604e+00
      vertex   -6.674859e+00 5.529781e+01 2.250000e+00
      vertex   -6.674859e+00 5.354781e+01 7.720577e+00
    endloop
  endfacet
  facet normal -1.000000e+00 0.000000e+00 -0.000000e+00
    outer loop
      vertex   -6.674859e+00 5.354781e+01 7.720577e+00
      vertex   -6.674859e+00 5.529781e+01 2.250000e+00
      vertex   -6.674859e+00 5.333075e+01 7.630667e+00
    endloop
  endfacet
  facet normal -1.000000e+00 0.000000e+00 -0.000000e+00
    outer loop
      vertex   -6.674859e+00 5.333075e+01 7.630667e+00
      vertex   -6.674859e+00 5.529781e+01 2.250000e+00
      vertex   -6.674859e+00 5.309781e+01 7.600000e+00
    endloop
  endfacet
  facet normal -1.000000e+00 0.000000e+00 -0.000000e+00
    outer loop
      vertex   -6.674859e+00 5.309781e+01 7.600000e+00
      vertex   -6.674859e+00 5.529781e+01 2.250000e+00
      vertex   -6.674859e+00 5.064781e+01 2.250000e+00
    endloop
  endfacet
  facet normal -1.000000e+00 -0.000000e+00 0.000000e+00
    outer loop
      vertex   -6.674859e+00 5.309781e+01 7.600000e+00
      vertex   -6.674859e+00 5.064781e+01 2.250000e+00
      vertex   -6.674859e+00 5.286488e+01 7.630667e+00
    endloop
  endfacet
  facet normal -1.000000e+00 -0.000000e+00 0.000000e+00
    outer loop
      vertex   -6.674859e+00 5.286488e+01 7.630667e+00
      vertex   -6.674859e+00 5.064781e+01 2.250000e+00
      vertex   -6.674859e+00 5.264781e+01 7.720577e+00
    endloop
  endfacet
  facet normal -1.000000e+00 -0.000000e+00 0.000000e+00
    outer loop
      vertex   -6.674859e+00 5.264781e+01 7.720577e+00
      vertex   -6.674859e+00 5.064781e+01 2.250000e+00
      vertex   -6.674859e+00 5.246142e+01 7.863604e+00
    endloop
  endfacet
  facet normal -1.000000e+00 -0.000000e+00 0.000000e+00
    outer loop
      vertex   -6.674859e+00 5.246142e+01 7.863604e+00
      vertex   -6.674859e+00 5.064781e+01 2.250000e+00
      vertex   -6.674859e+00 5.231839e+01 8.050000e+00
    endloop
  endfacet
  facet normal -1.000000e+00 -0.000000e+00 0.000000e+00
    outer loop
      vertex   -6.674859e+00 5.231839e+01 8.050000e+00
      vertex   -6.674859e+00 5.064781e+01 2.250000e+00
      vertex   -6.674859e+00 5.222848e+01 8.267063e+00
    endloop
  endfacet
  facet normal -1.000000e+00 -0.000000e+00 0.000000e+00
    outer loop
      vertex   -6.674859e+00 5.222848e+01 8.267063e+00
      vertex   -6.674859e+00 5.064781e+01 2.250000e+00
      vertex   -6.674859e+00 5.219781e+01 8.500000e+00
    endloop
  endfacet
  facet normal -1.000000e+00 1.123565e-15 -2.786442e-16
    outer loop
      vertex   -6.674859e+00 5.219781e+01 8.500000e+00
      vertex   -6.674859e+00 5.064781e+01 2.250000e+00
      vertex   -6.674859e+00 5.064781e+01 1.500000e+01
    endloop
  endfacet
  facet normal -1.000000e+00 1.476765e-15 -1.944198e-16
    outer loop
      vertex   -6.674859e+00 5.219781e+01 8.500000e+00
      vertex   -6.674859e+00 5.064781e+01 1.500000e+01
      vertex   -6.674859e+00 5.222848e+01 8.732937e+00
    endloop
  endfacet
  facet normal -1.000000e+00 8.506297e-16 -3.523423e-16
    outer loop
      vertex   -6.674859e+00 5.222848e+01 8.732937e+00
      vertex   -6.674859e+00 5.064781e+01 1.500000e+01
      vertex   -6.674859e+00 5.231839e+01 8.950000e+00
    endloop
  endfacet
  facet normal -1.000000e+00 5.627700e-16 -4.318286e-16
    outer loop
      vertex   -6.674859e+00 5.231839e+01 8.950000e+00
      vertex   -6.674859e+00 5.064781e+01 1.500000e+01
      vertex   -6.674859e+00 5.246142e+01 9.136396e+00
    endloop
  endfacet
  facet normal -1.000000e+00 3.757417e-16 -4.896762e-16
    outer loop
      vertex   -6.674859e+00 5.246142e+01 9.136396e+00
      vertex   -6.674859e+00 5.064781e+01 1.500000e+01
      vertex   -6.674859e+00 5.264781e+01 9.279423e+00
    endloop
  endfacet
  facet normal -1.000000e+00 2.247032e-16 -5.424815e-16
    outer loop
      vertex   -6.674859e+00 5.264781e+01 9.279423e+00
      vertex   -6.674859e+00 5.064781e+01 1.500000e+01
      vertex   -6.674859e+00 5.286488e+01 9.369333e+00
    endloop
  endfacet
  facet normal -1.000000e+00 7.897337e-17 -5.998623e-16
    outer loop
      vertex   -6.674859e+00 5.286488e+01 9.369333e+00
      vertex   -6.674859e+00 5.064781e+01 1.500000e+01
      vertex   -6.674859e+00 5.309781e+01 9.400000e+00
    endloop
  endfacet
  facet normal -1.000000e+00 0.000000e+00 -6.344132e-16
    outer loop
      vertex   -6.674859e+00 5.309781e+01 9.400000e+00
      vertex   -6.674859e+00 5.064781e+01 1.500000e+01
      vertex   -6.674859e+00 5.529781e+01 1.500000e+01
    endloop
  endfacet
  facet normal -1.000000e+00 -7.941470e-17 -6.032145e-16
    outer loop
      vertex   -6.674859e+00 5.309781e+01 9.400000e+00
      vertex   -6.674859e+00 5.529781e+01 1.500000e+01
      vertex   -6.674859e+00 5.333075e+01 9.369333e+00
    endloop
  endfacet
  facet normal -1.000000e+00 -2.283133e-16 -5.511971e-16
    outer loop
      vertex   -6.674859e+00 5.333075e+01 9.369333e+00
      vertex   -6.674859e+00 5.529781e+01 1.500000e+01
      vertex   -6.674859e+00 5.354781e+01 9.279423e+00
    endloop
  endfacet
  facet normal -1.000000e+00 -3.859463e-16 -5.029751e-16
    outer loop
      vertex   -6.674859e+00 5.354781e+01 9.279423e+00
      vertex   -6.674859e+00 5.529781e+01 1.500000e+01
      vertex   -6.674859e+00 5.373421e+01 9.136396e+00
    endloop
  endfacet
  facet normal -1.000000e+00 -5.859754e-16 -4.496348e-16
    outer loop
      vertex   -6.674859e+00 5.373421e+01 9.136396e+00
      vertex   -6.674859e+00 5.529781e+01 1.500000e+01
      vertex   -6.674859e+00 5.387724e+01 8.950000e+00
    endloop
  endfacet
  facet normal -1.000000e+00 -9.047883e-16 -3.747756e-16
    outer loop
      vertex   -6.674859e+00 5.387724e+01 8.950000e+00
      vertex   -6.674859e+00 5.529781e+01 1.500000e+01
      vertex   -6.674859e+00 5.396715e+01 8.732937e+00
    endloop
  endfacet
  facet normal -5.530495e-32 1.000000e+00 5.572884e-16
    outer loop
      vertex   -6.674859e+00 5.529781e+01 1.500000e+01
      vertex   1.122486e+01 5.529781e+01 1.500000e+01
      vertex   -6.674859e+00 5.529781e+01 2.250000e+00
    endloop
  endfacet
  facet normal 3.969575e-16 1.000000e+00 0.000000e+00
    outer loop
      vertex   -6.674859e+00 5.529781e+01 2.250000e+00
      vertex   1.122486e+01 5.529781e+01 1.500000e+01
      vertex   1.122486e+01 5.529781e+01 2.000000e+00
    endloop
  endfacet
  facet normal 3.968034e-16 1.000000e+00 -1.103472e-17
    outer loop
      vertex   -6.674859e+00 5.529781e+01 2.250000e+00
      vertex   1.122486e+01 5.529781e+01 2.000000e+00
      vertex   -6.681812e+00 5.529781e+01 2.000000e+00
    endloop
  endfacet
  facet normal -1.000000e+00 0.000000e+00 0.000000e+00
    outer loop
      vertex   -1.347486e+01 4.564781e+01 0.000000e+00
      vertex   -1.347486e+01 4.564781e+01 1.700000e+01
      vertex   -1.347486e+01 5.064781e+01 0.000000e+00
    endloop
  endfacet
  facet normal -1.000000e+00 0.000000e+00 0.000000e+00
    outer loop
      vertex   -1.347486e+01 5.064781e+01 0.000000e+00
      vertex   -1.347486e+01 4.564781e+01 1.700000e+01
      vertex   -1.347486e+01 5.064781e+01 1.700000e+01
    endloop
  endfacet
  facet normal 1.000000e+00 -0.000000e+00 0.000000e+00
    outer loop
      vertex   1.347486e+01 7.368937e+01 7.962574e+00
      vertex   1.347486e+01 8.394781e+01 0.000000e+00
      vertex   1.347486e+01 7.374781e+01 8.500000e+00
    endloop
  endfacet
  facet normal 1.000000e+00 -0.000000e+00 0.000000e+00
    outer loop
      vertex   1.347486e+01 7.374781e+01 8.500000e+00
      vertex   1.347486e+01 8.394781e+01 0.000000e+00
      vertex   1.347486e+01 8.394781e+01 1.700000e+01
    endloop
  endfacet
  facet normal 1.000000e+00 0.000000e+00 -0.000000e+00
    outer loop
      vertex   1.347486e+01 7.374781e+01 8.500000e+00
      vertex   1.347486e+01 8.394781e+01 1.700000e+01
      vertex   1.347486e+01 7.368937e+01 9.037426e+00
    endloop
  endfacet
  facet normal 1.000000e+00 0.000000e+00 -0.000000e+00
    outer loop
      vertex   1.347486e+01 7.368937e+01 9.037426e+00
      vertex   1.347486e+01 8.394781e+01 1.700000e+01
      vertex   1.347486e+01 7.351675e+01 9.549723e+00
    endloop
  endfacet
  facet normal 1.000000e+00 0.000000e+00 -0.000000e+00
    outer loop
      vertex   1.347486e+01 7.351675e+01 9.549723e+00
      vertex   1.347486e+01 8.394781e+01 1.700000e+01
      vertex   1.347486e+01 7.323805e+01 1.001294e+01
    endloop
  endfacet
  facet normal 1.000000e+00 0.000000e+00 -0.000000e+00
    outer loop
      vertex   1.347486e+01 7.323805e+01 1.001294e+01
      vertex   1.347486e+01 8.394781e+01 1.700000e+01
      vertex   1.347486e+01 7.286628e+01 1.040541e+01
    endloop
  endfacet
  facet normal 1.000000e+00 0.000000e+00 -0.000000e+00
    outer loop
      vertex   1.347486e+01 7.286628e+01 1.040541e+01
      vertex   1.347486e+01 8.394781e+01 1.700000e+01
      vertex   1.347486e+01 7.241884e+01 1.070878e+01
    endloop
  endfacet
  facet normal 1.000000e+00 0.000000e+00 -0.000000e+00
    outer loop
      vertex   1.347486e+01 7.241884e+01 1.070878e+01
      vertex   1.347486e+01 8.394781e+01 1.700000e+01
      vertex   1.347486e+01 7.191664e+01 1.090887e+01
    endloop
  endfacet
  facet normal 1.000000e+00 0.000000e+00 -0.000000e+00
    outer loop
      vertex   1.347486e+01 7.191664e+01 1.090887e+01
      vertex   1.347486e+01 8.394781e+01 1.700000e+01
      vertex   1.347486e+01 7.138316e+01 1.099633e+01
    endloop
  endfacet
  facet normal 1.000000e+00 0.000000e+00 -0.000000e+00
    outer loop
      vertex   1.347486e+01 7.138316e+01 1.099633e+01
      vertex   1.347486e+01 8.394781e+01 1.700000e+01
      vertex   1.347486e+01 7.084336e+01 1.096707e+01
    endloop
  endfacet
  facet normal 1.000000e+00 0.000000e+00 -0.000000e+00
    outer loop
      vertex   1.347486e+01 7.084336e+01 1.096707e+01
      vertex   1.347486e+01 8.394781e+01 1.700000e+01
      vertex   1.347486e+01 4.564781e+01 1.700000e+01
    endloop
  endfacet
  facet normal 1.000000e+00 0.000000e+00 0.000000e+00
    outer loop
      vertex   1.347486e+01 7.084336e+01 1.096707e+01
      vertex   1.347486e+01 4.564781e+01 1.700000e+01
      vertex   1.347486e+01 7.032247e+01 1.082244e+01
    endloop
  endfacet
  facet normal 1.000000e+00 0.000000e+00 0.000000e+00
    outer loop
      vertex   1.347486e+01 7.032247e+01 1.082244e+01
      vertex   1.347486e+01 4.564781e+01 1.700000e+01
      vertex   1.347486e+01 6.984485e+01 1.056922e+01
    endloop
  endfacet
  facet normal 1.000000e+00 0.000000e+00 0.000000e+00
    outer loop
      vertex   1.347486e+01 6.984485e+01 1.056922e+01
      vertex   1.347486e+01 4.564781e+01 1.700000e+01
      vertex   1.347486e+01 6.943283e+01 1.021925e+01
    endloop
  endfacet
  facet normal 1.000000e+00 0.000000e+00 0.000000e+00
    outer loop
      vertex   1.347486e+01 6.943283e+01 1.021925e+01
      vertex   1.347486e+01 4.564781e+01 1.700000e+01
      vertex   1.347486e+01 6.910567e+01 9.788885e+00
    endloop
  endfacet
  facet normal 1.000000e+00 0.000000e+00 0.000000e+00
    outer loop
      vertex   1.347486e+01 6.910567e+01 9.788885e+00
      vertex   1.347486e+01 4.564781e+01 1.700000e+01
      vertex   1.347486e+01 6.887868e+01 9.298254e+00
    endloop
  endfacet
  facet normal 1.000000e+00 0.000000e+00 0.000000e+00
    outer loop
      vertex   1.347486e+01 6.887868e+01 9.298254e+00
      vertex   1.347486e+01 4.564781e+01 1.700000e+01
      vertex   1.347486e+01 6.876247e+01 8.770298e+00
    endloop
  endfacet
  facet normal 1.000000e+00 0.000000e+00 0.000000e+00
    outer loop
      vertex   1.347486e+01 6.876247e+01 8.770298e+00
      vertex   1.347486e+01 4.564781e+01 1.700000e+01
      vertex   1.347486e+01 4.564781e+01 0.000000e+00
    endloop
  endfacet
  facet normal 1.000000e+00 0.000000e+00 0.000000e+00
    outer loop
      vertex   1.347486e+01 6.876247e+01 8.770298e+00
      vertex   1.347486e+01 4.564781e+01 0.000000e+00
      vertex   1.347486e+01 6.876247e+01 8.229702e+00
    endloop
  endfacet
  facet normal 1.000000e+00 0.000000e+00 0.000000e+00
    outer loop
      vertex   1.347486e+01 6.876247e+01 8.229702e+00
      vertex   1.347486e+01 4.564781e+01 0.000000e+00
      vertex   1.347486e+01 6.887868e+01 7.701746e+00
    endloop
  endfacet
  facet normal 1.000000e+00 0.000000e+00 0.000000e+00
    outer loop
      vertex   1.347486e+01 6.887868e+01 7.701746e+00
      vertex   1.347486e+01 4.564781e+01 0.000000e+00
      vertex   1.347486e+01 6.910567e+01 7.211115e+00
    endloop
  endfacet
  facet normal 1.000000e+00 0.000000e+00 0.000000e+00
    outer loop
      vertex   1.347486e+01 6.910567e+01 7.211115e+00
      vertex   1.347486e+01 4.564781e+01 0.000000e+00
      vertex   1.347486e+01 6.943283e+01 6.780751e+00
    endloop
  endfacet
  facet normal 1.000000e+00 0.000000e+00 0.000000e+00
    outer loop
      vertex   1.347486e+01 6.943283e+01 6.780751e+00
      vertex   1.347486e+01 4.564781e+01 0.000000e+00
      vertex   1.347486e+01 6.984485e+01 6.430778e+00
    endloop
  endfacet
  facet normal 1.000000e+00 0.000000e+00 0.000000e+00
    outer loop
      vertex   1.347486e+01 6.984485e+01 6.430778e+00
      vertex   1.347486e+01 4.564781e+01 0.000000e+00
      vertex   1.347486e+01 7.032247e+01 6.177558e+00
    endloop
  endfacet
  facet normal 1.000000e+00 0.000000e+00 0.000000e+00
    outer loop
      vertex   1.347486e+01 7.032247e+01 6.177558e+00
      vertex   1.347486e+01 4.564781e+01 0.000000e+00
      vertex   1.347486e+01 7.084336e+01 6.032934e+00
    endloop
  endfacet
  facet normal 1.000000e+00 0.000000e+00 0.000000e+00
    outer loop
      vertex   1.347486e+01 7.084336e+01 6.032934e+00
      vertex   1.347486e+01 4.564781e+01 0.000000e+00
      vertex   1.347486e+01 8.394781e+01 0.000000e+00
    endloop
  endfacet
  facet normal 1.000000e+00 0.000000e+00 0.000000e+00
    outer loop
      vertex   1.347486e+01 7.084336e+01 6.032934e+00
      vertex   1.347486e+01 8.394781e+01 0.000000e+00
      vertex   1.347486e+01 7.138316e+01 6.003666e+00
    endloop
  endfacet
  facet normal 1.000000e+00 -0.000000e+00 0.000000e+00
    outer loop
      vertex   1.347486e+01 7.138316e+01 6.003666e+00
      vertex   1.347486e+01 8.394781e+01 0.000000e+00
      vertex   1.347486e+01 7.191664e+01 6.091125e+00
    endloop
  endfacet
  facet normal 1.000000e+00 -0.000000e+00 0.000000e+00
    outer loop
      vertex   1.347486e+01 7.191664e+01 6.091125e+00
      vertex   1.347486e+01 8.394781e+01 0.000000e+00
      vertex   1.347486e+01 7.241884e+01 6.291220e+00
    endloop
  endfacet
  facet normal 1.000000e+00 -0.000000e+00 0.000000e+00
    outer loop
      vertex   1.347486e+01 7.241884e+01 6.291220e+00
      vertex   1.347486e+01 8.394781e+01 0.000000e+00
      vertex   1.347486e+01 7.286628e+01 6.594595e+00
    endloop
  endfacet
  facet normal 1.000000e+00 -0.000000e+00 0.000000e+00
    outer loop
      vertex   1.347486e+01 7.286628e+01 6.594595e+00
      vertex   1.347486e+01 8.394781e+01 0.000000e+00
      vertex   1.347486e+01 7.323805e+01 6.987064e+00
    endloop
  endfacet
  facet normal 1.000000e+00 -0.000000e+00 0.000000e+00
    outer loop
      vertex   1.347486e+01 7.323805e+01 6.987064e+00
      vertex   1.347486e+01 8.394781e+01 0.000000e+00
      vertex   1.347486e+01 7.351675e+01 7.450277e+00
    endloop
  endfacet
  facet normal 1.000000e+00 -0.000000e+00 0.000000e+00
    outer loop
      vertex   1.347486e+01 7.351675e+01 7.450277e+00
      vertex   1.347486e+01 8.394781e+01 0.000000e+00
      vertex   1.347486e+01 7.368937e+01 7.962574e+00
    endloop
  endfacet
  facet normal -1.009853e-15 -9.948693e-01 -1.011683e-01
    outer loop
      vertex   -1.625000e+01 8.005081e+00 9.053571e+00
      vertex   -1.975000e+01 8.005081e+00 9.053571e+00
      vertex   -1.625000e+01 8.061373e+00 8.500000e+00
    endloop
  endfacet
  facet normal -5.049266e-16 -9.948693e-01 -1.011683e-01
    outer loop
      vertex   -1.625000e+01 8.061373e+00 8.500000e+00
      vertex   -1.975000e+01 8.005081e+00 9.053571e+00
      vertex   -1.975000e+01 8.061373e+00 8.500000e+00
    endloop
  endfacet
  facet normal -5.049266e-16 -9.948693e-01 1.011683e-01
    outer loop
      vertex   -1.625000e+01 8.061373e+00 8.500000e+00
      vertex   -1.975000e+01 8.061373e+00 8.500000e+00
      vertex   -1.625000e+01 8.005081e+00 7.946429e+00
    endloop
  endfacet
  facet normal -1.009853e-15 -9.948693e-01 1.011683e-01
    outer loop
      vertex   -1.625000e+01 8.005081e+00 7.946429e+00
      vertex   -1.975000e+01 8.061373e+00 8.500000e+00
      vertex   -1.975000e+01 8.005081e+00 7.946429e+00
    endloop
  endfacet
  facet normal -9.685096e-16 -9.541393e-01 2.993631e-01
    outer loop
      vertex   -1.625000e+01 8.005081e+00 7.946429e+00
      vertex   -1.975000e+01 8.005081e+00 7.946429e+00
      vertex   -1.975000e+01 7.838507e+00 7.415521e+00
    endloop
  endfacet
  facet normal -9.685096e-16 -9.541393e-01 -2.993631e-01
    outer loop
      vertex   -1.625000e+01 8.005081e+00 9.053571e+00
      vertex   -1.625000e+01 7.838507e+00 9.584479e+00
      vertex   -1.975000e+01 8.005081e+00 9.053571e+00
    endloop
  endfacet
  facet normal -1.452521e-15 -9.541393e-01 -2.993631e-01
    outer loop
      vertex   -1.975000e+01 8.005081e+00 9.053571e+00
      vertex   -1.625000e+01 7.838507e+00 9.584479e+00
      vertex   -1.975000e+01 7.838507e+00 9.584479e+00
    endloop
  endfacet
  facet normal -1.331273e-15 -8.743466e-01 -4.853020e-01
    outer loop
      vertex   -1.975000e+01 7.838507e+00 9.584479e+00
      vertex   -1.625000e+01 7.838507e+00 9.584479e+00
      vertex   -1.625000e+01 7.568473e+00 1.007099e+01
    endloop
  endfacet
  facet normal -8.881750e-16 -8.743466e-01 -4.853020e-01
    outer loop
      vertex   -1.975000e+01 7.838507e+00 9.584479e+00
      vertex   -1.625000e+01 7.568473e+00 1.007099e+01
      vertex   -1.975000e+01 7.568473e+00 1.007099e+01
    endloop
  endfacet
  facet normal -7.701858e-16 -7.587581e-01 -6.513725e-01
    outer loop
      vertex   -1.975000e+01 7.568473e+00 1.007099e+01
      vertex   -1.625000e+01 7.568473e+00 1.007099e+01
      vertex   -1.625000e+01 7.206032e+00 1.049318e+01
    endloop
  endfacet
  facet normal -7.741470e-16 -7.587581e-01 -6.513725e-01
    outer loop
      vertex   -1.975000e+01 7.568473e+00 1.007099e+01
      vertex   -1.625000e+01 7.206032e+00 1.049318e+01
      vertex   -1.975000e+01 7.206032e+00 1.049318e+01
    endloop
  endfacet
  facet normal -6.213249e-16 -6.121060e-01 -7.907757e-01
    outer loop
      vertex   -1.975000e+01 7.206032e+00 1.049318e+01
      vertex   -1.625000e+01 7.206032e+00 1.049318e+01
      vertex   -1.625000e+01 6.766024e+00 1.083377e+01
    endloop
  endfacet
  facet normal -4.607412e-16 -6.121060e-01 -7.907757e-01
    outer loop
      vertex   -1.975000e+01 7.206032e+00 1.049318e+01
      vertex   -1.625000e+01 6.766024e+00 1.083377e+01
      vertex   -1.975000e+01 6.766024e+00 1.083377e+01
    endloop
  endfacet
  facet normal -3.352702e-16 -4.403942e-01 -8.978045e-01
    outer loop
      vertex   -1.975000e+01 6.766024e+00 1.083377e+01
      vertex   -1.625000e+01 6.766024e+00 1.083377e+01
      vertex   -1.625000e+01 6.266463e+00 1.107882e+01
    endloop
  endfacet
  facet normal -3.355889e-16 -4.403942e-01 -8.978045e-01
    outer loop
      vertex   -1.975000e+01 6.766024e+00 1.083377e+01
      vertex   -1.625000e+01 6.266463e+00 1.107882e+01
      vertex   -1.975000e+01 6.266463e+00 1.107882e+01
    endloop
  endfacet
  facet normal -1.908207e-16 -2.506525e-01 -9.680771e-01
    outer loop
      vertex   -1.975000e+01 6.266463e+00 1.107882e+01
      vertex   -1.625000e+01 6.266463e+00 1.107882e+01
      vertex   -1.625000e+01 5.727800e+00 1.121829e+01
    endloop
  endfacet
  facet normal -1.250465e-16 -2.506525e-01 -9.680771e-01
    outer loop
      vertex   -1.975000e+01 6.266463e+00 1.107882e+01
      vertex   -1.625000e+01 5.727800e+00 1.121829e+01
      vertex   -1.975000e+01 5.727800e+00 1.121829e+01
    endloop
  endfacet
  facet normal -2.570600e-17 -5.064917e-02 -9.987165e-01
    outer loop
      vertex   -1.975000e+01 5.727800e+00 1.121829e+01
      vertex   -1.625000e+01 5.727800e+00 1.121829e+01
      vertex   -1.625000e+01 5.172088e+00 1.124647e+01
    endloop
  endfacet
  facet normal -2.573352e-17 -5.064917e-02 -9.987165e-01
    outer loop
      vertex   -1.975000e+01 5.727800e+00 1.121829e+01
      vertex   -1.625000e+01 5.172088e+00 1.124647e+01
      vertex   -1.975000e+01 5.172088e+00 1.124647e+01
    endloop
  endfacet
  facet normal 7.685422e-17 1.514278e-01 -9.884683e-01
    outer loop
      vertex   -1.975000e+01 5.172088e+00 1.124647e+01
      vertex   -1.625000e+01 5.172088e+00 1.124647e+01
      vertex   -1.625000e+01 4.622079e+00 1.116221e+01
    endloop
  endfacet
  facet normal 1.153643e-16 1.514278e-01 -9.884683e-01
    outer loop
      vertex   -1.975000e+01 5.172088e+00 1.124647e+01
      vertex   -1.625000e+01 4.622079e+00 1.116221e+01
      vertex   -1.975000e+01 4.622079e+00 1.116221e+01
    endloop
  endfacet
  facet normal 2.644020e-16 3.473053e-01 -9.377521e-01
    outer loop
      vertex   -1.975000e+01 4.622079e+00 1.116221e+01
      vertex   -1.625000e+01 4.622079e+00 1.116221e+01
      vertex   -1.625000e+01 4.100290e+00 1.096896e+01
    endloop
  endfacet
  facet normal 6.544489e-16 3.473053e-01 -9.377521e-01
    outer loop
      vertex   -1.975000e+01 4.622079e+00 1.116221e+01
      vertex   -1.625000e+01 4.100290e+00 1.096896e+01
      vertex   -1.975000e+01 4.100290e+00 1.096896e+01
    endloop
  endfacet
  facet normal 6.991782e-16 5.289640e-01 -8.486443e-01
    outer loop
      vertex   -1.975000e+01 4.100290e+00 1.096896e+01
      vertex   -1.625000e+01 4.100290e+00 1.096896e+01
      vertex   -1.625000e+01 3.628082e+00 1.067463e+01
    endloop
  endfacet
  facet normal 7.595161e-16 5.289640e-01 -8.486443e-01
    outer loop
      vertex   -1.975000e+01 4.100290e+00 1.096896e+01
      vertex   -1.625000e+01 3.628082e+00 1.067463e+01
      vertex   -1.975000e+01 3.628082e+00 1.067463e+01
    endloop
  endfacet
  facet normal 8.049441e-16 6.889669e-01 -7.247928e-01
    outer loop
      vertex   -1.975000e+01 3.628082e+00 1.067463e+01
      vertex   -1.625000e+01 3.628082e+00 1.067463e+01
      vertex   -1.625000e+01 3.224789e+00 1.029127e+01
    endloop
  endfacet
  facet normal 6.965938e-16 6.889669e-01 -7.247928e-01
    outer loop
      vertex   -1.975000e+01 3.628082e+00 1.067463e+01
      vertex   -1.625000e+01 3.224789e+00 1.029127e+01
      vertex   -1.975000e+01 3.224789e+00 1.029127e+01
    endloop
  endfacet
  facet normal 8.331250e-16 8.207634e-01 -5.712682e-01
    outer loop
      vertex   -1.975000e+01 3.224789e+00 1.029127e+01
      vertex   -1.625000e+01 3.224789e+00 1.029127e+01
      vertex   -1.625000e+01 2.906920e+00 9.834580e+00
    endloop
  endfacet
  facet normal 8.350608e-16 8.207634e-01 -5.712682e-01
    outer loop
      vertex   -1.975000e+01 3.224789e+00 1.029127e+01
      vertex   -1.625000e+01 2.906920e+00 9.834580e+00
      vertex   -1.975000e+01 2.906920e+00 9.834580e+00
    endloop
  endfacet
  facet normal 9.327983e-16 9.189578e-01 -3.943559e-01
    outer loop
      vertex   -1.975000e+01 2.906920e+00 9.834580e+00
      vertex   -1.625000e+01 2.906920e+00 9.834580e+00
      vertex   -1.625000e+01 2.687490e+00 9.323249e+00
    endloop
  endfacet
  facet normal 8.175680e-16 9.189578e-01 -3.943559e-01
    outer loop
      vertex   -1.975000e+01 2.906920e+00 9.834580e+00
      vertex   -1.625000e+01 2.687490e+00 9.323249e+00
      vertex   -1.975000e+01 2.687490e+00 9.323249e+00
    endloop
  endfacet
  facet normal 8.699974e-16 9.795299e-01 -2.012985e-01
    outer loop
      vertex   -1.975000e+01 2.687490e+00 9.323249e+00
      vertex   -1.625000e+01 2.687490e+00 9.323249e+00
      vertex   -1.625000e+01 2.575483e+00 8.778213e+00
    endloop
  endfacet
  facet normal 8.696143e-16 9.795299e-01 -2.012985e-01
    outer loop
      vertex   -1.975000e+01 2.687490e+00 9.323249e+00
      vertex   -1.625000e+01 2.575483e+00 8.778213e+00
      vertex   -1.975000e+01 2.575483e+00 8.778213e+00
    endloop
  endfacet
  facet normal 8.881784e-16 1.000000e+00 0.000000e+00
    outer loop
      vertex   -1.975000e+01 2.575483e+00 8.778213e+00
      vertex   -1.625000e+01 2.575483e+00 8.778213e+00
      vertex   -1.625000e+01 2.575483e+00 8.221787e+00
    endloop
  endfacet
  facet normal 8.881784e-16 1.000000e+00 0.000000e+00
    outer loop
      vertex   -1.975000e+01 2.575483e+00 8.778213e+00
      vertex   -1.625000e+01 2.575483e+00 8.221787e+00
      vertex   -1.975000e+01 2.575483e+00 8.221787e+00
    endloop
  endfacet
  facet normal 8.699974e-16 9.795299e-01 2.012985e-01
    outer loop
      vertex   -1.975000e+01 2.575483e+00 8.221787e+00
      vertex   -1.625000e+01 2.575483e+00 8.221787e+00
      vertex   -1.625000e+01 2.687490e+00 7.676751e+00
    endloop
  endfacet
  facet normal 8.715811e-16 9.795299e-01 2.012985e-01
    outer loop
      vertex   -1.975000e+01 2.575483e+00 8.221787e+00
      vertex   -1.625000e+01 2.687490e+00 7.676751e+00
      vertex   -1.975000e+01 2.687490e+00 7.676751e+00
    endloop
  endfacet
  facet normal 8.161985e-16 9.189578e-01 3.943559e-01
    outer loop
      vertex   -1.975000e+01 2.687490e+00 7.676751e+00
      vertex   -1.625000e+01 2.687490e+00 7.676751e+00
      vertex   -1.625000e+01 2.906920e+00 7.165420e+00
    endloop
  endfacet
  facet normal 9.311188e-16 9.189578e-01 3.943559e-01
    outer loop
      vertex   -1.975000e+01 2.687490e+00 7.676751e+00
      vertex   -1.625000e+01 2.906920e+00 7.165420e+00
      vertex   -1.975000e+01 2.906920e+00 7.165420e+00
    endloop
  endfacet
  facet normal 8.331250e-16 8.207634e-01 5.712682e-01
    outer loop
      vertex   -1.975000e+01 2.906920e+00 7.165420e+00
      vertex   -1.625000e+01 2.906920e+00 7.165420e+00
      vertex   -1.625000e+01 3.224789e+00 6.708726e+00
    endloop
  endfacet
  facet normal 8.287409e-16 8.207634e-01 5.712682e-01
    outer loop
      vertex   -1.975000e+01 2.906920e+00 7.165420e+00
      vertex   -1.625000e+01 3.224789e+00 6.708726e+00
      vertex   -1.975000e+01 3.224789e+00 6.708726e+00
    endloop
  endfacet
  facet normal 6.993435e-16 6.889669e-01 7.247928e-01
    outer loop
      vertex   -1.975000e+01 3.224789e+00 6.708726e+00
      vertex   -1.625000e+01 3.224789e+00 6.708726e+00
      vertex   -1.625000e+01 3.628082e+00 6.325367e+00
    endloop
  endfacet
  facet normal 5.020079e-16 6.889669e-01 7.247928e-01
    outer loop
      vertex   -1.975000e+01 3.224789e+00 6.708726e+00
      vertex   -1.625000e+01 3.628082e+00 6.325367e+00
      vertex   -1.975000e+01 3.628082e+00 6.325367e+00
    endloop
  endfacet
  facet normal 2.404506e-16 5.289640e-01 8.486443e-01
    outer loop
      vertex   -1.975000e+01 3.628082e+00 6.325367e+00
      vertex   -1.625000e+01 3.628082e+00 6.325367e+00
      vertex   -1.625000e+01 4.100290e+00 6.031038e+00
    endloop
  endfacet
  facet normal 3.242093e-16 5.289640e-01 8.486443e-01
    outer loop
      vertex   -1.975000e+01 3.628082e+00 6.325367e+00
      vertex   -1.625000e+01 4.100290e+00 6.031038e+00
      vertex   -1.975000e+01 4.100290e+00 6.031038e+00
    endloop
  endfacet
  facet normal 1.145671e-16 3.473053e-01 9.377521e-01
    outer loop
      vertex   -1.975000e+01 4.100290e+00 6.031038e+00
      vertex   -1.625000e+01 4.100290e+00 6.031038e+00
      vertex   -1.625000e+01 4.622079e+00 5.837788e+00
    endloop
  endfacet
  facet normal 4.427416e-16 3.473053e-01 9.377521e-01
    outer loop
      vertex   -1.975000e+01 4.100290e+00 6.031038e+00
      vertex   -1.625000e+01 4.622079e+00 5.837788e+00
      vertex   -1.975000e+01 4.622079e+00 5.837788e+00
    endloop
  endfacet
  facet normal 1.921355e-16 1.514278e-01 9.884683e-01
    outer loop
      vertex   -1.975000e+01 4.622079e+00 5.837788e+00
      vertex   -1.625000e+01 4.622079e+00 5.837788e+00
      vertex   -1.625000e+01 5.172088e+00 5.753530e+00
    endloop
  endfacet
  facet normal 1.920525e-16 1.514278e-01 9.884683e-01
    outer loop
      vertex   -1.975000e+01 4.622079e+00 5.837788e+00
      vertex   -1.625000e+01 5.172088e+00 5.753530e+00
      vertex   -1.975000e+01 5.172088e+00 5.753530e+00
    endloop
  endfacet
  facet normal -6.426500e-17 -5.064917e-02 9.987165e-01
    outer loop
      vertex   -1.975000e+01 5.172088e+00 5.753530e+00
      vertex   -1.625000e+01 5.172088e+00 5.753530e+00
      vertex   -1.625000e+01 5.727800e+00 5.781712e+00
    endloop
  endfacet
  facet normal -7.717501e-17 -5.064917e-02 9.987165e-01
    outer loop
      vertex   -1.975000e+01 5.172088e+00 5.753530e+00
      vertex   -1.625000e+01 5.727800e+00 5.781712e+00
      vertex   -1.975000e+01 5.727800e+00 5.781712e+00
    endloop
  endfacet
  facet normal -3.816414e-16 -2.506525e-01 9.680771e-01
    outer loop
      vertex   -1.975000e+01 5.727800e+00 5.781712e+00
      vertex   -1.625000e+01 5.727800e+00 5.781712e+00
      vertex   -1.625000e+01 6.266463e+00 5.921182e+00
    endloop
  endfacet
  facet normal -2.526872e-16 -2.506525e-01 9.680771e-01
    outer loop
      vertex   -1.975000e+01 5.727800e+00 5.781712e+00
      vertex   -1.625000e+01 6.266463e+00 5.921182e+00
      vertex   -1.975000e+01 6.266463e+00 5.921182e+00
    endloop
  endfacet
  facet normal -4.470270e-16 -4.403942e-01 8.978045e-01
    outer loop
      vertex   -1.975000e+01 6.266463e+00 5.921182e+00
      vertex   -1.625000e+01 6.266463e+00 5.921182e+00
      vertex   -1.625000e+01 6.766024e+00 6.166228e+00
    endloop
  endfacet
  facet normal -3.326925e-16 -4.403942e-01 8.978045e-01
    outer loop
      vertex   -1.975000e+01 6.266463e+00 5.921182e+00
      vertex   -1.625000e+01 6.766024e+00 6.166228e+00
      vertex   -1.975000e+01 6.766024e+00 6.166228e+00
    endloop
  endfacet
  facet normal -4.659937e-16 -6.121060e-01 7.907757e-01
    outer loop
      vertex   -1.975000e+01 6.766024e+00 6.166228e+00
      vertex   -1.625000e+01 6.766024e+00 6.166228e+00
      vertex   -1.625000e+01 7.206032e+00 6.506820e+00
    endloop
  endfacet
  facet normal -6.265775e-16 -6.121060e-01 7.907757e-01
    outer loop
      vertex   -1.975000e+01 6.766024e+00 6.166228e+00
      vertex   -1.625000e+01 7.206032e+00 6.506820e+00
      vertex   -1.975000e+01 7.206032e+00 6.506820e+00
    endloop
  endfacet
  facet normal -7.701858e-16 -7.587581e-01 6.513725e-01
    outer loop
      vertex   -1.975000e+01 7.206032e+00 6.506820e+00
      vertex   -1.625000e+01 7.206032e+00 6.506820e+00
      vertex   -1.625000e+01 7.568473e+00 6.929012e+00
    endloop
  endfacet
  facet normal -7.634286e-16 -7.587581e-01 6.513725e-01
    outer loop
      vertex   -1.975000e+01 7.206032e+00 6.506820e+00
      vertex   -1.625000e+01 7.568473e+00 6.929012e+00
      vertex   -1.975000e+01 7.568473e+00 6.929012e+00
    endloop
  endfacet
  facet normal -8.875152e-16 -8.743466e-01 4.853020e-01
    outer loop
      vertex   -1.975000e+01 7.568473e+00 6.929012e+00
      vertex   -1.625000e+01 7.568473e+00 6.929012e+00
      vertex   -1.625000e+01 7.838507e+00 7.415521e+00
    endloop
  endfacet
  facet normal -1.329520e-15 -8.743466e-01 4.853020e-01
    outer loop
      vertex   -1.975000e+01 7.568473e+00 6.929012e+00
      vertex   -1.625000e+01 7.838507e+00 7.415521e+00
      vertex   -1.975000e+01 7.838507e+00 7.415521e+00
    endloop
  endfacet
  facet normal -1.452764e-15 -9.541393e-01 2.993631e-01
    outer loop
      vertex   -1.975000e+01 7.838507e+00 7.415521e+00
      vertex   -1.625000e+01 7.838507e+00 7.415521e+00
      vertex   -1.625000e+01 8.005081e+00 7.946429e+00
    endloop
  endfacet
  facet normal 8.262734e-17 -3.876255e-02 9.992485e-01
    outer loop
      vertex   1.975000e+01 5.596270e+00 4.710695e+00
      vertex   1.975000e+01 2.078780e+01 5.300000e+00
      vertex   1.725000e+01 5.596270e+00 4.710695e+00
    endloop
  endfacet
  facet normal 7.308098e-17 -3.876255e-02 9.992485e-01
    outer loop
      vertex   1.725000e+01 5.596270e+00 4.710695e+00
      vertex   1.975000e+01 2.078780e+01 5.300000e+00
      vertex   1.725000e+01 2.078780e+01 5.300000e+00
    endloop
  endfacet
  facet normal 1.363487e-16 -9.594689e-02 9.953865e-01
    outer loop
      vertex   1.725000e+01 2.078780e+01 5.300000e+00
      vertex   1.975000e+01 2.078780e+01 5.300000e+00
      vertex   1.725000e+01 2.140124e+01 5.359130e+00
    endloop
  endfacet
  facet normal 1.363487e-16 -9.594689e-02 9.953865e-01
    outer loop
      vertex   1.725000e+01 2.140124e+01 5.359130e+00
      vertex   1.975000e+01 2.078780e+01 5.300000e+00
      vertex   1.975000e+01 2.140124e+01 5.359130e+00
    endloop
  endfacet
  facet normal 4.049745e-16 -2.849755e-01 9.585348e-01
    outer loop
      vertex   1.725000e+01 2.140124e+01 5.359130e+00
      vertex   1.975000e+01 2.140124e+01 5.359130e+00
      vertex   1.725000e+01 2.199196e+01 5.534755e+00
    endloop
  endfacet
  facet normal 4.049745e-16 -2.849755e-01 9.585348e-01
    outer loop
      vertex   1.725000e+01 2.199196e+01 5.534755e+00
      vertex   1.975000e+01 2.140124e+01 5.359130e+00
      vertex   1.975000e+01 2.199196e+01 5.534755e+00
    endloop
  endfacet
  facet normal 6.585798e-16 -4.634344e-01 8.861312e-01
    outer loop
      vertex   1.725000e+01 2.199196e+01 5.534755e+00
      vertex   1.975000e+01 2.199196e+01 5.534755e+00
      vertex   1.725000e+01 2.253807e+01 5.820360e+00
    endloop
  endfacet
  facet normal 1.317160e-15 -4.634344e-01 8.861312e-01
    outer loop
      vertex   1.725000e+01 2.253807e+01 5.820360e+00
      vertex   1.975000e+01 2.199196e+01 5.534755e+00
      vertex   1.975000e+01 2.253807e+01 5.820360e+00
    endloop
  endfacet
  facet normal 1.775517e-15 -6.247045e-01 7.808612e-01
    outer loop
      vertex   1.725000e+01 2.253807e+01 5.820360e+00
      vertex   1.975000e+01 2.253807e+01 5.820360e+00
      vertex   1.725000e+01 2.301930e+01 6.205352e+00
    endloop
  endfacet
  facet normal 8.877586e-16 -6.247045e-01 7.808612e-01
    outer loop
      vertex   1.725000e+01 2.301930e+01 6.205352e+00
      vertex   1.975000e+01 2.253807e+01 5.820360e+00
      vertex   1.975000e+01 2.301930e+01 6.205352e+00
    endloop
  endfacet
  facet normal 1.084010e-15 -7.628045e-01 6.466292e-01
    outer loop
      vertex   1.725000e+01 2.301930e+01 6.205352e+00
      vertex   1.975000e+01 2.301930e+01 6.205352e+00
      vertex   1.725000e+01 2.341780e+01 6.675453e+00
    endloop
  endfacet
  facet normal 2.168021e-15 -7.628045e-01 6.466292e-01
    outer loop
      vertex   1.725000e+01 2.341780e+01 6.675453e+00
      vertex   1.975000e+01 2.301930e+01 6.205352e+00
      vertex   1.975000e+01 2.341780e+01 6.675453e+00
    endloop
  endfacet
  facet normal 2.480113e-15 -8.726122e-01 4.884137e-01
    outer loop
      vertex   1.725000e+01 2.341780e+01 6.675453e+00
      vertex   1.975000e+01 2.341780e+01 6.675453e+00
      vertex   1.725000e+01 2.371880e+01 7.213225e+00
    endloop
  endfacet
  facet normal 1.240057e-15 -8.726122e-01 4.884137e-01
    outer loop
      vertex   1.725000e+01 2.371880e+01 7.213225e+00
      vertex   1.975000e+01 2.341780e+01 6.675453e+00
      vertex   1.975000e+01 2.371880e+01 7.213225e+00
    endloop
  endfacet
  facet normal 1.350109e-15 -9.500548e-01 3.120831e-01
    outer loop
      vertex   1.725000e+01 2.371880e+01 7.213225e+00
      vertex   1.975000e+01 2.371880e+01 7.213225e+00
      vertex   1.725000e+01 2.391113e+01 7.798724e+00
    endloop
  endfacet
  facet normal 1.350109e-15 -9.500548e-01 3.120831e-01
    outer loop
      vertex   1.725000e+01 2.391113e+01 7.798724e+00
      vertex   1.975000e+01 2.371880e+01 7.213225e+00
      vertex   1.975000e+01 2.391113e+01 7.798724e+00
    endloop
  endfacet
  facet normal 1.410086e-15 -9.922600e-01 1.241773e-01
    outer loop
      vertex   1.725000e+01 2.391113e+01 7.798724e+00
      vertex   1.975000e+01 2.391113e+01 7.798724e+00
      vertex   1.725000e+01 2.398766e+01 8.410234e+00
    endloop
  endfacet
  facet normal 1.410086e-15 -9.922600e-01 1.241773e-01
    outer loop
      vertex   1.725000e+01 2.398766e+01 8.410234e+00
      vertex   1.975000e+01 2.391113e+01 7.798724e+00
      vertex   1.975000e+01 2.398766e+01 8.410234e+00
    endloop
  endfacet
  facet normal 1.417764e-15 -9.976625e-01 -6.833413e-02
    outer loop
      vertex   1.725000e+01 2.398766e+01 8.410234e+00
      vertex   1.975000e+01 2.398766e+01 8.410234e+00
      vertex   1.725000e+01 2.394555e+01 9.025072e+00
    endloop
  endfacet
  facet normal 1.417764e-15 -9.976625e-01 -6.833413e-02
    outer loop
      vertex   1.725000e+01 2.394555e+01 9.025072e+00
      vertex   1.975000e+01 2.398766e+01 8.410234e+00
      vertex   1.975000e+01 2.394555e+01 9.025072e+00
    endloop
  endfacet
  facet normal 1.372856e-15 -9.660618e-01 -2.583111e-01
    outer loop
      vertex   1.725000e+01 2.394555e+01 9.025072e+00
      vertex   1.975000e+01 2.394555e+01 9.025072e+00
      vertex   1.725000e+01 2.378635e+01 9.620436e+00
    endloop
  endfacet
  facet normal 1.372856e-15 -9.660618e-01 -2.583111e-01
    outer loop
      vertex   1.725000e+01 2.378635e+01 9.620436e+00
      vertex   1.975000e+01 2.394555e+01 9.025072e+00
      vertex   1.975000e+01 2.378635e+01 9.620436e+00
    endloop
  endfacet
  facet normal 1.277030e-15 -8.986300e-01 -4.387073e-01
    outer loop
      vertex   1.725000e+01 2.378635e+01 9.620436e+00
      vertex   1.975000e+01 2.378635e+01 9.620436e+00
      vertex   1.725000e+01 2.351599e+01 1.017424e+01
    endloop
  endfacet
  facet normal 1.277030e-15 -8.986300e-01 -4.387073e-01
    outer loop
      vertex   1.725000e+01 2.351599e+01 1.017424e+01
      vertex   1.975000e+01 2.378635e+01 9.620436e+00
      vertex   1.975000e+01 2.351599e+01 1.017424e+01
    endloop
  endfacet
  facet normal 1.133839e-15 -7.978682e-01 -6.028320e-01
    outer loop
      vertex   1.725000e+01 2.351599e+01 1.017424e+01
      vertex   1.975000e+01 2.351599e+01 1.017424e+01
      vertex   1.725000e+01 2.314448e+01 1.066595e+01
    endloop
  endfacet
  facet normal 1.133839e-15 -7.978682e-01 -6.028320e-01
    outer loop
      vertex   1.725000e+01 2.314448e+01 1.066595e+01
      vertex   1.975000e+01 2.351599e+01 1.017424e+01
      vertex   1.975000e+01 2.314448e+01 1.066595e+01
    endloop
  endfacet
  facet normal 9.485937e-16 -6.675135e-01 -7.445977e-01
    outer loop
      vertex   1.725000e+01 2.314448e+01 1.066595e+01
      vertex   1.975000e+01 2.314448e+01 1.066595e+01
      vertex   1.725000e+01 2.268559e+01 1.107733e+01
    endloop
  endfacet
  facet normal 9.485937e-16 -6.675135e-01 -7.445977e-01
    outer loop
      vertex   1.725000e+01 2.268559e+01 1.107733e+01
      vertex   1.975000e+01 2.314448e+01 1.066595e+01
      vertex   1.975000e+01 2.268559e+01 1.107733e+01
    endloop
  endfacet
  facet normal 7.281654e-16 -5.124009e-01 -8.587464e-01
    outer loop
      vertex   1.725000e+01 2.268559e+01 1.107733e+01
      vertex   1.975000e+01 2.268559e+01 1.107733e+01
      vertex   1.725000e+01 2.215637e+01 1.139311e+01
    endloop
  endfacet
  facet normal 7.281654e-16 -5.124009e-01 -8.587464e-01
    outer loop
      vertex   1.725000e+01 2.215637e+01 1.139311e+01
      vertex   1.975000e+01 2.268559e+01 1.107733e+01
      vertex   1.975000e+01 2.215637e+01 1.139311e+01
    endloop
  endfacet
  facet normal 4.807296e-16 -3.382834e-01 -9.410443e-01
    outer loop
      vertex   1.725000e+01 2.215637e+01 1.139311e+01
      vertex   1.975000e+01 2.215637e+01 1.139311e+01
      vertex   1.725000e+01 2.157642e+01 1.160159e+01
    endloop
  endfacet
  facet normal 9.614591e-16 -3.382834e-01 -9.410443e-01
    outer loop
      vertex   1.725000e+01 2.157642e+01 1.160159e+01
      vertex   1.975000e+01 2.215637e+01 1.139311e+01
      vertex   1.975000e+01 2.157642e+01 1.160159e+01
    endloop
  endfacet
  facet normal 4.309271e-16 -1.516190e-01 -9.884390e-01
    outer loop
      vertex   1.725000e+01 2.157642e+01 1.160159e+01
      vertex   1.975000e+01 2.157642e+01 1.160159e+01
      vertex   1.725000e+01 2.096727e+01 1.169503e+01
    endloop
  endfacet
  facet normal 2.154635e-16 -1.516190e-01 -9.884390e-01
    outer loop
      vertex   1.725000e+01 2.096727e+01 1.169503e+01
      vertex   1.975000e+01 2.157642e+01 1.160159e+01
      vertex   1.975000e+01 2.096727e+01 1.169503e+01
    endloop
  endfacet
  facet normal 5.490653e-17 -3.863704e-02 -9.992533e-01
    outer loop
      vertex   1.975000e+01 2.096727e+01 1.169503e+01
      vertex   1.975000e+01 5.594772e+00 1.228942e+01
      vertex   1.725000e+01 2.096727e+01 1.169503e+01
    endloop
  endfacet
  facet normal 8.713992e-17 -3.863704e-02 -9.992533e-01
    outer loop
      vertex   1.725000e+01 2.096727e+01 1.169503e+01
      vertex   1.975000e+01 5.594772e+00 1.228942e+01
      vertex   1.725000e+01 5.594772e+00 1.228942e+01
    endloop
  endfacet
  facet normal 1.000000e+00 1.511762e-15 9.212751e-15
    outer loop
      vertex   1.725000e+01 5.594772e+00 1.228942e+01
      vertex   1.725000e+01 6.253872e+00 1.218126e+01
      vertex   1.725000e+01 2.096727e+01 1.169503e+01
    endloop
  endfacet
  facet normal 1.000000e+00 1.332316e-15 3.782769e-15
    outer loop
      vertex   1.725000e+01 2.096727e+01 1.169503e+01
      vertex   1.725000e+01 6.253872e+00 1.218126e+01
      vertex   1.725000e+01 6.883855e+00 1.195938e+01
    endloop
  endfacet
  facet normal 1.000000e+00 1.304619e-15 2.307190e-15
    outer loop
      vertex   1.725000e+01 2.096727e+01 1.169503e+01
      vertex   1.725000e+01 6.883855e+00 1.195938e+01
      vertex   1.725000e+01 7.465257e+00 1.163062e+01
    endloop
  endfacet
  facet normal 1.000000e+00 1.308074e-15 1.582873e-15
    outer loop
      vertex   1.725000e+01 7.465257e+00 1.163062e+01
      vertex   1.725000e+01 7.980117e+00 1.120514e+01
      vertex   1.725000e+01 2.096727e+01 1.169503e+01
    endloop
  endfacet
  facet normal 1.000000e+00 1.325315e-15 1.125788e-15
    outer loop
      vertex   1.725000e+01 2.096727e+01 1.169503e+01
      vertex   1.725000e+01 7.980117e+00 1.120514e+01
      vertex   1.725000e+01 8.412529e+00 1.069610e+01
    endloop
  endfacet
  facet normal 1.000000e+00 1.352118e-15 7.889272e-16
    outer loop
      vertex   1.725000e+01 2.096727e+01 1.169503e+01
      vertex   1.725000e+01 8.412529e+00 1.069610e+01
      vertex   1.725000e+01 8.749133e+00 1.011920e+01
    endloop
  endfacet
  facet normal 1.000000e+00 1.388076e-15 5.101287e-16
    outer loop
      vertex   1.725000e+01 8.749133e+00 1.011920e+01
      vertex   1.725000e+01 8.979531e+00 9.492280e+00
      vertex   1.725000e+01 2.096727e+01 1.169503e+01
    endloop
  endfacet
  facet normal 1.000000e+00 2.396177e-15 -4.976142e-15
    outer loop
      vertex   1.725000e+01 2.096727e+01 1.169503e+01
      vertex   1.725000e+01 8.979531e+00 9.492280e+00
      vertex   1.725000e+01 9.096604e+00 8.834706e+00
    endloop
  endfacet
  facet normal 1.000000e+00 8.527698e-16 1.429180e-15
    outer loop
      vertex   1.725000e+01 2.096727e+01 1.169503e+01
      vertex   1.725000e+01 9.096604e+00 8.834706e+00
      vertex   1.725000e+01 2.351599e+01 1.017424e+01
    endloop
  endfacet
  facet normal 1.000000e+00 9.427807e-16 4.602615e-16
    outer loop
      vertex   1.725000e+01 2.351599e+01 1.017424e+01
      vertex   1.725000e+01 9.096604e+00 8.834706e+00
      vertex   1.725000e+01 2.378635e+01 9.620436e+00
    endloop
  endfacet
  facet normal 1.000000e+00 1.268439e-15 -5.628136e-15
    outer loop
      vertex   1.725000e+01 2.378635e+01 9.620436e+00
      vertex   1.725000e+01 9.096604e+00 8.834706e+00
      vertex   1.725000e+01 2.394555e+01 9.025072e+00
    endloop
  endfacet
  facet normal 1.000000e+00 1.195236e-15 8.186675e-17
    outer loop
      vertex   1.725000e+01 2.394555e+01 9.025072e+00
      vertex   1.725000e+01 9.096604e+00 8.834706e+00
      vertex   1.725000e+01 2.398766e+01 8.410234e+00
    endloop
  endfacet
  facet normal 1.000000e+00 1.192909e-15 2.357559e-19
    outer loop
      vertex   1.725000e+01 2.398766e+01 8.410234e+00
      vertex   1.725000e+01 9.096604e+00 8.834706e+00
      vertex   1.725000e+01 9.096736e+00 8.166790e+00
    endloop
  endfacet
  facet normal 1.000000e+00 1.195358e-15 -1.495942e-16
    outer loop
      vertex   1.725000e+01 2.398766e+01 8.410234e+00
      vertex   1.725000e+01 9.096736e+00 8.166790e+00
      vertex   1.725000e+01 2.391113e+01 7.798724e+00
    endloop
  endfacet
  facet normal 1.000000e+00 1.338904e-15 5.628023e-15
    outer loop
      vertex   1.725000e+01 2.391113e+01 7.798724e+00
      vertex   1.725000e+01 9.096736e+00 8.166790e+00
      vertex   1.725000e+01 2.371880e+01 7.213225e+00
    endloop
  endfacet
  facet normal 1.000000e+00 8.836006e-16 -1.353647e-15
    outer loop
      vertex   1.725000e+01 2.371880e+01 7.213225e+00
      vertex   1.725000e+01 9.096736e+00 8.166790e+00
      vertex   1.725000e+01 2.078780e+01 5.300000e+00
    endloop
  endfacet
  facet normal 1.000000e+00 0.000000e+00 0.000000e+00
    outer loop
      vertex   1.725000e+01 2.371880e+01 7.213225e+00
      vertex   1.725000e+01 2.078780e+01 5.300000e+00
      vertex   1.725000e+01 2.341780e+01 6.675453e+00
    endloop
  endfacet
  facet normal 1.000000e+00 0.000000e+00 0.000000e+00
    outer loop
      vertex   1.725000e+01 2.341780e+01 6.675453e+00
      vertex   1.725000e+01 2.078780e+01 5.300000e+00
      vertex   1.725000e+01 2.301930e+01 6.205352e+00
    endloop
  endfacet
  facet normal 1.000000e+00 0.000000e+00 0.000000e+00
    outer loop
      vertex   1.725000e+01 2.301930e+01 6.205352e+00
      vertex   1.725000e+01 2.078780e+01 5.300000e+00
      vertex   1.725000e+01 2.253807e+01 5.820360e+00
    endloop
  endfacet
  facet normal 1.000000e+00 0.000000e+00 0.000000e+00
    outer loop
      vertex   1.725000e+01 2.253807e+01 5.820360e+00
      vertex   1.725000e+01 2.078780e+01 5.300000e+00
      vertex   1.725000e+01 2.199196e+01 5.534755e+00
    endloop
  endfacet
  facet normal 1.000000e+00 0.000000e+00 0.000000e+00
    outer loop
      vertex   1.725000e+01 2.199196e+01 5.534755e+00
      vertex   1.725000e+01 2.078780e+01 5.300000e+00
      vertex   1.725000e+01 2.140124e+01 5.359130e+00
    endloop
  endfacet
  facet normal 1.000000e+00 2.434230e-15 4.969980e-15
    outer loop
      vertex   1.725000e+01 9.096736e+00 8.166790e+00
      vertex   1.725000e+01 8.979923e+00 7.509169e+00
      vertex   1.725000e+01 2.078780e+01 5.300000e+00
    endloop
  endfacet
  facet normal 1.000000e+00 1.407709e-15 -5.167127e-16
    outer loop
      vertex   1.725000e+01 2.078780e+01 5.300000e+00
      vertex   1.725000e+01 8.979923e+00 7.509169e+00
      vertex   1.725000e+01 8.749773e+00 6.882159e+00
    endloop
  endfacet
  facet normal 1.000000e+00 1.370609e-15 -7.989906e-16
    outer loop
      vertex   1.725000e+01 2.078780e+01 5.300000e+00
      vertex   1.725000e+01 8.749773e+00 6.882159e+00
      vertex   1.725000e+01 8.413397e+00 6.305131e+00
    endloop
  endfacet
  facet normal 1.000000e+00 1.342924e-15 -1.139833e-15
    outer loop
      vertex   1.725000e+01 8.413397e+00 6.305131e+00
      vertex   1.725000e+01 7.981186e+00 5.795911e+00
      vertex   1.725000e+01 2.078780e+01 5.300000e+00
    endloop
  endfacet
  facet normal 1.000000e+00 1.325024e-15 -1.602095e-15
    outer loop
      vertex   1.725000e+01 2.078780e+01 5.300000e+00
      vertex   1.725000e+01 7.981186e+00 5.795911e+00
      vertex   1.725000e+01 7.466495e+00 5.370231e+00
    endloop
  endfacet
  facet normal 1.000000e+00 1.321164e-15 -2.334296e-15
    outer loop
      vertex   1.725000e+01 2.078780e+01 5.300000e+00
      vertex   1.725000e+01 7.466495e+00 5.370231e+00
      vertex   1.725000e+01 6.885222e+00 5.041243e+00
    endloop
  endfacet
  facet normal 1.000000e+00 1.348910e-15 -3.825058e-15
    outer loop
      vertex   1.725000e+01 6.885222e+00 5.041243e+00
      vertex   1.725000e+01 6.255327e+00 4.819110e+00
      vertex   1.725000e+01 2.078780e+01 5.300000e+00
    endloop
  endfacet
  facet normal 1.000000e+00 1.530137e-15 -9.301718e-15
    outer loop
      vertex   1.725000e+01 2.078780e+01 5.300000e+00
      vertex   1.725000e+01 6.255327e+00 4.819110e+00
      vertex   1.725000e+01 5.596270e+00 4.710695e+00
    endloop
  endfacet
  facet normal 1.000000e+00 0.000000e+00 0.000000e+00
    outer loop
      vertex   1.725000e+01 2.351599e+01 1.017424e+01
      vertex   1.725000e+01 2.314448e+01 1.066595e+01
      vertex   1.725000e+01 2.096727e+01 1.169503e+01
    endloop
  endfacet
  facet normal 1.000000e+00 0.000000e+00 0.000000e+00
    outer loop
      vertex   1.725000e+01 2.096727e+01 1.169503e+01
      vertex   1.725000e+01 2.314448e+01 1.066595e+01
      vertex   1.725000e+01 2.268559e+01 1.107733e+01
    endloop
  endfacet
  facet normal 1.000000e+00 0.000000e+00 0.000000e+00
    outer loop
      vertex   1.725000e+01 2.096727e+01 1.169503e+01
      vertex   1.725000e+01 2.268559e+01 1.107733e+01
      vertex   1.725000e+01 2.215637e+01 1.139311e+01
    endloop
  endfacet
  facet normal 1.000000e+00 0.000000e+00 0.000000e+00
    outer loop
      vertex   1.725000e+01 2.215637e+01 1.139311e+01
      vertex   1.725000e+01 2.157642e+01 1.160159e+01
      vertex   1.725000e+01 2.096727e+01 1.169503e+01
    endloop
  endfacet
  facet normal 1.000000e+00 1.421085e-15 -3.876175e-16
    outer loop
      vertex   1.975000e+01 2.931137e+01 0.000000e+00
      vertex   1.975000e+01 5.596270e+00 4.710695e+00
      vertex   1.975000e+01 -6.886266e-01 0.000000e+00
    endloop
  endfacet
  facet normal 1.000000e+00 -1.062704e-14 1.568671e-14
    outer loop
      vertex   1.975000e+01 -6.886266e-01 0.000000e+00
      vertex   1.975000e+01 5.596270e+00 4.710695e+00
      vertex   1.975000e+01 4.938880e+00 4.718301e+00
    endloop
  endfacet
  facet normal 1.000000e+00 4.603628e-16 2.462785e-15
    outer loop
      vertex   1.975000e+01 -6.886266e-01 0.000000e+00
      vertex   1.975000e+01 4.938880e+00 4.718301e+00
      vertex   1.975000e+01 4.292639e+00 4.839101e+00
    endloop
  endfacet
  facet normal 1.000000e+00 2.669349e-15 0.000000e+00
    outer loop
      vertex   1.975000e+01 2.931137e+01 1.700000e+01
      vertex   1.975000e+01 2.398766e+01 8.410234e+00
      vertex   1.975000e+01 2.931137e+01 0.000000e+00
    endloop
  endfacet
  facet normal 1.000000e+00 2.228727e-15 -2.789161e-16
    outer loop
      vertex   1.975000e+01 2.931137e+01 0.000000e+00
      vertex   1.975000e+01 2.398766e+01 8.410234e+00
      vertex   1.975000e+01 2.391113e+01 7.798724e+00
    endloop
  endfacet
  facet normal 1.000000e+00 1.784825e-15 -5.862965e-16
    outer loop
      vertex   1.975000e+01 2.931137e+01 0.000000e+00
      vertex   1.975000e+01 2.391113e+01 7.798724e+00
      vertex   1.975000e+01 2.371880e+01 7.213225e+00
    endloop
  endfacet
  facet normal 1.000000e+00 1.421085e-15 3.871748e-16
    outer loop
      vertex   1.975000e+01 -6.886266e-01 1.700000e+01
      vertex   1.975000e+01 5.594772e+00 1.228942e+01
      vertex   1.975000e+01 2.931137e+01 1.700000e+01
    endloop
  endfacet
  facet normal 1.000000e+00 1.211344e-15 1.443171e-15
    outer loop
      vertex   1.975000e+01 2.931137e+01 1.700000e+01
      vertex   1.975000e+01 5.594772e+00 1.228942e+01
      vertex   1.975000e+01 2.096727e+01 1.169503e+01
    endloop
  endfacet
  facet normal 1.000000e+00 4.137948e-16 2.697623e-15
    outer loop
      vertex   1.975000e+01 2.931137e+01 1.700000e+01
      vertex   1.975000e+01 2.096727e+01 1.169503e+01
      vertex   1.975000e+01 2.157642e+01 1.160159e+01
    endloop
  endfacet
  facet normal 1.000000e+00 4.813585e-15 -0.000000e+00
    outer loop
      vertex   1.975000e+01 -6.886266e-01 0.000000e+00
      vertex   1.975000e+01 1.525553e+00 8.827969e+00
      vertex   1.975000e+01 -6.886266e-01 1.700000e+01
    endloop
  endfacet
  facet normal 1.000000e+00 2.926091e-15 -5.114090e-16
    outer loop
      vertex   1.975000e+01 -6.886266e-01 1.700000e+01
      vertex   1.975000e+01 1.525553e+00 8.827969e+00
      vertex   1.975000e+01 1.638741e+00 9.475586e+00
    endloop
  endfacet
  facet normal 1.000000e+00 2.113835e-15 -7.626469e-16
    outer loop
      vertex   1.975000e+01 -6.886266e-01 1.700000e+01
      vertex   1.975000e+01 1.638741e+00 9.475586e+00
      vertex   1.975000e+01 1.861858e+00 1.009400e+01
    endloop
  endfacet
  facet normal 1.000000e+00 4.824085e-15 -3.621526e-15
    outer loop
      vertex   1.975000e+01 2.157642e+01 1.160159e+01
      vertex   1.975000e+01 2.215637e+01 1.139311e+01
      vertex   1.975000e+01 2.931137e+01 1.700000e+01
    endloop
  endfacet
  facet normal 1.000000e+00 8.585714e-16 1.438903e-15
    outer loop
      vertex   1.975000e+01 2.931137e+01 1.700000e+01
      vertex   1.975000e+01 2.215637e+01 1.139311e+01
      vertex   1.975000e+01 2.268559e+01 1.107733e+01
    endloop
  endfacet
  facet normal 1.000000e+00 1.073944e-15 1.197963e-15
    outer loop
      vertex   1.975000e+01 2.931137e+01 1.700000e+01
      vertex   1.975000e+01 2.268559e+01 1.107733e+01
      vertex   1.975000e+01 2.314448e+01 1.066595e+01
    endloop
  endfacet
  facet normal 1.000000e+00 1.297486e-15 9.803198e-16
    outer loop
      vertex   1.975000e+01 2.314448e+01 1.066595e+01
      vertex   1.975000e+01 2.351599e+01 1.017424e+01
      vertex   1.975000e+01 2.931137e+01 1.700000e+01
    endloop
  endfacet
  facet normal 1.000000e+00 1.556895e-15 7.600694e-16
    outer loop
      vertex   1.975000e+01 2.931137e+01 1.700000e+01
      vertex   1.975000e+01 2.351599e+01 1.017424e+01
      vertex   1.975000e+01 2.378635e+01 9.620436e+00
    endloop
  endfacet
  facet normal 1.000000e+00 1.895233e-15 5.067582e-16
    outer loop
      vertex   1.975000e+01 2.931137e+01 1.700000e+01
      vertex   1.975000e+01 2.378635e+01 9.620436e+00
      vertex   1.975000e+01 2.394555e+01 9.025072e+00
    endloop
  endfacet
  facet normal 1.000000e+00 2.403704e-15 1.646399e-16
    outer loop
      vertex   1.975000e+01 2.394555e+01 9.025072e+00
      vertex   1.975000e+01 2.398766e+01 8.410234e+00
      vertex   1.975000e+01 2.931137e+01 1.700000e+01
    endloop
  endfacet
  facet normal 1.000000e+00 1.475698e-15 -8.259697e-16
    outer loop
      vertex   1.975000e+01 2.371880e+01 7.213225e+00
      vertex   1.975000e+01 2.341780e+01 6.675453e+00
      vertex   1.975000e+01 2.931137e+01 0.000000e+00
    endloop
  endfacet
  facet normal 1.000000e+00 1.230127e-15 -1.042778e-15
    outer loop
      vertex   1.975000e+01 2.931137e+01 0.000000e+00
      vertex   1.975000e+01 2.341780e+01 6.675453e+00
      vertex   1.975000e+01 2.301930e+01 6.205352e+00
    endloop
  endfacet
  facet normal 1.000000e+00 1.011551e-15 -1.264408e-15
    outer loop
      vertex   1.975000e+01 2.931137e+01 0.000000e+00
      vertex   1.975000e+01 2.301930e+01 6.205352e+00
      vertex   1.975000e+01 2.253807e+01 5.820360e+00
    endloop
  endfacet
  facet normal 1.000000e+00 7.937963e-16 -1.517815e-15
    outer loop
      vertex   1.975000e+01 2.253807e+01 5.820360e+00
      vertex   1.975000e+01 2.199196e+01 5.534755e+00
      vertex   1.975000e+01 2.931137e+01 0.000000e+00
    endloop
  endfacet
  facet normal 1.000000e+00 4.864817e-15 3.865886e-15
    outer loop
      vertex   1.975000e+01 2.931137e+01 0.000000e+00
      vertex   1.975000e+01 2.199196e+01 5.534755e+00
      vertex   1.975000e+01 2.140124e+01 5.359130e+00
    endloop
  endfacet
  facet normal 1.000000e+00 2.797077e-16 -2.901785e-15
    outer loop
      vertex   1.975000e+01 2.931137e+01 0.000000e+00
      vertex   1.975000e+01 2.140124e+01 5.359130e+00
      vertex   1.975000e+01 2.078780e+01 5.300000e+00
    endloop
  endfacet
  facet normal 1.000000e+00 1.223023e-15 -1.384726e-15
    outer loop
      vertex   1.975000e+01 2.078780e+01 5.300000e+00
      vertex   1.975000e+01 5.596270e+00 4.710695e+00
      vertex   1.975000e+01 2.931137e+01 0.000000e+00
    endloop
  endfacet
  facet normal 1.000000e+00 7.932361e-16 2.120132e-15
    outer loop
      vertex   1.975000e+01 4.292639e+00 4.839101e+00
      vertex   1.975000e+01 3.676892e+00 5.069480e+00
      vertex   1.975000e+01 -6.886266e-01 0.000000e+00
    endloop
  endfacet
  facet normal 1.000000e+00 1.093726e-15 1.861370e-15
    outer loop
      vertex   1.975000e+01 -6.886266e-01 0.000000e+00
      vertex   1.975000e+01 3.676892e+00 5.069480e+00
      vertex   1.975000e+01 3.110067e+00 5.402541e+00
    endloop
  endfacet
  facet normal 1.000000e+00 1.399406e-15 1.646436e-15
    outer loop
      vertex   1.975000e+01 -6.886266e-01 0.000000e+00
      vertex   1.975000e+01 3.110067e+00 5.402541e+00
      vertex   1.975000e+01 2.609133e+00 5.828316e+00
    endloop
  endfacet
  facet normal 1.000000e+00 6.776803e-15 -1.396186e-15
    outer loop
      vertex   1.975000e+01 2.609133e+00 5.828316e+00
      vertex   1.975000e+01 2.189082e+00 6.334060e+00
      vertex   1.975000e+01 -6.886266e-01 0.000000e+00
    endloop
  endfacet
  facet normal 1.000000e+00 1.638885e-15 9.380885e-16
    outer loop
      vertex   1.975000e+01 -6.886266e-01 0.000000e+00
      vertex   1.975000e+01 2.189082e+00 6.334060e+00
      vertex   1.975000e+01 1.862488e+00 6.904635e+00
    endloop
  endfacet
  facet normal 1.000000e+00 2.112484e-15 7.631035e-16
    outer loop
      vertex   1.975000e+01 -6.886266e-01 0.000000e+00
      vertex   1.975000e+01 1.862488e+00 6.904635e+00
      vertex   1.975000e+01 1.639127e+00 7.522962e+00
    endloop
  endfacet
  facet normal 1.000000e+00 2.923525e-15 5.121515e-16
    outer loop
      vertex   1.975000e+01 1.639127e+00 7.522962e+00
      vertex   1.975000e+01 1.525683e+00 8.170535e+00
      vertex   1.975000e+01 -6.886266e-01 0.000000e+00
    endloop
  endfacet
  facet normal 1.000000e+00 4.809795e-15 9.505651e-19
    outer loop
      vertex   1.975000e+01 -6.886266e-01 0.000000e+00
      vertex   1.975000e+01 1.525683e+00 8.170535e+00
      vertex   1.975000e+01 1.525553e+00 8.827969e+00
    endloop
  endfacet
  facet normal 1.000000e+00 1.639760e-15 -9.377295e-16
    outer loop
      vertex   1.975000e+01 1.861858e+00 1.009400e+01
      vertex   1.975000e+01 2.188226e+00 1.066471e+01
      vertex   1.975000e+01 -6.886266e-01 1.700000e+01
    endloop
  endfacet
  facet normal 1.000000e+00 6.779457e-15 1.396203e-15
    outer loop
      vertex   1.975000e+01 -6.886266e-01 1.700000e+01
      vertex   1.975000e+01 2.188226e+00 1.066471e+01
      vertex   1.975000e+01 2.608077e+00 1.117062e+01
    endloop
  endfacet
  facet normal 1.000000e+00 1.400136e-15 -1.645975e-15
    outer loop
      vertex   1.975000e+01 -6.886266e-01 1.700000e+01
      vertex   1.975000e+01 2.608077e+00 1.117062e+01
      vertex   1.975000e+01 3.108843e+00 1.159659e+01
    endloop
  endfacet
  facet normal 1.000000e+00 1.094405e-15 -1.860840e-15
    outer loop
      vertex   1.975000e+01 3.108843e+00 1.159659e+01
      vertex   1.975000e+01 3.675536e+00 1.192987e+01
      vertex   1.975000e+01 -6.886266e-01 1.700000e+01
    endloop
  endfacet
  facet normal 1.000000e+00 7.939421e-16 -2.119467e-15
    outer loop
      vertex   1.975000e+01 -6.886266e-01 1.700000e+01
      vertex   1.975000e+01 3.675536e+00 1.192987e+01
      vertex   1.975000e+01 4.291192e+00 1.216050e+01
    endloop
  endfacet
  facet normal 1.000000e+00 4.611969e-16 -2.461859e-15
    outer loop
      vertex   1.975000e+01 -6.886266e-01 1.700000e+01
      vertex   1.975000e+01 4.291192e+00 1.216050e+01
      vertex   1.975000e+01 4.937385e+00 1.228155e+01
    endloop
  endfacet
  facet normal 1.000000e+00 -1.062103e-14 -1.567568e-14
    outer loop
      vertex   1.975000e+01 4.937385e+00 1.228155e+01
      vertex   1.975000e+01 5.594772e+00 1.228942e+01
      vertex   1.975000e+01 -6.886266e-01 1.700000e+01
    endloop
  endfacet
  facet normal -2.125335e-17 1.196457e-02 -9.999284e-01
    outer loop
      vertex   1.975000e+01 5.594772e+00 1.228942e+01
      vertex   1.975000e+01 4.937385e+00 1.228155e+01
      vertex   1.725000e+01 5.594772e+00 1.228942e+01
    endloop
  endfacet
  facet normal -6.657726e-03 -1.335480e-02 -9.998887e-01
    outer loop
      vertex   1.725000e+01 5.594772e+00 1.228942e+01
      vertex   1.975000e+01 4.937385e+00 1.228155e+01
      vertex   1.625000e+01 5.301868e+00 1.229999e+01
    endloop
  endfacet
  facet normal 1.426422e-02 -8.465499e-02 -9.963082e-01
    outer loop
      vertex   1.725000e+01 5.594772e+00 1.228942e+01
      vertex   1.625000e+01 5.301868e+00 1.229999e+01
      vertex   1.625000e+01 5.961874e+00 1.224391e+01
    endloop
  endfacet
  facet normal 4.089305e-03 8.964659e-02 -9.959652e-01
    outer loop
      vertex   1.625000e+01 5.301868e+00 1.229999e+01
      vertex   1.975000e+01 4.937385e+00 1.228155e+01
      vertex   1.625000e+01 4.642152e+00 1.224061e+01
    endloop
  endfacet
  facet normal -4.033698e-03 1.841321e-01 -9.828932e-01
    outer loop
      vertex   1.625000e+01 4.642152e+00 1.224061e+01
      vertex   1.975000e+01 4.937385e+00 1.228155e+01
      vertex   1.975000e+01 4.291192e+00 1.216050e+01
    endloop
  endfacet
  facet normal 4.100882e-03 2.612322e-01 -9.652673e-01
    outer loop
      vertex   1.625000e+01 4.642152e+00 1.224061e+01
      vertex   1.975000e+01 4.291192e+00 1.216050e+01
      vertex   1.625000e+01 4.002769e+00 1.206757e+01
    endloop
  endfacet
  facet normal -4.044347e-03 3.507882e-01 -9.364461e-01
    outer loop
      vertex   1.625000e+01 4.002769e+00 1.206757e+01
      vertex   1.975000e+01 4.291192e+00 1.216050e+01
      vertex   1.975000e+01 3.675536e+00 1.192987e+01
    endloop
  endfacet
  facet normal 4.110604e-03 4.248804e-01 -9.052402e-01
    outer loop
      vertex   1.625000e+01 4.002769e+00 1.206757e+01
      vertex   1.975000e+01 3.675536e+00 1.192987e+01
      vertex   1.625000e+01 3.403148e+00 1.178613e+01
    endloop
  endfacet
  facet normal -4.053141e-03 5.069446e-01 -8.619691e-01
    outer loop
      vertex   1.625000e+01 3.403148e+00 1.178613e+01
      vertex   1.975000e+01 3.675536e+00 1.192987e+01
      vertex   1.975000e+01 3.108843e+00 1.159659e+01
    endloop
  endfacet
  facet normal 4.118469e-03 5.756188e-01 -8.177078e-01
    outer loop
      vertex   1.625000e+01 3.403148e+00 1.178613e+01
      vertex   1.975000e+01 3.108843e+00 1.159659e+01
      vertex   1.625000e+01 2.861507e+00 1.140485e+01
    endloop
  endfacet
  facet normal -4.060078e-03 6.479269e-01 -7.616917e-01
    outer loop
      vertex   1.625000e+01 2.861507e+00 1.140485e+01
      vertex   1.975000e+01 3.108843e+00 1.159659e+01
      vertex   1.975000e+01 2.608077e+00 1.117062e+01
    endloop
  endfacet
  facet normal 4.124479e-03 7.088673e-01 -7.053298e-01
    outer loop
      vertex   1.625000e+01 2.861507e+00 1.140485e+01
      vertex   1.975000e+01 2.608077e+00 1.117062e+01
      vertex   1.625000e+01 2.394304e+00 1.093530e+01
    endloop
  endfacet
  facet normal -4.065160e-03 7.695155e-01 -6.386152e-01
    outer loop
      vertex   1.625000e+01 2.394304e+00 1.093530e+01
      vertex   1.975000e+01 2.608077e+00 1.117062e+01
      vertex   1.975000e+01 2.188226e+00 1.066471e+01
    endloop
  endfacet
  facet normal 4.128632e-03 8.205772e-01 -5.715208e-01
    outer loop
      vertex   1.625000e+01 2.394304e+00 1.093530e+01
      vertex   1.975000e+01 2.188226e+00 1.066471e+01
      vertex   1.625000e+01 2.015735e+00 1.039176e+01
    endloop
  endfacet
  facet normal -4.068385e-03 8.680709e-01 -4.964236e-01
    outer loop
      vertex   1.625000e+01 2.015735e+00 1.039176e+01
      vertex   1.975000e+01 2.188226e+00 1.066471e+01
      vertex   1.975000e+01 1.861858e+00 1.009400e+01
    endloop
  endfacet
  facet normal 4.130930e-03 9.073543e-01 -4.203463e-01
    outer loop
      vertex   1.625000e+01 2.015735e+00 1.039176e+01
      vertex   1.975000e+01 1.861858e+00 1.009400e+01
      vertex   1.625000e+01 1.737302e+00 9.790740e+00
    endloop
  endfacet
  facet normal -4.069755e-03 9.406431e-01 -3.393730e-01
    outer loop
      vertex   1.625000e+01 1.737302e+00 9.790740e+00
      vertex   1.975000e+01 1.861858e+00 1.009400e+01
      vertex   1.975000e+01 1.638741e+00 9.475586e+00
    endloop
  endfacet
  facet normal 4.131372e-03 9.665620e-01 -2.563999e-01
    outer loop
      vertex   1.625000e+01 1.737302e+00 9.790740e+00
      vertex   1.975000e+01 1.638741e+00 9.475586e+00
      vertex   1.625000e+01 1.567465e+00 9.150500e+00
    endloop
  endfacet
  facet normal -4.069269e-03 9.850598e-01 -1.721643e-01
    outer loop
      vertex   1.625000e+01 1.567465e+00 9.150500e+00
      vertex   1.975000e+01 1.638741e+00 9.475586e+00
      vertex   1.975000e+01 1.525553e+00 8.827969e+00
    endloop
  endfacet
  facet normal 4.129957e-03 9.964011e-01 -8.466288e-02
    outer loop
      vertex   1.625000e+01 1.567465e+00 9.150500e+00
      vertex   1.975000e+01 1.525553e+00 8.827969e+00
      vertex   1.625000e+01 1.511385e+00 8.490495e+00
    endloop
  endfacet
  facet normal -4.066927e-03 9.999917e-01 1.976295e-04
    outer loop
      vertex   1.625000e+01 1.511385e+00 8.490495e+00
      vertex   1.975000e+01 1.525553e+00 8.827969e+00
      vertex   1.975000e+01 1.525683e+00 8.170535e+00
    endloop
  endfacet
  facet normal 4.126687e-03 9.959651e-01 8.964657e-02
    outer loop
      vertex   1.625000e+01 1.511385e+00 8.490495e+00
      vertex   1.975000e+01 1.525683e+00 8.170535e+00
      vertex   1.625000e+01 1.570766e+00 7.830778e+00
    endloop
  endfacet
  facet normal -4.062728e-03 9.849917e-01 1.725537e-01
    outer loop
      vertex   1.625000e+01 1.570766e+00 7.830778e+00
      vertex   1.975000e+01 1.525683e+00 8.170535e+00
      vertex   1.975000e+01 1.639127e+00 7.522962e+00
    endloop
  endfacet
  facet normal 4.121561e-03 9.652672e-01 2.612322e-01
    outer loop
      vertex   1.625000e+01 1.570766e+00 7.830778e+00
      vertex   1.975000e+01 1.639127e+00 7.522962e+00
      vertex   1.625000e+01 1.743804e+00 7.191395e+00
    endloop
  endfacet
  facet normal -4.056674e-03 9.405089e-01 3.397448e-01
    outer loop
      vertex   1.625000e+01 1.743804e+00 7.191395e+00
      vertex   1.975000e+01 1.639127e+00 7.522962e+00
      vertex   1.975000e+01 1.862488e+00 6.904635e+00
    endloop
  endfacet
  facet normal 4.114579e-03 9.052402e-01 4.248804e-01
    outer loop
      vertex   1.625000e+01 1.743804e+00 7.191395e+00
      vertex   1.975000e+01 1.862488e+00 6.904635e+00
      vertex   1.625000e+01 2.025240e+00 6.591774e+00
    endloop
  endfacet
  facet normal -4.048764e-03 8.678747e-01 4.967667e-01
    outer loop
      vertex   1.625000e+01 2.025240e+00 6.591774e+00
      vertex   1.975000e+01 1.862488e+00 6.904635e+00
      vertex   1.975000e+01 2.189082e+00 6.334060e+00
    endloop
  endfacet
  facet normal 4.105741e-03 8.177079e-01 5.756188e-01
    outer loop
      vertex   1.625000e+01 2.025240e+00 6.591774e+00
      vertex   1.975000e+01 2.189082e+00 6.334060e+00
      vertex   1.625000e+01 2.406524e+00 6.050133e+00
    endloop
  endfacet
  facet normal -4.038998e-03 7.692631e-01 6.389194e-01
    outer loop
      vertex   1.625000e+01 2.406524e+00 6.050133e+00
      vertex   1.975000e+01 2.189082e+00 6.334060e+00
      vertex   1.975000e+01 2.609133e+00 5.828316e+00
    endloop
  endfacet
  facet normal 4.095047e-03 7.053299e-01 7.088674e-01
    outer loop
      vertex   1.625000e+01 2.406524e+00 6.050133e+00
      vertex   1.975000e+01 2.609133e+00 5.828316e+00
      vertex   1.625000e+01 2.876070e+00 5.582930e+00
    endloop
  endfacet
  facet normal -4.027376e-03 6.476259e-01 7.619478e-01
    outer loop
      vertex   1.625000e+01 2.876070e+00 5.582930e+00
      vertex   1.975000e+01 2.609133e+00 5.828316e+00
      vertex   1.975000e+01 3.110067e+00 5.402541e+00
    endloop
  endfacet
  facet normal 4.082497e-03 5.715209e-01 8.205774e-01
    outer loop
      vertex   1.625000e+01 2.876070e+00 5.582930e+00
      vertex   1.975000e+01 3.110067e+00 5.402541e+00
      vertex   1.625000e+01 3.419611e+00 5.204361e+00
    endloop
  endfacet
  facet normal -4.013899e-03 5.066039e-01 8.621696e-01
    outer loop
      vertex   1.625000e+01 3.419611e+00 5.204361e+00
      vertex   1.975000e+01 3.110067e+00 5.402541e+00
      vertex   1.975000e+01 3.676892e+00 5.069480e+00
    endloop
  endfacet
  facet normal 4.068092e-03 4.203464e-01 9.073546e-01
    outer loop
      vertex   1.625000e+01 3.419611e+00 5.204361e+00
      vertex   1.975000e+01 3.676892e+00 5.069480e+00
      vertex   1.625000e+01 4.020633e+00 4.925928e+00
    endloop
  endfacet
  facet normal -3.998565e-03 3.504181e-01 9.365848e-01
    outer loop
      vertex   1.625000e+01 4.020633e+00 4.925928e+00
      vertex   1.975000e+01 3.676892e+00 5.069480e+00
      vertex   1.975000e+01 4.292639e+00 4.839101e+00
    endloop
  endfacet
  facet normal 4.051830e-03 2.564000e-01 9.665623e-01
    outer loop
      vertex   1.625000e+01 4.020633e+00 4.925928e+00
      vertex   1.975000e+01 4.292639e+00 4.839101e+00
      vertex   1.625000e+01 4.660873e+00 4.756092e+00
    endloop
  endfacet
  facet normal -3.981376e-03 1.837436e-01 9.829661e-01
    outer loop
      vertex   1.625000e+01 4.660873e+00 4.756092e+00
      vertex   1.975000e+01 4.292639e+00 4.839101e+00
      vertex   1.975000e+01 4.938880e+00 4.718301e+00
    endloop
  endfacet
  facet normal 4.033713e-03 8.466292e-02 9.964015e-01
    outer loop
      vertex   1.625000e+01 4.660873e+00 4.756092e+00
      vertex   1.975000e+01 4.938880e+00 4.718301e+00
      vertex   1.625000e+01 5.320879e+00 4.700012e+00
    endloop
  endfacet
  facet normal -3.962330e-03 1.156925e-02 9.999252e-01
    outer loop
      vertex   1.625000e+01 5.320879e+00 4.700012e+00
      vertex   1.975000e+01 4.938880e+00 4.718301e+00
      vertex   1.975000e+01 5.596270e+00 4.710695e+00
    endloop
  endfacet
  facet normal 8.232030e-17 -3.876255e-02 9.992485e-01
    outer loop
      vertex   1.625000e+01 5.320879e+00 4.700012e+00
      vertex   1.975000e+01 5.596270e+00 4.710695e+00
      vertex   1.725000e+01 5.596270e+00 4.710695e+00
    endloop
  endfacet
  facet normal 1.404682e-02 -8.963849e-02 9.958753e-01
    outer loop
      vertex   1.625000e+01 5.320879e+00 4.700012e+00
      vertex   1.725000e+01 5.596270e+00 4.710695e+00
      vertex   1.625000e+01 5.980595e+00 4.759393e+00
    endloop
  endfacet
  facet normal -1.432959e-02 -1.623022e-01 9.866370e-01
    outer loop
      vertex   1.625000e+01 5.980595e+00 4.759393e+00
      vertex   1.725000e+01 5.596270e+00 4.710695e+00
      vertex   1.725000e+01 6.255327e+00 4.819110e+00
    endloop
  endfacet
  facet normal 1.412450e-02 -2.612083e-01 9.651791e-01
    outer loop
      vertex   1.625000e+01 5.980595e+00 4.759393e+00
      vertex   1.725000e+01 6.255327e+00 4.819110e+00
      vertex   1.625000e+01 6.619978e+00 4.932430e+00
    endloop
  endfacet
  facet normal -1.440322e-02 -3.325422e-01 9.429784e-01
    outer loop
      vertex   1.625000e+01 6.619978e+00 4.932430e+00
      vertex   1.725000e+01 6.255327e+00 4.819110e+00
      vertex   1.725000e+01 6.885222e+00 5.041243e+00
    endloop
  endfacet
  facet normal 1.419407e-02 -4.248412e-01 9.051566e-01
    outer loop
      vertex   1.625000e+01 6.619978e+00 4.932430e+00
      vertex   1.725000e+01 6.885222e+00 5.041243e+00
      vertex   1.625000e+01 7.219599e+00 5.213866e+00
    endloop
  endfacet
  facet normal -1.446873e-02 -4.925082e-01 8.701875e-01
    outer loop
      vertex   1.625000e+01 7.219599e+00 5.213866e+00
      vertex   1.725000e+01 6.885222e+00 5.041243e+00
      vertex   1.725000e+01 7.466495e+00 5.370231e+00
    endloop
  endfacet
  facet normal 1.425553e-02 -5.755652e-01 8.176317e-01
    outer loop
      vertex   1.625000e+01 7.219599e+00 5.213866e+00
      vertex   1.725000e+01 7.466495e+00 5.370231e+00
      vertex   1.625000e+01 7.761240e+00 5.595150e+00
    endloop
  endfacet
  facet normal -1.452613e-02 -6.372585e-01 7.705132e-01
    outer loop
      vertex   1.625000e+01 7.761240e+00 5.595150e+00
      vertex   1.725000e+01 7.466495e+00 5.370231e+00
      vertex   1.725000e+01 7.981186e+00 5.795911e+00
    endloop
  endfacet
  facet normal 1.430887e-02 -7.088007e-01 7.052636e-01
    outer loop
      vertex   1.625000e+01 7.761240e+00 5.595150e+00
      vertex   1.725000e+01 7.981186e+00 5.795911e+00
      vertex   1.625000e+01 8.228443e+00 6.064696e+00
    endloop
  endfacet
  facet normal -1.457542e-02 -7.623211e-01 6.470349e-01
    outer loop
      vertex   1.625000e+01 8.228443e+00 6.064696e+00
      vertex   1.725000e+01 7.981186e+00 5.795911e+00
      vertex   1.725000e+01 8.413397e+00 6.305131e+00
    endloop
  endfacet
  facet normal 1.435411e-02 -8.204997e-01 5.714667e-01
    outer loop
      vertex   1.625000e+01 8.228443e+00 6.064696e+00
      vertex   1.725000e+01 8.413397e+00 6.305131e+00
      vertex   1.625000e+01 8.607012e+00 6.608238e+00
    endloop
  endfacet
  facet normal -1.461660e-02 -8.638324e-01 5.035672e-01
    outer loop
      vertex   1.625000e+01 8.607012e+00 6.608238e+00
      vertex   1.725000e+01 8.413397e+00 6.305131e+00
      vertex   1.725000e+01 8.749773e+00 6.882159e+00
    endloop
  endfacet
  facet normal 1.439123e-02 -9.072681e-01 4.203064e-01
    outer loop
      vertex   1.625000e+01 8.607012e+00 6.608238e+00
      vertex   1.725000e+01 8.749773e+00 6.882159e+00
      vertex   1.625000e+01 8.885445e+00 7.209260e+00
    endloop
  endfacet
  facet normal -1.464967e-02 -9.386564e-01 3.445425e-01
    outer loop
      vertex   1.625000e+01 8.885445e+00 7.209260e+00
      vertex   1.725000e+01 8.749773e+00 6.882159e+00
      vertex   1.725000e+01 8.979923e+00 7.509169e+00
    endloop
  endfacet
  facet normal 1.442025e-02 -9.664697e-01 2.563754e-01
    outer loop
      vertex   1.625000e+01 8.885445e+00 7.209260e+00
      vertex   1.725000e+01 8.979923e+00 7.509169e+00
      vertex   1.625000e+01 9.055282e+00 7.849500e+00
    endloop
  endfacet
  facet normal -1.467463e-02 -9.844815e-01 1.748737e-01
    outer loop
      vertex   1.625000e+01 9.055282e+00 7.849500e+00
      vertex   1.725000e+01 8.979923e+00 7.509169e+00
      vertex   1.725000e+01 9.096736e+00 8.166790e+00
    endloop
  endfacet
  facet normal 1.444115e-02 -9.963057e-01 8.465478e-02
    outer loop
      vertex   1.625000e+01 9.055282e+00 7.849500e+00
      vertex   1.725000e+01 9.096736e+00 8.166790e+00
      vertex   1.625000e+01 9.111362e+00 8.509505e+00
    endloop
  endfacet
  facet normal -1.469147e-02 -9.998921e-01 -1.976098e-04
    outer loop
      vertex   1.625000e+01 9.111362e+00 8.509505e+00
      vertex   1.725000e+01 9.096736e+00 8.166790e+00
      vertex   1.725000e+01 9.096604e+00 8.834706e+00
    endloop
  endfacet
  facet normal 1.445394e-02 -9.958695e-01 -8.963797e-02
    outer loop
      vertex   1.625000e+01 9.111362e+00 8.509505e+00
      vertex   1.725000e+01 9.096604e+00 8.834706e+00
      vertex   1.625000e+01 9.051981e+00 9.169222e+00
    endloop
  endfacet
  facet normal -1.470020e-02 -9.844119e-01 -1.752627e-01
    outer loop
      vertex   1.625000e+01 9.051981e+00 9.169222e+00
      vertex   1.725000e+01 9.096604e+00 8.834706e+00
      vertex   1.725000e+01 8.979531e+00 9.492280e+00
    endloop
  endfacet
  facet normal 1.445861e-02 -9.651745e-01 -2.612071e-01
    outer loop
      vertex   1.625000e+01 9.051981e+00 9.169222e+00
      vertex   1.725000e+01 8.979531e+00 9.492280e+00
      vertex   1.625000e+01 8.878943e+00 9.808605e+00
    endloop
  endfacet
  facet normal -1.470082e-02 -9.385194e-01 -3.449132e-01
    outer loop
      vertex   1.625000e+01 8.878943e+00 9.808605e+00
      vertex   1.725000e+01 8.979531e+00 9.492280e+00
      vertex   1.725000e+01 8.749133e+00 1.011920e+01
    endloop
  endfacet
  facet normal 1.445518e-02 -9.051532e-01 -4.248396e-01
    outer loop
      vertex   1.625000e+01 8.878943e+00 9.808605e+00
      vertex   1.725000e+01 8.749133e+00 1.011920e+01
      vertex   1.625000e+01 8.597507e+00 1.040823e+01
    endloop
  endfacet
  facet normal -1.469333e-02 -8.636323e-01 -5.039080e-01
    outer loop
      vertex   1.625000e+01 8.597507e+00 1.040823e+01
      vertex   1.725000e+01 8.749133e+00 1.011920e+01
      vertex   1.725000e+01 8.412529e+00 1.069610e+01
    endloop
  endfacet
  facet normal 1.444363e-02 -8.176294e-01 -5.755636e-01
    outer loop
      vertex   1.625000e+01 8.597507e+00 1.040823e+01
      vertex   1.725000e+01 8.412529e+00 1.069610e+01
      vertex   1.625000e+01 8.216223e+00 1.094987e+01
    endloop
  endfacet
  facet normal -1.467773e-02 -7.620641e-01 -6.473351e-01
    outer loop
      vertex   1.625000e+01 8.216223e+00 1.094987e+01
      vertex   1.725000e+01 8.412529e+00 1.069610e+01
      vertex   1.725000e+01 7.980117e+00 1.120514e+01
    endloop
  endfacet
  facet normal 1.442397e-02 -7.052624e-01 -7.087996e-01
    outer loop
      vertex   1.625000e+01 8.216223e+00 1.094987e+01
      vertex   1.725000e+01 7.980117e+00 1.120514e+01
      vertex   1.625000e+01 7.746677e+00 1.141707e+01
    endloop
  endfacet
  facet normal -1.465402e-02 -6.369527e-01 -7.707636e-01
    outer loop
      vertex   1.625000e+01 7.746677e+00 1.141707e+01
      vertex   1.725000e+01 7.980117e+00 1.120514e+01
      vertex   1.725000e+01 7.465257e+00 1.163062e+01
    endloop
  endfacet
  facet normal 1.439620e-02 -5.714664e-01 -8.204992e-01
    outer loop
      vertex   1.625000e+01 7.746677e+00 1.141707e+01
      vertex   1.725000e+01 7.465257e+00 1.163062e+01
      vertex   1.625000e+01 7.203136e+00 1.179564e+01
    endloop
  endfacet
  facet normal -1.462219e-02 -4.921632e-01 -8.703802e-01
    outer loop
      vertex   1.625000e+01 7.203136e+00 1.179564e+01
      vertex   1.725000e+01 7.465257e+00 1.163062e+01
      vertex   1.725000e+01 6.883855e+00 1.195938e+01
    endloop
  endfacet
  facet normal 1.436032e-02 -4.203066e-01 -9.072685e-01
    outer loop
      vertex   1.625000e+01 7.203136e+00 1.179564e+01
      vertex   1.725000e+01 6.883855e+00 1.195938e+01
      vertex   1.625000e+01 6.602114e+00 1.207407e+01
    endloop
  endfacet
  facet normal -1.458225e-02 -3.321686e-01 -9.431073e-01
    outer loop
      vertex   1.625000e+01 6.602114e+00 1.207407e+01
      vertex   1.725000e+01 6.883855e+00 1.195938e+01
      vertex   1.725000e+01 6.253872e+00 1.218126e+01
    endloop
  endfacet
  facet normal 1.431632e-02 -2.563758e-01 -9.664712e-01
    outer loop
      vertex   1.625000e+01 6.602114e+00 1.207407e+01
      vertex   1.725000e+01 6.253872e+00 1.218126e+01
      vertex   1.625000e+01 5.961874e+00 1.224391e+01
    endloop
  endfacet
  facet normal -1.453420e-02 -1.619117e-01 -9.866982e-01
    outer loop
      vertex   1.625000e+01 5.961874e+00 1.224391e+01
      vertex   1.725000e+01 6.253872e+00 1.218126e+01
      vertex   1.725000e+01 5.594772e+00 1.228942e+01
    endloop
  endfacet
  facet normal 9.348014e-01 3.551710e-01 -0.000000e+00
    outer loop
      vertex   1.975000e+01 2.931137e+01 0.000000e+00
      vertex   1.479334e+01 4.235719e+01 0.000000e+00
      vertex   1.975000e+01 2.931137e+01 1.700000e+01
    endloop
  endfacet
  facet normal 9.348014e-01 3.551710e-01 -2.661146e-17
    outer loop
      vertex   1.975000e+01 2.931137e+01 1.700000e+01
      vertex   1.479334e+01 4.235719e+01 0.000000e+00
      vertex   1.479334e+01 4.235719e+01 1.700000e+01
    endloop
  endfacet
  facet normal 9.282598e-01 3.719324e-01 -0.000000e+00
    outer loop
      vertex   1.479334e+01 4.235719e+01 0.000000e+00
      vertex   1.347486e+01 4.564781e+01 0.000000e+00
      vertex   1.479334e+01 4.235719e+01 1.700000e+01
    endloop
  endfacet
  facet normal 9.282598e-01 3.719324e-01 -2.193903e-21
    outer loop
      vertex   1.479334e+01 4.235719e+01 1.700000e+01
      vertex   1.347486e+01 4.564781e+01 0.000000e+00
      vertex   1.347486e+01 4.564781e+01 1.700000e+01
    endloop
  endfacet
  facet normal -9.282598e-01 -3.719324e-01 0.000000e+00
    outer loop
      vertex   1.110673e+01 4.214781e+01 0.000000e+00
      vertex   1.625000e+01 2.931137e+01 0.000000e+00
      vertex   1.110673e+01 4.214781e+01 1.700000e+01
    endloop
  endfacet
  facet normal -9.282598e-01 -3.719324e-01 -1.147216e-17
    outer loop
      vertex   1.110673e+01 4.214781e+01 1.700000e+01
      vertex   1.625000e+01 2.931137e+01 0.000000e+00
      vertex   1.625000e+01 2.931137e+01 1.700000e+01
    endloop
  endfacet
  facet normal -1.000000e+00 -1.158667e-16 -1.363640e-15
    outer loop
      vertex   1.625000e+01 4.660873e+00 4.756092e+00
      vertex   1.625000e+01 5.320879e+00 4.700012e+00
      vertex   1.625000e+01 -6.886266e-01 0.000000e+00
    endloop
  endfacet
  facet normal -1.000000e+00 1.537732e-16 -1.708406e-15
    outer loop
      vertex   1.625000e+01 -6.886266e-01 0.000000e+00
      vertex   1.625000e+01 5.320879e+00 4.700012e+00
      vertex   1.625000e+01 5.980595e+00 4.759393e+00
    endloop
  endfacet
  facet normal -1.000000e+00 6.508592e-16 -2.404961e-15
    outer loop
      vertex   1.625000e+01 -6.886266e-01 0.000000e+00
      vertex   1.625000e+01 5.980595e+00 4.759393e+00
      vertex   1.625000e+01 6.619978e+00 4.932430e+00
    endloop
  endfacet
  facet normal -1.000000e+00 -1.184238e-16 -1.265079e-15
    outer loop
      vertex   1.625000e+01 -6.886266e-01 0.000000e+00
      vertex   1.625000e+01 6.619978e+00 4.932430e+00
      vertex   1.625000e+01 2.931137e+01 0.000000e+00
    endloop
  endfacet
  facet normal -1.000000e+00 1.070084e-16 -2.279897e-16
    outer loop
      vertex   1.625000e+01 2.931137e+01 0.000000e+00
      vertex   1.625000e+01 6.619978e+00 4.932430e+00
      vertex   1.625000e+01 7.219599e+00 5.213866e+00
    endloop
  endfacet
  facet normal -1.000000e+00 1.204373e-16 -1.710899e-16
    outer loop
      vertex   1.625000e+01 2.931137e+01 0.000000e+00
      vertex   1.625000e+01 7.219599e+00 5.213866e+00
      vertex   1.625000e+01 7.761240e+00 5.595150e+00
    endloop
  endfacet
  facet normal -1.000000e+00 1.310125e-16 -1.303587e-16
    outer loop
      vertex   1.625000e+01 7.761240e+00 5.595150e+00
      vertex   1.625000e+01 8.228443e+00 6.064696e+00
      vertex   1.625000e+01 2.931137e+01 0.000000e+00
    endloop
  endfacet
  facet normal -1.000000e+00 -1.425996e-15 -5.543045e-15
    outer loop
      vertex   1.625000e+01 2.931137e+01 0.000000e+00
      vertex   1.625000e+01 8.228443e+00 6.064696e+00
      vertex   1.625000e+01 8.607012e+00 6.608238e+00
    endloop
  endfacet
  facet normal -1.000000e+00 2.989778e-16 -1.385062e-16
    outer loop
      vertex   1.625000e+01 2.931137e+01 0.000000e+00
      vertex   1.625000e+01 8.607012e+00 6.608238e+00
      vertex   1.625000e+01 8.885445e+00 7.209260e+00
    endloop
  endfacet
  facet normal -1.000000e+00 3.180823e-16 -8.437770e-17
    outer loop
      vertex   1.625000e+01 8.885445e+00 7.209260e+00
      vertex   1.625000e+01 9.055282e+00 7.849500e+00
      vertex   1.625000e+01 2.931137e+01 0.000000e+00
    endloop
  endfacet
  facet normal -1.000000e+00 3.395980e-16 -2.885519e-17
    outer loop
      vertex   1.625000e+01 2.931137e+01 0.000000e+00
      vertex   1.625000e+01 9.055282e+00 7.849500e+00
      vertex   1.625000e+01 9.111362e+00 8.509505e+00
    endloop
  endfacet
  facet normal -1.000000e+00 3.517536e-16 0.000000e+00
    outer loop
      vertex   1.625000e+01 2.931137e+01 0.000000e+00
      vertex   1.625000e+01 9.111362e+00 8.509505e+00
      vertex   1.625000e+01 2.931137e+01 1.700000e+01
    endloop
  endfacet
  facet normal -1.000000e+00 3.389308e-16 3.050708e-17
    outer loop
      vertex   1.625000e+01 2.931137e+01 1.700000e+01
      vertex   1.625000e+01 9.111362e+00 8.509505e+00
      vertex   1.625000e+01 9.051981e+00 9.169222e+00
    endloop
  endfacet
  facet normal -1.000000e+00 3.175092e-16 8.592814e-17
    outer loop
      vertex   1.625000e+01 2.931137e+01 1.700000e+01
      vertex   1.625000e+01 9.051981e+00 9.169222e+00
      vertex   1.625000e+01 8.878943e+00 9.808605e+00
    endloop
  endfacet
  facet normal -1.000000e+00 2.984501e-16 1.400795e-16
    outer loop
      vertex   1.625000e+01 8.878943e+00 9.808605e+00
      vertex   1.625000e+01 8.597507e+00 1.040823e+01
      vertex   1.625000e+01 2.931137e+01 1.700000e+01
    endloop
  endfacet
  facet normal -1.000000e+00 -1.425061e-15 5.556008e-15
    outer loop
      vertex   1.625000e+01 2.931137e+01 1.700000e+01
      vertex   1.625000e+01 8.597507e+00 1.040823e+01
      vertex   1.625000e+01 8.216223e+00 1.094987e+01
    endloop
  endfacet
  facet normal -1.000000e+00 1.307316e-16 1.313873e-16
    outer loop
      vertex   1.625000e+01 2.931137e+01 1.700000e+01
      vertex   1.625000e+01 8.216223e+00 1.094987e+01
      vertex   1.625000e+01 7.746677e+00 1.141707e+01
    endloop
  endfacet
  facet normal -1.000000e+00 1.201030e-16 1.724414e-16
    outer loop
      vertex   1.625000e+01 7.746677e+00 1.141707e+01
      vertex   1.625000e+01 7.203136e+00 1.179564e+01
      vertex   1.625000e+01 2.931137e+01 1.700000e+01
    endloop
  endfacet
  facet normal -1.000000e+00 1.065527e-16 2.300034e-16
    outer loop
      vertex   1.625000e+01 2.931137e+01 1.700000e+01
      vertex   1.625000e+01 7.203136e+00 1.179564e+01
      vertex   1.625000e+01 6.602114e+00 1.207407e+01
    endloop
  endfacet
  facet normal -1.000000e+00 -1.184238e-16 1.267178e-15
    outer loop
      vertex   1.625000e+01 2.931137e+01 1.700000e+01
      vertex   1.625000e+01 6.602114e+00 1.207407e+01
      vertex   1.625000e+01 -6.886266e-01 1.700000e+01
    endloop
  endfacet
  facet normal -1.000000e+00 6.299837e-16 2.374877e-15
    outer loop
      vertex   1.625000e+01 -6.886266e-01 1.700000e+01
      vertex   1.625000e+01 6.602114e+00 1.207407e+01
      vertex   1.625000e+01 5.961874e+00 1.224391e+01
    endloop
  endfacet
  facet normal -1.000000e+00 1.440558e-16 1.695398e-15
    outer loop
      vertex   1.625000e+01 -6.886266e-01 1.700000e+01
      vertex   1.625000e+01 5.961874e+00 1.224391e+01
      vertex   1.625000e+01 5.301868e+00 1.229999e+01
    endloop
  endfacet
  facet normal -1.000000e+00 -1.220713e-16 1.356201e-15
    outer loop
      vertex   1.625000e+01 5.301868e+00 1.229999e+01
      vertex   1.625000e+01 4.642152e+00 1.224061e+01
      vertex   1.625000e+01 -6.886266e-01 1.700000e+01
    endloop
  endfacet
  facet normal -1.000000e+00 -4.574020e-15 -3.630224e-15
    outer loop
      vertex   1.625000e+01 -6.886266e-01 1.700000e+01
      vertex   1.625000e+01 4.642152e+00 1.224061e+01
      vertex   1.625000e+01 4.002769e+00 1.206757e+01
    endloop
  endfacet
  facet normal -1.000000e+00 -2.337263e-16 4.979718e-16
    outer loop
      vertex   1.625000e+01 -6.886266e-01 1.700000e+01
      vertex   1.625000e+01 4.002769e+00 1.206757e+01
      vertex   1.625000e+01 3.403148e+00 1.178613e+01
    endloop
  endfacet
  facet normal -1.000000e+00 -3.089734e-16 4.389189e-16
    outer loop
      vertex   1.625000e+01 3.403148e+00 1.178613e+01
      vertex   1.625000e+01 2.861507e+00 1.140485e+01
      vertex   1.625000e+01 -6.886266e-01 1.700000e+01
    endloop
  endfacet
  facet normal -1.000000e+00 -3.896647e-16 3.877201e-16
    outer loop
      vertex   1.625000e+01 -6.886266e-01 1.700000e+01
      vertex   1.625000e+01 2.861507e+00 1.140485e+01
      vertex   1.625000e+01 2.394304e+00 1.093530e+01
    endloop
  endfacet
  facet normal -1.000000e+00 -4.862130e-16 3.386407e-16
    outer loop
      vertex   1.625000e+01 -6.886266e-01 1.700000e+01
      vertex   1.625000e+01 2.394304e+00 1.093530e+01
      vertex   1.625000e+01 2.015735e+00 1.039176e+01
    endloop
  endfacet
  facet normal -1.000000e+00 -6.161773e-16 2.854540e-16
    outer loop
      vertex   1.625000e+01 2.015735e+00 1.039176e+01
      vertex   1.625000e+01 1.737302e+00 9.790740e+00
      vertex   1.625000e+01 -6.886266e-01 1.700000e+01
    endloop
  endfacet
  facet normal -1.000000e+00 -8.189130e-16 2.172331e-16
    outer loop
      vertex   1.625000e+01 -6.886266e-01 1.700000e+01
      vertex   1.625000e+01 1.737302e+00 9.790740e+00
      vertex   1.625000e+01 1.567465e+00 9.150500e+00
    endloop
  endfacet
  facet normal -1.000000e+00 -1.215412e-15 1.032719e-16
    outer loop
      vertex   1.625000e+01 -6.886266e-01 1.700000e+01
      vertex   1.625000e+01 1.567465e+00 9.150500e+00
      vertex   1.625000e+01 1.511385e+00 8.490495e+00
    endloop
  endfacet
  facet normal -1.000000e+00 -1.614861e-15 -0.000000e+00
    outer loop
      vertex   1.625000e+01 -6.886266e-01 1.700000e+01
      vertex   1.625000e+01 1.511385e+00 8.490495e+00
      vertex   1.625000e+01 -6.886266e-01 0.000000e+00
    endloop
  endfacet
  facet normal -1.000000e+00 -1.198525e-15 -1.078789e-16
    outer loop
      vertex   1.625000e+01 -6.886266e-01 0.000000e+00
      vertex   1.625000e+01 1.511385e+00 8.490495e+00
      vertex   1.625000e+01 1.570766e+00 7.830778e+00
    endloop
  endfacet
  facet normal -1.000000e+00 -8.113716e-16 -2.195831e-16
    outer loop
      vertex   1.625000e+01 -6.886266e-01 0.000000e+00
      vertex   1.625000e+01 1.570766e+00 7.830778e+00
      vertex   1.625000e+01 1.743804e+00 7.191395e+00
    endloop
  endfacet
  facet normal -1.000000e+00 -6.117186e-16 -2.871141e-16
    outer loop
      vertex   1.625000e+01 1.743804e+00 7.191395e+00
      vertex   1.625000e+01 2.025240e+00 6.591774e+00
      vertex   1.625000e+01 -6.886266e-01 0.000000e+00
    endloop
  endfacet
  facet normal -1.000000e+00 -4.830934e-16 -3.400697e-16
    outer loop
      vertex   1.625000e+01 -6.886266e-01 0.000000e+00
      vertex   1.625000e+01 2.025240e+00 6.591774e+00
      vertex   1.625000e+01 2.406524e+00 6.050133e+00
    endloop
  endfacet
  facet normal -1.000000e+00 -3.871903e-16 -3.891322e-16
    outer loop
      vertex   1.625000e+01 -6.886266e-01 0.000000e+00
      vertex   1.625000e+01 2.406524e+00 6.050133e+00
      vertex   1.625000e+01 2.876070e+00 5.582930e+00
    endloop
  endfacet
  facet normal -1.000000e+00 -3.067829e-16 -4.404723e-16
    outer loop
      vertex   1.625000e+01 2.876070e+00 5.582930e+00
      vertex   1.625000e+01 3.419611e+00 5.204361e+00
      vertex   1.625000e+01 -6.886266e-01 0.000000e+00
    endloop
  endfacet
  facet normal -1.000000e+00 -2.315632e-16 -4.998494e-16
    outer loop
      vertex   1.625000e+01 -6.886266e-01 0.000000e+00
      vertex   1.625000e+01 3.419611e+00 5.204361e+00
      vertex   1.625000e+01 4.020633e+00 4.925928e+00
    endloop
  endfacet
  facet normal -1.000000e+00 -4.579086e-15 3.656446e-15
    outer loop
      vertex   1.625000e+01 -6.886266e-01 0.000000e+00
      vertex   1.625000e+01 4.020633e+00 4.925928e+00
      vertex   1.625000e+01 4.660873e+00 4.756092e+00
    endloop
  endfacet
  facet normal -6.661338e-16 -1.000000e+00 0.000000e+00
    outer loop
      vertex   1.625000e+01 -6.886266e-01 0.000000e+00
      vertex   1.975000e+01 -6.886266e-01 0.000000e+00
      vertex   1.625000e+01 -6.886266e-01 1.700000e+01
    endloop
  endfacet
  facet normal -6.661338e-16 -1.000000e+00 0.000000e+00
    outer loop
      vertex   1.625000e+01 -6.886266e-01 1.700000e+01
      vertex   1.975000e+01 -6.886266e-01 0.000000e+00
      vertex   1.975000e+01 -6.886266e-01 1.700000e+01
    endloop
  endfacet
  facet normal -9.348014e-01 3.551710e-01 0.000000e+00
    outer loop
      vertex   -1.479334e+01 4.235719e+01 0.000000e+00
      vertex   -1.975000e+01 2.931137e+01 0.000000e+00
      vertex   -1.479334e+01 4.235719e+01 1.700000e+01
    endloop
  endfacet
  facet normal -9.348014e-01 3.551710e-01 2.661146e-17
    outer loop
      vertex   -1.479334e+01 4.235719e+01 1.700000e+01
      vertex   -1.975000e+01 2.931137e+01 0.000000e+00
      vertex   -1.975000e+01 2.931137e+01 1.700000e+01
    endloop
  endfacet
  facet normal -9.282598e-01 3.719324e-01 0.000000e+00
    outer loop
      vertex   -1.347486e+01 4.564781e+01 0.000000e+00
      vertex   -1.479334e+01 4.235719e+01 0.000000e+00
      vertex   -1.347486e+01 4.564781e+01 1.700000e+01
    endloop
  endfacet
  facet normal -9.282598e-01 3.719324e-01 2.193903e-21
    outer loop
      vertex   -1.347486e+01 4.564781e+01 1.700000e+01
      vertex   -1.479334e+01 4.235719e+01 0.000000e+00
      vertex   -1.479334e+01 4.235719e+01 1.700000e+01
    endloop
  endfacet
  facet normal 0.000000e+00 -1.000000e+00 0.000000e+00
    outer loop
      vertex   -1.110673e+01 4.214781e+01 0.000000e+00
      vertex   1.110673e+01 4.214781e+01 0.000000e+00
      vertex   -1.110673e+01 4.214781e+01 1.700000e+01
    endloop
  endfacet
  facet normal 0.000000e+00 -1.000000e+00 0.000000e+00
    outer loop
      vertex   -1.110673e+01 4.214781e+01 1.700000e+01
      vertex   1.110673e+01 4.214781e+01 0.000000e+00
      vertex   1.110673e+01 4.214781e+01 1.700000e+01
    endloop
  endfacet
  facet normal 9.282598e-01 -3.719324e-01 0.000000e+00
    outer loop
      vertex   -1.625000e+01 2.931137e+01 0.000000e+00
      vertex   -1.110673e+01 4.214781e+01 0.000000e+00
      vertex   -1.625000e+01 2.931137e+01 1.700000e+01
    endloop
  endfacet
  facet normal 9.282598e-01 -3.719324e-01 1.147216e-17
    outer loop
      vertex   -1.625000e+01 2.931137e+01 1.700000e+01
      vertex   -1.110673e+01 4.214781e+01 0.000000e+00
      vertex   -1.110673e+01 4.214781e+01 1.700000e+01
    endloop
  endfacet
  facet normal 0.000000e+00 0.000000e+00 1.000000e+00
    outer loop
      vertex   -1.975000e+01 -6.886266e-01 1.700000e+01
      vertex   -1.625000e+01 -6.886266e-01 1.700000e+01
      vertex   -1.975000e+01 2.931137e+01 1.700000e+01
    endloop
  endfacet
  facet normal -0.000000e+00 0.000000e+00 1.000000e+00
    outer loop
      vertex   -1.975000e+01 2.931137e+01 1.700000e+01
      vertex   -1.625000e+01 -6.886266e-01 1.700000e+01
      vertex   -1.625000e+01 2.931137e+01 1.700000e+01
    endloop
  endfacet
  facet normal 0.000000e+00 0.000000e+00 1.000000e+00
    outer loop
      vertex   -1.975000e+01 2.931137e+01 1.700000e+01
      vertex   -1.625000e+01 2.931137e+01 1.700000e+01
      vertex   -1.479334e+01 4.235719e+01 1.700000e+01
    endloop
  endfacet
  facet normal 0.000000e+00 0.000000e+00 1.000000e+00
    outer loop
      vertex   -1.479334e+01 4.235719e+01 1.700000e+01
      vertex   -1.625000e+01 2.931137e+01 1.700000e+01
      vertex   -1.110673e+01 4.214781e+01 1.700000e+01
    endloop
  endfacet
  facet normal -0.000000e+00 0.000000e+00 1.000000e+00
    outer loop
      vertex   -1.479334e+01 4.235719e+01 1.700000e+01
      vertex   -1.110673e+01 4.214781e+01 1.700000e+01
      vertex   -1.347486e+01 4.564781e+01 1.700000e+01
    endloop
  endfacet
  facet normal -0.000000e+00 0.000000e+00 1.000000e+00
    outer loop
      vertex   -1.347486e+01 4.564781e+01 1.700000e+01
      vertex   -1.110673e+01 4.214781e+01 1.700000e+01
      vertex   -1.347486e+01 5.064781e+01 1.700000e+01
    endloop
  endfacet
  facet normal -0.000000e+00 0.000000e+00 1.000000e+00
    outer loop
      vertex   -1.347486e+01 5.064781e+01 1.700000e+01
      vertex   -1.110673e+01 4.214781e+01 1.700000e+01
      vertex   -6.675141e+00 5.064781e+01 1.700000e+01
    endloop
  endfacet
  facet normal 0.000000e+00 0.000000e+00 1.000000e+00
    outer loop
      vertex   -6.675141e+00 5.064781e+01 1.700000e+01
      vertex   -1.110673e+01 4.214781e+01 1.700000e+01
      vertex   1.110673e+01 4.214781e+01 1.700000e+01
    endloop
  endfacet
  facet normal -0.000000e+00 0.000000e+00 1.000000e+00
    outer loop
      vertex   -6.675141e+00 5.064781e+01 1.700000e+01
      vertex   1.110673e+01 4.214781e+01 1.700000e+01
      vertex   1.347486e+01 8.394781e+01 1.700000e+01
    endloop
  endfacet
  facet normal 0.000000e+00 0.000000e+00 1.000000e+00
    outer loop
      vertex   1.347486e+01 8.394781e+01 1.700000e+01
      vertex   1.110673e+01 4.214781e+01 1.700000e+01
      vertex   1.347486e+01 4.564781e+01 1.700000e+01
    endloop
  endfacet
  facet normal 0.000000e+00 0.000000e+00 1.000000e+00
    outer loop
      vertex   1.347486e+01 4.564781e+01 1.700000e+01
      vertex   1.110673e+01 4.214781e+01 1.700000e+01
      vertex   1.479334e+01 4.235719e+01 1.700000e+01
    endloop
  endfacet
  facet normal 0.000000e+00 0.000000e+00 1.000000e+00
    outer loop
      vertex   1.479334e+01 4.235719e+01 1.700000e+01
      vertex   1.110673e+01 4.214781e+01 1.700000e+01
      vertex   1.625000e+01 2.931137e+01 1.700000e+01
    endloop
  endfacet
  facet normal 0.000000e+00 0.000000e+00 1.000000e+00
    outer loop
      vertex   1.479334e+01 4.235719e+01 1.700000e+01
      vertex   1.625000e+01 2.931137e+01 1.700000e+01
      vertex   1.975000e+01 2.931137e+01 1.700000e+01
    endloop
  endfacet
  facet normal 0.000000e+00 0.000000e+00 1.000000e+00
    outer loop
      vertex   1.975000e+01 2.931137e+01 1.700000e+01
      vertex   1.625000e+01 2.931137e+01 1.700000e+01
      vertex   1.975000e+01 -6.886266e-01 1.700000e+01
    endloop
  endfacet
  facet normal 0.000000e+00 0.000000e+00 1.000000e+00
    outer loop
      vertex   1.975000e+01 -6.886266e-01 1.700000e+01
      vertex   1.625000e+01 2.931137e+01 1.700000e+01
      vertex   1.625000e+01 -6.886266e-01 1.700000e+01
    endloop
  endfacet
  facet normal 0.000000e+00 0.000000e+00 1.000000e+00
    outer loop
      vertex   1.347486e+01 8.394781e+01 1.700000e+01
      vertex   -6.675141e+00 8.394781e+01 1.700000e+01
      vertex   -6.675141e+00 5.064781e+01 1.700000e+01
    endloop
  endfacet
  facet normal -1.000000e+00 -3.487704e-15 1.248096e-14
    outer loop
      vertex   -1.975000e+01 8.005081e+00 9.053571e+00
      vertex   -1.975000e+01 2.931137e+01 1.700000e+01
      vertex   -1.975000e+01 8.061373e+00 8.500000e+00
    endloop
  endfacet
  facet normal -1.000000e+00 1.504679e-15 1.397567e-31
    outer loop
      vertex   -1.975000e+01 8.061373e+00 8.500000e+00
      vertex   -1.975000e+01 2.931137e+01 1.700000e+01
      vertex   -1.975000e+01 2.931137e+01 0.000000e+00
    endloop
  endfacet
  facet normal -1.000000e+00 -3.487704e-15 -1.248096e-14
    outer loop
      vertex   -1.975000e+01 8.061373e+00 8.500000e+00
      vertex   -1.975000e+01 2.931137e+01 0.000000e+00
      vertex   -1.975000e+01 8.005081e+00 7.946429e+00
    endloop
  endfacet
  facet normal -1.000000e+00 1.044938e-15 -3.278513e-16
    outer loop
      vertex   -1.975000e+01 8.005081e+00 7.946429e+00
      vertex   -1.975000e+01 2.931137e+01 0.000000e+00
      vertex   -1.975000e+01 7.838507e+00 7.415521e+00
    endloop
  endfacet
  facet normal -1.000000e+00 9.718697e-16 -5.394317e-16
    outer loop
      vertex   -1.975000e+01 7.838507e+00 7.415521e+00
      vertex   -1.975000e+01 2.931137e+01 0.000000e+00
      vertex   -1.975000e+01 7.568473e+00 6.929012e+00
    endloop
  endfacet
  facet normal -1.000000e+00 8.980810e-16 -7.709772e-16
    outer loop
      vertex   -1.975000e+01 7.568473e+00 6.929012e+00
      vertex   -1.975000e+01 2.931137e+01 0.000000e+00
      vertex   -1.975000e+01 7.206032e+00 6.506820e+00
    endloop
  endfacet
  facet normal -1.000000e+00 8.150707e-16 -1.052985e-15
    outer loop
      vertex   -1.975000e+01 7.206032e+00 6.506820e+00
      vertex   -1.975000e+01 2.931137e+01 0.000000e+00
      vertex   -1.975000e+01 6.766024e+00 6.166228e+00
    endloop
  endfacet
  facet normal -1.000000e+00 3.254000e-15 7.864381e-15
    outer loop
      vertex   -1.975000e+01 6.766024e+00 6.166228e+00
      vertex   -1.975000e+01 2.931137e+01 0.000000e+00
      vertex   -1.975000e+01 6.266463e+00 5.921182e+00
    endloop
  endfacet
  facet normal -1.000000e+00 1.421085e-15 7.307795e-16
    outer loop
      vertex   -1.975000e+01 6.266463e+00 5.921182e+00
      vertex   -1.975000e+01 2.931137e+01 0.000000e+00
      vertex   -1.975000e+01 -6.886266e-01 0.000000e+00
    endloop
  endfacet
  facet normal -1.000000e+00 -8.929860e-16 3.448915e-15
    outer loop
      vertex   -1.975000e+01 6.266463e+00 5.921182e+00
      vertex   -1.975000e+01 -6.886266e-01 0.000000e+00
      vertex   -1.975000e+01 5.727800e+00 5.781712e+00
    endloop
  endfacet
  facet normal -1.000000e+00 -1.320844e-16 2.604482e-15
    outer loop
      vertex   -1.975000e+01 5.727800e+00 5.781712e+00
      vertex   -1.975000e+01 -6.886266e-01 0.000000e+00
      vertex   -1.975000e+01 5.172088e+00 5.753530e+00
    endloop
  endfacet
  facet normal -1.000000e+00 3.273050e-16 2.136534e-15
    outer loop
      vertex   -1.975000e+01 5.172088e+00 5.753530e+00
      vertex   -1.975000e+01 -6.886266e-01 0.000000e+00
      vertex   -1.975000e+01 4.622079e+00 5.837788e+00
    endloop
  endfacet
  facet normal -1.000000e+00 6.743567e-16 1.820817e-15
    outer loop
      vertex   -1.975000e+01 4.622079e+00 5.837788e+00
      vertex   -1.975000e+01 -6.886266e-01 0.000000e+00
      vertex   -1.975000e+01 4.100290e+00 6.031038e+00
    endloop
  endfacet
  facet normal -1.000000e+00 9.824425e-16 1.576183e-15
    outer loop
      vertex   -1.975000e+01 4.100290e+00 6.031038e+00
      vertex   -1.975000e+01 -6.886266e-01 0.000000e+00
      vertex   -1.975000e+01 3.628082e+00 6.325367e+00
    endloop
  endfacet
  facet normal -1.000000e+00 1.295312e-15 1.362667e-15
    outer loop
      vertex   -1.975000e+01 3.628082e+00 6.325367e+00
      vertex   -1.975000e+01 -6.886266e-01 0.000000e+00
      vertex   -1.975000e+01 3.224789e+00 6.708726e+00
    endloop
  endfacet
  facet normal -1.000000e+00 1.655731e-15 1.152423e-15
    outer loop
      vertex   -1.975000e+01 3.224789e+00 6.708726e+00
      vertex   -1.975000e+01 -6.886266e-01 0.000000e+00
      vertex   -1.975000e+01 2.906920e+00 7.165420e+00
    endloop
  endfacet
  facet normal -1.000000e+00 2.130413e-15 9.142321e-16
    outer loop
      vertex   -1.975000e+01 2.906920e+00 7.165420e+00
      vertex   -1.975000e+01 -6.886266e-01 0.000000e+00
      vertex   -1.975000e+01 2.687490e+00 7.676751e+00
    endloop
  endfacet
  facet normal -1.000000e+00 2.868718e-15 5.895366e-16
    outer loop
      vertex   -1.975000e+01 2.687490e+00 7.676751e+00
      vertex   -1.975000e+01 -6.886266e-01 0.000000e+00
      vertex   -1.975000e+01 2.575483e+00 8.221787e+00
    endloop
  endfacet
  facet normal -1.000000e+00 4.353670e-15 0.000000e+00
    outer loop
      vertex   -1.975000e+01 2.575483e+00 8.221787e+00
      vertex   -1.975000e+01 -6.886266e-01 0.000000e+00
      vertex   -1.975000e+01 2.575483e+00 8.778213e+00
    endloop
  endfacet
  facet normal -1.000000e+00 4.353670e-15 0.000000e+00
    outer loop
      vertex   -1.975000e+01 2.575483e+00 8.778213e+00
      vertex   -1.975000e+01 -6.886266e-01 0.000000e+00
      vertex   -1.975000e+01 -6.886266e-01 1.700000e+01
    endloop
  endfacet
  facet normal -1.000000e+00 2.868718e-15 -5.895366e-16
    outer loop
      vertex   -1.975000e+01 2.575483e+00 8.778213e+00
      vertex   -1.975000e+01 -6.886266e-01 1.700000e+01
      vertex   -1.975000e+01 2.687490e+00 9.323249e+00
    endloop
  endfacet
  facet normal -1.000000e+00 2.130413e-15 -9.142321e-16
    outer loop
      vertex   -1.975000e+01 2.687490e+00 9.323249e+00
      vertex   -1.975000e+01 -6.886266e-01 1.700000e+01
      vertex   -1.975000e+01 2.906920e+00 9.834580e+00
    endloop
  endfacet
  facet normal -1.000000e+00 1.655731e-15 -1.152423e-15
    outer loop
      vertex   -1.975000e+01 2.906920e+00 9.834580e+00
      vertex   -1.975000e+01 -6.886266e-01 1.700000e+01
      vertex   -1.975000e+01 3.224789e+00 1.029127e+01
    endloop
  endfacet
  facet normal -1.000000e+00 1.295312e-15 -1.362667e-15
    outer loop
      vertex   -1.975000e+01 3.224789e+00 1.029127e+01
      vertex   -1.975000e+01 -6.886266e-01 1.700000e+01
      vertex   -1.975000e+01 3.628082e+00 1.067463e+01
    endloop
  endfacet
  facet normal -1.000000e+00 9.824425e-16 -1.576183e-15
    outer loop
      vertex   -1.975000e+01 3.628082e+00 1.067463e+01
      vertex   -1.975000e+01 -6.886266e-01 1.700000e+01
      vertex   -1.975000e+01 4.100290e+00 1.096896e+01
    endloop
  endfacet
  facet normal -1.000000e+00 6.743567e-16 -1.820817e-15
    outer loop
      vertex   -1.975000e+01 4.100290e+00 1.096896e+01
      vertex   -1.975000e+01 -6.886266e-01 1.700000e+01
      vertex   -1.975000e+01 4.622079e+00 1.116221e+01
    endloop
  endfacet
  facet normal -1.000000e+00 3.273050e-16 -2.136534e-15
    outer loop
      vertex   -1.975000e+01 4.622079e+00 1.116221e+01
      vertex   -1.975000e+01 -6.886266e-01 1.700000e+01
      vertex   -1.975000e+01 5.172088e+00 1.124647e+01
    endloop
  endfacet
  facet normal -1.000000e+00 -1.320844e-16 -2.604482e-15
    outer loop
      vertex   -1.975000e+01 5.172088e+00 1.124647e+01
      vertex   -1.975000e+01 -6.886266e-01 1.700000e+01
      vertex   -1.975000e+01 5.727800e+00 1.121829e+01
    endloop
  endfacet
  facet normal -1.000000e+00 -8.929860e-16 -3.448915e-15
    outer loop
      vertex   -1.975000e+01 5.727800e+00 1.121829e+01
      vertex   -1.975000e+01 -6.886266e-01 1.700000e+01
      vertex   -1.975000e+01 6.266463e+00 1.107882e+01
    endloop
  endfacet
  facet normal -1.000000e+00 1.421085e-15 -7.307795e-16
    outer loop
      vertex   -1.975000e+01 6.266463e+00 1.107882e+01
      vertex   -1.975000e+01 -6.886266e-01 1.700000e+01
      vertex   -1.975000e+01 2.931137e+01 1.700000e+01
    endloop
  endfacet
  facet normal -1.000000e+00 3.254000e-15 -7.864381e-15
    outer loop
      vertex   -1.975000e+01 6.266463e+00 1.107882e+01
      vertex   -1.975000e+01 2.931137e+01 1.700000e+01
      vertex   -1.975000e+01 6.766024e+00 1.083377e+01
    endloop
  endfacet
  facet normal -1.000000e+00 8.150707e-16 1.052985e-15
    outer loop
      vertex   -1.975000e+01 6.766024e+00 1.083377e+01
      vertex   -1.975000e+01 2.931137e+01 1.700000e+01
      vertex   -1.975000e+01 7.206032e+00 1.049318e+01
    endloop
  endfacet
  facet normal -1.000000e+00 8.980810e-16 7.709772e-16
    outer loop
      vertex   -1.975000e+01 7.206032e+00 1.049318e+01
      vertex   -1.975000e+01 2.931137e+01 1.700000e+01
      vertex   -1.975000e+01 7.568473e+00 1.007099e+01
    endloop
  endfacet
  facet normal -1.000000e+00 9.718697e-16 5.394317e-16
    outer loop
      vertex   -1.975000e+01 7.568473e+00 1.007099e+01
      vertex   -1.975000e+01 2.931137e+01 1.700000e+01
      vertex   -1.975000e+01 7.838507e+00 9.584479e+00
    endloop
  endfacet
  facet normal -1.000000e+00 1.044938e-15 3.278513e-16
    outer loop
      vertex   -1.975000e+01 7.838507e+00 9.584479e+00
      vertex   -1.975000e+01 2.931137e+01 1.700000e+01
      vertex   -1.975000e+01 8.005081e+00 9.053571e+00
    endloop
  endfacet
  facet normal 1.000000e+00 1.606518e-16 -1.633670e-17
    outer loop
      vertex   -1.625000e+01 8.005081e+00 7.946429e+00
      vertex   -1.625000e+01 2.931137e+01 0.000000e+00
      vertex   -1.625000e+01 8.061373e+00 8.500000e+00
    endloop
  endfacet
  facet normal 1.000000e+00 1.671865e-16 0.000000e+00
    outer loop
      vertex   -1.625000e+01 8.061373e+00 8.500000e+00
      vertex   -1.625000e+01 2.931137e+01 0.000000e+00
      vertex   -1.625000e+01 2.931137e+01 1.700000e+01
    endloop
  endfacet
  facet normal 1.000000e+00 1.606518e-16 1.633670e-17
    outer loop
      vertex   -1.625000e+01 8.061373e+00 8.500000e+00
      vertex   -1.625000e+01 2.931137e+01 1.700000e+01
      vertex   -1.625000e+01 8.005081e+00 9.053571e+00
    endloop
  endfacet
  facet normal 1.000000e+00 1.492768e-16 4.683590e-17
    outer loop
      vertex   -1.625000e+01 8.005081e+00 9.053571e+00
      vertex   -1.625000e+01 2.931137e+01 1.700000e+01
      vertex   -1.625000e+01 7.838507e+00 9.584479e+00
    endloop
  endfacet
  facet normal 1.000000e+00 1.388385e-16 7.706167e-17
    outer loop
      vertex   -1.625000e+01 7.838507e+00 9.584479e+00
      vertex   -1.625000e+01 2.931137e+01 1.700000e+01
      vertex   -1.625000e+01 7.568473e+00 1.007099e+01
    endloop
  endfacet
  facet normal 1.000000e+00 1.282973e-16 1.101396e-16
    outer loop
      vertex   -1.625000e+01 7.568473e+00 1.007099e+01
      vertex   -1.625000e+01 2.931137e+01 1.700000e+01
      vertex   -1.625000e+01 7.206032e+00 1.049318e+01
    endloop
  endfacet
  facet normal 1.000000e+00 1.164387e-16 1.504264e-16
    outer loop
      vertex   -1.625000e+01 7.206032e+00 1.049318e+01
      vertex   -1.625000e+01 2.931137e+01 1.700000e+01
      vertex   -1.625000e+01 6.766024e+00 1.083377e+01
    endloop
  endfacet
  facet normal 1.000000e+00 1.011706e-16 2.062503e-16
    outer loop
      vertex   -1.625000e+01 6.766024e+00 1.083377e+01
      vertex   -1.625000e+01 2.931137e+01 1.700000e+01
      vertex   -1.625000e+01 6.266463e+00 1.107882e+01
    endloop
  endfacet
  facet normal 1.000000e+00 -1.184238e-16 1.060900e-15
    outer loop
      vertex   -1.625000e+01 6.266463e+00 1.107882e+01
      vertex   -1.625000e+01 2.931137e+01 1.700000e+01
      vertex   -1.625000e+01 -6.886266e-01 1.700000e+01
    endloop
  endfacet
  facet normal 1.000000e+00 4.464930e-16 1.724457e-15
    outer loop
      vertex   -1.625000e+01 6.266463e+00 1.107882e+01
      vertex   -1.625000e+01 -6.886266e-01 1.700000e+01
      vertex   -1.625000e+01 5.727800e+00 1.121829e+01
    endloop
  endfacet
  facet normal 1.000000e+00 6.604219e-17 1.302241e-15
    outer loop
      vertex   -1.625000e+01 5.727800e+00 1.121829e+01
      vertex   -1.625000e+01 -6.886266e-01 1.700000e+01
      vertex   -1.625000e+01 5.172088e+00 1.124647e+01
    endloop
  endfacet
  facet normal 1.000000e+00 -1.636525e-16 1.068267e-15
    outer loop
      vertex   -1.625000e+01 5.172088e+00 1.124647e+01
      vertex   -1.625000e+01 -6.886266e-01 1.700000e+01
      vertex   -1.625000e+01 4.622079e+00 1.116221e+01
    endloop
  endfacet
  facet normal 1.000000e+00 -5.430011e-15 -3.722602e-15
    outer loop
      vertex   -1.625000e+01 4.622079e+00 1.116221e+01
      vertex   -1.625000e+01 -6.886266e-01 1.700000e+01
      vertex   -1.625000e+01 4.100290e+00 1.096896e+01
    endloop
  endfacet
  facet normal 1.000000e+00 -2.456106e-16 3.940458e-16
    outer loop
      vertex   -1.625000e+01 4.100290e+00 1.096896e+01
      vertex   -1.625000e+01 -6.886266e-01 1.700000e+01
      vertex   -1.625000e+01 3.628082e+00 1.067463e+01
    endloop
  endfacet
  facet normal 1.000000e+00 -3.238280e-16 3.406668e-16
    outer loop
      vertex   -1.625000e+01 3.628082e+00 1.067463e+01
      vertex   -1.625000e+01 -6.886266e-01 1.700000e+01
      vertex   -1.625000e+01 3.224789e+00 1.029127e+01
    endloop
  endfacet
  facet normal 1.000000e+00 -4.139329e-16 2.881058e-16
    outer loop
      vertex   -1.625000e+01 3.224789e+00 1.029127e+01
      vertex   -1.625000e+01 -6.886266e-01 1.700000e+01
      vertex   -1.625000e+01 2.906920e+00 9.834580e+00
    endloop
  endfacet
  facet normal 1.000000e+00 -5.326032e-16 2.285580e-16
    outer loop
      vertex   -1.625000e+01 2.906920e+00 9.834580e+00
      vertex   -1.625000e+01 -6.886266e-01 1.700000e+01
      vertex   -1.625000e+01 2.687490e+00 9.323249e+00
    endloop
  endfacet
  facet normal 1.000000e+00 -7.171796e-16 1.473841e-16
    outer loop
      vertex   -1.625000e+01 2.687490e+00 9.323249e+00
      vertex   -1.625000e+01 -6.886266e-01 1.700000e+01
      vertex   -1.625000e+01 2.575483e+00 8.778213e+00
    endloop
  endfacet
  facet normal 1.000000e+00 -1.088417e-15 0.000000e+00
    outer loop
      vertex   -1.625000e+01 2.575483e+00 8.778213e+00
      vertex   -1.625000e+01 -6.886266e-01 1.700000e+01
      vertex   -1.625000e+01 -6.886266e-01 0.000000e+00
    endloop
  endfacet
  facet normal 1.000000e+00 -1.088417e-15 0.000000e+00
    outer loop
      vertex   -1.625000e+01 2.575483e+00 8.778213e+00
      vertex   -1.625000e+01 -6.886266e-01 0.000000e+00
      vertex   -1.625000e+01 2.575483e+00 8.221787e+00
    endloop
  endfacet
  facet normal 1.000000e+00 -7.171796e-16 -1.473841e-16
    outer loop
      vertex   -1.625000e+01 2.575483e+00 8.221787e+00
      vertex   -1.625000e+01 -6.886266e-01 0.000000e+00
      vertex   -1.625000e+01 2.687490e+00 7.676751e+00
    endloop
  endfacet
  facet normal 1.000000e+00 -5.326032e-16 -2.285580e-16
    outer loop
      vertex   -1.625000e+01 2.687490e+00 7.676751e+00
      vertex   -1.625000e+01 -6.886266e-01 0.000000e+00
      vertex   -1.625000e+01 2.906920e+00 7.165420e+00
    endloop
  endfacet
  facet normal 1.000000e+00 -4.139329e-16 -2.881058e-16
    outer loop
      vertex   -1.625000e+01 2.906920e+00 7.165420e+00
      vertex   -1.625000e+01 -6.886266e-01 0.000000e+00
      vertex   -1.625000e+01 3.224789e+00 6.708726e+00
    endloop
  endfacet
  facet normal 1.000000e+00 -3.238280e-16 -3.406668e-16
    outer loop
      vertex   -1.625000e+01 3.224789e+00 6.708726e+00
      vertex   -1.625000e+01 -6.886266e-01 0.000000e+00
      vertex   -1.625000e+01 3.628082e+00 6.325367e+00
    endloop
  endfacet
  facet normal 1.000000e+00 -2.456106e-16 -3.940458e-16
    outer loop
      vertex   -1.625000e+01 3.628082e+00 6.325367e+00
      vertex   -1.625000e+01 -6.886266e-01 0.000000e+00
      vertex   -1.625000e+01 4.100290e+00 6.031038e+00
    endloop
  endfacet
  facet normal 1.000000e+00 -5.430011e-15 3.722602e-15
    outer loop
      vertex   -1.625000e+01 4.100290e+00 6.031038e+00
      vertex   -1.625000e+01 -6.886266e-01 0.000000e+00
      vertex   -1.625000e+01 4.622079e+00 5.837788e+00
    endloop
  endfacet
  facet normal 1.000000e+00 -1.636525e-16 -1.068267e-15
    outer loop
      vertex   -1.625000e+01 4.622079e+00 5.837788e+00
      vertex   -1.625000e+01 -6.886266e-01 0.000000e+00
      vertex   -1.625000e+01 5.172088e+00 5.753530e+00
    endloop
  endfacet
  facet normal 1.000000e+00 6.604219e-17 -1.302241e-15
    outer loop
      vertex   -1.625000e+01 5.172088e+00 5.753530e+00
      vertex   -1.625000e+01 -6.886266e-01 0.000000e+00
      vertex   -1.625000e+01 5.727800e+00 5.781712e+00
    endloop
  endfacet
  facet normal 1.000000e+00 4.464930e-16 -1.724457e-15
    outer loop
      vertex   -1.625000e+01 5.727800e+00 5.781712e+00
      vertex   -1.625000e+01 -6.886266e-01 0.000000e+00
      vertex   -1.625000e+01 6.266463e+00 5.921182e+00
    endloop
  endfacet
  facet normal 1.000000e+00 -1.184238e-16 -1.060900e-15
    outer loop
      vertex   -1.625000e+01 6.266463e+00 5.921182e+00
      vertex   -1.625000e+01 -6.886266e-01 0.000000e+00
      vertex   -1.625000e+01 2.931137e+01 0.000000e+00
    endloop
  endfacet
  facet normal 1.000000e+00 1.011706e-16 -2.062503e-16
    outer loop
      vertex   -1.625000e+01 6.266463e+00 5.921182e+00
      vertex   -1.625000e+01 2.931137e+01 0.000000e+00
      vertex   -1.625000e+01 6.766024e+00 6.166228e+00
    endloop
  endfacet
  facet normal 1.000000e+00 1.164387e-16 -1.504264e-16
    outer loop
      vertex   -1.625000e+01 6.766024e+00 6.166228e+00
      vertex   -1.625000e+01 2.931137e+01 0.000000e+00
      vertex   -1.625000e+01 7.206032e+00 6.506820e+00
    endloop
  endfacet
  facet normal 1.000000e+00 1.282973e-16 -1.101396e-16
    outer loop
      vertex   -1.625000e+01 7.206032e+00 6.506820e+00
      vertex   -1.625000e+01 2.931137e+01 0.000000e+00
      vertex   -1.625000e+01 7.568473e+00 6.929012e+00
    endloop
  endfacet
  facet normal 1.000000e+00 1.388385e-16 -7.706167e-17
    outer loop
      vertex   -1.625000e+01 7.568473e+00 6.929012e+00
      vertex   -1.625000e+01 2.931137e+01 0.000000e+00
      vertex   -1.625000e+01 7.838507e+00 7.415521e+00
    endloop
  endfacet
  facet normal 1.000000e+00 1.492768e-16 -4.683590e-17
    outer loop
      vertex   -1.625000e+01 7.838507e+00 7.415521e+00
      vertex   -1.625000e+01 2.931137e+01 0.000000e+00
      vertex   -1.625000e+01 8.005081e+00 7.946429e+00
    endloop
  endfacet
  facet normal 6.661338e-16 -1.000000e+00 0.000000e+00
    outer loop
      vertex   -1.975000e+01 -6.886266e-01 0.000000e+00
      vertex   -1.625000e+01 -6.886266e-01 0.000000e+00
      vertex   -1.975000e+01 -6.886266e-01 1.700000e+01
    endloop
  endfacet
  facet normal 6.661338e-16 -1.000000e+00 0.000000e+00
    outer loop
      vertex   -1.975000e+01 -6.886266e-01 1.700000e+01
      vertex   -1.625000e+01 -6.886266e-01 0.000000e+00
      vertex   -1.625000e+01 -6.886266e-01 1.700000e+01
    endloop
  endfacet
  facet normal -0.000000e+00 0.000000e+00 -1.000000e+00
    outer loop
      vertex   -1.625000e+01 -6.886266e-01 0.000000e+00
      vertex   -1.975000e+01 -6.886266e-01 0.000000e+00
      vertex   -1.625000e+01 2.931137e+01 0.000000e+00
    endloop
  endfacet
  facet normal -0.000000e+00 0.000000e+00 -1.000000e+00
    outer loop
      vertex   -1.625000e+01 2.931137e+01 0.000000e+00
      vertex   -1.975000e+01 -6.886266e-01 0.000000e+00
      vertex   -1.975000e+01 2.931137e+01 0.000000e+00
    endloop
  endfacet
  facet normal 0.000000e+00 0.000000e+00 -1.000000e+00
    outer loop
      vertex   -1.625000e+01 2.931137e+01 0.000000e+00
      vertex   -1.975000e+01 2.931137e+01 0.000000e+00
      vertex   -1.479334e+01 4.235719e+01 0.000000e+00
    endloop
  endfacet
  facet normal 0.000000e+00 0.000000e+00 -1.000000e+00
    outer loop
      vertex   -1.625000e+01 2.931137e+01 0.000000e+00
      vertex   -1.479334e+01 4.235719e+01 0.000000e+00
      vertex   -1.110673e+01 4.214781e+01 0.000000e+00
    endloop
  endfacet
  facet normal 0.000000e+00 0.000000e+00 -1.000000e+00
    outer loop
      vertex   -1.110673e+01 4.214781e+01 0.000000e+00
      vertex   -1.479334e+01 4.235719e+01 0.000000e+00
      vertex   -1.347486e+01 4.564781e+01 0.000000e+00
    endloop
  endfacet
  facet normal 0.000000e+00 0.000000e+00 -1.000000e+00
    outer loop
      vertex   -1.110673e+01 4.214781e+01 0.000000e+00
      vertex   -1.347486e+01 4.564781e+01 0.000000e+00
      vertex   -1.347486e+01 5.064781e+01 0.000000e+00
    endloop
  endfacet
  facet normal 0.000000e+00 0.000000e+00 -1.000000e+00
    outer loop
      vertex   -1.347486e+01 5.064781e+01 0.000000e+00
      vertex   -6.737430e+00 5.064781e+01 0.000000e+00
      vertex   -1.110673e+01 4.214781e+01 0.000000e+00
    endloop
  endfacet
  facet normal 0.000000e+00 0.000000e+00 -1.000000e+00
    outer loop
      vertex   -1.110673e+01 4.214781e+01 0.000000e+00
      vertex   -6.737430e+00 5.064781e+01 0.000000e+00
      vertex   1.110673e+01 4.214781e+01 0.000000e+00
    endloop
  endfacet
  facet normal 0.000000e+00 0.000000e+00 -1.000000e+00
    outer loop
      vertex   1.110673e+01 4.214781e+01 0.000000e+00
      vertex   -6.737430e+00 5.064781e+01 0.000000e+00
      vertex   1.347486e+01 8.394781e+01 0.000000e+00
    endloop
  endfacet
  facet normal 0.000000e+00 0.000000e+00 -1.000000e+00
    outer loop
      vertex   1.110673e+01 4.214781e+01 0.000000e+00
      vertex   1.347486e+01 8.394781e+01 0.000000e+00
      vertex   1.347486e+01 4.564781e+01 0.000000e+00
    endloop
  endfacet
  facet normal 0.000000e+00 0.000000e+00 -1.000000e+00
    outer loop
      vertex   -6.737430e+00 5.064781e+01 0.000000e+00
      vertex   -6.737430e+00 8.394781e+01 0.000000e+00
      vertex   1.347486e+01 8.394781e+01 0.000000e+00
    endloop
  endfacet
  facet normal 0.000000e+00 -0.000000e+00 -1.000000e+00
    outer loop
      vertex   1.347486e+01 4.564781e+01 0.000000e+00
      vertex   1.479334e+01 4.235719e+01 0.000000e+00
      vertex   1.110673e+01 4.214781e+01 0.000000e+00
    endloop
  endfacet
  facet normal 0.000000e+00 0.000000e+00 -1.000000e+00
    outer loop
      vertex   1.110673e+01 4.214781e+01 0.000000e+00
      vertex   1.479334e+01 4.235719e+01 0.000000e+00
      vertex   1.625000e+01 2.931137e+01 0.000000e+00
    endloop
  endfacet
  facet normal 0.000000e+00 0.000000e+00 -1.000000e+00
    outer loop
      vertex   1.625000e+01 2.931137e+01 0.000000e+00
      vertex   1.479334e+01 4.235719e+01 0.000000e+00
      vertex   1.975000e+01 2.931137e+01 0.000000e+00
    endloop
  endfacet
  facet normal 0.000000e+00 0.000000e+00 -1.000000e+00
    outer loop
      vertex   1.625000e+01 2.931137e+01 0.000000e+00
      vertex   1.975000e+01 2.931137e+01 0.000000e+00
      vertex   1.625000e+01 -6.886266e-01 0.000000e+00
    endloop
  endfacet
  facet normal 0.000000e+00 0.000000e+00 -1.000000e+00
    outer loop
      vertex   1.625000e+01 -6.886266e-01 0.000000e+00
      vertex   1.975000e+01 2.931137e+01 0.000000e+00
      vertex   1.975000e+01 -6.886266e-01 0.000000e+00
    endloop
  endfacet
endsolid
